orig.ident,MS_indiv_ID,MS_infection_status,celltype,barcode,bucket
B1_c1,HMN83559,flu,NK,B1_c1_AAACGGGGTTCCAACA,NK
B1_c1,HMN83552,NI,NK,B1_c1_AAAGATGCACCCATGG,NK
B1_c1,,,NK,B1_c1_AAAGATGGTGTGACCC,NK
B1_c1,,,NK,B1_c1_AAATGCCCAAATTGCC,NK
B1_c1,,,NK,B1_c1_AACCATGTCATGGTCA,NK
B1_c1,HMN83554,flu,NK,B1_c1_AACTGGTCAGTATCTG,NK
B1_c1,,,NK,B1_c1_AAGGCAGTCAGTTGAC,NK
B1_c1,HMN83552,NI,NK,B1_c1_AAGGTTCTCTGTCCGT,NK
B1_c1,,,NK,B1_c1_ACACCAAGTTCCACTC,NK
B1_c1,HMN83553,flu,NK,B1_c1_ACACCAAGTTCGCGAC,NK
B1_c1,,,NK,B1_c1_ACACCAAGTTCGGGCT,NK
B1_c1,,,NK,B1_c1_ACACCAATCTTTCCTC,NK
B1_c1,,,NK,B1_c1_ACATACGTCACTATTC,NK
B1_c1,,,NK,B1_c1_ACATCAGAGCGTAGTG,NK
B1_c1,HMN83551,NI,NK,B1_c1_ACCAGTAGTAAGTTCC,NK
B1_c1,,,NK,B1_c1_ACCAGTATCCCAAGTA,NK
B1_c1,,,NK,B1_c1_ACGAGGAGTGTGGCTC,NK
B1_c1,HMN83551,NI,NK,B1_c1_ACGAGGATCATTGCGA,NK
B1_c1,HMN83551,NI,NK,B1_c1_ACGATGTAGGCGTACA,NK
B1_c1,,,NK,B1_c1_ACGGCCAGTAAGGATT,NK
B1_c1,HMN83551,NI,NK,B1_c1_ACGGGCTGTCGCGAAA,NK
B1_c1,,,NK,B1_c1_ACTGAGTCACAGAGGT,NK
B1_c1,HMN83552,NI,NK,B1_c1_AGAGCTTGTCGTGGCT,NK
B1_c1,,,NK,B1_c1_AGAGCTTTCCGCGCAA,NK
B1_c1,,,NK,B1_c1_AGATCTGCAGAAGCAC,NK
B1_c1,,,NK,B1_c1_AGATCTGCATGTCCTC,NK
B1_c1,,,NK,B1_c1_AGATCTGGTACTTAGC,NK
B1_c1,,,NK,B1_c1_AGCGTCGTCGAATGGG,NK
B1_c1,HMN83552,NI,NK,B1_c1_AGCTCCTTCAAACGGG,NK
B1_c1,,,NK,B1_c1_AGCTCTCTCACGACTA,NK
B1_c1,,,NK,B1_c1_AGGCCGTGTTAAGGGC,NK
B1_c1,HMN83551,NI,NK,B1_c1_AGGGATGAGAATAGGG,NK
B1_c1,HMN83552,NI,NK,B1_c1_AGGGTGACACGAAACG,NK
B1_c1,,,NK,B1_c1_AGTAGTCAGTTCGCGC,NK
B1_c1,HMN83554,flu,NK,B1_c1_AGTAGTCCAGCCAGAA,NK
B1_c1,HMN83551,NI,NK,B1_c1_ATAAGAGAGTCGATAA,NK
B1_c1,,,NK,B1_c1_ATAGACCAGCGATAGC,NK
B1_c1,,,NK,B1_c1_ATCACGATCAATAAGG,NK
B1_c1,HMN83551,NI,NK,B1_c1_ATCCACCAGATGTAAC,NK
B1_c1,,,NK,B1_c1_ATCCGAAGTTAGTGGG,NK
B1_c1,,,NK,B1_c1_ATGAGGGCAGGTGGAT,NK
B1_c1,HMN83559,flu,NK,B1_c1_ATGAGGGGTAGAGCTG,NK
B1_c1,,,NK,B1_c1_ATTCTACCACGGCGTT,NK
B1_c1,,,NK,B1_c1_ATTCTACGTTATCACG,NK
B1_c1,HMN83554,flu,NK,B1_c1_CAACTAGCAATCCAAC,NK
B1_c1,,,NK,B1_c1_CACAAACGTTCGTCTC,NK
B1_c1,HMN83558,NI,NK,B1_c1_CACACAAAGGCGCTCT,NK
B1_c1,HMN83552,NI,NK,B1_c1_CACACCTGTCTCTTTA,NK
B1_c1,HMN83559,flu,NK,B1_c1_CACATTTTCTTGAGGT,NK
B1_c1,HMN83552,NI,NK,B1_c1_CACCTTGAGACAAAGG,NK
B1_c1,HMN83552,NI,NK,B1_c1_CACCTTGCATCCAACA,NK
B1_c1,,,NK,B1_c1_CAGAGAGGTCAAAGCG,NK
B1_c1,,,NK,B1_c1_CAGCTGGTCCGCTGTT,NK
B1_c1,HMN83552,NI,NK,B1_c1_CATATTCAGAGCTATA,NK
B1_c1,,,NK,B1_c1_CATCAGAAGCATCATC,NK
B1_c1,,,NK,B1_c1_CATCAGAGTCCTAGCG,NK
B1_c1,HMN83552,NI,NK,B1_c1_CATCGGGGTGAAGGCT,NK
B1_c1,,,NK,B1_c1_CATCGGGGTGTGGCTC,NK
B1_c1,,,NK,B1_c1_CCAGCGATCCGAGCCA,NK
B1_c1,,,NK,B1_c1_CCATTCGAGTTGAGTA,NK
B1_c1,HMN83552,NI,NK,B1_c1_CCATTCGGTCCCTTGT,NK
B1_c1,HMN83559,flu,NK,B1_c1_CCATTCGTCACTTACT,NK
B1_c1,HMN83552,NI,NK,B1_c1_CCCAGTTTCCGCATCT,NK
B1_c1,,,NK,B1_c1_CCGGGATCACACTGCG,NK
B1_c1,,,NK,B1_c1_CCGTACTAGGCATTGG,NK
B1_c1,HMN83552,NI,NK,B1_c1_CCGTGGAAGGCATGGT,NK
B1_c1,HMN83551,NI,NK,B1_c1_CCGTGGATCTAACTGG,NK
B1_c1,HMN83551,NI,NK,B1_c1_CCTAAAGCACAGATTC,NK
B1_c1,,,NK,B1_c1_CCTAAAGTCATTATCC,NK
B1_c1,HMN83551,NI,NK,B1_c1_CCTCAGTAGCACCGCT,NK
B1_c1,,,NK,B1_c1_CCTCAGTCACGGCCAT,NK
B1_c1,,,NK,B1_c1_CGAACATGTAGCGTGA,NK
B1_c1,HMN83559,flu,NK,B1_c1_CGAACATTCAGTCCCT,NK
B1_c1,,,NK,B1_c1_CGAATGTTCAGTACGT,NK
B1_c1,HMN83551,NI,NK,B1_c1_CGACCTTAGAAGGTGA,NK
B1_c1,,,NK,B1_c1_CGAGCCAGTCTGATCA,NK
B1_c1,,,NK,B1_c1_CGCGGTATCCGCAAGC,NK
B1_c1,,,NK,B1_c1_CGGACACAGCGTTCCG,NK
B1_c1,,,NK,B1_c1_CGGACACAGTACGACG,NK
B1_c1,,,NK,B1_c1_CGGAGCTAGGCTAGCA,NK
B1_c1,,,NK,B1_c1_CGGAGCTTCCGGCACA,NK
B1_c1,HMN83552,NI,NK,B1_c1_CGTAGCGGTAAATACG,NK
B1_c1,HMN83551,NI,NK,B1_c1_CGTCAGGTCACTCCTG,NK
B1_c1,,,NK,B1_c1_CGTCTACAGTGACATA,NK
B1_c1,,,NK,B1_c1_CGTGTAACAATCCAAC,NK
B1_c1,HMN83552,NI,NK,B1_c1_CGTGTCTCAGGGTATG,NK
B1_c1,,,NK,B1_c1_CTAAGACTCCGCGTTT,NK
B1_c1,HMN83552,NI,NK,B1_c1_CTACACCTCCCAACGG,NK
B1_c1,,,NK,B1_c1_CTAGAGTCACGTTGGC,NK
B1_c1,,,NK,B1_c1_CTCATTATCCGCATAA,NK
B1_c1,,,NK,B1_c1_CTCATTATCGATAGAA,NK
B1_c1,HMN83558,NI,NK,B1_c1_CTCGAGGAGACTGGGT,NK
B1_c1,,,NK,B1_c1_CTCGGAGCACAAGTAA,NK
B1_c1,HMN83552,NI,NK,B1_c1_CTCGGGAGTGTAATGA,NK
B1_c1,HMN83551,NI,NK,B1_c1_CTCTAATCACCTCGGA,NK
B1_c1,,,NK,B1_c1_CTCTGGTGTGCACGAA,NK
B1_c1,,,NK,B1_c1_CTGAAACAGCAGCGTA,NK
B1_c1,,,NK,B1_c1_CTGAAACTCGTCCGTT,NK
B1_c1,,,NK,B1_c1_CTGCTGTCAACACGCC,NK
B1_c1,,,NK,B1_c1_CTGTGCTCAAGAGTCG,NK
B1_c1,HMN83551,NI,NK,B1_c1_GAAGCAGTCCTTGCCA,NK
B1_c1,HMN83559,flu,NK,B1_c1_GAATGAAGTAGAGCTG,NK
B1_c1,HMN83552,NI,NK,B1_c1_GACACGCAGCTGTCTA,NK
B1_c1,,,NK,B1_c1_GACAGAGAGTTGAGTA,NK
B1_c1,HMN83552,NI,NK,B1_c1_GACGTGCCAATCTACG,NK
B1_c1,,,NK,B1_c1_GACTGCGCAGGATCGA,NK
B1_c1,,,NK,B1_c1_GAGTCCGAGAAACGCC,NK
B1_c1,,,NK,B1_c1_GATGAGGTCTGGCGTG,NK
B1_c1,,,NK,B1_c1_GCAATCAGTCAACTGT,NK
B1_c1,,,NK,B1_c1_GCACATAGTAGGACAC,NK
B1_c1,,,NK,B1_c1_GCACTCTGTAGCGCAA,NK
B1_c1,,,NK,B1_c1_GCAGCCAAGTGTTTGC,NK
B1_c1,,,NK,B1_c1_GCAGTTAGTCTGGTCG,NK
B1_c1,,,NK,B1_c1_GCGCGATAGATCTGCT,NK
B1_c1,,,NK,B1_c1_GCGCGATTCCGGGTGT,NK
B1_c1,,,NK,B1_c1_GCGGGTTAGGGCTTCC,NK
B1_c1,,,NK,B1_c1_GCTGCAGAGTGGTAGC,NK
B1_c1,,,NK,B1_c1_GGACAGAGTCTAGCCG,NK
B1_c1,,,NK,B1_c1_GGACATTGTTTAGGAA,NK
B1_c1,,,NK,B1_c1_GGACGTCGTAGGAGTC,NK
B1_c1,HMN83552,NI,NK,B1_c1_GGACGTCGTCAACTGT,NK
B1_c1,,,NK,B1_c1_GGACGTCTCGTTGACA,NK
B1_c1,,,NK,B1_c1_GGAGCAATCAGCTTAG,NK
B1_c1,,,NK,B1_c1_GGCCGATCATTCTTAC,NK
B1_c1,HMN83552,NI,NK,B1_c1_GGCGACTAGTCCCACG,NK
B1_c1,,,NK,B1_c1_GGCGACTGTCAAAGCG,NK
B1_c1,HMN83552,NI,NK,B1_c1_GGCTGGTAGAATAGGG,NK
B1_c1,,,NK,B1_c1_GGGCACTAGTGAAGTT,NK
B1_c1,,,NK,B1_c1_GGTATTGTCCAAACAC,NK
B1_c1,,,NK,B1_c1_GGTGAAGTCACCGTAA,NK
B1_c1,,,NK,B1_c1_GGTGCGTAGACCTTTG,NK
B1_c1,HMN83552,NI,NK,B1_c1_GGTGTTATCATTGCCC,NK
B1_c1,,,NK,B1_c1_GTAACGTCAGGAATCG,NK
B1_c1,,,NK,B1_c1_GTAGTCACAAACGCGA,NK
B1_c1,,,NK,B1_c1_GTATCTTGTCGAACAG,NK
B1_c1,HMN83551,NI,NK,B1_c1_GTATTCTTCGCATGAT,NK
B1_c1,,,NK,B1_c1_GTCACGGAGTACGCCC,NK
B1_c1,,,NK,B1_c1_GTCCTCAGTCGAATCT,NK
B1_c1,,,NK,B1_c1_GTCGTAAGTGTCGCTG,NK
B1_c1,HMN83552,NI,NK,B1_c1_GTGAAGGCAAGTACCT,NK
B1_c1,HMN83551,NI,NK,B1_c1_GTGCATAAGCCCAGCT,NK
B1_c1,HMN83552,NI,NK,B1_c1_GTGCGGTAGACACGAC,NK
B1_c1,,,NK,B1_c1_GTGCTTCAGAAAGTGG,NK
B1_c1,,,NK,B1_c1_GTGGGTCCATCGATGT,NK
B1_c1,,,NK,B1_c1_GTGTTAGAGAGGTTGC,NK
B1_c1,,,NK,B1_c1_GTTCGGGTCTGATACG,NK
B1_c1,HMN83552,NI,NK,B1_c1_TAAACCGAGGCACATG,NK
B1_c1,,,NK,B1_c1_TAAGAGAGTTCAGACT,NK
B1_c1,,,NK,B1_c1_TACAGTGTCCAAATGC,NK
B1_c1,,,NK,B1_c1_TACCTATCAGCATGAG,NK
B1_c1,,,NK,B1_c1_TACTCATGTTGGTGGA,NK
B1_c1,,,NK,B1_c1_TACTCGCCACCTTGTC,NK
B1_c1,,,NK,B1_c1_TACTCGCCACTGTGTA,NK
B1_c1,,,NK,B1_c1_TACTTACCAGCTGCAC,NK
B1_c1,,,NK,B1_c1_TAGACCAGTACAAGTA,NK
B1_c1,HMN83551,NI,NK,B1_c1_TAGTTGGCAGCTCCGA,NK
B1_c1,HMN83552,NI,NK,B1_c1_TATCTCACACGCTTTC,NK
B1_c1,,,NK,B1_c1_TATTACCAGTTACCCA,NK
B1_c1,HMN83553,flu,NK,B1_c1_TCAATCTCAACACCTA,NK
B1_c1,HMN83551,NI,NK,B1_c1_TCACGAAAGATCCCGC,NK
B1_c1,,,NK,B1_c1_TCATTACTCTTGAGAC,NK
B1_c1,,,NK,B1_c1_TCCACACGTCTGGAGA,NK
B1_c1,,,NK,B1_c1_TCGGGACAGTCACGCC,NK
B1_c1,,,NK,B1_c1_TCGTACCAGCAATATG,NK
B1_c1,,,NK,B1_c1_TCGTAGAGTTGTACAC,NK
B1_c1,,,NK,B1_c1_TCTGAGACATTGGGCC,NK
B1_c1,,,NK,B1_c1_TCTTTCCCACCCTATC,NK
B1_c1,HMN83552,NI,NK,B1_c1_TCTTTCCGTGGTCCGT,NK
B1_c1,,,NK,B1_c1_TGAAAGATCGATCCCT,NK
B1_c1,,,NK,B1_c1_TGACAACAGGTTACCT,NK
B1_c1,,,NK,B1_c1_TGACTAGTCTTGAGGT,NK
B1_c1,,,NK,B1_c1_TGACTTTCACATGTGT,NK
B1_c1,,,NK,B1_c1_TGACTTTTCAGCGATT,NK
B1_c1,,,NK,B1_c1_TGAGAGGAGCGTCAAG,NK
B1_c1,HMN83551,NI,NK,B1_c1_TGAGCATTCATGCATG,NK
B1_c1,HMN83551,NI,NK,B1_c1_TGAGGGAGTTCCACAA,NK
B1_c1,,,NK,B1_c1_TGAGGGATCTGCGGCA,NK
B1_c1,,,NK,B1_c1_TGCTACCGTTGGTGGA,NK
B1_c1,HMN83552,NI,NK,B1_c1_TGCTGCTAGACTTTCG,NK
B1_c1,,,NK,B1_c1_TGGACGCGTTATCGGT,NK
B1_c1,HMN83551,NI,NK,B1_c1_TGTGGTAAGGGTTCCC,NK
B1_c1,,,NK,B1_c1_TTAGGACAGTACGATA,NK
B1_c1,,,NK,B1_c1_TTATGCTCACCGCTAG,NK
B1_c1,HMN83559,flu,NK,B1_c1_TTCCCAGTCTTTAGGG,NK
B1_c1,HMN83551,NI,NK,B1_c1_TTCTCCTGTCACACGC,NK
B1_c1,,,NK,B1_c1_TTCTCCTTCTACTCAT,NK
B1_c1,HMN83552,NI,NK,B1_c1_TTCTTAGAGACTGGGT,NK
B1_c1,,,NK,B1_c1_TTCTTAGAGAGATGAG,NK
B1_c1,,,NK,B1_c1_TTGCCGTTCAGTTGAC,NK
B1_c1,,,NK,B1_c1_TTGGCAAAGACAGGCT,NK
B1_c1,,,NK,B1_c1_TTTCCTCAGATCCCGC,NK
B1_c2,,,NK,B1_c2_AAACCTGGTTCCTCCA,NK
B1_c2,HMN83558,flu,NK,B1_c2_AAAGATGAGCCAACAG,NK
B1_c2,,,NK,B1_c2_AAAGCAATCCACGACG,NK
B1_c2,,,NK,B1_c2_AAATGCCGTGCTCTTC,NK
B1_c2,HMN83552,flu,NK,B1_c2_AACCGCGAGTCAAGCG,NK
B1_c2,,,NK,B1_c2_AACCGCGCAGTGGAGT,NK
B1_c2,,,NK,B1_c2_AACGTTGTCGTTGACA,NK
B1_c2,,,NK,B1_c2_AACTCCCAGAGGGATA,NK
B1_c2,,,NK,B1_c2_AACTCCCTCGGAAACG,NK
B1_c2,HMN83552,flu,NK,B1_c2_AAGACCTAGATGTTAG,NK
B1_c2,,,NK,B1_c2_AAGGTTCCACGCATCG,NK
B1_c2,,,NK,B1_c2_AATCCAGAGACAAGCC,NK
B1_c2,HMN83551,flu,NK,B1_c2_AATCCAGGTTCGTCTC,NK
B1_c2,,,NK,B1_c2_AATCGGTTCACGATGT,NK
B1_c2,,,NK,B1_c2_ACACCCTGTCTCTTTA,NK
B1_c2,,,NK,B1_c2_ACATGGTAGCTGATAA,NK
B1_c2,,,NK,B1_c2_ACCAGTATCTTGCCGT,NK
B1_c2,HMN83553,NI,NK,B1_c2_ACCGTAAGTGTGAATA,NK
B1_c2,,,NK,B1_c2_ACGATACGTCACTGGC,NK
B1_c2,,,NK,B1_c2_ACGATACTCATCATTC,NK
B1_c2,,,NK,B1_c2_ACGATGTCATAGGATA,NK
B1_c2,,,NK,B1_c2_ACGATGTGTTCTGGTA,NK
B1_c2,,,NK,B1_c2_ACGCAGCAGCAGCGTA,NK
B1_c2,HMN83553,NI,NK,B1_c2_ACGGGTCGTACAGTGG,NK
B1_c2,,,NK,B1_c2_ACGTCAACACCGTTGG,NK
B1_c2,,,NK,B1_c2_ACGTCAAGTTTGCATG,NK
B1_c2,,,NK,B1_c2_ACGTCAATCGGCTACG,NK
B1_c2,,,NK,B1_c2_ACTGCTCGTTGATTCG,NK
B1_c2,,,NK,B1_c2_AGAGCTTAGCTATGCT,NK
B1_c2,,,NK,B1_c2_AGAGCTTTCTGATACG,NK
B1_c2,,,NK,B1_c2_AGATTGCCATATGAGA,NK
B1_c2,,,NK,B1_c2_AGCGGTCAGCAGACTG,NK
B1_c2,,,NK,B1_c2_AGCGGTCTCCAACCAA,NK
B1_c2,,,NK,B1_c2_AGCGTCGGTACCGGCT,NK
B1_c2,HMN83553,NI,NK,B1_c2_AGCTCTCAGATCCTGT,NK
B1_c2,,,NK,B1_c2_AGCTTGACATTGTGCA,NK
B1_c2,,,NK,B1_c2_AGGCCGTCATGGTCAT,NK
B1_c2,,,NK,B1_c2_AGGGTGATCCTCAATT,NK
B1_c2,,,NK,B1_c2_AGTGGGAAGTGCCATT,NK
B1_c2,HMN83559,NI,NK,B1_c2_ATAACGCGTAAACCTC,NK
B1_c2,,,NK,B1_c2_ATCATGGCAACTTGAC,NK
B1_c2,,,NK,B1_c2_ATCCACCAGTCCAGGA,NK
B1_c2,,,NK,B1_c2_ATCCGAATCGACGGAA,NK
B1_c2,,,NK,B1_c2_ATCTACTCAATCAGAA,NK
B1_c2,HMN83553,NI,NK,B1_c2_ATCTGCCCATGTTGAC,NK
B1_c2,,,NK,B1_c2_ATGCGATCAAACCTAC,NK
B1_c2,,,NK,B1_c2_ATGTGTGTCTCCTATA,NK
B1_c2,,,NK,B1_c2_ATTATCCCATCGATGT,NK
B1_c2,,,NK,B1_c2_ATTCTACAGAGCTGGT,NK
B1_c2,HMN83559,NI,NK,B1_c2_ATTGGACGTCCGTGAC,NK
B1_c2,,,NK,B1_c2_ATTTCTGCATACGCCG,NK
B1_c2,HMN83552,flu,NK,B1_c2_ATTTCTGTCCACGACG,NK
B1_c2,HMN83551,flu,NK,B1_c2_CAACCAAAGACACTAA,NK
B1_c2,,,NK,B1_c2_CAAGATCAGACCTAGG,NK
B1_c2,,,NK,B1_c2_CAAGATCCACTGTCGG,NK
B1_c2,HMN83558,flu,NK,B1_c2_CACAAACGTGGCGAAT,NK
B1_c2,,,NK,B1_c2_CACAAACTCTCCGGTT,NK
B1_c2,,,NK,B1_c2_CACAGGCTCGAATGCT,NK
B1_c2,,,NK,B1_c2_CACAGGCTCGTGGGAA,NK
B1_c2,,,NK,B1_c2_CACAGTAAGGGTTTCT,NK
B1_c2,HMN83551,flu,NK,B1_c2_CACCTTGCACTACAGT,NK
B1_c2,HMN83559,NI,NK,B1_c2_CACTCCAGTTTGGGCC,NK
B1_c2,,,NK,B1_c2_CAGATCAAGAGTAAGG,NK
B1_c2,,,NK,B1_c2_CAGCATACACAGGAGT,NK
B1_c2,,,NK,B1_c2_CAGCGACTCTGAAAGA,NK
B1_c2,HMN83559,NI,NK,B1_c2_CAGGTGCGTATTACCG,NK
B1_c2,,,NK,B1_c2_CATCGGGAGGCAATTA,NK
B1_c2,,,NK,B1_c2_CATCGGGTCCTTTCGG,NK
B1_c2,HMN83558,flu,NK,B1_c2_CATCGGGTCTGGAGCC,NK
B1_c2,,,NK,B1_c2_CATGACAAGACGCACA,NK
B1_c2,,,NK,B1_c2_CATTATCGTACTTGAC,NK
B1_c2,HMN83552,flu,NK,B1_c2_CCCAATCAGTATGACA,NK
B1_c2,,,NK,B1_c2_CCCAATCGTCCCGACA,NK
B1_c2,,,NK,B1_c2_CCCAGTTAGTTAACGA,NK
B1_c2,,,NK,B1_c2_CCCAGTTGTGTGACGA,NK
B1_c2,,,NK,B1_c2_CCCATACGTGTAATGA,NK
B1_c2,,,NK,B1_c2_CCGGTAGGTTCTCATT,NK
B1_c2,HMN83559,NI,NK,B1_c2_CCGTGGACAAGCCGCT,NK
B1_c2,,,NK,B1_c2_CCGTTCAGTAGCTAAA,NK
B1_c2,,,NK,B1_c2_CCGTTCATCAGATAAG,NK
B1_c2,,,NK,B1_c2_CCTATTATCATAACCG,NK
B1_c2,,,NK,B1_c2_CCTCAGTGTGGTACAG,NK
B1_c2,HMN83553,NI,NK,B1_c2_CCTTACGTCGTACGGC,NK
B1_c2,HMN83551,flu,NK,B1_c2_CGAGAAGAGATGTTAG,NK
B1_c2,,,NK,B1_c2_CGAGAAGCACAGCGTC,NK
B1_c2,HMN83559,NI,NK,B1_c2_CGAGCCAGTGGCTCCA,NK
B1_c2,,,NK,B1_c2_CGATGTATCGGCGCAT,NK
B1_c2,,,NK,B1_c2_CGATTGAAGTTCCACA,NK
B1_c2,HMN83552,flu,NK,B1_c2_CGATTGACAATGGAGC,NK
B1_c2,,,NK,B1_c2_CGCGGTATCTGTCAAG,NK
B1_c2,,,NK,B1_c2_CGGACACTCATGCAAC,NK
B1_c2,,,NK,B1_c2_CGGACACTCATGCATG,NK
B1_c2,,,NK,B1_c2_CGGAGCTCATCCTTGC,NK
B1_c2,,,NK,B1_c2_CGTAGCGCATATGCTG,NK
B1_c2,,,NK,B1_c2_CGTCACTAGCTATGCT,NK
B1_c2,,,NK,B1_c2_CGTGAGCGTGTAACGG,NK
B1_c2,,,NK,B1_c2_CTACATTTCCAAACAC,NK
B1_c2,,,NK,B1_c2_CTAGCCTTCATATCGG,NK
B1_c2,,,NK,B1_c2_CTCGGAGCATGGTCAT,NK
B1_c2,HMN83553,NI,NK,B1_c2_CTCTGGTAGACCACGA,NK
B1_c2,,,NK,B1_c2_CTGAAGTGTTAAGATG,NK
B1_c2,,,NK,B1_c2_CTGATCCTCGCACTCT,NK
B1_c2,,,NK,B1_c2_CTGCCTACATGCTGGC,NK
B1_c2,,,NK,B1_c2_CTGTGCTGTGTAATGA,NK
B1_c2,HMN83554,NI,NK,B1_c2_CTGTGCTGTTGCTCCT,NK
B1_c2,,,NK,B1_c2_CTGTGCTTCACGATGT,NK
B1_c2,HMN83552,flu,NK,B1_c2_CTGTGCTTCTTCGGTC,NK
B1_c2,HMN83559,NI,NK,B1_c2_CTTAACTTCCCAAGAT,NK
B1_c2,,,NK,B1_c2_GAAATGAAGCTACCGC,NK
B1_c2,,,NK,B1_c2_GAACATCAGACACTAA,NK
B1_c2,HMN83553,NI,NK,B1_c2_GAACATCAGCTGAACG,NK
B1_c2,,,NK,B1_c2_GAACATCAGGCGCTCT,NK
B1_c2,,,NK,B1_c2_GAATAAGAGCCCAACC,NK
B1_c2,,,NK,B1_c2_GAATAAGCACTTCGAA,NK
B1_c2,,,NK,B1_c2_GAATAAGGTTCGAATC,NK
B1_c2,,,NK,B1_c2_GACAGAGAGTACGTAA,NK
B1_c2,,,NK,B1_c2_GACCTGGGTTGATTGC,NK
B1_c2,HMN83558,flu,NK,B1_c2_GACGCGTCATGCCTTC,NK
B1_c2,,,NK,B1_c2_GACGCGTGTAGATTAG,NK
B1_c2,,,NK,B1_c2_GACGTTAAGTGGGATC,NK
B1_c2,HMN83554,NI,NK,B1_c2_GACGTTACATGCTGGC,NK
B1_c2,,,NK,B1_c2_GAGGTGAAGAGACTTA,NK
B1_c2,,,NK,B1_c2_GATCAGTCACGTCTCT,NK
B1_c2,,,NK,B1_c2_GATCGATTCAGCACAT,NK
B1_c2,,,NK,B1_c2_GATCGATTCGTCACGG,NK
B1_c2,,,NK,B1_c2_GATCGCGTCCCTAATT,NK
B1_c2,,,NK,B1_c2_GATCTAGGTATTAGCC,NK
B1_c2,,,NK,B1_c2_GATGAAAAGAAGGGTA,NK
B1_c2,HMN83559,NI,NK,B1_c2_GATGCTAGTTCATGGT,NK
B1_c2,,,NK,B1_c2_GATTCAGCAATCCAAC,NK
B1_c2,,,NK,B1_c2_GCACATACACAGGAGT,NK
B1_c2,,,NK,B1_c2_GCAGTTAAGGAATTAC,NK
B1_c2,HMN83551,flu,NK,B1_c2_GCATACAAGAAACCGC,NK
B1_c2,,,NK,B1_c2_GCATGATAGGCATGGT,NK
B1_c2,,,NK,B1_c2_GCATGATCATATGAGA,NK
B1_c2,,,NK,B1_c2_GCGAGAAAGTTGTCGT,NK
B1_c2,,,NK,B1_c2_GCGAGAAGTCACTTCC,NK
B1_c2,,,NK,B1_c2_GCGCAACTCTCGGACG,NK
B1_c2,,,NK,B1_c2_GCGCAGTCATCCTAGA,NK
B1_c2,HMN83559,NI,NK,B1_c2_GCGCGATCACCTCGTT,NK
B1_c2,,,NK,B1_c2_GCTCCTAAGGTGCACA,NK
B1_c2,,,NK,B1_c2_GCTGCGACATCACGTA,NK
B1_c2,,,NK,B1_c2_GCTTGAAAGTGTTGAA,NK
B1_c2,,,NK,B1_c2_GGAATAAGTATGGTTC,NK
B1_c2,,,NK,B1_c2_GGCCGATTCCGCGGTA,NK
B1_c2,HMN83553,NI,NK,B1_c2_GGCTGGTCACTTCTGC,NK
B1_c2,HMN83553,NI,NK,B1_c2_GGGAATGGTCTGGAGA,NK
B1_c2,,,NK,B1_c2_GGGAGATTCATAACCG,NK
B1_c2,,,NK,B1_c2_GGGCATCCAAGGTGTG,NK
B1_c2,HMN83553,NI,NK,B1_c2_GGGTCTGCAGGTCGTC,NK
B1_c2,HMN83559,NI,NK,B1_c2_GGTGAAGCATGTCCTC,NK
B1_c2,HMN83553,NI,NK,B1_c2_GGTGAAGCATGTTGAC,NK
B1_c2,HMN83559,NI,NK,B1_c2_GGTGTTAAGCTGTCTA,NK
B1_c2,HMN83552,flu,NK,B1_c2_GTAACGTGTCCGAAGA,NK
B1_c2,,,NK,B1_c2_GTACTCCCACAGCCCA,NK
B1_c2,,,NK,B1_c2_GTACTCCGTTTACTCT,NK
B1_c2,HMN83552,flu,NK,B1_c2_GTAGGCCTCTACGAGT,NK
B1_c2,,,NK,B1_c2_GTAGTCAAGAGCTTCT,NK
B1_c2,,,NK,B1_c2_GTCAAGTGTTGATTGC,NK
B1_c2,,,NK,B1_c2_GTCACAAAGTCCGTAT,NK
B1_c2,,,NK,B1_c2_GTCACAAAGTCTTGCA,NK
B1_c2,,,NK,B1_c2_GTCGTAAAGAGACTTA,NK
B1_c2,,,NK,B1_c2_GTCGTAACACAGCGTC,NK
B1_c2,HMN83554,NI,NK,B1_c2_GTCTCGTCAGCCTGTG,NK
B1_c2,HMN83559,NI,NK,B1_c2_GTCTTCGCATCCGGGT,NK
B1_c2,,,NK,B1_c2_GTGCATAGTGTGCGTC,NK
B1_c2,,,NK,B1_c2_GTGCTTCAGGGCATGT,NK
B1_c2,,,NK,B1_c2_GTGCTTCTCAGCTGGC,NK
B1_c2,,,NK,B1_c2_GTGTTAGGTCGATTGT,NK
B1_c2,,,NK,B1_c2_GTTAAGCCAGGTGCCT,NK
B1_c2,,,NK,B1_c2_GTTCATTGTCAGTGGA,NK
B1_c2,,,NK,B1_c2_GTTCTCGTCCAGTATG,NK
B1_c2,HMN83558,flu,NK,B1_c2_GTTTCTACACGGTGTC,NK
B1_c2,,,NK,B1_c2_GTTTCTATCTGAAAGA,NK
B1_c2,,,NK,B1_c2_TACACGAGTATATCCG,NK
B1_c2,,,NK,B1_c2_TACCTTACAGACGCCT,NK
B1_c2,,,NK,B1_c2_TACTCATAGTGCGTGA,NK
B1_c2,,,NK,B1_c2_TACTTACGTAGGCTGA,NK
B1_c2,,,NK,B1_c2_TAGCCGGAGCACCGCT,NK
B1_c2,,,NK,B1_c2_TAGTTGGAGCTACCGC,NK
B1_c2,,,NK,B1_c2_TAGTTGGGTTGGGACA,NK
B1_c2,,,NK,B1_c2_TCAACGAAGCCAGGAT,NK
B1_c2,HMN83559,NI,NK,B1_c2_TCAACGAGTCATCGGC,NK
B1_c2,HMN83553,NI,NK,B1_c2_TCACAAGTCCTTCAAT,NK
B1_c2,HMN83559,NI,NK,B1_c2_TCAGCTCGTGTCAATC,NK
B1_c2,,,NK,B1_c2_TCAGGATCATCCGGGT,NK
B1_c2,,,NK,B1_c2_TCAGGTAGTAGCTAAA,NK
B1_c2,HMN83552,flu,NK,B1_c2_TCAGGTATCATAGCAC,NK
B1_c2,,,NK,B1_c2_TCAGGTATCTTCATGT,NK
B1_c2,,,NK,B1_c2_TCATTTGAGCGCTCCA,NK
B1_c2,HMN83553,NI,NK,B1_c2_TCGAGGCCATCGGACC,NK
B1_c2,,,NK,B1_c2_TCTTTCCTCGGTTAAC,NK
B1_c2,,,NK,B1_c2_TGACGGCCATCTCGCT,NK
B1_c2,HMN83552,flu,NK,B1_c2_TGACTAGCATTACGAC,NK
B1_c2,,,NK,B1_c2_TGACTTTTCATAAAGG,NK
B1_c2,HMN83554,NI,NK,B1_c2_TGAGAGGAGCCAGAAC,NK
B1_c2,,,NK,B1_c2_TGAGAGGCAATAACGA,NK
B1_c2,HMN83554,NI,NK,B1_c2_TGCCCATAGTAGCCGA,NK
B1_c2,,,NK,B1_c2_TGCCCTATCTGTGCAA,NK
B1_c2,,,NK,B1_c2_TGCGCAGGTCACCCAG,NK
B1_c2,,,NK,B1_c2_TGCTACCAGGGCACTA,NK
B1_c2,,,NK,B1_c2_TGGGCGTCATCACCCT,NK
B1_c2,,,NK,B1_c2_TGGTTCCAGTGATCGG,NK
B1_c2,,,NK,B1_c2_TGTATTCAGTTACCCA,NK
B1_c2,,,NK,B1_c2_TTAGGACAGAAACCGC,NK
B1_c2,,,NK,B1_c2_TTCTCAAAGAGGTAGA,NK
B1_c2,,,NK,B1_c2_TTGAACGCAACGCACC,NK
B1_c2,,,NK,B1_c2_TTGACTTAGCTAAGAT,NK
B1_c2,,,NK,B1_c2_TTGCGTCAGTAGGTGC,NK
B1_c2,,,NK,B1_c2_TTGTAGGTCGCCTGAG,NK
B1_c2,HMN83559,NI,NK,B1_c2_TTTATGCGTTGATTCG,NK
B2_c1,HMN83560,NI,NK,B2_c1_AAACGGGGTCAACTGT,NK
B2_c1,HMN83556,NI,NK,B2_c1_AAAGCAACATCAGTAC,NK
B2_c1,,,NK,B2_c1_AAAGTAGTCACAAACC,NK
B2_c1,,,NK,B2_c1_AACACGTGTCGCATAT,NK
B2_c1,HMN83556,NI,NK,B2_c1_AACACGTTCGAATCCA,NK
B2_c1,,,NK,B2_c1_AACCATGCAGGGTACA,NK
B2_c1,,,NK,B2_c1_AACCATGTCTCTAAGG,NK
B2_c1,,,NK,B2_c1_AACCGCGTCCAAAGTC,NK
B2_c1,HMN83556,NI,NK,B2_c1_AACGTTGAGTCAATAG,NK
B2_c1,HMN83555,NI,NK,B2_c1_AACGTTGTCACATAGC,NK
B2_c1,,,NK,B2_c1_AACTCCCCACTAGTAC,NK
B2_c1,,,NK,B2_c1_AACTCCCTCTACTCAT,NK
B2_c1,,,NK,B2_c1_AAGGAGCAGGTCGGAT,NK
B2_c1,HMN83556,NI,NK,B2_c1_AAGGAGCCATTCTTAC,NK
B2_c1,,,NK,B2_c1_AAGGTTCGTCCGTTAA,NK
B2_c1,HMN83562,flu,NK,B2_c1_AAGTCTGTCGCTTGTC,NK
B2_c1,,,NK,B2_c1_AATCCAGGTTACGGAG,NK
B2_c1,,,NK,B2_c1_ACACCAAGTATGAATG,NK
B2_c1,HMN83555,NI,NK,B2_c1_ACACCAAGTCTAGCCG,NK
B2_c1,,,NK,B2_c1_ACACCCTCACATCTTT,NK
B2_c1,,,NK,B2_c1_ACACTGACACATAACC,NK
B2_c1,HMN83555,NI,NK,B2_c1_ACAGCCGAGATCCGAG,NK
B2_c1,,,NK,B2_c1_ACATACGAGTTATCGC,NK
B2_c1,HMN83555,NI,NK,B2_c1_ACATACGTCCGCATCT,NK
B2_c1,HMN83560,NI,NK,B2_c1_ACATCAGAGTCACGCC,NK
B2_c1,,,NK,B2_c1_ACCCACTGTTAAGATG,NK
B2_c1,HMN83555,NI,NK,B2_c1_ACCGTAAGTTTAAGCC,NK
B2_c1,HMN83555,NI,NK,B2_c1_ACGAGGAGTGCAGGTA,NK
B2_c1,HMN83560,NI,NK,B2_c1_ACGATACCAATAACGA,NK
B2_c1,HMN83560,NI,NK,B2_c1_ACGCCAGTCATAACCG,NK
B2_c1,,,NK,B2_c1_ACGCCGATCAACGGCC,NK
B2_c1,,,NK,B2_c1_ACGGAGATCTTGACGA,NK
B2_c1,HMN83556,NI,NK,B2_c1_ACGGCCAAGAGACTTA,NK
B2_c1,,,NK,B2_c1_ACGGGCTAGTCAAGCG,NK
B2_c1,HMN83555,NI,NK,B2_c1_ACGGGTCAGACGCTTT,NK
B2_c1,HMN83555,NI,NK,B2_c1_ACGGGTCGTGTCCTCT,NK
B2_c1,,,NK,B2_c1_ACGGGTCTCCTGCCAT,NK
B2_c1,,,NK,B2_c1_ACGTCAACAGTTCCCT,NK
B2_c1,HMN83560,NI,NK,B2_c1_ACGTCAACATCCCATC,NK
B2_c1,HMN83561,flu,NK,B2_c1_ACTATCTAGAACAACT,NK
B2_c1,,,NK,B2_c1_ACTGAGTCACTATCTT,NK
B2_c1,,,NK,B2_c1_ACTTGTTCAATGAATG,NK
B2_c1,HMN83556,NI,NK,B2_c1_ACTTGTTTCGGAGCAA,NK
B2_c1,HMN83560,NI,NK,B2_c1_AGAATAGGTCCAAGTT,NK
B2_c1,HMN83555,NI,NK,B2_c1_AGATCTGGTACAGTGG,NK
B2_c1,HMN83555,NI,NK,B2_c1_AGATTGCTCGCAAACT,NK
B2_c1,,,NK,B2_c1_AGCATACCATATACGC,NK
B2_c1,,,NK,B2_c1_AGCATACTCCGCGTTT,NK
B2_c1,,,NK,B2_c1_AGCCTAAAGTGAACAT,NK
B2_c1,,,NK,B2_c1_AGCGGTCGTCTTCAAG,NK
B2_c1,HMN83560,NI,NK,B2_c1_AGCTCTCAGCAGGCTA,NK
B2_c1,HMN83557,flu,NK,B2_c1_AGCTTGAAGGGCTCTC,NK
B2_c1,HMN83560,NI,NK,B2_c1_AGCTTGAGTCCAGTGC,NK
B2_c1,,,NK,B2_c1_AGGCCGTTCAGTTCGA,NK
B2_c1,,,NK,B2_c1_AGGGAGTGTGCTTCTC,NK
B2_c1,HMN83555,NI,NK,B2_c1_AGGGTGATCACTTCAT,NK
B2_c1,,,NK,B2_c1_AGGGTGATCATTGCCC,NK
B2_c1,HMN83555,NI,NK,B2_c1_AGGTCATGTGACGCCT,NK
B2_c1,HMN83555,NI,NK,B2_c1_AGGTCCGTCCAGTAGT,NK
B2_c1,HMN83560,NI,NK,B2_c1_AGTCTTTGTGTTTGTG,NK
B2_c1,,,NK,B2_c1_AGTGTCATCCGGGTGT,NK
B2_c1,HMN83556,NI,NK,B2_c1_ATAACGCAGCGAAGGG,NK
B2_c1,HMN83555,NI,NK,B2_c1_ATAACGCAGCTTATCG,NK
B2_c1,HMN83557,flu,NK,B2_c1_ATAAGAGAGTCATCCA,NK
B2_c1,HMN83555,NI,NK,B2_c1_ATAGACCAGAAGGGTA,NK
B2_c1,,,NK,B2_c1_ATCATCTCACTATCTT,NK
B2_c1,HMN83560,NI,NK,B2_c1_ATCGAGTGTTCTCATT,NK
B2_c1,HMN83560,NI,NK,B2_c1_ATCTGCCTCGTTTAGG,NK
B2_c1,,,NK,B2_c1_ATGGGAGGTGTTAAGA,NK
B2_c1,,,NK,B2_c1_ATGTGTGTCGTCGTTC,NK
B2_c1,HMN83555,NI,NK,B2_c1_ATTATCCCACGAGGTA,NK
B2_c1,,,NK,B2_c1_ATTCTACAGTGCCAGA,NK
B2_c1,HMN83555,NI,NK,B2_c1_ATTCTACGTTCGGCAC,NK
B2_c1,HMN83556,NI,NK,B2_c1_ATTGGACAGAGTGAGA,NK
B2_c1,HMN83560,NI,NK,B2_c1_ATTGGTGCACCACGTG,NK
B2_c1,,,NK,B2_c1_ATTGGTGCATTTCAGG,NK
B2_c1,HMN83560,NI,NK,B2_c1_CAACCTCTCGAGCCCA,NK
B2_c1,HMN83560,NI,NK,B2_c1_CAACTAGGTCCGAAGA,NK
B2_c1,,,NK,B2_c1_CAAGATCCAAGGCTCC,NK
B2_c1,,,NK,B2_c1_CAAGATCTCAATCTCT,NK
B2_c1,HMN83556,NI,NK,B2_c1_CAAGGCCGTCTCTCTG,NK
B2_c1,HMN83555,NI,NK,B2_c1_CAAGTTGAGGCGCTCT,NK
B2_c1,,,NK,B2_c1_CACAGTAGTATAATGG,NK
B2_c1,,,NK,B2_c1_CACATAGGTAAACCTC,NK
B2_c1,,,NK,B2_c1_CACATTTTCTCCGGTT,NK
B2_c1,,,NK,B2_c1_CACCACTTCCAAGCCG,NK
B2_c1,,,NK,B2_c1_CACTCCAGTCCCTACT,NK
B2_c1,,,NK,B2_c1_CACTCCAGTTCCAACA,NK
B2_c1,HMN83556,NI,NK,B2_c1_CAGCAGCTCAACACGT,NK
B2_c1,,,NK,B2_c1_CAGCCGAAGAGTACAT,NK
B2_c1,,,NK,B2_c1_CAGCGACCACATTTCT,NK
B2_c1,,,NK,B2_c1_CAGGTGCCACCTCGGA,NK
B2_c1,,,NK,B2_c1_CAGTAACTCGGTGTTA,NK
B2_c1,HMN83556,NI,NK,B2_c1_CAGTCCTCATTGGCGC,NK
B2_c1,HMN83560,NI,NK,B2_c1_CATATGGTCACATGCA,NK
B2_c1,HMN83560,NI,NK,B2_c1_CATCAGACATATGCTG,NK
B2_c1,,,NK,B2_c1_CATCCACAGGCAGGTT,NK
B2_c1,HMN83560,NI,NK,B2_c1_CATCCACGTCTCCATC,NK
B2_c1,HMN83561,flu,NK,B2_c1_CATGACAGTAGCGCTC,NK
B2_c1,HMN83555,NI,NK,B2_c1_CATGACATCTCCCTGA,NK
B2_c1,,,NK,B2_c1_CATGCCTTCCCATTTA,NK
B2_c1,HMN83560,NI,NK,B2_c1_CATGGCGAGAGGACGG,NK
B2_c1,,,NK,B2_c1_CCACCTACAGCCAATT,NK
B2_c1,,,NK,B2_c1_CCACCTAGTAGAGGAA,NK
B2_c1,,,NK,B2_c1_CCACGGAAGAATCTCC,NK
B2_c1,,,NK,B2_c1_CCAGCGACAGTATCTG,NK
B2_c1,,,NK,B2_c1_CCAGCGAGTATATGAG,NK
B2_c1,HMN83555,NI,NK,B2_c1_CCATGTCCAAACAACA,NK
B2_c1,,,NK,B2_c1_CCCAATCTCTGCCAGG,NK
B2_c1,,,NK,B2_c1_CCCATACGTTCTGGTA,NK
B2_c1,HMN83555,NI,NK,B2_c1_CCGGGATCATGCTAGT,NK
B2_c1,HMN83555,NI,NK,B2_c1_CCGGTAGAGTCGCCGT,NK
B2_c1,,,NK,B2_c1_CCGTACTAGTTCGATC,NK
B2_c1,,,NK,B2_c1_CCGTTCAGTATAGTAG,NK
B2_c1,,,NK,B2_c1_CCGTTCAGTCTCATCC,NK
B2_c1,HMN83562,flu,NK,B2_c1_CCGTTCAGTTAAGATG,NK
B2_c1,,,NK,B2_c1_CCTAGCTTCACAACGT,NK
B2_c1,,,NK,B2_c1_CCTATTAAGTGCAAGC,NK
B2_c1,HMN83555,NI,NK,B2_c1_CCTTCCCGTTTGTGTG,NK
B2_c1,,,NK,B2_c1_CCTTTCTAGACTGGGT,NK
B2_c1,HMN83560,NI,NK,B2_c1_CGAATGTAGCTCTCGG,NK
B2_c1,HMN83555,NI,NK,B2_c1_CGACCTTAGTGGCACA,NK
B2_c1,HMN83560,NI,NK,B2_c1_CGACTTCTCTCTGAGA,NK
B2_c1,,,NK,B2_c1_CGATCGGCAGTACACT,NK
B2_c1,,,NK,B2_c1_CGATGGCGTCTAGTGT,NK
B2_c1,HMN83555,NI,NK,B2_c1_CGATTGAGTGTTGGGA,NK
B2_c1,HMN83555,NI,NK,B2_c1_CGCGGTAGTACATCCA,NK
B2_c1,,,NK,B2_c1_CGCTATCCATGACATC,NK
B2_c1,,,NK,B2_c1_CGGACACGTGGACGAT,NK
B2_c1,HMN83555,NI,NK,B2_c1_CGGACGTTCCCACTTG,NK
B2_c1,,,NK,B2_c1_CGGACTGGTTGATTGC,NK
B2_c1,,,NK,B2_c1_CGGAGCTCAGCCAATT,NK
B2_c1,,,NK,B2_c1_CGGAGCTTCAACTCTT,NK
B2_c1,,,NK,B2_c1_CGGAGTCAGACTGTAA,NK
B2_c1,HMN83556,NI,NK,B2_c1_CGGGTCAAGCAGGCTA,NK
B2_c1,HMN83556,NI,NK,B2_c1_CGTAGGCAGAAACCGC,NK
B2_c1,,,NK,B2_c1_CGTAGGCCAAGACGTG,NK
B2_c1,HMN83555,NI,NK,B2_c1_CGTCACTAGATGCCTT,NK
B2_c1,HMN83555,NI,NK,B2_c1_CGTCACTTCGTTGCCT,NK
B2_c1,HMN83555,NI,NK,B2_c1_CGTCAGGAGCTAGTTC,NK
B2_c1,,,NK,B2_c1_CGTCAGGAGTCTCCTC,NK
B2_c1,,,NK,B2_c1_CGTGAGCGTCGACTGC,NK
B2_c1,,,NK,B2_c1_CGTGTAACACCAGTTA,NK
B2_c1,,,NK,B2_c1_CGTGTCTGTGTGGCTC,NK
B2_c1,,,NK,B2_c1_CGTTCTGAGACACGAC,NK
B2_c1,HMN83555,NI,NK,B2_c1_CGTTCTGAGGGAGTAA,NK
B2_c1,HMN83556,NI,NK,B2_c1_CGTTGGGTCCGCAGTG,NK
B2_c1,HMN83560,NI,NK,B2_c1_CTAAGACAGCCCAATT,NK
B2_c1,HMN83556,NI,NK,B2_c1_CTAAGACAGGAGTAGA,NK
B2_c1,HMN83555,NI,NK,B2_c1_CTACACCCAAAGTCAA,NK
B2_c1,,,NK,B2_c1_CTACATTGTGACTACT,NK
B2_c1,HMN83560,NI,NK,B2_c1_CTACCCACACATTTCT,NK
B2_c1,HMN83555,NI,NK,B2_c1_CTACGTCGTTCCCGAG,NK
B2_c1,,,NK,B2_c1_CTAGAGTTCGACGGAA,NK
B2_c1,HMN83557,flu,NK,B2_c1_CTAGAGTTCTCAAGTG,NK
B2_c1,HMN83556,NI,NK,B2_c1_CTAGCCTGTAGCGATG,NK
B2_c1,,,NK,B2_c1_CTAGTGAGTTGTTTGG,NK
B2_c1,HMN83555,NI,NK,B2_c1_CTCACACGTCCAAGTT,NK
B2_c1,HMN83556,NI,NK,B2_c1_CTCAGAATCCAGTAGT,NK
B2_c1,,,NK,B2_c1_CTCAGAATCCTGCAGG,NK
B2_c1,,,NK,B2_c1_CTCGAAAGTGATGTGG,NK
B2_c1,,,NK,B2_c1_CTCGAAATCGCGTAGC,NK
B2_c1,,,NK,B2_c1_CTCGAGGTCCTGCCAT,NK
B2_c1,,,NK,B2_c1_CTCGGAGTCAGCCTAA,NK
B2_c1,HMN83555,NI,NK,B2_c1_CTCGGGAGTCGCATAT,NK
B2_c1,HMN83560,NI,NK,B2_c1_CTCGTCATCGTCCGTT,NK
B2_c1,,,NK,B2_c1_CTCTAATCACCGAATT,NK
B2_c1,,,NK,B2_c1_CTGAAACTCTTCCTTC,NK
B2_c1,,,NK,B2_c1_CTGATAGGTCTAAACC,NK
B2_c1,HMN83555,NI,NK,B2_c1_CTGCTGTGTTACCGAT,NK
B2_c1,,,NK,B2_c1_CTGTGCTGTCTTGCGG,NK
B2_c1,HMN83560,NI,NK,B2_c1_CTGTTTAGTAGGACAC,NK
B2_c1,HMN83560,NI,NK,B2_c1_CTTCTCTAGACTACAA,NK
B2_c1,,,NK,B2_c1_CTTGGCTAGTCCGTAT,NK
B2_c1,HMN83555,NI,NK,B2_c1_CTTTGCGCACAACTGT,NK
B2_c1,,,NK,B2_c1_CTTTGCGCACTGTTAG,NK
B2_c1,HMN83555,NI,NK,B2_c1_CTTTGCGGTTCGGGCT,NK
B2_c1,HMN83560,NI,NK,B2_c1_GAAACTCGTATTCGTG,NK
B2_c1,,,NK,B2_c1_GAACATCAGATGTTAG,NK
B2_c1,,,NK,B2_c1_GAACGGAGTAAACGCG,NK
B2_c1,HMN83557,flu,NK,B2_c1_GAAGCAGCATCACCCT,NK
B2_c1,HMN83560,NI,NK,B2_c1_GACACGCCAGGAATCG,NK
B2_c1,,,NK,B2_c1_GACACGCTCCCTCAGT,NK
B2_c1,HMN83556,NI,NK,B2_c1_GACAGAGCATCAGTCA,NK
B2_c1,,,NK,B2_c1_GACAGAGGTGGAAAGA,NK
B2_c1,HMN83555,NI,NK,B2_c1_GACCAATTCTCGGACG,NK
B2_c1,,,NK,B2_c1_GACGCGTAGCCCAACC,NK
B2_c1,,,NK,B2_c1_GACGCGTTCGCCTGTT,NK
B2_c1,HMN83557,flu,NK,B2_c1_GACGTTATCACTGGGC,NK
B2_c1,HMN83555,NI,NK,B2_c1_GACGTTATCATCTGTT,NK
B2_c1,HMN83560,NI,NK,B2_c1_GACTACAGTCTCCCTA,NK
B2_c1,,,NK,B2_c1_GAGCAGACAAGAGTCG,NK
B2_c1,HMN83555,NI,NK,B2_c1_GAGCAGATCACTTCAT,NK
B2_c1,,,NK,B2_c1_GAGGTGACAGACTCGC,NK
B2_c1,,,NK,B2_c1_GAGGTGACAGGATTGG,NK
B2_c1,,,NK,B2_c1_GAGGTGAGTTTGACAC,NK
B2_c1,,,NK,B2_c1_GATCGCGCACCAGCAC,NK
B2_c1,,,NK,B2_c1_GATCGCGCAGGGTATG,NK
B2_c1,HMN83555,NI,NK,B2_c1_GATCGTAAGAGTTGGC,NK
B2_c1,,,NK,B2_c1_GATGAGGAGTTAGCGG,NK
B2_c1,HMN83555,NI,NK,B2_c1_GATGAGGGTATCACCA,NK
B2_c1,HMN83560,NI,NK,B2_c1_GATGCTATCAATCTCT,NK
B2_c1,,,NK,B2_c1_GCAAACTAGGCATTGG,NK
B2_c1,,,NK,B2_c1_GCAAACTTCTGCTGCT,NK
B2_c1,,,NK,B2_c1_GCAATCATCCAGTATG,NK
B2_c1,,,NK,B2_c1_GCACATACAGCTGCAC,NK
B2_c1,,,NK,B2_c1_GCATGCGCAGTGACAG,NK
B2_c1,HMN83556,NI,NK,B2_c1_GCATGCGTCCATGAAC,NK
B2_c1,,,NK,B2_c1_GCCTCTAGTCTAGTGT,NK
B2_c1,HMN83555,NI,NK,B2_c1_GCGACCACACGCCAGT,NK
B2_c1,,,NK,B2_c1_GCGACCACACTCAGGC,NK
B2_c1,,,NK,B2_c1_GCGCCAATCAGATAAG,NK
B2_c1,HMN83555,NI,NK,B2_c1_GCGCGATGTCCAGTTA,NK
B2_c1,HMN83555,NI,NK,B2_c1_GCGCGATTCACCATAG,NK
B2_c1,,,NK,B2_c1_GCGCGATTCGTTACGA,NK
B2_c1,,,NK,B2_c1_GCTGCAGTCAGGTTCA,NK
B2_c1,,,NK,B2_c1_GCTGCTTGTAGTGAAT,NK
B2_c1,HMN83555,NI,NK,B2_c1_GCTTGAACAGCGATCC,NK
B2_c1,,,NK,B2_c1_GGAAAGCAGGTGCTAG,NK
B2_c1,,,NK,B2_c1_GGAATAACAAGTAATG,NK
B2_c1,HMN83556,NI,NK,B2_c1_GGACAAGTCAGCCTAA,NK
B2_c1,,,NK,B2_c1_GGACATTAGGAATTAC,NK
B2_c1,HMN83560,NI,NK,B2_c1_GGACATTGTTGCTCCT,NK
B2_c1,HMN83556,NI,NK,B2_c1_GGAGCAACAGGAATCG,NK
B2_c1,,,NK,B2_c1_GGCAATTGTGGTAACG,NK
B2_c1,HMN83560,NI,NK,B2_c1_GGCGTGTTCGCAGGCT,NK
B2_c1,HMN83555,NI,NK,B2_c1_GGCTCGAAGCTGTCTA,NK
B2_c1,HMN83555,NI,NK,B2_c1_GGGAATGGTGAGTATA,NK
B2_c1,,,NK,B2_c1_GGGACCTCACTTAAGC,NK
B2_c1,,,NK,B2_c1_GGGAGATAGGCACATG,NK
B2_c1,HMN83555,NI,NK,B2_c1_GGGCACTTCTTCATGT,NK
B2_c1,,,NK,B2_c1_GGGTTGCAGAGACTTA,NK
B2_c1,,,NK,B2_c1_GGGTTGCGTAGCACGA,NK
B2_c1,,,NK,B2_c1_GGTATTGAGAGGTAGA,NK
B2_c1,,,NK,B2_c1_GGTATTGCACTTAACG,NK
B2_c1,HMN83556,NI,NK,B2_c1_GTAACGTCACAGCGTC,NK
B2_c1,,,NK,B2_c1_GTAACGTCATGGGAAC,NK
B2_c1,HMN83555,NI,NK,B2_c1_GTAACGTGTGTCAATC,NK
B2_c1,,,NK,B2_c1_GTACTTTTCTAGAGTC,NK
B2_c1,HMN83560,NI,NK,B2_c1_GTAGGCCGTTGGGACA,NK
B2_c1,HMN83556,NI,NK,B2_c1_GTAGGCCTCGCGATCG,NK
B2_c1,HMN83560,NI,NK,B2_c1_GTATCTTAGCCCAACC,NK
B2_c1,,,NK,B2_c1_GTATCTTAGCGATGAC,NK
B2_c1,,,NK,B2_c1_GTATTCTAGAATTGTG,NK
B2_c1,,,NK,B2_c1_GTCACGGAGAGTAATC,NK
B2_c1,,,NK,B2_c1_GTCACGGAGCTCCCAG,NK
B2_c1,HMN83555,NI,NK,B2_c1_GTCACGGCAGTTCCCT,NK
B2_c1,,,NK,B2_c1_GTCGGGTTCGGAGCAA,NK
B2_c1,HMN83560,NI,NK,B2_c1_GTGAAGGGTTCCCGAG,NK
B2_c1,HMN83560,NI,NK,B2_c1_GTGCAGCAGCAAATCA,NK
B2_c1,HMN83560,NI,NK,B2_c1_GTGTGCGTCCTTCAAT,NK
B2_c1,,,NK,B2_c1_GTTAAGCAGTCCGTAT,NK
B2_c1,,,NK,B2_c1_GTTCATTAGACTGGGT,NK
B2_c1,HMN83557,flu,NK,B2_c1_GTTCGGGGTCCGAATT,NK
B2_c1,HMN83560,NI,NK,B2_c1_TAAGCGTTCGGACAAG,NK
B2_c1,,,NK,B2_c1_TACGGTAAGAAGGCCT,NK
B2_c1,HMN83555,NI,NK,B2_c1_TACTCATAGTACTTGC,NK
B2_c1,,,NK,B2_c1_TACTTGTGTGCACTTA,NK
B2_c1,HMN83555,NI,NK,B2_c1_TAGACCATCCGCATAA,NK
B2_c1,,,NK,B2_c1_TAGCCGGTCTGCTGCT,NK
B2_c1,HMN83555,NI,NK,B2_c1_TAGGCATTCCAGGGCT,NK
B2_c1,HMN83555,NI,NK,B2_c1_TATCAGGGTCACCCAG,NK
B2_c1,HMN83562,flu,NK,B2_c1_TATGCCCAGACAAGCC,NK
B2_c1,,,NK,B2_c1_TATTACCAGCGTCTAT,NK
B2_c1,HMN83555,NI,NK,B2_c1_TCAGGATTCAGGTTCA,NK
B2_c1,,,NK,B2_c1_TCAGGTACAGCCTTGG,NK
B2_c1,HMN83555,NI,NK,B2_c1_TCATTTGGTAGGGACT,NK
B2_c1,HMN83555,NI,NK,B2_c1_TCATTTGTCCATGAAC,NK
B2_c1,HMN83555,NI,NK,B2_c1_TCCCGATCATCACGAT,NK
B2_c1,,,NK,B2_c1_TCCCGATTCACCTTAT,NK
B2_c1,HMN83555,NI,NK,B2_c1_TCGAGGCCATCACGTA,NK
B2_c1,HMN83555,NI,NK,B2_c1_TCGCGAGTCTTGACGA,NK
B2_c1,HMN83555,NI,NK,B2_c1_TCGCGTTCAATCCAAC,NK
B2_c1,,,NK,B2_c1_TCGTACCTCCTGTAGA,NK
B2_c1,,,NK,B2_c1_TCGTAGAGTTCAGCGC,NK
B2_c1,HMN83556,NI,NK,B2_c1_TCGTAGATCTGTACGA,NK
B2_c1,,,NK,B2_c1_TCTATTGAGTTAAGTG,NK
B2_c1,HMN83555,NI,NK,B2_c1_TCTATTGCACCTCGGA,NK
B2_c1,HMN83555,NI,NK,B2_c1_TCTCTAAAGGCGACAT,NK
B2_c1,,,NK,B2_c1_TCTGAGAAGAGTAATC,NK
B2_c1,,,NK,B2_c1_TCTTCGGGTCCTCCAT,NK
B2_c1,HMN83555,NI,NK,B2_c1_TCTTTCCAGCAATATG,NK
B2_c1,HMN83555,NI,NK,B2_c1_TCTTTCCCAATAAGCA,NK
B2_c1,HMN83555,NI,NK,B2_c1_TCTTTCCTCGATGAGG,NK
B2_c1,,,NK,B2_c1_TGAAAGAAGCTAGTTC,NK
B2_c1,,,NK,B2_c1_TGACAACAGAGAGCTC,NK
B2_c1,HMN83555,NI,NK,B2_c1_TGACAACCACTACAGT,NK
B2_c1,HMN83555,NI,NK,B2_c1_TGACAACGTACAGACG,NK
B2_c1,,,NK,B2_c1_TGAGGGAAGAAGGCCT,NK
B2_c1,,,NK,B2_c1_TGAGGGAAGAATGTTG,NK
B2_c1,HMN83555,NI,NK,B2_c1_TGAGGGACATTGTGCA,NK
B2_c1,HMN83555,NI,NK,B2_c1_TGCCAAAAGGCATGTG,NK
B2_c1,,,NK,B2_c1_TGCCAAACACGGTAGA,NK
B2_c1,,,NK,B2_c1_TGCCAAAGTCTAACGT,NK
B2_c1,HMN83560,NI,NK,B2_c1_TGCCCTAGTGTTCTTT,NK
B2_c1,,,NK,B2_c1_TGCGGGTAGCTTCGCG,NK
B2_c1,HMN83555,NI,NK,B2_c1_TGCGTGGAGATGGGTC,NK
B2_c1,,,NK,B2_c1_TGCGTGGCAATGGAGC,NK
B2_c1,HMN83560,NI,NK,B2_c1_TGGACGCTCATAACCG,NK
B2_c1,HMN83555,NI,NK,B2_c1_TGGCCAGGTTGATTCG,NK
B2_c1,,,NK,B2_c1_TGGGCGTCAAGCCGCT,NK
B2_c1,HMN83560,NI,NK,B2_c1_TGGGCGTCACTCTGTC,NK
B2_c1,,,NK,B2_c1_TGGTTAGTCCCACTTG,NK
B2_c1,HMN83555,NI,NK,B2_c1_TGGTTAGTCGCGGATC,NK
B2_c1,,,NK,B2_c1_TGTATTCCAAGTCTGT,NK
B2_c1,,,NK,B2_c1_TGTATTCGTAGGAGTC,NK
B2_c1,HMN83560,NI,NK,B2_c1_TTAACTCGTGGCCCTA,NK
B2_c1,HMN83560,NI,NK,B2_c1_TTAGGCAAGATGTCGG,NK
B2_c1,,,NK,B2_c1_TTAGGCAGTCTCCATC,NK
B2_c1,,,NK,B2_c1_TTAGGCAGTGAACCTT,NK
B2_c1,,,NK,B2_c1_TTATGCTAGGTGACCA,NK
B2_c1,,,NK,B2_c1_TTATGCTCAATAAGCA,NK
B2_c1,,,NK,B2_c1_TTATGCTGTTCCACTC,NK
B2_c1,,,NK,B2_c1_TTCGGTCCACCAGGCT,NK
B2_c1,HMN83555,NI,NK,B2_c1_TTCTCAATCAGGATCT,NK
B2_c1,HMN83556,NI,NK,B2_c1_TTGACTTAGAGTAATC,NK
B2_c1,HMN83555,NI,NK,B2_c1_TTGACTTCATTGCGGC,NK
B2_c1,HMN83556,NI,NK,B2_c1_TTGCGTCGTACATGTC,NK
B2_c1,HMN83555,NI,NK,B2_c1_TTTACTGCAAGCTGGA,NK
B2_c1,HMN83556,NI,NK,B2_c1_TTTCCTCCACGACGAA,NK
B2_c1,,,NK,B2_c1_TTTGCGCAGTGGAGAA,NK
B2_c1,HMN83555,NI,NK,B2_c1_TTTGTCAAGTCCGGTC,NK
B2_c1,,,NK,B2_c1_TTTGTCAGTTAAGTAG,NK
B2_c2,,,NK,B2_c2_AACCATGAGTCCATAC,NK
B2_c2,,,NK,B2_c2_AACCATGCAGCTGGCT,NK
B2_c2,,,NK,B2_c2_AACCGCGGTGTCGCTG,NK
B2_c2,,,NK,B2_c2_AACTTTCTCCGCAAGC,NK
B2_c2,,,NK,B2_c2_AATCCAGTCCGCTGTT,NK
B2_c2,,,NK,B2_c2_ACCGTAACAGGATCGA,NK
B2_c2,HMN83557,NI,NK,B2_c2_ACGAGGATCGAGAACG,NK
B2_c2,HMN83557,NI,NK,B2_c2_ACGATACCATGTAAGA,NK
B2_c2,HMN83562,NI,NK,B2_c2_ACGATACGTCTAGAGG,NK
B2_c2,HMN83560,flu,NK,B2_c2_ACGATACTCCATGCTC,NK
B2_c2,,,NK,B2_c2_ACGATGTAGGAACTGC,NK
B2_c2,,,NK,B2_c2_ACGGGCTGTTTGCATG,NK
B2_c2,HMN83562,NI,NK,B2_c2_ACGTCAAAGGCATGGT,NK
B2_c2,HMN83561,NI,NK,B2_c2_ACTGATGTCTCAACTT,NK
B2_c2,HMN83561,NI,NK,B2_c2_ACTGTCCGTTAAGAAC,NK
B2_c2,HMN83556,flu,NK,B2_c2_AGAGCTTCACCCATTC,NK
B2_c2,,,NK,B2_c2_AGATTGCTCTAGCACA,NK
B2_c2,HMN83557,NI,NK,B2_c2_AGCCTAAGTGCTCTTC,NK
B2_c2,,,NK,B2_c2_AGCGTCGCACTTCTGC,NK
B2_c2,HMN83561,NI,NK,B2_c2_AGCTCCTTCGCATGGC,NK
B2_c2,HMN83557,NI,NK,B2_c2_AGCTTGACAGTATGCT,NK
B2_c2,,,NK,B2_c2_AGGGAGTAGAATTGTG,NK
B2_c2,HMN83561,NI,NK,B2_c2_AGGTCATGTCTACCTC,NK
B2_c2,,,NK,B2_c2_AGGTCCGAGGACATTA,NK
B2_c2,,,NK,B2_c2_AGTGAGGTCCACGTTC,NK
B2_c2,HMN83561,NI,NK,B2_c2_AGTGGGAGTCTTGATG,NK
B2_c2,,,NK,B2_c2_AGTTGGTTCTTCGAGA,NK
B2_c2,,,NK,B2_c2_ATAACGCCACGGCGTT,NK
B2_c2,,,NK,B2_c2_ATCGAGTAGTTGTAGA,NK
B2_c2,,,NK,B2_c2_ATCTACTAGGATGGTC,NK
B2_c2,,,NK,B2_c2_ATCTACTGTTGAACTC,NK
B2_c2,,,NK,B2_c2_ATGAGGGAGACATAAC,NK
B2_c2,,,NK,B2_c2_ATGTGTGGTATCTGCA,NK
B2_c2,,,NK,B2_c2_ATTACTCCATGAACCT,NK
B2_c2,,,NK,B2_c2_CAAGGCCTCACTTATC,NK
B2_c2,,,NK,B2_c2_CAAGTTGTCCTATGTT,NK
B2_c2,HMN83557,NI,NK,B2_c2_CACAAACTCTCTTATG,NK
B2_c2,HMN83557,NI,NK,B2_c2_CACAGGCAGGTGTGGT,NK
B2_c2,,,NK,B2_c2_CACAGTATCTCGAGTA,NK
B2_c2,HMN83556,flu,NK,B2_c2_CACATAGTCAGGCAAG,NK
B2_c2,,,NK,B2_c2_CAGCAGCAGCTAGTTC,NK
B2_c2,HMN83560,flu,NK,B2_c2_CATCAGAGTATGAAAC,NK
B2_c2,,,NK,B2_c2_CATCGGGTCTCTGTCG,NK
B2_c2,HMN83557,NI,NK,B2_c2_CATGACATCCTCGCAT,NK
B2_c2,,,NK,B2_c2_CATGCCTAGGCTAGAC,NK
B2_c2,,,NK,B2_c2_CATTATCCAGCCAATT,NK
B2_c2,HMN83556,flu,NK,B2_c2_CCCATACAGACAATAC,NK
B2_c2,,,NK,B2_c2_CCGGGATTCGTCTGCT,NK
B2_c2,,,NK,B2_c2_CCTACACCAACTGCGC,NK
B2_c2,,,NK,B2_c2_CCTACCAAGATCGGGT,NK
B2_c2,,,NK,B2_c2_CGAATGTGTGCAGGTA,NK
B2_c2,,,NK,B2_c2_CGACCTTGTGGCAAAC,NK
B2_c2,,,NK,B2_c2_CGAGCCACAGTACACT,NK
B2_c2,HMN83562,NI,NK,B2_c2_CGATCGGGTGTCGCTG,NK
B2_c2,HMN83562,NI,NK,B2_c2_CGATGTAAGTCTTGCA,NK
B2_c2,HMN83557,NI,NK,B2_c2_CGATTGACAGGAATGC,NK
B2_c2,,,NK,B2_c2_CGCTATCCATCAGTCA,NK
B2_c2,,,NK,B2_c2_CGCTATCTCCACTCCA,NK
B2_c2,,,NK,B2_c2_CGGACTGCAGCTGTAT,NK
B2_c2,HMN83557,NI,NK,B2_c2_CGGAGCTGTCGGCATC,NK
B2_c2,HMN83556,flu,NK,B2_c2_CGGAGCTGTGTGAAAT,NK
B2_c2,,,NK,B2_c2_CGGAGTCCAATCGAAA,NK
B2_c2,HMN83557,NI,NK,B2_c2_CGGTTAAGTTACGTCA,NK
B2_c2,HMN83562,NI,NK,B2_c2_CGTAGCGCATCATCCC,NK
B2_c2,,,NK,B2_c2_CGTCACTGTGGACGAT,NK
B2_c2,HMN83561,NI,NK,B2_c2_CGTCACTTCGTACGGC,NK
B2_c2,HMN83561,NI,NK,B2_c2_CGTCAGGGTTGGTAAA,NK
B2_c2,HMN83561,NI,NK,B2_c2_CGTCTACAGCCGATTT,NK
B2_c2,,,NK,B2_c2_CGTGAGCCATGTCCTC,NK
B2_c2,HMN83561,NI,NK,B2_c2_CTAATGGTCACGGTTA,NK
B2_c2,,,NK,B2_c2_CTAATGGTCGCGTAGC,NK
B2_c2,,,NK,B2_c2_CTACACCGTAGCGCTC,NK
B2_c2,,,NK,B2_c2_CTACCCAGTCATGCAT,NK
B2_c2,HMN83555,flu,NK,B2_c2_CTACGTCCAAGCGAGT,NK
B2_c2,HMN83557,NI,NK,B2_c2_CTCGAGGGTCTTTCAT,NK
B2_c2,HMN83561,NI,NK,B2_c2_CTCTGGTGTCCTCCAT,NK
B2_c2,,,NK,B2_c2_CTGATCCGTGACAAAT,NK
B2_c2,,,NK,B2_c2_CTGCTGTCACGGATAG,NK
B2_c2,,,NK,B2_c2_CTGTTTAAGGCATGGT,NK
B2_c2,,,NK,B2_c2_CTTAACTGTGAAAGAG,NK
B2_c2,,,NK,B2_c2_CTTAGGACATGCCCGA,NK
B2_c2,HMN83560,flu,NK,B2_c2_CTTAGGATCCCGGATG,NK
B2_c2,HMN83556,flu,NK,B2_c2_GACCAATCAAGGCTCC,NK
B2_c2,,,NK,B2_c2_GACGGCTCAGGCTGAA,NK
B2_c2,,,NK,B2_c2_GAGCAGAGTCAGAATA,NK
B2_c2,,,NK,B2_c2_GATGAGGGTGGGTATG,NK
B2_c2,,,NK,B2_c2_GCAATCAAGTGTACTC,NK
B2_c2,HMN83561,NI,NK,B2_c2_GCACTCTTCACTCCTG,NK
B2_c2,HMN83561,NI,NK,B2_c2_GCAGCCAGTGTAAGTA,NK
B2_c2,,,NK,B2_c2_GCAGTTACAAGTCTAC,NK
B2_c2,,,NK,B2_c2_GCGACCACACAGTCGC,NK
B2_c2,HMN83561,NI,NK,B2_c2_GCGCAACAGTTCGCAT,NK
B2_c2,HMN83556,flu,NK,B2_c2_GCTGCTTAGATAGGAG,NK
B2_c2,,,NK,B2_c2_GCTTGAAGTGCACGAA,NK
B2_c2,HMN83561,NI,NK,B2_c2_GGAAAGCAGTGACTCT,NK
B2_c2,,,NK,B2_c2_GGAATAAAGAGCTGCA,NK
B2_c2,,,NK,B2_c2_GGACAAGAGGTGCTAG,NK
B2_c2,,,NK,B2_c2_GGAGCAAGTAAGCACG,NK
B2_c2,,,NK,B2_c2_GGATTACAGCTAACTC,NK
B2_c2,,,NK,B2_c2_GGCTCGATCAACGCTA,NK
B2_c2,,,NK,B2_c2_GGCTGGTAGTCTTGCA,NK
B2_c2,,,NK,B2_c2_GGGATGATCGTACCGG,NK
B2_c2,HMN83557,NI,NK,B2_c2_GGTGCGTTCTGGGCCA,NK
B2_c2,HMN83561,NI,NK,B2_c2_GTACTCCTCTGTACGA,NK
B2_c2,,,NK,B2_c2_GTACTTTAGCGTCTAT,NK
B2_c2,,,NK,B2_c2_GTACTTTCACGGCGTT,NK
B2_c2,,,NK,B2_c2_GTAGGCCGTTTGGCGC,NK
B2_c2,,,NK,B2_c2_GTAGTCATCCTAAGTG,NK
B2_c2,HMN83562,NI,NK,B2_c2_GTATTCTTCGCTGATA,NK
B2_c2,,,NK,B2_c2_GTCACGGAGTTTAGGA,NK
B2_c2,,,NK,B2_c2_GTCATTTTCATAGCAC,NK
B2_c2,HMN83562,NI,NK,B2_c2_GTCTTCGTCTGGTATG,NK
B2_c2,,,NK,B2_c2_GTGCGGTTCCCTTGTG,NK
B2_c2,,,NK,B2_c2_TAAGAGAGTCAGAAGC,NK
B2_c2,HMN83562,NI,NK,B2_c2_TACACGATCCCTTGTG,NK
B2_c2,HMN83561,NI,NK,B2_c2_TACGGTAGTAAACCTC,NK
B2_c2,HMN83557,NI,NK,B2_c2_TCAGGTAGTATATCCG,NK
B2_c2,HMN83557,NI,NK,B2_c2_TCTCTAATCTTCAACT,NK
B2_c2,,,NK,B2_c2_TCTGAGACACAACGTT,NK
B2_c2,,,NK,B2_c2_TCTTCGGTCTGTCTAT,NK
B2_c2,HMN83560,flu,NK,B2_c2_TGACGGCTCTTTACAC,NK
B2_c2,,,NK,B2_c2_TGAGGGAAGTCATCCA,NK
B2_c2,,,NK,B2_c2_TGCACCTAGTGCGTGA,NK
B2_c2,HMN83561,NI,NK,B2_c2_TGCACCTGTTGATTCG,NK
B2_c2,HMN83557,NI,NK,B2_c2_TGCCCATCACTAGTAC,NK
B2_c2,,,NK,B2_c2_TGCGCAGGTCCTCTTG,NK
B2_c2,,,NK,B2_c2_TGCGGGTCACGAAAGC,NK
B2_c2,,,NK,B2_c2_TGCGTGGCAGCTGGCT,NK
B2_c2,HMN83560,flu,NK,B2_c2_TGCGTGGGTGACAAAT,NK
B2_c2,,,NK,B2_c2_TGGACGCGTCTCTTAT,NK
B2_c2,HMN83557,NI,NK,B2_c2_TGGACGCTCTTCGGTC,NK
B2_c2,HMN83556,flu,NK,B2_c2_TGGGAAGAGACACGAC,NK
B2_c2,,,NK,B2_c2_TGTGGTAAGACCTAGG,NK
B2_c2,,,NK,B2_c2_TGTGTTTCAAGTAGTA,NK
B2_c2,HMN83562,NI,NK,B2_c2_TGTTCCGTCTATCGCC,NK
B2_c2,,,NK,B2_c2_TTAGTTCTCTCGTTTA,NK
B2_c2,HMN83557,NI,NK,B2_c2_TTATGCTAGCCCAACC,NK
B2_c2,,,NK,B2_c2_TTCGAAGTCTCTAGGA,NK
B2_c2,HMN83556,flu,NK,B2_c2_TTGAACGTCTTTACAC,NK
B2_c2,HMN83561,NI,NK,B2_c2_TTGACTTTCGCCATAA,NK
B2_c2,HMN83557,NI,NK,B2_c2_TTGGCAAAGAGTCTGG,NK
B2_c2,,,NK,B2_c2_TTTACTGAGTTCGATC,NK
B2_c2,,,NK,B2_c2_TTTATGCTCATTCACT,NK
B2_c2,HMN83561,NI,NK,B2_c2_TTTCCTCGTTGGAGGT,NK
B2_c2,,,NK,B2_c2_TTTGCGCCATCACGAT,NK
B3_c1,HMN83564,NI,NK,B3_c1_AAACCTGAGTGTACCT,NK
B3_c1,,,NK,B3_c1_AAACGGGTCCTATGTT,NK
B3_c1,HMN83568,NI,NK,B3_c1_AAACGGGTCTGGCGAC,NK
B3_c1,,,NK,B3_c1_AAAGCAAAGAAGGTTT,NK
B3_c1,HMN83565,NI,NK,B3_c1_AAATGCCAGTGAACAT,NK
B3_c1,HMN83568,NI,NK,B3_c1_AACACGTAGTCGTACT,NK
B3_c1,,,NK,B3_c1_AAGGAGCCATCTCGCT,NK
B3_c1,,,NK,B3_c1_AAGGCAGGTTAAGACA,NK
B3_c1,,,NK,B3_c1_AATCGGTAGGTGATTA,NK
B3_c1,,,NK,B3_c1_ACACCCTGTAGTACCT,NK
B3_c1,,,NK,B3_c1_ACACTGATCAGCGATT,NK
B3_c1,,,NK,B3_c1_ACCCACTCAGCCTGTG,NK
B3_c1,HMN83564,NI,NK,B3_c1_ACGCCAGCACAGACAG,NK
B3_c1,,,NK,B3_c1_ACGGAGAAGATATGGT,NK
B3_c1,HMN83570,flu,NK,B3_c1_ACGGAGAAGGAATTAC,NK
B3_c1,,,NK,B3_c1_ACGTCAAAGCGTGTCC,NK
B3_c1,,,NK,B3_c1_ACTGATGCACCTATCC,NK
B3_c1,,,NK,B3_c1_ACTTACTGTCTCTTAT,NK
B3_c1,,,NK,B3_c1_ACTTTCAAGCTAAGAT,NK
B3_c1,,,NK,B3_c1_ACTTTCATCTATCCTA,NK
B3_c1,HMN83568,NI,NK,B3_c1_AGATTGCGTCCAGTTA,NK
B3_c1,,,NK,B3_c1_AGCAGCCCAAACTGTC,NK
B3_c1,HMN83567,flu,NK,B3_c1_AGCCTAACAACAACCT,NK
B3_c1,HMN83568,NI,NK,B3_c1_AGCCTAACATTACCTT,NK
B3_c1,HMN83565,NI,NK,B3_c1_AGCCTAATCGGATGTT,NK
B3_c1,,,NK,B3_c1_AGCGTCGCAATGAAAC,NK
B3_c1,,,NK,B3_c1_AGCGTCGCACAACTGT,NK
B3_c1,,,NK,B3_c1_AGGCCACGTGGTCCGT,NK
B3_c1,HMN83568,NI,NK,B3_c1_AGGCCGTAGCCACGTC,NK
B3_c1,HMN83565,NI,NK,B3_c1_AGGCCGTCACCATCCT,NK
B3_c1,,,NK,B3_c1_AGGCCGTCAGCGAACA,NK
B3_c1,,,NK,B3_c1_AGGCCGTGTTCTCATT,NK
B3_c1,,,NK,B3_c1_AGGGTGACACCTATCC,NK
B3_c1,,,NK,B3_c1_AGTCTTTGTATGCTTG,NK
B3_c1,,,NK,B3_c1_AGTGGGACACAGACTT,NK
B3_c1,,,NK,B3_c1_AGTGTCAAGGAATCGC,NK
B3_c1,,,NK,B3_c1_ATAAGAGAGCGTGTCC,NK
B3_c1,,,NK,B3_c1_ATAAGAGAGGATGGAA,NK
B3_c1,,,NK,B3_c1_ATCTACTGTGTTGGGA,NK
B3_c1,,,NK,B3_c1_ATCTGCCCAGTCAGCC,NK
B3_c1,HMN83568,NI,NK,B3_c1_ATGGGAGCATGTTGAC,NK
B3_c1,,,NK,B3_c1_ATTACTCGTATAATGG,NK
B3_c1,HMN83564,NI,NK,B3_c1_ATTCTACAGTGACTCT,NK
B3_c1,,,NK,B3_c1_ATTGGACGTAGGCATG,NK
B3_c1,HMN83567,flu,NK,B3_c1_ATTGGTGGTCAAACTC,NK
B3_c1,,,NK,B3_c1_ATTTCTGCAAAGTGCG,NK
B3_c1,,,NK,B3_c1_CAAGATCCACCGTTGG,NK
B3_c1,HMN83568,NI,NK,B3_c1_CAAGATCGTTTGACTG,NK
B3_c1,HMN83564,NI,NK,B3_c1_CACAAACTCTGCGTAA,NK
B3_c1,,,NK,B3_c1_CACACAAGTTCCGGCA,NK
B3_c1,,,NK,B3_c1_CACACCTCAGGACGTA,NK
B3_c1,,,NK,B3_c1_CACACTCAGGACGAAA,NK
B3_c1,,,NK,B3_c1_CACATTTCATATGGTC,NK
B3_c1,,,NK,B3_c1_CACCACTCATTCGACA,NK
B3_c1,,,NK,B3_c1_CACTCCAAGCGCTTAT,NK
B3_c1,,,NK,B3_c1_CACTCCACAGACGCCT,NK
B3_c1,,,NK,B3_c1_CAGAATCGTACCGAGA,NK
B3_c1,HMN83570,flu,NK,B3_c1_CAGAATCGTTCAGACT,NK
B3_c1,,,NK,B3_c1_CAGAGAGAGCTTATCG,NK
B3_c1,HMN83565,NI,NK,B3_c1_CAGCAGCAGAGCCTAG,NK
B3_c1,,,NK,B3_c1_CAGCAGCTCCACTCCA,NK
B3_c1,,,NK,B3_c1_CAGCTAATCCAAGCCG,NK
B3_c1,,,NK,B3_c1_CAGCTAATCTGATACG,NK
B3_c1,,,NK,B3_c1_CAGGTGCCATACCATG,NK
B3_c1,HMN83568,NI,NK,B3_c1_CATCAAGCACGGTAAG,NK
B3_c1,,,NK,B3_c1_CATCAAGTCTGCCAGG,NK
B3_c1,,,NK,B3_c1_CATCAGAAGAGACTAT,NK
B3_c1,HMN83568,NI,NK,B3_c1_CATGGCGGTCATCGGC,NK
B3_c1,HMN83569,flu,NK,B3_c1_CATGGCGGTTTGGGCC,NK
B3_c1,HMN83568,NI,NK,B3_c1_CCAATCCAGGCTATCT,NK
B3_c1,,,NK,B3_c1_CCAATCCAGTGTGGCA,NK
B3_c1,,,NK,B3_c1_CCACTACGTGTTAAGA,NK
B3_c1,,,NK,B3_c1_CCATGTCTCCGAATGT,NK
B3_c1,,,NK,B3_c1_CCATTCGCATAAAGGT,NK
B3_c1,,,NK,B3_c1_CCATTCGTCTATCCCG,NK
B3_c1,,,NK,B3_c1_CCCAATCAGACTAGAT,NK
B3_c1,,,NK,B3_c1_CCCAGTTCACCGCTAG,NK
B3_c1,,,NK,B3_c1_CCCATACAGTCAAGGC,NK
B3_c1,,,NK,B3_c1_CCCTCCTCACCTCGTT,NK
B3_c1,,,NK,B3_c1_CCGGTAGTCCAGAGGA,NK
B3_c1,HMN83568,NI,NK,B3_c1_CCGTACTAGTCAAGGC,NK
B3_c1,,,NK,B3_c1_CCGTACTGTTACAGAA,NK
B3_c1,HMN83569,flu,NK,B3_c1_CCGTACTTCGGCCGAT,NK
B3_c1,,,NK,B3_c1_CCGTTCAAGCTAACAA,NK
B3_c1,,,NK,B3_c1_CCTACACAGAGACTAT,NK
B3_c1,HMN83567,flu,NK,B3_c1_CCTACCAGTCGCTTTC,NK
B3_c1,,,NK,B3_c1_CCTATTACAAGAGGCT,NK
B3_c1,HMN83565,NI,NK,B3_c1_CCTCTGAAGGTGTTAA,NK
B3_c1,,,NK,B3_c1_CGAACATAGCCGTCGT,NK
B3_c1,,,NK,B3_c1_CGATGTAGTCTTGCGG,NK
B3_c1,,,NK,B3_c1_CGCCAAGGTCACACGC,NK
B3_c1,,,NK,B3_c1_CGCGGTAAGTTGTCGT,NK
B3_c1,HMN83565,NI,NK,B3_c1_CGCGGTACAGCATACT,NK
B3_c1,HMN83568,NI,NK,B3_c1_CGCTATCGTAGCACGA,NK
B3_c1,HMN83569,flu,NK,B3_c1_CGGACACGTATAGGTA,NK
B3_c1,HMN83567,flu,NK,B3_c1_CGGCTAGAGTCAAGGC,NK
B3_c1,HMN83567,flu,NK,B3_c1_CGGCTAGCAGCGTAAG,NK
B3_c1,HMN83565,NI,NK,B3_c1_CGGCTAGTCAAAGACA,NK
B3_c1,HMN83565,NI,NK,B3_c1_CGTAGGCTCCACGAAT,NK
B3_c1,HMN83564,NI,NK,B3_c1_CGTCAGGAGATGTGGC,NK
B3_c1,,,NK,B3_c1_CGTCCATTCATAGCAC,NK
B3_c1,HMN83570,flu,NK,B3_c1_CGTTCTGAGTTCCACA,NK
B3_c1,,,NK,B3_c1_CTAATGGCACAGAGGT,NK
B3_c1,,,NK,B3_c1_CTACGTCGTAAACGCG,NK
B3_c1,,,NK,B3_c1_CTAGCCTCAAGCGCTC,NK
B3_c1,,,NK,B3_c1_CTAGCCTCACGAAATA,NK
B3_c1,HMN83565,NI,NK,B3_c1_CTAGCCTGTCCTCTTG,NK
B3_c1,HMN83565,NI,NK,B3_c1_CTAGTGAGTCGGGTCT,NK
B3_c1,HMN83568,NI,NK,B3_c1_CTAGTGATCTTGACGA,NK
B3_c1,,,NK,B3_c1_CTCGAAAGTTCGCGAC,NK
B3_c1,HMN83570,flu,NK,B3_c1_CTCGAGGCATTGGTAC,NK
B3_c1,HMN83567,flu,NK,B3_c1_CTCGGGACAATAAGCA,NK
B3_c1,,,NK,B3_c1_CTCTAATGTGCATCTA,NK
B3_c1,,,NK,B3_c1_CTCTAATTCGTTACGA,NK
B3_c1,HMN83565,NI,NK,B3_c1_CTCTACGTCTGTCTCG,NK
B3_c1,,,NK,B3_c1_CTGATCCTCGTGGTCG,NK
B3_c1,,,NK,B3_c1_CTGCCTAGTACGCACC,NK
B3_c1,HMN83568,NI,NK,B3_c1_CTGCTGTCAAGGTGTG,NK
B3_c1,HMN83567,flu,NK,B3_c1_CTTAACTAGCGTCAAG,NK
B3_c1,HMN83568,NI,NK,B3_c1_CTTAGGAAGGCATGTG,NK
B3_c1,,,NK,B3_c1_GAACATCAGGGAGTAA,NK
B3_c1,,,NK,B3_c1_GACACGCCACCTTGTC,NK
B3_c1,HMN83565,NI,NK,B3_c1_GACCTGGAGACTACAA,NK
B3_c1,,,NK,B3_c1_GACCTGGCACCTTGTC,NK
B3_c1,HMN83567,flu,NK,B3_c1_GACGGCTGTGTCTGAT,NK
B3_c1,,,NK,B3_c1_GACGTGCTCTCCCTGA,NK
B3_c1,,,NK,B3_c1_GACGTTACAGACGCAA,NK
B3_c1,HMN83568,NI,NK,B3_c1_GACTGCGAGACCACGA,NK
B3_c1,,,NK,B3_c1_GAGTCCGGTAAAGTCA,NK
B3_c1,HMN83565,NI,NK,B3_c1_GAGTCCGTCACGACTA,NK
B3_c1,,,NK,B3_c1_GATCGATTCAAGCCTA,NK
B3_c1,,,NK,B3_c1_GATGAGGCAATGGAAT,NK
B3_c1,,,NK,B3_c1_GATGCTATCCCGGATG,NK
B3_c1,,,NK,B3_c1_GCACATAGTCACTGGC,NK
B3_c1,HMN83565,NI,NK,B3_c1_GCATGATCAAATACAG,NK
B3_c1,HMN83567,flu,NK,B3_c1_GCATGCGAGCGTTTAC,NK
B3_c1,,,NK,B3_c1_GCCTCTAAGAAGATTC,NK
B3_c1,HMN83567,flu,NK,B3_c1_GCGCGATCAAGCCCAC,NK
B3_c1,,,NK,B3_c1_GCTCCTAGTTCTGAAC,NK
B3_c1,HMN83568,NI,NK,B3_c1_GCTGCAGAGTCAAGCG,NK
B3_c1,HMN83568,NI,NK,B3_c1_GCTGCAGCAAGGACAC,NK
B3_c1,HMN83565,NI,NK,B3_c1_GCTGGGTTCGCGTTTC,NK
B3_c1,,,NK,B3_c1_GGAAAGCCACGACGAA,NK
B3_c1,,,NK,B3_c1_GGACATTGTGTCGCTG,NK
B3_c1,,,NK,B3_c1_GGAGCAATCCTAGAAC,NK
B3_c1,,,NK,B3_c1_GGCAATTTCAACGAAA,NK
B3_c1,HMN83564,NI,NK,B3_c1_GGCCGATAGCAGCCTC,NK
B3_c1,HMN83568,NI,NK,B3_c1_GGCTGGTAGGCAATTA,NK
B3_c1,,,NK,B3_c1_GGGAGATCAACTGGCC,NK
B3_c1,,,NK,B3_c1_GGGCACTCAGACTCGC,NK
B3_c1,,,NK,B3_c1_GGGTTGCAGGCTAGCA,NK
B3_c1,,,NK,B3_c1_GGGTTGCCACAGACTT,NK
B3_c1,,,NK,B3_c1_GTAACTGCATCCCACT,NK
B3_c1,,,NK,B3_c1_GTAACTGCATCCCATC,NK
B3_c1,,,NK,B3_c1_GTACTTTAGTGCAAGC,NK
B3_c1,HMN83567,flu,NK,B3_c1_GTATCTTCAGCCAGAA,NK
B3_c1,,,NK,B3_c1_GTCTCGTCATCAGTAC,NK
B3_c1,,,NK,B3_c1_GTCTTCGTCCAACCAA,NK
B3_c1,,,NK,B3_c1_GTGTTAGAGCTAACTC,NK
B3_c1,HMN83568,NI,NK,B3_c1_GTTAAGCAGTTCCACA,NK
B3_c1,HMN83568,NI,NK,B3_c1_GTTACAGAGGCTCAGA,NK
B3_c1,HMN83564,NI,NK,B3_c1_TAAGTGCTCACCTTAT,NK
B3_c1,HMN83568,NI,NK,B3_c1_TACGGGCCACAAGTAA,NK
B3_c1,,,NK,B3_c1_TACTCATAGCAGACTG,NK
B3_c1,,,NK,B3_c1_TACTTGTAGAACTCGG,NK
B3_c1,,,NK,B3_c1_TACTTGTTCACTCTTA,NK
B3_c1,,,NK,B3_c1_TACTTGTTCGCGTAGC,NK
B3_c1,,,NK,B3_c1_TAGGCATTCGAACGGA,NK
B3_c1,,,NK,B3_c1_TAGTGGTCAATGGACG,NK
B3_c1,HMN83568,NI,NK,B3_c1_TAGTTGGTCCTCAACC,NK
B3_c1,,,NK,B3_c1_TATCAGGGTTTGGGCC,NK
B3_c1,HMN83567,flu,NK,B3_c1_TATCTCAAGCGTGTCC,NK
B3_c1,HMN83565,NI,NK,B3_c1_TCAACGACAGGGAGAG,NK
B3_c1,,,NK,B3_c1_TCAGATGAGTGTGGCA,NK
B3_c1,HMN83565,NI,NK,B3_c1_TCAGCTCGTAAAGGAG,NK
B3_c1,,,NK,B3_c1_TCAGGTAAGTGTCCCG,NK
B3_c1,,,NK,B3_c1_TCCACACGTTCAACCA,NK
B3_c1,,,NK,B3_c1_TCCCGATAGACAATAC,NK
B3_c1,HMN83568,NI,NK,B3_c1_TCCCGATGTCTCAACA,NK
B3_c1,HMN83565,NI,NK,B3_c1_TCGCGTTCAGCTGTGC,NK
B3_c1,HMN83568,NI,NK,B3_c1_TCGGGACAGATATGGT,NK
B3_c1,,,NK,B3_c1_TCTCATATCGGTTCGG,NK
B3_c1,HMN83568,NI,NK,B3_c1_TCTGAGAGTTGGAGGT,NK
B3_c1,,,NK,B3_c1_TCTGGAAAGTTTCCTT,NK
B3_c1,,,NK,B3_c1_TCTTTCCTCGTCACGG,NK
B3_c1,,,NK,B3_c1_TGAAAGATCTGATTCT,NK
B3_c1,,,NK,B3_c1_TGACAACCACACCGAC,NK
B3_c1,,,NK,B3_c1_TGACTTTTCGAATGGG,NK
B3_c1,,,NK,B3_c1_TGAGAGGTCAGTGCAT,NK
B3_c1,,,NK,B3_c1_TGCCCATAGGGAACGG,NK
B3_c1,HMN83565,NI,NK,B3_c1_TGCCCATCAATTGCTG,NK
B3_c1,,,NK,B3_c1_TGCCCATTCAGAGGTG,NK
B3_c1,,,NK,B3_c1_TGCGCAGGTGAGTATA,NK
B3_c1,,,NK,B3_c1_TGCGCAGTCCCAAGAT,NK
B3_c1,,,NK,B3_c1_TGCGTGGAGTCCGGTC,NK
B3_c1,HMN83565,NI,NK,B3_c1_TGCGTGGTCTAGCACA,NK
B3_c1,HMN83567,flu,NK,B3_c1_TGGCTGGTCATCGCTC,NK
B3_c1,,,NK,B3_c1_TGGTTCCCAGTGAGTG,NK
B3_c1,,,NK,B3_c1_TGTGGTATCTTGTATC,NK
B3_c1,,,NK,B3_c1_TGTGTTTCACAGGAGT,NK
B3_c1,,,NK,B3_c1_TTAACTCCACTATCTT,NK
B3_c1,HMN83564,NI,NK,B3_c1_TTAGGACCATGTAGTC,NK
B3_c1,HMN83565,NI,NK,B3_c1_TTAGTTCAGTATCGAA,NK
B3_c1,HMN83565,NI,NK,B3_c1_TTCCCAGAGTATCGAA,NK
B3_c1,,,NK,B3_c1_TTCTCAACAATAAGCA,NK
B3_c1,,,NK,B3_c1_TTCTCCTGTATTACCG,NK
B3_c1,,,NK,B3_c1_TTCTTAGCATTCCTGC,NK
B3_c1,,,NK,B3_c1_TTGACTTTCTCGAGTA,NK
B3_c1,,,NK,B3_c1_TTTATGCTCCTCAACC,NK
B3_c1,,,NK,B3_c1_TTTGCGCAGTTAGCGG,NK
B3_c1,,,NK,B3_c1_TTTGGTTTCAGCACAT,NK
B3_c2,,,NK,B3_c2_AAAGATGAGAGGTTGC,NK
B3_c2,,,NK,B3_c2_AAATGCCAGCACCGTC,NK
B3_c2,,,NK,B3_c2_AAATGCCTCCTATTCA,NK
B3_c2,,,NK,B3_c2_AAATGCCTCGGCGCAT,NK
B3_c2,,,NK,B3_c2_AACCATGAGACTGTAA,NK
B3_c2,HMN83564,flu,NK,B3_c2_AACCGCGTCTGCTTGC,NK
B3_c2,HMN83567,NI,NK,B3_c2_AACGTTGGTCTCATCC,NK
B3_c2,HMN83568,flu,NK,B3_c2_AACGTTGGTGTGACCC,NK
B3_c2,,,NK,B3_c2_AACTCAGCAATCTGCA,NK
B3_c2,HMN83569,NI,NK,B3_c2_AACTCAGTCGATGAGG,NK
B3_c2,,,NK,B3_c2_AACTCCCAGCAAATCA,NK
B3_c2,HMN83569,NI,NK,B3_c2_AACTCCCTCGTGGACC,NK
B3_c2,,,NK,B3_c2_AAGGAGCCACGGTAGA,NK
B3_c2,,,NK,B3_c2_AAGGCAGGTTGTGGAG,NK
B3_c2,HMN83570,NI,NK,B3_c2_AAGGTTCGTGTGTGCC,NK
B3_c2,HMN83569,NI,NK,B3_c2_AAGTCTGTCCAAGCCG,NK
B3_c2,,,NK,B3_c2_AATCCAGGTTTGACTG,NK
B3_c2,HMN83569,NI,NK,B3_c2_ACACCCTAGATCGGGT,NK
B3_c2,,,NK,B3_c2_ACACCGGAGCCACTAT,NK
B3_c2,,,NK,B3_c2_ACAGCCGTCTGTGCAA,NK
B3_c2,HMN83569,NI,NK,B3_c2_ACAGCTAAGTGGAGAA,NK
B3_c2,,,NK,B3_c2_ACAGCTAGTCCGAGTC,NK
B3_c2,,,NK,B3_c2_ACAGCTATCTTTCCTC,NK
B3_c2,HMN83569,NI,NK,B3_c2_ACATGGTGTTATCACG,NK
B3_c2,HMN83569,NI,NK,B3_c2_ACCGTAACATCTCGCT,NK
B3_c2,,,NK,B3_c2_ACGAGCCCATGTAAGA,NK
B3_c2,,,NK,B3_c2_ACGAGCCGTCACTGGC,NK
B3_c2,,,NK,B3_c2_ACGAGCCTCAAGATCC,NK
B3_c2,,,NK,B3_c2_ACGAGGAAGTTCGCAT,NK
B3_c2,,,NK,B3_c2_ACGCAGCGTGTCTGAT,NK
B3_c2,,,NK,B3_c2_ACGCCAGGTCTTTCAT,NK
B3_c2,,,NK,B3_c2_ACGCCGAAGGCCGAAT,NK
B3_c2,HMN83570,NI,NK,B3_c2_ACGGCCAGTGATGCCC,NK
B3_c2,HMN83570,NI,NK,B3_c2_ACGGCCAGTTACAGAA,NK
B3_c2,,,NK,B3_c2_ACGGGCTGTCGCGAAA,NK
B3_c2,,,NK,B3_c2_ACGTCAAAGCGCTCCA,NK
B3_c2,,,NK,B3_c2_ACTGATGTCACATACG,NK
B3_c2,,,NK,B3_c2_ACTGCTCAGATCTGAA,NK
B3_c2,,,NK,B3_c2_ACTGCTCGTTGCCTCT,NK
B3_c2,HMN83567,NI,NK,B3_c2_ACTTTCACAATCTGCA,NK
B3_c2,,,NK,B3_c2_AGAATAGTCACTTCAT,NK
B3_c2,,,NK,B3_c2_AGAGCGATCATTTGGG,NK
B3_c2,HMN83568,flu,NK,B3_c2_AGAGCTTGTTGGAGGT,NK
B3_c2,HMN83569,NI,NK,B3_c2_AGAGTGGTCAGCATGT,NK
B3_c2,HMN83570,NI,NK,B3_c2_AGCCTAACAGTAAGAT,NK
B3_c2,,,NK,B3_c2_AGCGTATGTAAGTAGT,NK
B3_c2,,,NK,B3_c2_AGCGTATGTACAGACG,NK
B3_c2,,,NK,B3_c2_AGCGTATGTTTGGCGC,NK
B3_c2,HMN83569,NI,NK,B3_c2_AGGCCACTCCGCAGTG,NK
B3_c2,,,NK,B3_c2_AGGGAGTCAGCAGTTT,NK
B3_c2,,,NK,B3_c2_AGGGTGATCATCGATG,NK
B3_c2,HMN83567,NI,NK,B3_c2_AGTGAGGTCACTATTC,NK
B3_c2,,,NK,B3_c2_AGTGGGAGTACTCAAC,NK
B3_c2,HMN83564,flu,NK,B3_c2_AGTGGGATCAGCGACC,NK
B3_c2,,,NK,B3_c2_AGTTGGTAGTGTACGG,NK
B3_c2,HMN83570,NI,NK,B3_c2_AGTTGGTTCCTATGTT,NK
B3_c2,HMN83565,flu,NK,B3_c2_ATCATGGGTCCTGCTT,NK
B3_c2,,,NK,B3_c2_ATCTACTCACGGCGTT,NK
B3_c2,HMN83569,NI,NK,B3_c2_ATCTGCCCAATGTAAG,NK
B3_c2,,,NK,B3_c2_ATCTGCCGTTCAACCA,NK
B3_c2,HMN83570,NI,NK,B3_c2_ATGCGATGTCGCGTGT,NK
B3_c2,,,NK,B3_c2_ATGCGATGTCTTCGTC,NK
B3_c2,,,NK,B3_c2_ATGGGAGAGGCGACAT,NK
B3_c2,HMN83569,NI,NK,B3_c2_ATGGGAGTCCTCGCAT,NK
B3_c2,HMN83567,NI,NK,B3_c2_ATGGGAGTCGACAGCC,NK
B3_c2,,,NK,B3_c2_ATTACTCGTGCAGACA,NK
B3_c2,,,NK,B3_c2_ATTCTACCATTTGCTT,NK
B3_c2,,,NK,B3_c2_ATTTCTGAGAAACCTA,NK
B3_c2,HMN83570,NI,NK,B3_c2_ATTTCTGTCAAAGACA,NK
B3_c2,,,NK,B3_c2_CAACCAACAGACAAAT,NK
B3_c2,,,NK,B3_c2_CAACCAACAGCTGCAC,NK
B3_c2,HMN83565,flu,NK,B3_c2_CAAGTTGAGATTACCC,NK
B3_c2,,,NK,B3_c2_CAAGTTGGTAAGGGAA,NK
B3_c2,,,NK,B3_c2_CACACAAGTAGAAGGA,NK
B3_c2,,,NK,B3_c2_CACACAAGTGCATCTA,NK
B3_c2,,,NK,B3_c2_CACACTCTCACCCTCA,NK
B3_c2,,,NK,B3_c2_CACATTTCAAGGACTG,NK
B3_c2,,,NK,B3_c2_CACCTTGAGACACTAA,NK
B3_c2,,,NK,B3_c2_CACCTTGAGCATGGCA,NK
B3_c2,HMN83569,NI,NK,B3_c2_CACCTTGAGTACGATA,NK
B3_c2,,,NK,B3_c2_CACCTTGCAAGCCGCT,NK
B3_c2,,,NK,B3_c2_CAGCTAAAGGCATGGT,NK
B3_c2,,,NK,B3_c2_CAGCTGGTCCCTCTTT,NK
B3_c2,,,NK,B3_c2_CAGCTGGTCTACTCAT,NK
B3_c2,HMN83565,flu,NK,B3_c2_CAGTAACTCTTTACAC,NK
B3_c2,,,NK,B3_c2_CATCCACCAGCTCGCA,NK
B3_c2,,,NK,B3_c2_CATCCACTCATAAAGG,NK
B3_c2,,,NK,B3_c2_CATGACAAGCTGATAA,NK
B3_c2,HMN83569,NI,NK,B3_c2_CATGGCGGTTCTGGTA,NK
B3_c2,,,NK,B3_c2_CATTATCAGAGCCTAG,NK
B3_c2,,,NK,B3_c2_CATTATCGTGTCTGAT,NK
B3_c2,,,NK,B3_c2_CATTATCTCACCTTAT,NK
B3_c2,,,NK,B3_c2_CCACCTATCTGTCTCG,NK
B3_c2,,,NK,B3_c2_CCACGGATCGACAGCC,NK
B3_c2,,,NK,B3_c2_CCGGGATAGGGCACTA,NK
B3_c2,HMN83569,NI,NK,B3_c2_CCGGGATGTCCTAGCG,NK
B3_c2,,,NK,B3_c2_CCGTACTTCAACCAAC,NK
B3_c2,,,NK,B3_c2_CCTACACTCCAGGGCT,NK
B3_c2,,,NK,B3_c2_CCTACCAGTTCGTGAT,NK
B3_c2,,,NK,B3_c2_CCTCAGTAGTAACCCT,NK
B3_c2,,,NK,B3_c2_CCTTCCCCATACTCTT,NK
B3_c2,,,NK,B3_c2_CGAACATGTCGCTTCT,NK
B3_c2,,,NK,B3_c2_CGACCTTGTCGGGTCT,NK
B3_c2,,,NK,B3_c2_CGACCTTGTGACCAAG,NK
B3_c2,,,NK,B3_c2_CGACCTTGTGGACGAT,NK
B3_c2,,,NK,B3_c2_CGACTTCTCTGATACG,NK
B3_c2,,,NK,B3_c2_CGAGCACCAACGCACC,NK
B3_c2,HMN83569,NI,NK,B3_c2_CGAGCCATCGGCGGTT,NK
B3_c2,,,NK,B3_c2_CGATTGATCTCAAGTG,NK
B3_c2,HMN83570,NI,NK,B3_c2_CGCCAAGGTCACTGGC,NK
B3_c2,HMN83564,flu,NK,B3_c2_CGCGTTTCACAAGTAA,NK
B3_c2,,,NK,B3_c2_CGCGTTTGTTCGCGAC,NK
B3_c2,HMN83570,NI,NK,B3_c2_CGCTATCCATGGATGG,NK
B3_c2,,,NK,B3_c2_CGCTATCTCCTTTCTC,NK
B3_c2,HMN83570,NI,NK,B3_c2_CGGACACAGCTCAACT,NK
B3_c2,,,NK,B3_c2_CGGACGTGTAGTGAAT,NK
B3_c2,HMN83569,NI,NK,B3_c2_CGGACGTGTTATGTGC,NK
B3_c2,,,NK,B3_c2_CGGACTGCAGCCACCA,NK
B3_c2,HMN83565,flu,NK,B3_c2_CGGAGTCTCTTGGGTA,NK
B3_c2,,,NK,B3_c2_CGTAGGCAGAGACTTA,NK
B3_c2,,,NK,B3_c2_CGTAGGCAGCCCTAAT,NK
B3_c2,,,NK,B3_c2_CGTCACTGTAGCGCAA,NK
B3_c2,,,NK,B3_c2_CGTCACTTCAGTCAGT,NK
B3_c2,,,NK,B3_c2_CGTGAGCCACGGCGTT,NK
B3_c2,,,NK,B3_c2_CGTGAGCTCTCGTTTA,NK
B3_c2,,,NK,B3_c2_CGTGTAAGTTCCACGG,NK
B3_c2,HMN83569,NI,NK,B3_c2_CTACATTCAGGGTTAG,NK
B3_c2,HMN83570,NI,NK,B3_c2_CTACATTTCCTCAATT,NK
B3_c2,HMN83570,NI,NK,B3_c2_CTACCCAGTTGGACCC,NK
B3_c2,HMN83567,NI,NK,B3_c2_CTACCCATCACAATGC,NK
B3_c2,,,NK,B3_c2_CTACGTCCAGGAACGT,NK
B3_c2,HMN83570,NI,NK,B3_c2_CTACGTCGTAGGCATG,NK
B3_c2,,,NK,B3_c2_CTCACACCACGAGGTA,NK
B3_c2,HMN83565,flu,NK,B3_c2_CTCACACCAGATGAGC,NK
B3_c2,HMN83570,NI,NK,B3_c2_CTCAGAACAGGTGGAT,NK
B3_c2,,,NK,B3_c2_CTCAGAAGTACCTACA,NK
B3_c2,HMN83569,NI,NK,B3_c2_CTCAGAATCAAGCCTA,NK
B3_c2,HMN83567,NI,NK,B3_c2_CTCATTATCACATGCA,NK
B3_c2,,,NK,B3_c2_CTCGGGACACCAGGTC,NK
B3_c2,HMN83565,flu,NK,B3_c2_CTCGGGAGTTTGACAC,NK
B3_c2,HMN83569,NI,NK,B3_c2_CTCGTCAAGCTCCTCT,NK
B3_c2,,,NK,B3_c2_CTCTGGTAGAGGTTGC,NK
B3_c2,,,NK,B3_c2_CTGAAGTAGATCCCGC,NK
B3_c2,,,NK,B3_c2_CTGAAGTGTGCTTCTC,NK
B3_c2,,,NK,B3_c2_CTGATAGAGACCTTTG,NK
B3_c2,HMN83569,NI,NK,B3_c2_CTGATCCCACGCTTTC,NK
B3_c2,HMN83569,NI,NK,B3_c2_CTGATCCCAGACAAAT,NK
B3_c2,HMN83565,flu,NK,B3_c2_CTGCTGTCATACGCTA,NK
B3_c2,,,NK,B3_c2_CTGCTGTTCATGCAAC,NK
B3_c2,,,NK,B3_c2_CTGGTCTCAGACTCGC,NK
B3_c2,,,NK,B3_c2_CTGGTCTGTGTCAATC,NK
B3_c2,HMN83569,NI,NK,B3_c2_CTGGTCTGTTACGGAG,NK
B3_c2,,,NK,B3_c2_CTGTGCTGTGATGCCC,NK
B3_c2,HMN83569,NI,NK,B3_c2_CTTTGCGCAAGGGTCA,NK
B3_c2,,,NK,B3_c2_GAAACTCCATGGGAAC,NK
B3_c2,HMN83569,NI,NK,B3_c2_GAAATGAGTCAATACC,NK
B3_c2,HMN83570,NI,NK,B3_c2_GAACATCAGTGTCTCA,NK
B3_c2,,,NK,B3_c2_GAACATCGTCTCCCTA,NK
B3_c2,,,NK,B3_c2_GAACGGATCAGCATGT,NK
B3_c2,,,NK,B3_c2_GAATAAGGTGATGTGG,NK
B3_c2,HMN83570,NI,NK,B3_c2_GAATGAAAGCGTGAGT,NK
B3_c2,HMN83567,NI,NK,B3_c2_GAATGAAAGTCGTTTG,NK
B3_c2,,,NK,B3_c2_GACGTTAAGATCCTGT,NK
B3_c2,,,NK,B3_c2_GACGTTAAGCCCAGCT,NK
B3_c2,,,NK,B3_c2_GAGCAGAAGGAACTGC,NK
B3_c2,,,NK,B3_c2_GAGGTGATCGCCTGTT,NK
B3_c2,,,NK,B3_c2_GATCGTATCCCACTTG,NK
B3_c2,HMN83569,NI,NK,B3_c2_GATGAAATCGAGGTAG,NK
B3_c2,,,NK,B3_c2_GATGAGGTCAAAGTAG,NK
B3_c2,HMN83569,NI,NK,B3_c2_GCAATCAGTCTGCAAT,NK
B3_c2,,,NK,B3_c2_GCAATCATCTTCTGGC,NK
B3_c2,,,NK,B3_c2_GCACATAGTCAGAATA,NK
B3_c2,HMN83570,NI,NK,B3_c2_GCAGTTACAATACGCT,NK
B3_c2,,,NK,B3_c2_GCAGTTAGTCCCTTGT,NK
B3_c2,,,NK,B3_c2_GCATACAAGACTACAA,NK
B3_c2,HMN83569,NI,NK,B3_c2_GCATGCGAGGAATGGA,NK
B3_c2,HMN83570,NI,NK,B3_c2_GCATGCGGTAAGAGAG,NK
B3_c2,,,NK,B3_c2_GCATGTAAGGTAGCCA,NK
B3_c2,,,NK,B3_c2_GCCAAATTCGTTACGA,NK
B3_c2,HMN83569,NI,NK,B3_c2_GCCTCTATCACCGGGT,NK
B3_c2,,,NK,B3_c2_GCCTCTATCACTCTTA,NK
B3_c2,,,NK,B3_c2_GCCTCTATCCTGCAGG,NK
B3_c2,,,NK,B3_c2_GCGACCAAGACCTAGG,NK
B3_c2,,,NK,B3_c2_GCGCCAAAGCAACGGT,NK
B3_c2,HMN83569,NI,NK,B3_c2_GCTCCTAAGAAACGAG,NK
B3_c2,,,NK,B3_c2_GCTCTGTAGACTGTAA,NK
B3_c2,,,NK,B3_c2_GCTGCGAAGGCAATTA,NK
B3_c2,,,NK,B3_c2_GCTTGAAAGATGTCGG,NK
B3_c2,HMN83570,NI,NK,B3_c2_GCTTGAAGTGCATCTA,NK
B3_c2,,,NK,B3_c2_GGAAAGCTCCGTCATC,NK
B3_c2,HMN83569,NI,NK,B3_c2_GGACAGAGTATAGGGC,NK
B3_c2,,,NK,B3_c2_GGACAGATCTAACTGG,NK
B3_c2,,,NK,B3_c2_GGATGTTGTTAGGGTG,NK
B3_c2,HMN83564,flu,NK,B3_c2_GGATGTTTCCAATGGT,NK
B3_c2,,,NK,B3_c2_GGATTACGTAAGGATT,NK
B3_c2,HMN83569,NI,NK,B3_c2_GGCAATTAGCTCAACT,NK
B3_c2,HMN83565,flu,NK,B3_c2_GGCGTGTCAGCTCGAC,NK
B3_c2,HMN83570,NI,NK,B3_c2_GGCTCGAGTGGTTTCA,NK
B3_c2,,,NK,B3_c2_GGGACCTCACCTATCC,NK
B3_c2,,,NK,B3_c2_GGGACCTGTGCAGTAG,NK
B3_c2,,,NK,B3_c2_GGGAGATCATGCCCGA,NK
B3_c2,HMN83569,NI,NK,B3_c2_GGGCATCTCGCTAGCG,NK
B3_c2,,,NK,B3_c2_GGGTTGCGTTCATGGT,NK
B3_c2,HMN83570,NI,NK,B3_c2_GTAACGTTCTGACCTC,NK
B3_c2,HMN83570,NI,NK,B3_c2_GTACTCCGTACTCGCG,NK
B3_c2,HMN83570,NI,NK,B3_c2_GTAGGCCAGATCGGGT,NK
B3_c2,,,NK,B3_c2_GTAGTCACAGTCAGAG,NK
B3_c2,,,NK,B3_c2_GTCAAGTGTGTCTGAT,NK
B3_c2,,,NK,B3_c2_GTCACGGGTAGCTTGT,NK
B3_c2,HMN83569,NI,NK,B3_c2_GTCACGGTCGTTACAG,NK
B3_c2,,,NK,B3_c2_GTCCTCAAGTGAACGC,NK
B3_c2,,,NK,B3_c2_GTCGGGTTCCATGAGT,NK
B3_c2,,,NK,B3_c2_GTCGTAATCGTCTGCT,NK
B3_c2,HMN83569,NI,NK,B3_c2_GTCTCGTTCCAAACTG,NK
B3_c2,,,NK,B3_c2_GTCTCGTTCCACTCCA,NK
B3_c2,,,NK,B3_c2_GTGCAGCAGGACCACA,NK
B3_c2,HMN83570,NI,NK,B3_c2_GTGCATAAGACTTTCG,NK
B3_c2,,,NK,B3_c2_GTGCGGTCAGGTCCAC,NK
B3_c2,,,NK,B3_c2_GTGGGTCTCACTCTTA,NK
B3_c2,HMN83569,NI,NK,B3_c2_GTTAAGCCAATAGAGT,NK
B3_c2,,,NK,B3_c2_GTTAAGCTCTGAAAGA,NK
B3_c2,,,NK,B3_c2_GTTCATTCATATGCTG,NK
B3_c2,HMN83570,NI,NK,B3_c2_GTTTCTACAGTCGTGC,NK
B3_c2,,,NK,B3_c2_TAAGAGAGTTGGTGGA,NK
B3_c2,,,NK,B3_c2_TAAGAGATCATCGGAT,NK
B3_c2,HMN83570,NI,NK,B3_c2_TAAGCGTCAACACCCG,NK
B3_c2,HMN83570,NI,NK,B3_c2_TACACGACAGGCTGAA,NK
B3_c2,,,NK,B3_c2_TACAGTGCAGTGACAG,NK
B3_c2,HMN83569,NI,NK,B3_c2_TACCTTAAGTTACGGG,NK
B3_c2,,,NK,B3_c2_TACGGATAGCAGGTCA,NK
B3_c2,,,NK,B3_c2_TACTTACTCGTATCAG,NK
B3_c2,,,NK,B3_c2_TACTTGTTCTAACTGG,NK
B3_c2,,,NK,B3_c2_TAGAGCTAGATGTCGG,NK
B3_c2,,,NK,B3_c2_TATCTCATCGGACAAG,NK
B3_c2,,,NK,B3_c2_TATCTCATCTGCTTGC,NK
B3_c2,HMN83569,NI,NK,B3_c2_TATTACCAGCTCCTTC,NK
B3_c2,HMN83570,NI,NK,B3_c2_TATTACCAGTCACGCC,NK
B3_c2,,,NK,B3_c2_TATTACCCACAAGCCC,NK
B3_c2,,,NK,B3_c2_TCAATCTTCGAATCCA,NK
B3_c2,HMN83567,NI,NK,B3_c2_TCACAAGCAGGCAGTA,NK
B3_c2,HMN83569,NI,NK,B3_c2_TCACAAGTCCGTAGGC,NK
B3_c2,,,NK,B3_c2_TCACAAGTCCTGCAGG,NK
B3_c2,HMN83565,flu,NK,B3_c2_TCAGCAATCTTGCATT,NK
B3_c2,,,NK,B3_c2_TCAGCTCTCATACGGT,NK
B3_c2,HMN83569,NI,NK,B3_c2_TCCCGATAGAGTCGGT,NK
B3_c2,HMN83565,flu,NK,B3_c2_TCCCGATGTCAGAATA,NK
B3_c2,,,NK,B3_c2_TCCCGATGTTCGCGAC,NK
B3_c2,HMN83568,flu,NK,B3_c2_TCGAGGCCACACTGCG,NK
B3_c2,,,NK,B3_c2_TCTCTAAGTTCGAATC,NK
B3_c2,HMN83570,NI,NK,B3_c2_TCTCTAATCTAACTGG,NK
B3_c2,,,NK,B3_c2_TCTGAGACACTGCCAG,NK
B3_c2,HMN83565,flu,NK,B3_c2_TCTGGAAAGTCTCCTC,NK
B3_c2,HMN83569,NI,NK,B3_c2_TCTTCGGTCTGATTCT,NK
B3_c2,,,NK,B3_c2_TCTTTCCGTTGGAGGT,NK
B3_c2,,,NK,B3_c2_TGAGGGAGTCTCATCC,NK
B3_c2,,,NK,B3_c2_TGCACCTTCTCGCATC,NK
B3_c2,,,NK,B3_c2_TGCGGGTGTCTAGTGT,NK
B3_c2,HMN83569,NI,NK,B3_c2_TGCGGGTTCGTAGATC,NK
B3_c2,,,NK,B3_c2_TGCTGCTCAAGAAGAG,NK
B3_c2,HMN83570,NI,NK,B3_c2_TGCTGCTGTTCAGGCC,NK
B3_c2,HMN83569,NI,NK,B3_c2_TGGACGCTCAGAGCTT,NK
B3_c2,HMN83567,NI,NK,B3_c2_TGGCGCAGTGAAGGCT,NK
B3_c2,,,NK,B3_c2_TGGCGCATCTCACATT,NK
B3_c2,,,NK,B3_c2_TGGGAAGGTTTGGCGC,NK
B3_c2,,,NK,B3_c2_TGGTTAGGTAGCTTGT,NK
B3_c2,,,NK,B3_c2_TGGTTCCAGGACGAAA,NK
B3_c2,HMN83569,NI,NK,B3_c2_TTAGGACGTATCGCAT,NK
B3_c2,HMN83569,NI,NK,B3_c2_TTAGGCAAGGGTTTCT,NK
B3_c2,,,NK,B3_c2_TTCCCAGGTGATGCCC,NK
B3_c2,HMN83569,NI,NK,B3_c2_TTCTCCTGTACTTAGC,NK
B3_c2,,,NK,B3_c2_TTCTCCTTCACCCGAG,NK
B3_c2,,,NK,B3_c2_TTCTTAGCACCCAGTG,NK
B3_c2,,,NK,B3_c2_TTCTTAGTCAACACTG,NK
B3_c2,,,NK,B3_c2_TTGAACGAGGCTAGGT,NK
B3_c2,,,NK,B3_c2_TTGAACGGTCTTTCAT,NK
B3_c2,,,NK,B3_c2_TTGCGTCGTTCGGGCT,NK
B3_c2,HMN83569,NI,NK,B3_c2_TTGTAGGGTGCAACTT,NK
B3_c2,,,NK,B3_c2_TTTACTGGTCGGCACT,NK
B3_c2,HMN83570,NI,NK,B3_c2_TTTATGCGTGCCTGTG,NK
B3_c2,HMN83569,NI,NK,B3_c2_TTTATGCGTTCAGTAC,NK
B3_c2,HMN83568,flu,NK,B3_c2_TTTGTCATCTTCGGTC,NK
B4_c1,,,NK,B4_c1_AAACCTGGTCGCGGTT,NK
B4_c1,HMN83572,flu,NK,B4_c1_AAACGGGTCGAGCCCA,NK
B4_c1,HMN83563,NI,NK,B4_c1_AAAGTAGGTTACCGAT,NK
B4_c1,HMN83576,flu,NK,B4_c1_AACCGCGAGTGTACTC,NK
B4_c1,,,NK,B4_c1_AACGTTGGTTTCCACC,NK
B4_c1,,,NK,B4_c1_AAGCCGCTCGTTACGA,NK
B4_c1,HMN83575,NI,NK,B4_c1_AAGGAGCAGGGTTTCT,NK
B4_c1,,,NK,B4_c1_AAGGAGCGTCTACCTC,NK
B4_c1,,,NK,B4_c1_AAGGCAGGTATAGGTA,NK
B4_c1,,,NK,B4_c1_AATCGGTTCACCCTCA,NK
B4_c1,HMN83563,NI,NK,B4_c1_ACACCAAAGTAACCCT,NK
B4_c1,HMN83563,NI,NK,B4_c1_ACACCGGGTTACGGAG,NK
B4_c1,,,NK,B4_c1_ACCCACTGTCCATCCT,NK
B4_c1,,,NK,B4_c1_ACCTTTATCCGGGTGT,NK
B4_c1,HMN83563,NI,NK,B4_c1_ACGAGCCCAGCTTAAC,NK
B4_c1,,,NK,B4_c1_ACGGGTCTCAGTACGT,NK
B4_c1,,,NK,B4_c1_ACTATCTAGTGTGGCA,NK
B4_c1,,,NK,B4_c1_ACTGAACCAGCTCCGA,NK
B4_c1,HMN83572,flu,NK,B4_c1_ACTGAGTTCTCGCATC,NK
B4_c1,,,NK,B4_c1_ACTGTCCTCCTCATTA,NK
B4_c1,HMN83563,NI,NK,B4_c1_ACTTGTTTCTGTTGAG,NK
B4_c1,,,NK,B4_c1_AGAGCGACAAGTACCT,NK
B4_c1,HMN83563,NI,NK,B4_c1_AGAGCTTGTAATTGGA,NK
B4_c1,,,NK,B4_c1_AGCAGCCAGTGTACGG,NK
B4_c1,,,NK,B4_c1_AGCGTCGAGTGTGGCA,NK
B4_c1,,,NK,B4_c1_AGGCCACAGTTGCAGG,NK
B4_c1,HMN83563,NI,NK,B4_c1_AGGCCGTCAACTGCTA,NK
B4_c1,HMN83566,NI,NK,B4_c1_AGGCCGTCACCAGATT,NK
B4_c1,,,NK,B4_c1_AGGGATGAGCAATATG,NK
B4_c1,,,NK,B4_c1_AGGTCATTCAAGCCTA,NK
B4_c1,HMN83575,NI,NK,B4_c1_AGGTCATTCTTCCTTC,NK
B4_c1,,,NK,B4_c1_AGTAGTCAGGATGGTC,NK
B4_c1,HMN83563,NI,NK,B4_c1_AGTCTTTGTAGCTGCC,NK
B4_c1,,,NK,B4_c1_AGTTGGTTCAACTCTT,NK
B4_c1,,,NK,B4_c1_ATCATCTTCATCACCC,NK
B4_c1,,,NK,B4_c1_ATCTGCCGTCATTAGC,NK
B4_c1,,,NK,B4_c1_ATGGGAGAGAAACCAT,NK
B4_c1,HMN83563,NI,NK,B4_c1_ATGTGTGCACTATCTT,NK
B4_c1,HMN83563,NI,NK,B4_c1_ATTACTCAGCGTTGCC,NK
B4_c1,,,NK,B4_c1_ATTGGTGGTCGTCTTC,NK
B4_c1,,,NK,B4_c1_CAACCAAGTAAGTGTA,NK
B4_c1,,,NK,B4_c1_CAAGAAAGTCTCCACT,NK
B4_c1,,,NK,B4_c1_CAAGGCCCACCCATTC,NK
B4_c1,,,NK,B4_c1_CACAAACAGCGTGAGT,NK
B4_c1,,,NK,B4_c1_CACACAACATGTCCTC,NK
B4_c1,,,NK,B4_c1_CACAGTAAGTCGCCGT,NK
B4_c1,,,NK,B4_c1_CACCTTGAGGGCTTCC,NK
B4_c1,,,NK,B4_c1_CACTCCACATGGTTGT,NK
B4_c1,,,NK,B4_c1_CAGAATCCATACGCTA,NK
B4_c1,,,NK,B4_c1_CAGCATATCACTTATC,NK
B4_c1,,,NK,B4_c1_CAGCCGAGTCAATGTC,NK
B4_c1,HMN83563,NI,NK,B4_c1_CAGCTGGGTCGAAAGC,NK
B4_c1,,,NK,B4_c1_CAGGTGCCATGAGCGA,NK
B4_c1,HMN83575,NI,NK,B4_c1_CATCAGAAGGAATTAC,NK
B4_c1,HMN83563,NI,NK,B4_c1_CATGACAAGAAACCAT,NK
B4_c1,,,NK,B4_c1_CATGACAGTTCAGGCC,NK
B4_c1,,,NK,B4_c1_CATGACAGTTGACGTT,NK
B4_c1,HMN83566,NI,NK,B4_c1_CATGGCGAGTGAATTG,NK
B4_c1,,,NK,B4_c1_CATTATCCATGCCACG,NK
B4_c1,,,NK,B4_c1_CCACGGACAAGGTTTC,NK
B4_c1,,,NK,B4_c1_CCACTACCACGTTGGC,NK
B4_c1,,,NK,B4_c1_CCGGGATAGATGTGGC,NK
B4_c1,HMN83572,flu,NK,B4_c1_CCTACCATCGTACGGC,NK
B4_c1,,,NK,B4_c1_CCTAGCTGTTGGAGGT,NK
B4_c1,,,NK,B4_c1_CCTAGCTTCCGTTGTC,NK
B4_c1,,,NK,B4_c1_CCTATTATCCTCATTA,NK
B4_c1,HMN83566,NI,NK,B4_c1_CCTCTGAAGGACATTA,NK
B4_c1,,,NK,B4_c1_CCTCTGACACAAGTAA,NK
B4_c1,,,NK,B4_c1_CGAGCACCATCAGTAC,NK
B4_c1,HMN83571,flu,NK,B4_c1_CGCTGGATCAGGCAAG,NK
B4_c1,,,NK,B4_c1_CGCTTCACAGGGATTG,NK
B4_c1,,,NK,B4_c1_CGGCTAGAGGAATTAC,NK
B4_c1,HMN83563,NI,NK,B4_c1_CGGTTAAGTATCTGCA,NK
B4_c1,,,NK,B4_c1_CGTCAGGCAGGGATTG,NK
B4_c1,HMN83563,NI,NK,B4_c1_CTAATGGAGGATCGCA,NK
B4_c1,HMN83566,NI,NK,B4_c1_CTACACCGTGTGGTTT,NK
B4_c1,,,NK,B4_c1_CTACACCTCTAACGGT,NK
B4_c1,,,NK,B4_c1_CTACACCTCTGGTATG,NK
B4_c1,HMN83563,NI,NK,B4_c1_CTAGAGTCACGGACAA,NK
B4_c1,,,NK,B4_c1_CTAGAGTGTCGAAAGC,NK
B4_c1,,,NK,B4_c1_CTAGTGAAGTGCCAGA,NK
B4_c1,HMN83572,flu,NK,B4_c1_CTCATTATCCGAGCCA,NK
B4_c1,,,NK,B4_c1_CTCGTACGTACTCTCC,NK
B4_c1,HMN83563,NI,NK,B4_c1_CTCGTACTCGAATCCA,NK
B4_c1,,,NK,B4_c1_CTCTAATCACCAACCG,NK
B4_c1,,,NK,B4_c1_CTGAAACCATTTCAGG,NK
B4_c1,HMN83572,flu,NK,B4_c1_CTGCGGACATCGGACC,NK
B4_c1,HMN83563,NI,NK,B4_c1_CTGCGGAGTTGATTCG,NK
B4_c1,HMN83563,NI,NK,B4_c1_CTTAACTCAGGATCGA,NK
B4_c1,HMN83571,flu,NK,B4_c1_CTTAGGATCAGCATGT,NK
B4_c1,,,NK,B4_c1_GAAGCAGAGCCCAGCT,NK
B4_c1,HMN83572,flu,NK,B4_c1_GACAGAGAGATCCTGT,NK
B4_c1,HMN83576,flu,NK,B4_c1_GACAGAGCATGATCCA,NK
B4_c1,,,NK,B4_c1_GACCAATCAGCCTTGG,NK
B4_c1,HMN83566,NI,NK,B4_c1_GACGCGTCACATGGGA,NK
B4_c1,,,NK,B4_c1_GATCTAGAGAGACTAT,NK
B4_c1,,,NK,B4_c1_GCATGTAGTAGCTTGT,NK
B4_c1,HMN83572,flu,NK,B4_c1_GCCTCTAAGTACGTAA,NK
B4_c1,HMN83566,NI,NK,B4_c1_GCGACCAAGGGCATGT,NK
B4_c1,,,NK,B4_c1_GCGACCATCTTCCTTC,NK
B4_c1,HMN83566,NI,NK,B4_c1_GCGCAGTGTGTGACCC,NK
B4_c1,HMN83576,flu,NK,B4_c1_GCGCGATTCGCTAGCG,NK
B4_c1,,,NK,B4_c1_GCTGGGTTCTTGAGAC,NK
B4_c1,,,NK,B4_c1_GGACAGATCCTTTCTC,NK
B4_c1,HMN83576,flu,NK,B4_c1_GGACGTCGTAAATGTG,NK
B4_c1,HMN83563,NI,NK,B4_c1_GGAGCAAAGGACCACA,NK
B4_c1,,,NK,B4_c1_GGATGTTAGCGAGAAA,NK
B4_c1,,,NK,B4_c1_GGATGTTGTCAAAGCG,NK
B4_c1,,,NK,B4_c1_GGATTACCAATCAGAA,NK
B4_c1,,,NK,B4_c1_GGATTACGTCGCATCG,NK
B4_c1,,,NK,B4_c1_GGCGACTAGTGAAGTT,NK
B4_c1,HMN83571,flu,NK,B4_c1_GGCTCGATCTCTGCTG,NK
B4_c1,,,NK,B4_c1_GGGAATGAGATACACA,NK
B4_c1,,,NK,B4_c1_GGGAATGGTGCAACTT,NK
B4_c1,,,NK,B4_c1_GGGATGATCCGTCAAA,NK
B4_c1,HMN83563,NI,NK,B4_c1_GGGTCTGGTAATCGTC,NK
B4_c1,HMN83563,NI,NK,B4_c1_GGGTTGCTCATCGGAT,NK
B4_c1,,,NK,B4_c1_GGTATTGCAGCGTCCA,NK
B4_c1,,,NK,B4_c1_GGTGAAGGTGTTCGAT,NK
B4_c1,,,NK,B4_c1_GGTGAAGTCACTTACT,NK
B4_c1,HMN83572,flu,NK,B4_c1_GGTGTTACAGGCGATA,NK
B4_c1,HMN83563,NI,NK,B4_c1_GGTGTTATCACCACCT,NK
B4_c1,HMN83563,NI,NK,B4_c1_GTAGGCCGTCCGAAGA,NK
B4_c1,,,NK,B4_c1_GTAGTCATCACTCTTA,NK
B4_c1,,,NK,B4_c1_GTATTCTAGACCTAGG,NK
B4_c1,HMN83576,flu,NK,B4_c1_GTATTCTGTTGCGTTA,NK
B4_c1,HMN83563,NI,NK,B4_c1_GTCACAAAGTTGTAGA,NK
B4_c1,,,NK,B4_c1_GTCACAAGTTTGTGTG,NK
B4_c1,HMN83563,NI,NK,B4_c1_GTCTCGTCACAAGCCC,NK
B4_c1,,,NK,B4_c1_GTGCAGCGTCGCCATG,NK
B4_c1,HMN83563,NI,NK,B4_c1_GTGCAGCTCAACTCTT,NK
B4_c1,HMN83563,NI,NK,B4_c1_GTGCGGTGTCCAGTGC,NK
B4_c1,,,NK,B4_c1_GTGCTTCAGGTTACCT,NK
B4_c1,,,NK,B4_c1_GTGCTTCCAGGCGATA,NK
B4_c1,HMN83563,NI,NK,B4_c1_GTGCTTCCATACAGCT,NK
B4_c1,,,NK,B4_c1_GTTACAGGTATGGTTC,NK
B4_c1,,,NK,B4_c1_GTTACAGTCGAATGGG,NK
B4_c1,,,NK,B4_c1_TACACGACAGACAGGT,NK
B4_c1,,,NK,B4_c1_TACACGATCGGAATCT,NK
B4_c1,HMN83566,NI,NK,B4_c1_TACACGATCTTTAGGG,NK
B4_c1,,,NK,B4_c1_TACGGGCTCTGTGCAA,NK
B4_c1,HMN83571,flu,NK,B4_c1_TACTTACAGATGAGAG,NK
B4_c1,HMN83563,NI,NK,B4_c1_TAGACCAAGAGCTGGT,NK
B4_c1,,,NK,B4_c1_TAGACCAAGATGTGTA,NK
B4_c1,,,NK,B4_c1_TATGCCCCAGACAAAT,NK
B4_c1,HMN83576,flu,NK,B4_c1_TCAGATGAGATCGATA,NK
B4_c1,HMN83563,NI,NK,B4_c1_TCAGATGAGGTGCTAG,NK
B4_c1,,,NK,B4_c1_TCAGCAATCCAAACAC,NK
B4_c1,HMN83563,NI,NK,B4_c1_TCAGGATCATTCACTT,NK
B4_c1,,,NK,B4_c1_TCCACACTCAAACGGG,NK
B4_c1,,,NK,B4_c1_TCGAGGCAGGAATTAC,NK
B4_c1,,,NK,B4_c1_TCGAGGCAGTGTACGG,NK
B4_c1,,,NK,B4_c1_TCGAGGCTCAAGATCC,NK
B4_c1,,,NK,B4_c1_TCTCATAAGGAATGGA,NK
B4_c1,HMN83563,NI,NK,B4_c1_TCTCATAAGGCGTACA,NK
B4_c1,HMN83563,NI,NK,B4_c1_TCTCATACAAGGTGTG,NK
B4_c1,HMN83572,flu,NK,B4_c1_TCTCTAACAGCCAATT,NK
B4_c1,,,NK,B4_c1_TCTGAGAGTACCGGCT,NK
B4_c1,,,NK,B4_c1_TCTTTCCTCAAGAAGT,NK
B4_c1,,,NK,B4_c1_TGAGGGAAGCTCTCGG,NK
B4_c1,HMN83563,NI,NK,B4_c1_TGCCCTACATTTGCTT,NK
B4_c1,,,NK,B4_c1_TGCGCAGAGCTAACAA,NK
B4_c1,HMN83563,NI,NK,B4_c1_TGCGTGGGTTGGTAAA,NK
B4_c1,,,NK,B4_c1_TGCTACCGTAAGTTCC,NK
B4_c1,,,NK,B4_c1_TGGACGCAGTACACCT,NK
B4_c1,HMN83576,flu,NK,B4_c1_TGGACGCTCACAACGT,NK
B4_c1,HMN83572,flu,NK,B4_c1_TGGACGCTCCCTCTTT,NK
B4_c1,HMN83563,NI,NK,B4_c1_TGGGAAGGTAGCGCAA,NK
B4_c1,,,NK,B4_c1_TGGGCGTCAGTACACT,NK
B4_c1,HMN83563,NI,NK,B4_c1_TGGTTCCCACAGTCGC,NK
B4_c1,,,NK,B4_c1_TGTGGTAGTGTTGGGA,NK
B4_c1,HMN83566,NI,NK,B4_c1_TGTGTTTGTTCGCGAC,NK
B4_c1,,,NK,B4_c1_TGTTCCGAGAAGAAGC,NK
B4_c1,HMN83575,NI,NK,B4_c1_TTAACTCTCTTAGCCC,NK
B4_c1,HMN83572,flu,NK,B4_c1_TTAGTTCCAAAGTGCG,NK
B4_c1,,,NK,B4_c1_TTAGTTCTCCGCGCAA,NK
B4_c1,,,NK,B4_c1_TTCTACATCGGGAGTA,NK
B4_c1,,,NK,B4_c1_TTGAACGCACCGAAAG,NK
B4_c1,,,NK,B4_c1_TTGACTTAGATCACGG,NK
B4_c1,HMN83563,NI,NK,B4_c1_TTGGCAATCGTTTGCC,NK
B4_c1,,,NK,B4_c1_TTGTAGGTCCCACTTG,NK
B4_c1,,,NK,B4_c1_TTTACTGCAGGGATTG,NK
B4_c1,,,NK,B4_c1_TTTCCTCGTCGCGTGT,NK
B4_c1,HMN83572,flu,NK,B4_c1_TTTGTCATCGTAGGTT,NK
B4_c2,,,NK,B4_c2_AAACCTGAGGGCACTA,NK
B4_c2,,,NK,B4_c2_AAAGATGTCGTTTATC,NK
B4_c2,,,NK,B4_c2_AAAGTAGCAGGAATCG,NK
B4_c2,,,NK,B4_c2_AAATGCCAGATCTGAA,NK
B4_c2,,,NK,B4_c2_AAATGCCAGATGAGAG,NK
B4_c2,,,NK,B4_c2_AACCGCGCAGCTGTTA,NK
B4_c2,,,NK,B4_c2_AAGGAGCCATCATCCC,NK
B4_c2,,,NK,B4_c2_AAGGTTCTCGCTAGCG,NK
B4_c2,,,NK,B4_c2_AATCGGTCATCCCATC,NK
B4_c2,,,NK,B4_c2_AATCGGTGTTACGACT,NK
B4_c2,,,NK,B4_c2_ACACCAACAAAGCAAT,NK
B4_c2,HMN83563,flu,NK,B4_c2_ACACCAATCTTACCTA,NK
B4_c2,,,NK,B4_c2_ACACCCTAGACATAAC,NK
B4_c2,HMN83576,NI,NK,B4_c2_ACACCGGAGAAGGGTA,NK
B4_c2,,,NK,B4_c2_ACACCGGGTATTACCG,NK
B4_c2,,,NK,B4_c2_ACACTGACAGATTGCT,NK
B4_c2,,,NK,B4_c2_ACATACGGTCAACTGT,NK
B4_c2,,,NK,B4_c2_ACCAGTACAGCTCGAC,NK
B4_c2,,,NK,B4_c2_ACCAGTATCAATCTCT,NK
B4_c2,,,NK,B4_c2_ACCCACTGTTTGTTTC,NK
B4_c2,,,NK,B4_c2_ACCGTAAGTCAAGCGA,NK
B4_c2,,,NK,B4_c2_ACCTTTAAGTGACATA,NK
B4_c2,,,NK,B4_c2_ACCTTTATCCTCATTA,NK
B4_c2,,,NK,B4_c2_ACGGCCACACCAGCAC,NK
B4_c2,,,NK,B4_c2_ACGGCCACATTAGCCA,NK
B4_c2,,,NK,B4_c2_ACGGGCTCACAACGTT,NK
B4_c2,HMN83572,NI,NK,B4_c2_ACTATCTCAGCGAACA,NK
B4_c2,,,NK,B4_c2_ACTGATGGTAAGGGCT,NK
B4_c2,,,NK,B4_c2_ACTGTCCGTTGTTTGG,NK
B4_c2,,,NK,B4_c2_ACTTACTAGTACGACG,NK
B4_c2,HMN83572,NI,NK,B4_c2_AGAATAGCAAGTTAAG,NK
B4_c2,,,NK,B4_c2_AGACGTTCAAGTCTAC,NK
B4_c2,HMN83575,flu,NK,B4_c2_AGACGTTCATTTGCTT,NK
B4_c2,HMN83576,NI,NK,B4_c2_AGAGTGGTCTTCGGTC,NK
B4_c2,,,NK,B4_c2_AGATCTGAGCTAGTGG,NK
B4_c2,,,NK,B4_c2_AGATTGCTCACAGGCC,NK
B4_c2,,,NK,B4_c2_AGCAGCCGTGGTCCGT,NK
B4_c2,,,NK,B4_c2_AGCAGCCTCTGTTGAG,NK
B4_c2,,,NK,B4_c2_AGCGTATAGTACGATA,NK
B4_c2,,,NK,B4_c2_AGCGTCGGTCGTGGCT,NK
B4_c2,HMN83572,NI,NK,B4_c2_AGCTCCTTCGTGGGAA,NK
B4_c2,,,NK,B4_c2_AGCTCTCAGAGTAAGG,NK
B4_c2,,,NK,B4_c2_AGCTTGACATCACCCT,NK
B4_c2,,,NK,B4_c2_AGGGATGTCTCGCTTG,NK
B4_c2,,,NK,B4_c2_AGGGTGAAGATACACA,NK
B4_c2,,,NK,B4_c2_AGGGTGAAGCTGTCTA,NK
B4_c2,,,NK,B4_c2_AGTAGTCCATGGTAGG,NK
B4_c2,,,NK,B4_c2_ATCACGATCTAACTTC,NK
B4_c2,,,NK,B4_c2_ATCTGCCAGTGTTGAA,NK
B4_c2,,,NK,B4_c2_ATGAGGGCATGGGAAC,NK
B4_c2,HMN83572,NI,NK,B4_c2_ATGCGATAGGCACATG,NK
B4_c2,HMN83572,NI,NK,B4_c2_ATGCGATCATCGTCGG,NK
B4_c2,,,NK,B4_c2_ATTACTCCAAACTGTC,NK
B4_c2,,,NK,B4_c2_ATTACTCCAAGGTGTG,NK
B4_c2,HMN83566,flu,NK,B4_c2_ATTGGACTCAGCTGGC,NK
B4_c2,HMN83571,NI,NK,B4_c2_CAAGATCCACCTCGGA,NK
B4_c2,,,NK,B4_c2_CACACTCTCATTTGGG,NK
B4_c2,,,NK,B4_c2_CACAGGCGTGTTCTTT,NK
B4_c2,,,NK,B4_c2_CACAGTAGTAGCCTCG,NK
B4_c2,,,NK,B4_c2_CACTCCAGTCTCGTTC,NK
B4_c2,,,NK,B4_c2_CAGCAGCAGTAGCGGT,NK
B4_c2,,,NK,B4_c2_CAGCAGCCACAACGCC,NK
B4_c2,,,NK,B4_c2_CAGCGACCAAGCCGCT,NK
B4_c2,,,NK,B4_c2_CAGCTAAGTCTCCATC,NK
B4_c2,,,NK,B4_c2_CATCAGATCAGGTAAA,NK
B4_c2,HMN83572,NI,NK,B4_c2_CATCGGGTCAACGCTA,NK
B4_c2,HMN83576,NI,NK,B4_c2_CATGGCGGTATAAACG,NK
B4_c2,HMN83576,NI,NK,B4_c2_CATTATCTCGGAGGTA,NK
B4_c2,,,NK,B4_c2_CATTCGCCATAGTAAG,NK
B4_c2,HMN83571,NI,NK,B4_c2_CCACGGACACGGCTAC,NK
B4_c2,,,NK,B4_c2_CCACTACTCACGCATA,NK
B4_c2,HMN83571,NI,NK,B4_c2_CCAGCGATCTTAGAGC,NK
B4_c2,,,NK,B4_c2_CCGTACTAGTGACTCT,NK
B4_c2,,,NK,B4_c2_CCGTACTCACGGACAA,NK
B4_c2,,,NK,B4_c2_CCGTACTGTAGTAGTA,NK
B4_c2,HMN83571,NI,NK,B4_c2_CCGTTCAAGATGTAAC,NK
B4_c2,,,NK,B4_c2_CCTACCACATTGAGCT,NK
B4_c2,,,NK,B4_c2_CCTCAGTTCGGAATCT,NK
B4_c2,,,NK,B4_c2_CCTTCCCAGAGACGAA,NK
B4_c2,HMN83572,NI,NK,B4_c2_CCTTCCCTCTCGGACG,NK
B4_c2,,,NK,B4_c2_CGAATGTCACATAACC,NK
B4_c2,,,NK,B4_c2_CGAATGTCAGAAGCAC,NK
B4_c2,,,NK,B4_c2_CGAGCACGTCCCTACT,NK
B4_c2,,,NK,B4_c2_CGAGCCACACACTGCG,NK
B4_c2,HMN83563,flu,NK,B4_c2_CGAGCCACAGTAAGAT,NK
B4_c2,HMN83572,NI,NK,B4_c2_CGAGCCACATTACCTT,NK
B4_c2,,,NK,B4_c2_CGATGTATCAATCTCT,NK
B4_c2,,,NK,B4_c2_CGGACGTGTTCTGTTT,NK
B4_c2,,,NK,B4_c2_CGGACTGTCAAGGCTT,NK
B4_c2,HMN83575,flu,NK,B4_c2_CGGAGCTGTGACGGTA,NK
B4_c2,,,NK,B4_c2_CGGCTAGAGGGTATCG,NK
B4_c2,HMN83571,NI,NK,B4_c2_CGTCACTGTGGACGAT,NK
B4_c2,,,NK,B4_c2_CGTGTAATCTGTTTGT,NK
B4_c2,,,NK,B4_c2_CGTTAGACAGCGTCCA,NK
B4_c2,,,NK,B4_c2_CTAAGACAGTCTCGGC,NK
B4_c2,,,NK,B4_c2_CTAATGGTCCGGGTGT,NK
B4_c2,,,NK,B4_c2_CTACACCTCACCGTAA,NK
B4_c2,,,NK,B4_c2_CTAGAGTAGTTGAGTA,NK
B4_c2,,,NK,B4_c2_CTCAGAAAGCTAAACA,NK
B4_c2,,,NK,B4_c2_CTCGGGAGTGTTGGGA,NK
B4_c2,,,NK,B4_c2_CTCTAATAGGATGCGT,NK
B4_c2,,,NK,B4_c2_CTCTAATCAGCCTGTG,NK
B4_c2,,,NK,B4_c2_CTCTGGTTCCAATGGT,NK
B4_c2,,,NK,B4_c2_CTGAAACAGTGCGTGA,NK
B4_c2,HMN83572,NI,NK,B4_c2_CTGAAGTCAAACTGCT,NK
B4_c2,,,NK,B4_c2_CTGATCCCACAGACTT,NK
B4_c2,,,NK,B4_c2_CTGCCTAAGATTACCC,NK
B4_c2,,,NK,B4_c2_CTTAGGAGTTGAACTC,NK
B4_c2,,,NK,B4_c2_CTTCTCTGTCAGGACA,NK
B4_c2,,,NK,B4_c2_CTTCTCTTCCTCGCAT,NK
B4_c2,,,NK,B4_c2_CTTGGCTGTGCTAGCC,NK
B4_c2,,,NK,B4_c2_GAAATGAGTCTCCACT,NK
B4_c2,,,NK,B4_c2_GAAATGAGTGCAGACA,NK
B4_c2,,,NK,B4_c2_GAACCTACAGTAAGCG,NK
B4_c2,,,NK,B4_c2_GACAGAGTCCATGAGT,NK
B4_c2,,,NK,B4_c2_GACCAATAGCCGGTAA,NK
B4_c2,,,NK,B4_c2_GACGTGCCAAAGGAAG,NK
B4_c2,,,NK,B4_c2_GACGTGCTCTCTGAGA,NK
B4_c2,,,NK,B4_c2_GACGTTAGTCCATCCT,NK
B4_c2,,,NK,B4_c2_GACTACAAGTCGTACT,NK
B4_c2,HMN83572,NI,NK,B4_c2_GACTGCGTCCCTCTTT,NK
B4_c2,HMN83576,NI,NK,B4_c2_GACTGCGTCGATAGAA,NK
B4_c2,,,NK,B4_c2_GAGTCCGAGTGAACGC,NK
B4_c2,,,NK,B4_c2_GATGAGGGTTCGCTAA,NK
B4_c2,,,NK,B4_c2_GCAATCACACGAAACG,NK
B4_c2,,,NK,B4_c2_GCAGTTAAGTCTCAAC,NK
B4_c2,,,NK,B4_c2_GCATGCGTCGTCCGTT,NK
B4_c2,HMN83566,flu,NK,B4_c2_GCATGTACATGTTCCC,NK
B4_c2,HMN83572,NI,NK,B4_c2_GCCAAATGTCCAGTTA,NK
B4_c2,HMN83571,NI,NK,B4_c2_GCGAGAATCTGGCGTG,NK
B4_c2,HMN83572,NI,NK,B4_c2_GCGCAACAGAACAATC,NK
B4_c2,,,NK,B4_c2_GCGCAACAGTGTTTGC,NK
B4_c2,,,NK,B4_c2_GCGCCAACACCACGTG,NK
B4_c2,,,NK,B4_c2_GCTCTGTTCACCCTCA,NK
B4_c2,,,NK,B4_c2_GCTGCGAGTTATCGGT,NK
B4_c2,,,NK,B4_c2_GCTTGAAAGATGTGGC,NK
B4_c2,,,NK,B4_c2_GGAAAGCGTGTTGAGG,NK
B4_c2,HMN83575,flu,NK,B4_c2_GGAACTTCACTGTCGG,NK
B4_c2,,,NK,B4_c2_GGAATAAGTTGCGCAC,NK
B4_c2,HMN83571,NI,NK,B4_c2_GGATGTTCATAACCTG,NK
B4_c2,,,NK,B4_c2_GGCGTGTAGCTAAGAT,NK
B4_c2,,,NK,B4_c2_GGCTCGAAGTGAATTG,NK
B4_c2,,,NK,B4_c2_GGGCACTGTTATCCGA,NK
B4_c2,,,NK,B4_c2_GGGTCTGGTGTGAAAT,NK
B4_c2,,,NK,B4_c2_GGGTTGCGTCAGTGGA,NK
B4_c2,,,NK,B4_c2_GTAACGTCATAACCTG,NK
B4_c2,HMN83576,NI,NK,B4_c2_GTACGTACAGACAAAT,NK
B4_c2,,,NK,B4_c2_GTACTCCCACAGACAG,NK
B4_c2,,,NK,B4_c2_GTAGTCAGTTGAGGTG,NK
B4_c2,,,NK,B4_c2_GTATTCTCAACTTGAC,NK
B4_c2,,,NK,B4_c2_GTATTCTTCATGTCCC,NK
B4_c2,,,NK,B4_c2_GTCACAATCCCTTGCA,NK
B4_c2,HMN83576,NI,NK,B4_c2_GTCGGGTGTCCAACTA,NK
B4_c2,,,NK,B4_c2_GTGCATACATTCCTGC,NK
B4_c2,,,NK,B4_c2_GTGTGCGCACTCAGGC,NK
B4_c2,HMN83576,NI,NK,B4_c2_GTGTTAGGTATAAACG,NK
B4_c2,,,NK,B4_c2_GTTAAGCCAGTACACT,NK
B4_c2,,,NK,B4_c2_GTTCATTCACAGGAGT,NK
B4_c2,,,NK,B4_c2_TAAGAGAAGAGTAAGG,NK
B4_c2,,,NK,B4_c2_TACAGTGTCAGGATCT,NK
B4_c2,,,NK,B4_c2_TACAGTGTCTGTACGA,NK
B4_c2,HMN83572,NI,NK,B4_c2_TACGGTAAGCTAGCCC,NK
B4_c2,,,NK,B4_c2_TACTTACAGCTGCGAA,NK
B4_c2,,,NK,B4_c2_TACTTGTTCAGAGCTT,NK
B4_c2,HMN83572,NI,NK,B4_c2_TAGACCAAGTTCGATC,NK
B4_c2,,,NK,B4_c2_TATCAGGTCTTGAGGT,NK
B4_c2,,,NK,B4_c2_TATCTCATCCCACTTG,NK
B4_c2,,,NK,B4_c2_TATGCCCCACTCGACG,NK
B4_c2,,,NK,B4_c2_TATTACCCAGTAAGAT,NK
B4_c2,,,NK,B4_c2_TCAATCTGTCTACCTC,NK
B4_c2,,,NK,B4_c2_TCACAAGTCCCTCTTT,NK
B4_c2,,,NK,B4_c2_TCAGATGGTTGTGGCC,NK
B4_c2,,,NK,B4_c2_TCAGGATTCTGGGCCA,NK
B4_c2,HMN83576,NI,NK,B4_c2_TCATTACAGAGGGCTT,NK
B4_c2,,,NK,B4_c2_TCATTACCAAGCTGAG,NK
B4_c2,,,NK,B4_c2_TCGAGGCGTCAGAAGC,NK
B4_c2,,,NK,B4_c2_TCGAGGCGTCCTAGCG,NK
B4_c2,,,NK,B4_c2_TCGCGAGAGTCCATAC,NK
B4_c2,,,NK,B4_c2_TCGCGTTAGACGCTTT,NK
B4_c2,,,NK,B4_c2_TCGCGTTAGATGCCTT,NK
B4_c2,,,NK,B4_c2_TCGCGTTTCTTGCCGT,NK
B4_c2,HMN83572,NI,NK,B4_c2_TCGGTAACAAATTGCC,NK
B4_c2,,,NK,B4_c2_TCGTAGAGTGATGTGG,NK
B4_c2,,,NK,B4_c2_TCTATTGTCGCTTGTC,NK
B4_c2,HMN83575,flu,NK,B4_c2_TCTGAGAGTCAAAGAT,NK
B4_c2,,,NK,B4_c2_TCTGGAACACCACCAG,NK
B4_c2,,,NK,B4_c2_TCTTCGGTCTTGCATT,NK
B4_c2,,,NK,B4_c2_TGACAACGTTGGAGGT,NK
B4_c2,,,NK,B4_c2_TGACGGCAGAAACGAG,NK
B4_c2,,,NK,B4_c2_TGACGGCAGTAGGCCA,NK
B4_c2,,,NK,B4_c2_TGAGCCGAGACACTAA,NK
B4_c2,HMN83572,NI,NK,B4_c2_TGAGCCGTCTTCGAGA,NK
B4_c2,,,NK,B4_c2_TGCCCATGTTGTCTTT,NK
B4_c2,,,NK,B4_c2_TGCCCATTCTTCAACT,NK
B4_c2,HMN83572,NI,NK,B4_c2_TGCGTGGAGATATACG,NK
B4_c2,,,NK,B4_c2_TGCTACCCAGCTCGCA,NK
B4_c2,,,NK,B4_c2_TGCTACCGTTACCGAT,NK
B4_c2,HMN83572,NI,NK,B4_c2_TGGCCAGAGTCCGGTC,NK
B4_c2,,,NK,B4_c2_TGGCTGGAGGGATGGG,NK
B4_c2,HMN83572,NI,NK,B4_c2_TGGTTAGGTCGGCTCA,NK
B4_c2,HMN83572,NI,NK,B4_c2_TGGTTAGTCCTGTAGA,NK
B4_c2,,,NK,B4_c2_TGTCCCATCATAGCAC,NK
B4_c2,,,NK,B4_c2_TGTGGTACAGTGGGAT,NK
B4_c2,,,NK,B4_c2_TGTTCCGTCTTACCTA,NK
B4_c2,,,NK,B4_c2_TTAACTCCATCGGACC,NK
B4_c2,,,NK,B4_c2_TTAGGACCACCCAGTG,NK
B4_c2,,,NK,B4_c2_TTAGGCATCTGGCGTG,NK
B4_c2,,,NK,B4_c2_TTAGTTCCACGACGAA,NK
B4_c2,,,NK,B4_c2_TTCCCAGAGCCACTAT,NK
B4_c2,HMN83572,NI,NK,B4_c2_TTCCCAGTCTGGAGCC,NK
B4_c2,,,NK,B4_c2_TTCGAAGTCTTATCTG,NK
B4_c2,,,NK,B4_c2_TTGAACGGTCGTTGTA,NK
B4_c2,,,NK,B4_c2_TTGACTTAGTGCCATT,NK
B4_c2,,,NK,B4_c2_TTGGAACGTTCATGGT,NK
B4_c2,,,NK,B4_c2_TTGGCAAGTTCCACGG,NK
B4_c2,,,NK,B4_c2_TTGGCAATCTGGAGCC,NK
B4_c2,,,NK,B4_c2_TTTATGCCAGAAGCAC,NK
B4_c2,HMN83576,NI,NK,B4_c2_TTTGTCATCCTAGAAC,NK
B5_c1,,,NK,B5_c1_AACCGCGGTATATGAG,NK
B5_c1,HMN83574,NI,NK,B5_c1_AACGTTGCATCCGGGT,NK
B5_c1,,,NK,B5_c1_AACTCAGTCACTATTC,NK
B5_c1,,,NK,B5_c1_AAGCCGCAGTGGCACA,NK
B5_c1,,,NK,B5_c1_AAGGTTCCATTAGGCT,NK
B5_c1,,,NK,B5_c1_AAGGTTCGTCTTTCAT,NK
B5_c1,HMN83574,NI,NK,B5_c1_AATCGGTCACATTTCT,NK
B5_c1,,,NK,B5_c1_ACACCAACAGATGGCA,NK
B5_c1,HMN83574,NI,NK,B5_c1_ACACCAATCACAACGT,NK
B5_c1,,,NK,B5_c1_ACACCGGAGTACGTTC,NK
B5_c1,,,NK,B5_c1_ACACCGGCAGACAGGT,NK
B5_c1,HMN83573,flu,NK,B5_c1_ACACCGGTCCGATATG,NK
B5_c1,,,NK,B5_c1_ACAGCCGTCAAACCGT,NK
B5_c1,HMN83573,flu,NK,B5_c1_ACAGCCGTCATCATTC,NK
B5_c1,,,NK,B5_c1_ACATACGTCGTAGGAG,NK
B5_c1,HMN83574,NI,NK,B5_c1_ACATGGTGTACCGCTG,NK
B5_c1,HMN83577,NI,NK,B5_c1_ACCAGTATCGCAAGCC,NK
B5_c1,,,NK,B5_c1_ACCAGTATCGCCCTTA,NK
B5_c1,HMN83577,NI,NK,B5_c1_ACGAGGAAGAAACCTA,NK
B5_c1,,,NK,B5_c1_ACGAGGAAGATGTCGG,NK
B5_c1,,,NK,B5_c1_ACGATACGTTTAGCTG,NK
B5_c1,HMN83574,NI,NK,B5_c1_ACGATGTGTGCGGTAA,NK
B5_c1,HMN83578,NI,NK,B5_c1_ACGGCCAAGACTTGAA,NK
B5_c1,,,NK,B5_c1_ACGGGCTAGCCATCGC,NK
B5_c1,,,NK,B5_c1_ACGGGCTGTCATACTG,NK
B5_c1,,,NK,B5_c1_ACGGGTCGTCTAGAGG,NK
B5_c1,,,NK,B5_c1_ACGTCAACATGAAGTA,NK
B5_c1,HMN83574,NI,NK,B5_c1_ACTGAGTCAAGTTAAG,NK
B5_c1,,,NK,B5_c1_ACTGCTCAGGAGTTGC,NK
B5_c1,,,NK,B5_c1_ACTGTCCAGTGTTAGA,NK
B5_c1,,,NK,B5_c1_ACTTGTTTCATAAAGG,NK
B5_c1,HMN83573,flu,NK,B5_c1_AGAGCTTCATGCAACT,NK
B5_c1,HMN83577,NI,NK,B5_c1_AGATCTGGTGTTTGTG,NK
B5_c1,,,NK,B5_c1_AGATCTGGTTAAAGTG,NK
B5_c1,,,NK,B5_c1_AGATCTGTCAATCACG,NK
B5_c1,HMN83577,NI,NK,B5_c1_AGCCTAATCTAAGCCA,NK
B5_c1,,,NK,B5_c1_AGCTCCTGTGACAAAT,NK
B5_c1,,,NK,B5_c1_AGCTCTCGTAGTGAAT,NK
B5_c1,HMN83574,NI,NK,B5_c1_AGGCCACAGAGCTTCT,NK
B5_c1,,,NK,B5_c1_AGGGAGTAGTGTCTCA,NK
B5_c1,,,NK,B5_c1_AGGGAGTCAAGAGGCT,NK
B5_c1,,,NK,B5_c1_AGGGAGTGTGTAACGG,NK
B5_c1,,,NK,B5_c1_AGGTCATTCACTTCAT,NK
B5_c1,HMN83574,NI,NK,B5_c1_AGTCTTTGTCACTTCC,NK
B5_c1,HMN83574,NI,NK,B5_c1_AGTGTCAGTGTGAATA,NK
B5_c1,HMN83574,NI,NK,B5_c1_AGTTGGTTCCGGCACA,NK
B5_c1,HMN83577,NI,NK,B5_c1_ATCATCTAGCTAGTGG,NK
B5_c1,,,NK,B5_c1_ATCATCTCAGGCTCAC,NK
B5_c1,,,NK,B5_c1_ATCATGGTCCTCATTA,NK
B5_c1,,,NK,B5_c1_ATCCACCGTAGCCTCG,NK
B5_c1,,,NK,B5_c1_ATTATCCCATATACCG,NK
B5_c1,,,NK,B5_c1_CAACTAGCAGACGCCT,NK
B5_c1,,,NK,B5_c1_CACAAACCAGTAGAGC,NK
B5_c1,,,NK,B5_c1_CACACTCGTTCACGGC,NK
B5_c1,,,NK,B5_c1_CACAGGCTCTGCAGTA,NK
B5_c1,HMN83574,NI,NK,B5_c1_CACAGTAAGTATCTCG,NK
B5_c1,HMN83574,NI,NK,B5_c1_CACATAGAGGAGTAGA,NK
B5_c1,,,NK,B5_c1_CACATAGGTTCTCATT,NK
B5_c1,HMN83579,flu,NK,B5_c1_CACTCCAGTGTGTGCC,NK
B5_c1,HMN83578,NI,NK,B5_c1_CAGAATCAGCCAACAG,NK
B5_c1,,,NK,B5_c1_CAGCCGACAAGCTGAG,NK
B5_c1,,,NK,B5_c1_CAGCGACTCAATCTCT,NK
B5_c1,,,NK,B5_c1_CAGCTAAAGTCACGCC,NK
B5_c1,,,NK,B5_c1_CAGCTAACAAACCCAT,NK
B5_c1,HMN83574,NI,NK,B5_c1_CAGCTAATCTGATTCT,NK
B5_c1,,,NK,B5_c1_CAGGTGCGTTGGGACA,NK
B5_c1,HMN83578,NI,NK,B5_c1_CAGTCCTAGTGCTGCC,NK
B5_c1,,,NK,B5_c1_CATATTCAGTGTACGG,NK
B5_c1,,,NK,B5_c1_CATCGAACAAGTACCT,NK
B5_c1,HMN83574,NI,NK,B5_c1_CATGACAAGAGCCCAA,NK
B5_c1,,,NK,B5_c1_CATTATCCAGGATCGA,NK
B5_c1,,,NK,B5_c1_CATTCGCAGATGTGGC,NK
B5_c1,HMN83574,NI,NK,B5_c1_CATTCGCGTGCATCTA,NK
B5_c1,,,NK,B5_c1_CCACCTAAGTTCCACA,NK
B5_c1,,,NK,B5_c1_CCACCTAGTTACCAGT,NK
B5_c1,,,NK,B5_c1_CCACTACGTTGAACTC,NK
B5_c1,HMN83574,NI,NK,B5_c1_CCATTCGCATCCCACT,NK
B5_c1,HMN83578,NI,NK,B5_c1_CCCTCCTTCGGATGTT,NK
B5_c1,HMN83578,NI,NK,B5_c1_CCTACACCAAACTGCT,NK
B5_c1,,,NK,B5_c1_CCTACCACACCAGATT,NK
B5_c1,,,NK,B5_c1_CCTATTACATAAGACA,NK
B5_c1,,,NK,B5_c1_CCTATTACATGCAACT,NK
B5_c1,HMN83578,NI,NK,B5_c1_CCTCAGTAGAGCAATT,NK
B5_c1,,,NK,B5_c1_CCTTACGAGTACTTGC,NK
B5_c1,HMN83578,NI,NK,B5_c1_CCTTCCCGTATCGCAT,NK
B5_c1,HMN83574,NI,NK,B5_c1_CCTTTCTGTTTAGCTG,NK
B5_c1,,,NK,B5_c1_CGACTTCCAGGTGGAT,NK
B5_c1,,,NK,B5_c1_CGAGAAGGTTAAGACA,NK
B5_c1,,,NK,B5_c1_CGAGCACTCTGCCAGG,NK
B5_c1,HMN83577,NI,NK,B5_c1_CGCTATCAGTATGACA,NK
B5_c1,,,NK,B5_c1_CGCTGGACACAGCGTC,NK
B5_c1,,,NK,B5_c1_CGGACACAGATTACCC,NK
B5_c1,,,NK,B5_c1_CGGCTAGCACGGTGTC,NK
B5_c1,,,NK,B5_c1_CGGTTAATCTTGCATT,NK
B5_c1,,,NK,B5_c1_CGTAGCGGTCGGCTCA,NK
B5_c1,,,NK,B5_c1_CGTCAGGGTTCCTCCA,NK
B5_c1,HMN83577,NI,NK,B5_c1_CGTCTACCACAGATTC,NK
B5_c1,HMN83574,NI,NK,B5_c1_CGTGAGCCAAACCTAC,NK
B5_c1,,,NK,B5_c1_CGTGTCTTCTCGAGTA,NK
B5_c1,,,NK,B5_c1_CTAACTTCAGCTTAAC,NK
B5_c1,,,NK,B5_c1_CTAAGACGTTAGAACA,NK
B5_c1,,,NK,B5_c1_CTAAGACTCGGAGCAA,NK
B5_c1,HMN83574,NI,NK,B5_c1_CTAGTGAAGCCACTAT,NK
B5_c1,,,NK,B5_c1_CTCAGAATCCTGCCAT,NK
B5_c1,,,NK,B5_c1_CTCGGAGCAGATAATG,NK
B5_c1,,,NK,B5_c1_CTCGGGAGTCATATCG,NK
B5_c1,,,NK,B5_c1_CTCGTCAGTCGGCTCA,NK
B5_c1,HMN83578,NI,NK,B5_c1_CTGAAGTGTTACTGAC,NK
B5_c1,,,NK,B5_c1_CTGCGGAAGACGACGT,NK
B5_c1,,,NK,B5_c1_CTGCGGACACCGGAAA,NK
B5_c1,,,NK,B5_c1_CTGCTGTAGGATTCGG,NK
B5_c1,,,NK,B5_c1_CTGTGCTGTGCACCAC,NK
B5_c1,,,NK,B5_c1_CTTACCGCAGTGGGAT,NK
B5_c1,,,NK,B5_c1_CTTCTCTAGATGTGTA,NK
B5_c1,HMN83577,NI,NK,B5_c1_CTTGGCTAGGGTCTCC,NK
B5_c1,,,NK,B5_c1_GAAACTCAGCGCTCCA,NK
B5_c1,,,NK,B5_c1_GAAATGAGTAGCACGA,NK
B5_c1,,,NK,B5_c1_GAACGGACAAACCTAC,NK
B5_c1,HMN83577,NI,NK,B5_c1_GAAGCAGGTTGAGGTG,NK
B5_c1,HMN83578,NI,NK,B5_c1_GACACGCTCACTTACT,NK
B5_c1,,,NK,B5_c1_GACAGAGAGTTGTCGT,NK
B5_c1,,,NK,B5_c1_GACAGAGCAGCAGTTT,NK
B5_c1,HMN83574,NI,NK,B5_c1_GACAGAGGTAAACACA,NK
B5_c1,,,NK,B5_c1_GACCAATGTGCTTCTC,NK
B5_c1,,,NK,B5_c1_GACCAATTCGGACAAG,NK
B5_c1,HMN83578,NI,NK,B5_c1_GACCTGGAGGTGCAAC,NK
B5_c1,HMN83578,NI,NK,B5_c1_GACGGCTTCCCGACTT,NK
B5_c1,,,NK,B5_c1_GACGTGCGTATATGGA,NK
B5_c1,,,NK,B5_c1_GACTACACAAGGACAC,NK
B5_c1,HMN83574,NI,NK,B5_c1_GAGCAGAGTCGGCACT,NK
B5_c1,HMN83573,flu,NK,B5_c1_GATCAGTTCTGTTGAG,NK
B5_c1,HMN83574,NI,NK,B5_c1_GATCGCGAGCGTTGCC,NK
B5_c1,,,NK,B5_c1_GATCTAGTCCTTGACC,NK
B5_c1,HMN83574,NI,NK,B5_c1_GATGAGGCATCAGTAC,NK
B5_c1,HMN83574,NI,NK,B5_c1_GATGCTACAATTCCTT,NK
B5_c1,,,NK,B5_c1_GATTCAGCAGTATAAG,NK
B5_c1,,,NK,B5_c1_GATTCAGTCGACCAGC,NK
B5_c1,HMN83574,NI,NK,B5_c1_GCAATCAAGAACAATC,NK
B5_c1,,,NK,B5_c1_GCACATAAGTCCAGGA,NK
B5_c1,,,NK,B5_c1_GCAGCCAAGCACACAG,NK
B5_c1,,,NK,B5_c1_GCAGTTACATCACCCT,NK
B5_c1,,,NK,B5_c1_GCGAGAAGTCAGAAGC,NK
B5_c1,,,NK,B5_c1_GCGCCAAAGATCGGGT,NK
B5_c1,,,NK,B5_c1_GCTGCTTCAACGATCT,NK
B5_c1,,,NK,B5_c1_GGAAAGCCATGCCTAA,NK
B5_c1,,,NK,B5_c1_GGAACTTAGGTAGCCA,NK
B5_c1,HMN83577,NI,NK,B5_c1_GGACAGAGTCGCCATG,NK
B5_c1,,,NK,B5_c1_GGACATTCAGCCTGTG,NK
B5_c1,HMN83574,NI,NK,B5_c1_GGACATTGTCGACTAT,NK
B5_c1,,,NK,B5_c1_GGACGTCAGGGAACGG,NK
B5_c1,,,NK,B5_c1_GGACGTCGTCAGAAGC,NK
B5_c1,HMN83578,NI,NK,B5_c1_GGATGTTAGCTGATAA,NK
B5_c1,,,NK,B5_c1_GGATTACCAAGCTGAG,NK
B5_c1,,,NK,B5_c1_GGATTACGTGCTCTTC,NK
B5_c1,,,NK,B5_c1_GGCCGATCAGTCAGAG,NK
B5_c1,HMN83579,flu,NK,B5_c1_GGCGACTGTGACCAAG,NK
B5_c1,HMN83577,NI,NK,B5_c1_GGCGACTTCCACGACG,NK
B5_c1,,,NK,B5_c1_GGCGTGTAGTCAAGCG,NK
B5_c1,,,NK,B5_c1_GGCGTGTTCCGAAGAG,NK
B5_c1,,,NK,B5_c1_GGGATGAGTATCTGCA,NK
B5_c1,,,NK,B5_c1_GGGTCTGCAGGACCCT,NK
B5_c1,HMN83577,NI,NK,B5_c1_GGTATTGAGAAGGGTA,NK
B5_c1,HMN83578,NI,NK,B5_c1_GGTATTGAGAGTAATC,NK
B5_c1,,,NK,B5_c1_GGTATTGCACGTGAGA,NK
B5_c1,HMN83578,NI,NK,B5_c1_GGTGAAGGTGCGGTAA,NK
B5_c1,HMN83574,NI,NK,B5_c1_GGTGAAGTCCACTGGG,NK
B5_c1,,,NK,B5_c1_GGTGCGTAGAGTGAGA,NK
B5_c1,HMN83574,NI,NK,B5_c1_GGTGTTACACAGACAG,NK
B5_c1,,,NK,B5_c1_GTAACGTCATATGAGA,NK
B5_c1,,,NK,B5_c1_GTAACGTGTTCCGGCA,NK
B5_c1,,,NK,B5_c1_GTAGGCCCACCGAATT,NK
B5_c1,,,NK,B5_c1_GTCAAGTAGTCGCCGT,NK
B5_c1,HMN83573,flu,NK,B5_c1_GTCACGGAGAAGGTTT,NK
B5_c1,,,NK,B5_c1_GTGCAGCGTGGTCTCG,NK
B5_c1,HMN83573,flu,NK,B5_c1_GTGCATATCATAACCG,NK
B5_c1,,,NK,B5_c1_GTGTTAGTCATTGCCC,NK
B5_c1,,,NK,B5_c1_GTTAAGCCAGGTCGTC,NK
B5_c1,HMN83574,NI,NK,B5_c1_GTTCATTGTGGTACAG,NK
B5_c1,,,NK,B5_c1_GTTCGGGCACGAAAGC,NK
B5_c1,,,NK,B5_c1_GTTCGGGTCTTGACGA,NK
B5_c1,HMN83573,flu,NK,B5_c1_GTTTCTACACAACTGT,NK
B5_c1,,,NK,B5_c1_GTTTCTACAGACAAGC,NK
B5_c1,HMN83578,NI,NK,B5_c1_TACACGATCAGTCAGT,NK
B5_c1,HMN83574,NI,NK,B5_c1_TACAGTGTCGGAGCAA,NK
B5_c1,,,NK,B5_c1_TACCTTACACGCGAAA,NK
B5_c1,,,NK,B5_c1_TACGGTACAGCTGCAC,NK
B5_c1,,,NK,B5_c1_TACTCATAGGACGAAA,NK
B5_c1,,,NK,B5_c1_TACTCATGTGAGTATA,NK
B5_c1,,,NK,B5_c1_TACTCGCAGCTGGAAC,NK
B5_c1,,,NK,B5_c1_TACTTGTGTATTCGTG,NK
B5_c1,,,NK,B5_c1_TAGTTGGGTAGTAGTA,NK
B5_c1,HMN83574,NI,NK,B5_c1_TATCAGGTCCCAACGG,NK
B5_c1,,,NK,B5_c1_TATCTCAGTCCAGTGC,NK
B5_c1,HMN83574,NI,NK,B5_c1_TATGCCCTCTGAAAGA,NK
B5_c1,,,NK,B5_c1_TATTACCCAGCTATTG,NK
B5_c1,,,NK,B5_c1_TCAACGAGTACATCCA,NK
B5_c1,,,NK,B5_c1_TCACAAGTCAGCACAT,NK
B5_c1,,,NK,B5_c1_TCACAAGTCCACGTTC,NK
B5_c1,HMN83578,NI,NK,B5_c1_TCAGATGTCCTTGACC,NK
B5_c1,,,NK,B5_c1_TCAGCAAAGTTACGGG,NK
B5_c1,,,NK,B5_c1_TCAGGATAGGAGTACC,NK
B5_c1,,,NK,B5_c1_TCAGGATTCAACGAAA,NK
B5_c1,HMN83574,NI,NK,B5_c1_TCATTTGAGCTGTCTA,NK
B5_c1,,,NK,B5_c1_TCGGTAAAGGCTAGGT,NK
B5_c1,,,NK,B5_c1_TCTCATAGTAGGAGTC,NK
B5_c1,HMN83578,NI,NK,B5_c1_TCTCATATCACGGTTA,NK
B5_c1,,,NK,B5_c1_TCTCTAAGTGCCTTGG,NK
B5_c1,HMN83579,flu,NK,B5_c1_TCTGGAAAGTTATCGC,NK
B5_c1,HMN83578,NI,NK,B5_c1_TCTTCGGAGACCACGA,NK
B5_c1,HMN83577,NI,NK,B5_c1_TCTTCGGCAAAGTCAA,NK
B5_c1,HMN83573,flu,NK,B5_c1_TGAAAGACAAAGTCAA,NK
B5_c1,,,NK,B5_c1_TGAAAGAGTAAGTGTA,NK
B5_c1,HMN83577,NI,NK,B5_c1_TGACAACGTTAGTGGG,NK
B5_c1,,,NK,B5_c1_TGACAACTCGAGCCCA,NK
B5_c1,,,NK,B5_c1_TGACGGCCAGGCTCAC,NK
B5_c1,,,NK,B5_c1_TGACTAGCACGTTGGC,NK
B5_c1,,,NK,B5_c1_TGAGAGGCACGGCTAC,NK
B5_c1,,,NK,B5_c1_TGAGAGGTCATCGGAT,NK
B5_c1,HMN83577,NI,NK,B5_c1_TGAGCATGTCTTGATG,NK
B5_c1,HMN83578,NI,NK,B5_c1_TGAGCCGCACCAGTTA,NK
B5_c1,,,NK,B5_c1_TGAGCCGTCCACGTTC,NK
B5_c1,HMN83574,NI,NK,B5_c1_TGATTTCAGAGTACCG,NK
B5_c1,,,NK,B5_c1_TGATTTCCATGTCCTC,NK
B5_c1,HMN83574,NI,NK,B5_c1_TGATTTCGTCCGTTAA,NK
B5_c1,,,NK,B5_c1_TGCCCATAGTGATCGG,NK
B5_c1,,,NK,B5_c1_TGCGCAGCAGCTGTAT,NK
B5_c1,HMN83574,NI,NK,B5_c1_TGCGCAGTCGCTAGCG,NK
B5_c1,,,NK,B5_c1_TGCGTGGCAGTTAACC,NK
B5_c1,,,NK,B5_c1_TGCTACCTCTCTGTCG,NK
B5_c1,,,NK,B5_c1_TGCTGCTGTCGGCTCA,NK
B5_c1,HMN52532,flu,NK,B5_c1_TGGCCAGTCACAGTAC,NK
B5_c1,,,NK,B5_c1_TGGGCGTTCAAAGTAG,NK
B5_c1,HMN83573,flu,NK,B5_c1_TGGTTAGAGTGTGGCA,NK
B5_c1,HMN83577,NI,NK,B5_c1_TGTATTCTCTCGCATC,NK
B5_c1,HMN83574,NI,NK,B5_c1_TGTGGTAGTACCGTTA,NK
B5_c1,,,NK,B5_c1_TTAGGACTCAACACCA,NK
B5_c1,,,NK,B5_c1_TTAGGCATCCTATGTT,NK
B5_c1,HMN83574,NI,NK,B5_c1_TTAGTTCGTCTAACGT,NK
B5_c1,,,NK,B5_c1_TTCCCAGAGGGCTCTC,NK
B5_c1,,,NK,B5_c1_TTCCCAGCACACCGCA,NK
B5_c1,HMN83574,NI,NK,B5_c1_TTCGAAGCAGTTAACC,NK
B5_c1,,,NK,B5_c1_TTCGGTCTCTGATACG,NK
B5_c1,HMN83577,NI,NK,B5_c1_TTCTCAAAGTACGTTC,NK
B5_c1,,,NK,B5_c1_TTCTTAGTCAAGATCC,NK
B5_c1,,,NK,B5_c1_TTGCCGTCAGACGCCT,NK
B5_c1,HMN83579,flu,NK,B5_c1_TTGCGTCCAAGCGATG,NK
B5_c1,HMN83578,NI,NK,B5_c1_TTGGCAATCCTTTACA,NK
B5_c1,,,NK,B5_c1_TTGTAGGAGGCTAGCA,NK
B5_c1,,,NK,B5_c1_TTTCCTCTCGTAGGAG,NK
B5_c2,,,NK,B5_c2_AAAGTAGCATGCGCAC,NK
B5_c2,,,NK,B5_c2_AAATGCCGTACTTGAC,NK
B5_c2,HMN83577,flu,NK,B5_c2_AACCGCGCACGCCAGT,NK
B5_c2,,,NK,B5_c2_AACGTTGGTGTGGCTC,NK
B5_c2,,,NK,B5_c2_AACTCCCAGTGTACCT,NK
B5_c2,,,NK,B5_c2_AACTCTTTCGCGTAGC,NK
B5_c2,,,NK,B5_c2_AAGCCGCCAAATACAG,NK
B5_c2,,,NK,B5_c2_ACACCGGTCAGCGATT,NK
B5_c2,,,NK,B5_c2_ACACTGAGTAGGACAC,NK
B5_c2,HMN52532,NI,NK,B5_c2_ACAGCTAGTATAAACG,NK
B5_c2,,,NK,B5_c2_ACATACGTCGTTTAGG,NK
B5_c2,,,NK,B5_c2_ACATCAGCAGACAAGC,NK
B5_c2,,,NK,B5_c2_ACATCAGTCGGTCTAA,NK
B5_c2,,,NK,B5_c2_ACCCACTGTAGGCTGA,NK
B5_c2,HMN52532,NI,NK,B5_c2_ACCGTAAGTAAGTGTA,NK
B5_c2,,,NK,B5_c2_ACCGTAATCGTTACGA,NK
B5_c2,,,NK,B5_c2_ACCTTTAGTGTTTGGT,NK
B5_c2,HMN52532,NI,NK,B5_c2_ACGAGGAAGACAAGCC,NK
B5_c2,HMN52532,NI,NK,B5_c2_ACGCAGCAGAGTCGGT,NK
B5_c2,,,NK,B5_c2_ACGCAGCTCAAACCGT,NK
B5_c2,,,NK,B5_c2_ACGGGCTCAGATGAGC,NK
B5_c2,,,NK,B5_c2_ACGTCAACAATGGAAT,NK
B5_c2,,,NK,B5_c2_ACTATCTCAGGGAGAG,NK
B5_c2,,,NK,B5_c2_ACTGATGAGAACAATC,NK
B5_c2,,,NK,B5_c2_ACTTGTTTCAACACCA,NK
B5_c2,,,NK,B5_c2_ACTTTCACAGCTGCTG,NK
B5_c2,,,NK,B5_c2_AGACGTTCACGCGAAA,NK
B5_c2,,,NK,B5_c2_AGAGCGAGTTCCACGG,NK
B5_c2,,,NK,B5_c2_AGAGCTTAGAGTACCG,NK
B5_c2,,,NK,B5_c2_AGAGTGGAGATGAGAG,NK
B5_c2,,,NK,B5_c2_AGAGTGGGTTGACGTT,NK
B5_c2,,,NK,B5_c2_AGCATACAGAAACCAT,NK
B5_c2,HMN52532,NI,NK,B5_c2_AGGCCACGTGGTTTCA,NK
B5_c2,,,NK,B5_c2_AGGGAGTTCGTACGGC,NK
B5_c2,,,NK,B5_c2_AGGTCATAGGCATGGT,NK
B5_c2,,,NK,B5_c2_AGTAGTCCACACAGAG,NK
B5_c2,,,NK,B5_c2_AGTGGGACAGCTGGCT,NK
B5_c2,HMN83574,flu,NK,B5_c2_AGTGGGATCGCCTGAG,NK
B5_c2,HMN83578,flu,NK,B5_c2_ATGCGATGTGCTTCTC,NK
B5_c2,,,NK,B5_c2_ATGTGTGTCGAATGCT,NK
B5_c2,,,NK,B5_c2_ATTATCCGTCGAGATG,NK
B5_c2,HMN83579,NI,NK,B5_c2_ATTCTACCAGTCACTA,NK
B5_c2,,,NK,B5_c2_ATTTCTGTCTTGTTTG,NK
B5_c2,HMN52532,NI,NK,B5_c2_CAAGAAATCGGCGGTT,NK
B5_c2,,,NK,B5_c2_CAAGATCGTGCCTGGT,NK
B5_c2,HMN52532,NI,NK,B5_c2_CAAGGCCGTCAGTGGA,NK
B5_c2,,,NK,B5_c2_CACAAACAGCTCCTCT,NK
B5_c2,,,NK,B5_c2_CACAAACCATTCGACA,NK
B5_c2,,,NK,B5_c2_CACACAAAGCACCGTC,NK
B5_c2,,,NK,B5_c2_CACACAATCCTTTCTC,NK
B5_c2,,,NK,B5_c2_CACACCTTCAGGCGAA,NK
B5_c2,,,NK,B5_c2_CACAGTACATCAGTCA,NK
B5_c2,HMN52532,NI,NK,B5_c2_CACCAGGAGGTCATCT,NK
B5_c2,,,NK,B5_c2_CACCTTGGTTAGGGTG,NK
B5_c2,,,NK,B5_c2_CACTCCAAGCTACCTA,NK
B5_c2,,,NK,B5_c2_CAGAGAGTCTTTAGGG,NK
B5_c2,,,NK,B5_c2_CAGCATAAGACTAAGT,NK
B5_c2,HMN52532,NI,NK,B5_c2_CAGTAACAGTCAATAG,NK
B5_c2,,,NK,B5_c2_CATATTCCACATTAGC,NK
B5_c2,,,NK,B5_c2_CATCGAACAATCGAAA,NK
B5_c2,,,NK,B5_c2_CATCGGGAGATGTTAG,NK
B5_c2,,,NK,B5_c2_CATGCCTCAAAGCGGT,NK
B5_c2,,,NK,B5_c2_CCACCTAAGATTACCC,NK
B5_c2,,,NK,B5_c2_CCCATACTCACTATTC,NK
B5_c2,,,NK,B5_c2_CCCATACTCCTGCAGG,NK
B5_c2,,,NK,B5_c2_CCCTCCTCATCCTTGC,NK
B5_c2,,,NK,B5_c2_CCGTACTAGATCACGG,NK
B5_c2,HMN52532,NI,NK,B5_c2_CCGTTCAGTACTCTCC,NK
B5_c2,,,NK,B5_c2_CCTAAAGAGCAACGGT,NK
B5_c2,,,NK,B5_c2_CCTACACTCAATACCG,NK
B5_c2,,,NK,B5_c2_CCTCAGTTCCTATGTT,NK
B5_c2,,,NK,B5_c2_CCTTCGAAGTTGAGAT,NK
B5_c2,,,NK,B5_c2_CCTTCGACATGCATGT,NK
B5_c2,,,NK,B5_c2_CGAATGTAGCTTTGGT,NK
B5_c2,,,NK,B5_c2_CGAGCACAGACCTTTG,NK
B5_c2,HMN52532,NI,NK,B5_c2_CGATGGCTCAATACCG,NK
B5_c2,,,NK,B5_c2_CGATTGAAGTATGACA,NK
B5_c2,,,NK,B5_c2_CGATTGACAATGGACG,NK
B5_c2,,,NK,B5_c2_CGCGTTTTCTCGATGA,NK
B5_c2,,,NK,B5_c2_CGCTGGACATGGTCAT,NK
B5_c2,HMN52532,NI,NK,B5_c2_CGGGTCAAGCACAGGT,NK
B5_c2,,,NK,B5_c2_CGTAGCGGTATATGAG,NK
B5_c2,,,NK,B5_c2_CGTCTACAGCGATCCC,NK
B5_c2,,,NK,B5_c2_CGTGTCTAGTAGGCCA,NK
B5_c2,,,NK,B5_c2_CTACGTCAGTTGAGTA,NK
B5_c2,,,NK,B5_c2_CTAGCCTGTTAAAGAC,NK
B5_c2,HMN52532,NI,NK,B5_c2_CTAGCCTGTTTGACTG,NK
B5_c2,,,NK,B5_c2_CTCGAGGAGAGCCTAG,NK
B5_c2,,,NK,B5_c2_CTCGTCATCGCATGAT,NK
B5_c2,,,NK,B5_c2_CTGTTTATCCAGTATG,NK
B5_c2,HMN52532,NI,NK,B5_c2_GAACCTATCATGCTCC,NK
B5_c2,HMN52532,NI,NK,B5_c2_GAACCTATCGCCATAA,NK
B5_c2,,,NK,B5_c2_GAATAAGAGCGTTGCC,NK
B5_c2,HMN83578,flu,NK,B5_c2_GACGGCTAGGTGATTA,NK
B5_c2,,,NK,B5_c2_GACGTGCGTGGTGTAG,NK
B5_c2,,,NK,B5_c2_GACTAACGTGCTGTAT,NK
B5_c2,,,NK,B5_c2_GATCGATCAAGGTGTG,NK
B5_c2,,,NK,B5_c2_GATGAAAAGATAGGAG,NK
B5_c2,,,NK,B5_c2_GATGAAATCTTCATGT,NK
B5_c2,,,NK,B5_c2_GCACATAGTTAAGACA,NK
B5_c2,,,NK,B5_c2_GCCTCTAGTCGCATCG,NK
B5_c2,,,NK,B5_c2_GCGAGAATCCGCATAA,NK
B5_c2,,,NK,B5_c2_GCTCCTAGTTGGTAAA,NK
B5_c2,,,NK,B5_c2_GCTTGAATCAAAGACA,NK
B5_c2,,,NK,B5_c2_GGAAAGCGTTGGTGGA,NK
B5_c2,,,NK,B5_c2_GGACAGACACGAAGCA,NK
B5_c2,,,NK,B5_c2_GGAGCAAGTCAGAAGC,NK
B5_c2,,,NK,B5_c2_GGATGTTAGTCGTTTG,NK
B5_c2,,,NK,B5_c2_GGATTACAGATGCGAC,NK
B5_c2,,,NK,B5_c2_GGCCGATTCACTCCTG,NK
B5_c2,HMN52532,NI,NK,B5_c2_GGCGACTAGTAGCCGA,NK
B5_c2,,,NK,B5_c2_GGCGTGTCACAGACTT,NK
B5_c2,HMN83578,flu,NK,B5_c2_GGGACCTGTCCCGACA,NK
B5_c2,,,NK,B5_c2_GGGTTGCCACAGTCGC,NK
B5_c2,HMN83574,flu,NK,B5_c2_GTAACGTTCTACTTAC,NK
B5_c2,,,NK,B5_c2_GTACTCCAGACAGGCT,NK
B5_c2,HMN52532,NI,NK,B5_c2_GTACTTTGTTCAACCA,NK
B5_c2,,,NK,B5_c2_GTATTCTAGATGTAAC,NK
B5_c2,,,NK,B5_c2_GTATTCTGTCCATCCT,NK
B5_c2,,,NK,B5_c2_GTTCTCGAGAGTCGGT,NK
B5_c2,HMN83577,flu,NK,B5_c2_GTTCTCGAGGTTACCT,NK
B5_c2,HMN83577,flu,NK,B5_c2_GTTTCTACATCCGCGA,NK
B5_c2,,,NK,B5_c2_TACAGTGCAAAGCAAT,NK
B5_c2,,,NK,B5_c2_TACAGTGTCAGCGACC,NK
B5_c2,HMN83578,flu,NK,B5_c2_TACCTATTCATCGATG,NK
B5_c2,,,NK,B5_c2_TACCTTACACCGATAT,NK
B5_c2,,,NK,B5_c2_TACGGGCAGCGATCCC,NK
B5_c2,,,NK,B5_c2_TACGGTACATCGATGT,NK
B5_c2,,,NK,B5_c2_TCAACGAGTCAGTGGA,NK
B5_c2,,,NK,B5_c2_TCATTACAGACCTAGG,NK
B5_c2,,,NK,B5_c2_TCATTACAGGAGTAGA,NK
B5_c2,,,NK,B5_c2_TCTCATACAGCTCGAC,NK
B5_c2,,,NK,B5_c2_TGACTAGAGGCAGTCA,NK
B5_c2,,,NK,B5_c2_TGACTAGTCAAAGACA,NK
B5_c2,,,NK,B5_c2_TGAGCATGTCGGCATC,NK
B5_c2,,,NK,B5_c2_TGCACCTCAACACGCC,NK
B5_c2,,,NK,B5_c2_TGCACCTTCTTGAGAC,NK
B5_c2,HMN52532,NI,NK,B5_c2_TGCGTGGTCATCTGCC,NK
B5_c2,,,NK,B5_c2_TGGACGCGTGCATCTA,NK
B5_c2,,,NK,B5_c2_TGGCCAGAGACAAGCC,NK
B5_c2,,,NK,B5_c2_TGGCGCAAGGACCACA,NK
B5_c2,,,NK,B5_c2_TGGCGCAGTCTGGAGA,NK
B5_c2,,,NK,B5_c2_TGGCTGGCAAGGCTCC,NK
B5_c2,HMN52532,NI,NK,B5_c2_TGGTTCCCAGACTCGC,NK
B5_c2,,,NK,B5_c2_TGGTTCCTCATGTCTT,NK
B5_c2,,,NK,B5_c2_TTAACTCTCTACTATC,NK
B5_c2,,,NK,B5_c2_TTAGGACCAATGTTGC,NK
B5_c2,,,NK,B5_c2_TTAGGACTCCTTGCCA,NK
B5_c2,,,NK,B5_c2_TTAGGCAGTCGACTGC,NK
B5_c2,,,NK,B5_c2_TTAGGCATCAGGTAAA,NK
B5_c2,,,NK,B5_c2_TTATGCTGTTCCCTTG,NK
B5_c2,,,NK,B5_c2_TTCGGTCTCTGCCAGG,NK
B5_c2,,,NK,B5_c2_TTCTACACAATAGCGG,NK
B5_c2,,,NK,B5_c2_TTCTACAGTAGGGACT,NK
B5_c2,,,NK,B5_c2_TTGTAGGTCTGTTTGT,NK
B5_c2,HMN52532,NI,NK,B5_c2_TTTACTGAGCCGATTT,NK
B6_c1,,,NK,B6_c1_AAAGTAGTCTAGCACA,NK
B6_c1,HMN83580,NI,NK,B6_c1_AAATGCCCAACTGCGC,NK
B6_c1,,,NK,B6_c1_AACTCAGAGGGCATGT,NK
B6_c1,HMN52533,NI,NK,B6_c1_AACTCAGAGTACGATA,NK
B6_c1,,,NK,B6_c1_AAGACCTCACCCATTC,NK
B6_c1,,,NK,B6_c1_AAGCCGCAGGTAGCCA,NK
B6_c1,,,NK,B6_c1_AAGGTTCGTCGCCATG,NK
B6_c1,HMN83580,NI,NK,B6_c1_AAGGTTCGTCGCGTGT,NK
B6_c1,HMN83580,NI,NK,B6_c1_AATCGGTAGAATAGGG,NK
B6_c1,,,NK,B6_c1_AATCGGTAGTGCTGCC,NK
B6_c1,,,NK,B6_c1_AATCGGTTCAGGTAAA,NK
B6_c1,,,NK,B6_c1_ACACCCTAGTATGACA,NK
B6_c1,,,NK,B6_c1_ACACTGACACAGACTT,NK
B6_c1,,,NK,B6_c1_ACAGCCGAGCTGAAAT,NK
B6_c1,,,NK,B6_c1_ACATGGTGTCGAGATG,NK
B6_c1,,,NK,B6_c1_ACCCACTGTCAGAATA,NK
B6_c1,HMN52533,NI,NK,B6_c1_ACCGTAAAGGCTAGCA,NK
B6_c1,,,NK,B6_c1_ACCTTTAAGCTGGAAC,NK
B6_c1,,,NK,B6_c1_ACGATGTGTTAAGAAC,NK
B6_c1,HMN83580,NI,NK,B6_c1_ACGGCCAAGACATAAC,NK
B6_c1,,,NK,B6_c1_ACGGGCTTCGTACCGG,NK
B6_c1,,,NK,B6_c1_ACGTCAATCGGATGGA,NK
B6_c1,,,NK,B6_c1_ACTTTCAAGTGTGGCA,NK
B6_c1,,,NK,B6_c1_ACTTTCACATTGGTAC,NK
B6_c1,,,NK,B6_c1_AGAATAGCATACTCTT,NK
B6_c1,HMN83580,NI,NK,B6_c1_AGAATAGTCTATGTGG,NK
B6_c1,,,NK,B6_c1_AGCGGTCAGCCACTAT,NK
B6_c1,,,NK,B6_c1_AGCTCCTTCCAGTAGT,NK
B6_c1,,,NK,B6_c1_AGGTCATAGAGGTTAT,NK
B6_c1,,,NK,B6_c1_AGGTCATCAAAGCAAT,NK
B6_c1,,,NK,B6_c1_AGTGGGAAGGGCTTGA,NK
B6_c1,HMN52533,NI,NK,B6_c1_AGTTGGTGTCATTAGC,NK
B6_c1,HMN52538,NI,NK,B6_c1_ATCATCTTCGTGACAT,NK
B6_c1,,,NK,B6_c1_ATGGGAGAGGGTCGAT,NK
B6_c1,,,NK,B6_c1_ATTACTCTCAACACCA,NK
B6_c1,,,NK,B6_c1_ATTGGACGTCATATCG,NK
B6_c1,,,NK,B6_c1_CAACCAAGTGCAACGA,NK
B6_c1,,,NK,B6_c1_CAACCTCCAGCTGGCT,NK
B6_c1,,,NK,B6_c1_CACACTCCACGAAATA,NK
B6_c1,,,NK,B6_c1_CAGCCGAGTATGGTTC,NK
B6_c1,,,NK,B6_c1_CAGCCGATCAGCGATT,NK
B6_c1,,,NK,B6_c1_CAGCGACAGAGTACCG,NK
B6_c1,,,NK,B6_c1_CAGCGACGTGCCTGTG,NK
B6_c1,,,NK,B6_c1_CAGCTAATCTCCTATA,NK
B6_c1,,,NK,B6_c1_CAGCTGGGTTGACGTT,NK
B6_c1,,,NK,B6_c1_CATCAGAAGAATGTGT,NK
B6_c1,,,NK,B6_c1_CATGGCGTCCCATTAT,NK
B6_c1,HMN83580,NI,NK,B6_c1_CCAATCCCAGCCTATA,NK
B6_c1,,,NK,B6_c1_CCACTACAGCCGCCTA,NK
B6_c1,,,NK,B6_c1_CCAGCGACAGTCAGCC,NK
B6_c1,HMN52533,NI,NK,B6_c1_CCATGTCGTCTAAAGA,NK
B6_c1,HMN52533,NI,NK,B6_c1_CCCATACAGTGTTAGA,NK
B6_c1,,,NK,B6_c1_CGAGAAGGTGCACTTA,NK
B6_c1,HMN83580,NI,NK,B6_c1_CGATCGGTCCTGCTTG,NK
B6_c1,HMN52533,NI,NK,B6_c1_CGATGGCCACGGTAGA,NK
B6_c1,HMN83580,NI,NK,B6_c1_CGATTGAAGTAGCGGT,NK
B6_c1,,,NK,B6_c1_CGCTATCAGACAAGCC,NK
B6_c1,HMN83580,NI,NK,B6_c1_CGGACACAGAGCAATT,NK
B6_c1,,,NK,B6_c1_CGGGTCATCACTCTTA,NK
B6_c1,HMN83580,NI,NK,B6_c1_CGTTAGATCGGTTAAC,NK
B6_c1,,,NK,B6_c1_CGTTGGGTCTACCAGA,NK
B6_c1,,,NK,B6_c1_CTACACCTCAATACCG,NK
B6_c1,,,NK,B6_c1_CTCGGAGTCAGAGGTG,NK
B6_c1,HMN83580,NI,NK,B6_c1_CTCGGGAAGGTGATAT,NK
B6_c1,,,NK,B6_c1_CTCTACGTCGTGGGAA,NK
B6_c1,,,NK,B6_c1_CTGATAGCAGTGACAG,NK
B6_c1,,,NK,B6_c1_CTGATAGTCTCTTATG,NK
B6_c1,,,NK,B6_c1_CTGTTTATCATACGGT,NK
B6_c1,,,NK,B6_c1_CTGTTTATCTAGAGTC,NK
B6_c1,,,NK,B6_c1_CTTACCGGTCTCACCT,NK
B6_c1,HMN52533,NI,NK,B6_c1_CTTCTCTGTTTGGGCC,NK
B6_c1,HMN83580,NI,NK,B6_c1_CTTTGCGTCTTACCTA,NK
B6_c1,,,NK,B6_c1_GAACATCCAAGGTTTC,NK
B6_c1,,,NK,B6_c1_GAACGGATCGTTTGCC,NK
B6_c1,,,NK,B6_c1_GACGTTATCGTGGGAA,NK
B6_c1,,,NK,B6_c1_GACTGCGCACTATCTT,NK
B6_c1,,,NK,B6_c1_GAGCAGACAAACAACA,NK
B6_c1,,,NK,B6_c1_GATGAAACACAGACTT,NK
B6_c1,,,NK,B6_c1_GATGCTAAGGCATGTG,NK
B6_c1,HMN83580,NI,NK,B6_c1_GCAGCCAGTCTCCCTA,NK
B6_c1,,,NK,B6_c1_GCATACACATCGGAAG,NK
B6_c1,,,NK,B6_c1_GCGACCAAGTAATCCC,NK
B6_c1,,,NK,B6_c1_GCGACCATCAGGTTCA,NK
B6_c1,,,NK,B6_c1_GCGCAGTTCTCCAGGG,NK
B6_c1,,,NK,B6_c1_GCGGGTTAGAAGGTGA,NK
B6_c1,,,NK,B6_c1_GCTGCTTAGTACGCGA,NK
B6_c1,,,NK,B6_c1_GCTGGGTGTCATACTG,NK
B6_c1,,,NK,B6_c1_GCTTCCAGTGAGCGAT,NK
B6_c1,,,NK,B6_c1_GGACAAGAGCGTGAGT,NK
B6_c1,HMN83580,NI,NK,B6_c1_GGACAGACAGGTCGTC,NK
B6_c1,HMN83580,NI,NK,B6_c1_GGAGCAATCGCAAGCC,NK
B6_c1,,,NK,B6_c1_GGATGTTCATATGCTG,NK
B6_c1,HMN83580,NI,NK,B6_c1_GGCCGATTCCCTCTTT,NK
B6_c1,,,NK,B6_c1_GGGCATCGTTGAGTTC,NK
B6_c1,,,NK,B6_c1_GGGTCTGCAGTCAGCC,NK
B6_c1,,,NK,B6_c1_GGGTTGCTCGTGGGAA,NK
B6_c1,,,NK,B6_c1_GGTATTGCAGACACTT,NK
B6_c1,,,NK,B6_c1_GTACGTATCCTACAGA,NK
B6_c1,,,NK,B6_c1_GTCAAGTCAGTATAAG,NK
B6_c1,,,NK,B6_c1_GTGCATATCCGGCACA,NK
B6_c1,,,NK,B6_c1_GTGCGGTCACCACGTG,NK
B6_c1,,,NK,B6_c1_GTGTTAGCATGTCGAT,NK
B6_c1,HMN52537,flu,NK,B6_c1_GTTAAGCTCAGCTCGG,NK
B6_c1,,,NK,B6_c1_GTTTCTAAGAATGTTG,NK
B6_c1,HMN83580,NI,NK,B6_c1_TAAGAGATCTCGAGTA,NK
B6_c1,,,NK,B6_c1_TACACGATCCTGCTTG,NK
B6_c1,HMN52533,NI,NK,B6_c1_TACGGGCTCTATCGCC,NK
B6_c1,,,NK,B6_c1_TACTCGCTCGAGAGCA,NK
B6_c1,,,NK,B6_c1_TAGTGGTAGACCTTTG,NK
B6_c1,,,NK,B6_c1_TATCAGGAGCAATCTC,NK
B6_c1,,,NK,B6_c1_TCAACGATCAAGGCTT,NK
B6_c1,HMN83580,NI,NK,B6_c1_TCAGGATGTTACGGAG,NK
B6_c1,,,NK,B6_c1_TGACGGCGTGACTACT,NK
B6_c1,,,NK,B6_c1_TGACGGCGTGCGATAG,NK
B6_c1,,,NK,B6_c1_TGATTTCTCCAATGGT,NK
B6_c1,,,NK,B6_c1_TGGGAAGTCTCATTCA,NK
B6_c1,,,NK,B6_c1_TGTCCCAAGGCACATG,NK
B6_c1,HMN52533,NI,NK,B6_c1_TGTGTTTGTATATCCG,NK
B6_c1,,,NK,B6_c1_TTAACTCCATGGTAGG,NK
B6_c1,,,NK,B6_c1_TTAGGACGTACAGTGG,NK
B6_c1,,,NK,B6_c1_TTAGGACGTCGCATCG,NK
B6_c1,,,NK,B6_c1_TTAGTTCGTAAGTAGT,NK
B6_c1,,,NK,B6_c1_TTAGTTCGTCGCTTTC,NK
B6_c1,HMN83580,NI,NK,B6_c1_TTCTCAACAGCTGCAC,NK
B6_c1,,,NK,B6_c1_TTCTCCTAGTGCAAGC,NK
B6_c1,,,NK,B6_c1_TTGGCAAAGGAGTCTG,NK
B6_c1,HMN83580,NI,NK,B6_c1_TTTCCTCAGCCTATGT,NK
B6_c2,,,NK,B6_c2_AAACCTGTCGTTTATC,NK
B6_c2,,,NK,B6_c2_AAAGCAAGTTAAAGTG,NK
B6_c2,,,NK,B6_c2_AACCATGAGGGCTCTC,NK
B6_c2,,,NK,B6_c2_AACCGCGAGACCCACC,NK
B6_c2,,,NK,B6_c2_AACTCTTTCAGGATCT,NK
B6_c2,,,NK,B6_c2_AACTGGTGTACACCGC,NK
B6_c2,,,NK,B6_c2_AACTGGTGTAGCTAAA,NK
B6_c2,,,NK,B6_c2_AAGACCTAGACGCACA,NK
B6_c2,HMN52538,flu,NK,B6_c2_AAGACCTTCCTTGACC,NK
B6_c2,,,NK,B6_c2_AAGGCAGAGAAGCCCA,NK
B6_c2,,,NK,B6_c2_AAGGTTCAGCCACGTC,NK
B6_c2,HMN52534,NI,NK,B6_c2_AATCCAGAGCGTAATA,NK
B6_c2,,,NK,B6_c2_ACAGCCGAGTTAGCGG,NK
B6_c2,,,NK,B6_c2_ACAGCCGCATTGGTAC,NK
B6_c2,HMN83580,flu,NK,B6_c2_ACCAGTAGTAGGCTGA,NK
B6_c2,,,NK,B6_c2_ACCAGTATCTTCCTTC,NK
B6_c2,,,NK,B6_c2_ACCCACTAGACCTTTG,NK
B6_c2,,,NK,B6_c2_ACCCACTTCATGTCCC,NK
B6_c2,HMN83580,flu,NK,B6_c2_ACCGTAACAGCTATTG,NK
B6_c2,,,NK,B6_c2_ACGAGCCTCCAGATCA,NK
B6_c2,,,NK,B6_c2_ACGAGGAGTACCGCTG,NK
B6_c2,,,NK,B6_c2_ACGAGGAGTTCCGTCT,NK
B6_c2,,,NK,B6_c2_ACGATACTCACAGGCC,NK
B6_c2,,,NK,B6_c2_ACGATGTAGGATTCGG,NK
B6_c2,,,NK,B6_c2_ACGCCAGCATAGAAAC,NK
B6_c2,,,NK,B6_c2_ACGGAGAGTGTGAATA,NK
B6_c2,HMN83580,flu,NK,B6_c2_ACGGGCTTCTTTCCTC,NK
B6_c2,HMN83580,flu,NK,B6_c2_ACTGAACAGATGTAAC,NK
B6_c2,,,NK,B6_c2_ACTGATGGTTAAGATG,NK
B6_c2,HMN52534,NI,NK,B6_c2_ACTGCTCGTCTTCGTC,NK
B6_c2,,,NK,B6_c2_ACTGCTCGTTCCACTC,NK
B6_c2,HMN52534,NI,NK,B6_c2_ACTGTCCTCACAAACC,NK
B6_c2,,,NK,B6_c2_ACTTGTTCAATGTAAG,NK
B6_c2,,,NK,B6_c2_AGATCTGAGCGTGAGT,NK
B6_c2,,,NK,B6_c2_AGCCTAAGTCACTGGC,NK
B6_c2,,,NK,B6_c2_AGCTCTCCAGCTCGCA,NK
B6_c2,,,NK,B6_c2_AGGCCACCACTGTTAG,NK
B6_c2,HMN52538,flu,NK,B6_c2_AGGCCACGTTACGGAG,NK
B6_c2,,,NK,B6_c2_AGGCCACTCCGCGGTA,NK
B6_c2,,,NK,B6_c2_AGGGAGTGTGACTCAT,NK
B6_c2,HMN52537,NI,NK,B6_c2_AGGGTGACAATAGCAA,NK
B6_c2,,,NK,B6_c2_AGGGTGACAGTTAACC,NK
B6_c2,,,NK,B6_c2_AGGTCATAGGGCACTA,NK
B6_c2,HMN52533,flu,NK,B6_c2_AGGTCATGTACATCCA,NK
B6_c2,,,NK,B6_c2_AGGTCATTCCATTCTA,NK
B6_c2,,,NK,B6_c2_AGGTCCGCAGTTAACC,NK
B6_c2,HMN52537,NI,NK,B6_c2_AGTAGTCCATCGATTG,NK
B6_c2,,,NK,B6_c2_AGTGGGACAATGAAAC,NK
B6_c2,,,NK,B6_c2_ATAACGCCATGCAATC,NK
B6_c2,,,NK,B6_c2_ATAGACCTCGATGAGG,NK
B6_c2,HMN83580,flu,NK,B6_c2_ATCACGACAAACTGTC,NK
B6_c2,,,NK,B6_c2_ATCATCTCACAAGCCC,NK
B6_c2,,,NK,B6_c2_ATCATCTTCATTCACT,NK
B6_c2,HMN52534,NI,NK,B6_c2_ATCCACCGTGTGCCTG,NK
B6_c2,HMN52534,NI,NK,B6_c2_ATCGAGTCACTGCCAG,NK
B6_c2,,,NK,B6_c2_ATCTGCCAGCCACTAT,NK
B6_c2,HMN83580,flu,NK,B6_c2_ATCTGCCGTGTGCGTC,NK
B6_c2,HMN83580,flu,NK,B6_c2_ATGCGATCACCTTGTC,NK
B6_c2,HMN52534,NI,NK,B6_c2_ATTCTACAGACTGGGT,NK
B6_c2,HMN83580,flu,NK,B6_c2_ATTCTACCAGGACGTA,NK
B6_c2,,,NK,B6_c2_CAACTAGTCTCCCTGA,NK
B6_c2,,,NK,B6_c2_CAAGATCAGATGTAAC,NK
B6_c2,HMN52537,NI,NK,B6_c2_CACAAACCAGATCCAT,NK
B6_c2,,,NK,B6_c2_CACAAACCAGCCTATA,NK
B6_c2,,,NK,B6_c2_CACATTTAGGACTGGT,NK
B6_c2,HMN83580,flu,NK,B6_c2_CACCACTAGCTAGTGG,NK
B6_c2,HMN83580,flu,NK,B6_c2_CACCACTGTATAGGGC,NK
B6_c2,,,NK,B6_c2_CACCTTGCAATACGCT,NK
B6_c2,HMN52534,NI,NK,B6_c2_CACCTTGTCCCTTGTG,NK
B6_c2,,,NK,B6_c2_CACTCCAAGAAGCCCA,NK
B6_c2,HMN52537,NI,NK,B6_c2_CAGCTAATCCGCAAGC,NK
B6_c2,,,NK,B6_c2_CAGCTGGTCGCTAGCG,NK
B6_c2,HMN52536,NI,NK,B6_c2_CAGTCCTAGTGTACGG,NK
B6_c2,HMN52534,NI,NK,B6_c2_CATATGGGTCACTTCC,NK
B6_c2,,,NK,B6_c2_CATATTCAGGACAGCT,NK
B6_c2,HMN83580,flu,NK,B6_c2_CATATTCTCTAACTGG,NK
B6_c2,,,NK,B6_c2_CATCAGACAGCTCGAC,NK
B6_c2,,,NK,B6_c2_CATCGGGCAAACGCGA,NK
B6_c2,,,NK,B6_c2_CATTATCCAATGGAAT,NK
B6_c2,HMN52538,flu,NK,B6_c2_CCACCTATCCACTGGG,NK
B6_c2,,,NK,B6_c2_CCACGGAAGACGACGT,NK
B6_c2,HMN52534,NI,NK,B6_c2_CCACGGAAGCGCCTCA,NK
B6_c2,HMN52534,NI,NK,B6_c2_CCCATACCAGGAACGT,NK
B6_c2,,,NK,B6_c2_CCGGGATAGTCTCAAC,NK
B6_c2,,,NK,B6_c2_CCGTGGATCAATACCG,NK
B6_c2,HMN83580,flu,NK,B6_c2_CCGTTCACAAATCCGT,NK
B6_c2,,,NK,B6_c2_CCGTTCACAAGCTGGA,NK
B6_c2,,,NK,B6_c2_CCGTTCATCTCTTGAT,NK
B6_c2,HMN52534,NI,NK,B6_c2_CCTAAAGGTGAGTGAC,NK
B6_c2,HMN52534,NI,NK,B6_c2_CCTACACAGCCCGAAA,NK
B6_c2,,,NK,B6_c2_CCTACCAAGCGTTGCC,NK
B6_c2,,,NK,B6_c2_CCTACCACACGGACAA,NK
B6_c2,,,NK,B6_c2_CCTCAGTAGCTAAACA,NK
B6_c2,,,NK,B6_c2_CCTTCGACACGTCTCT,NK
B6_c2,,,NK,B6_c2_CCTTCGATCGGTCCGA,NK
B6_c2,,,NK,B6_c2_CGAATGTGTATAGGGC,NK
B6_c2,HMN52537,NI,NK,B6_c2_CGACCTTAGCACGCCT,NK
B6_c2,,,NK,B6_c2_CGACCTTGTTAAGAAC,NK
B6_c2,,,NK,B6_c2_CGCGTTTAGTGGTAAT,NK
B6_c2,,,NK,B6_c2_CGGAGCTGTACCGTAT,NK
B6_c2,,,NK,B6_c2_CGGAGTCTCTTGCATT,NK
B6_c2,HMN52534,NI,NK,B6_c2_CGGCTAGCACTTCTGC,NK
B6_c2,,,NK,B6_c2_CGGCTAGTCCAAACTG,NK
B6_c2,HMN83580,flu,NK,B6_c2_CGTCAGGGTAAGGGAA,NK
B6_c2,HMN52534,NI,NK,B6_c2_CGTGAGCAGCTGCGAA,NK
B6_c2,HMN52534,NI,NK,B6_c2_CGTTCTGAGCCGTCGT,NK
B6_c2,,,NK,B6_c2_CTAACTTAGTCATGCT,NK
B6_c2,,,NK,B6_c2_CTAAGACCAGAGCCAA,NK
B6_c2,,,NK,B6_c2_CTAGCCTGTCTACCTC,NK
B6_c2,HMN52538,flu,NK,B6_c2_CTAGTGAAGATCCGAG,NK
B6_c2,,,NK,B6_c2_CTAGTGACACCACCAG,NK
B6_c2,,,NK,B6_c2_CTCACACAGCAGATCG,NK
B6_c2,,,NK,B6_c2_CTCACACAGCTGAACG,NK
B6_c2,,,NK,B6_c2_CTCAGAACAAGGTTTC,NK
B6_c2,HMN52537,NI,NK,B6_c2_CTCATTACATAACCTG,NK
B6_c2,HMN52538,flu,NK,B6_c2_CTCGAGGTCCGCGCAA,NK
B6_c2,,,NK,B6_c2_CTCGGGAAGGCTCTTA,NK
B6_c2,,,NK,B6_c2_CTCTGGTGTCTCCCTA,NK
B6_c2,HMN52534,NI,NK,B6_c2_CTGAAACAGCTACCTA,NK
B6_c2,,,NK,B6_c2_CTGCCTACATCGATGT,NK
B6_c2,HMN83580,flu,NK,B6_c2_CTGCGGAAGTCCTCCT,NK
B6_c2,,,NK,B6_c2_CTGCGGATCCTCAACC,NK
B6_c2,,,NK,B6_c2_CTGTGCTTCTGGTATG,NK
B6_c2,,,NK,B6_c2_CTGTTTACACTTCTGC,NK
B6_c2,,,NK,B6_c2_CTTAACTCATGGATGG,NK
B6_c2,,,NK,B6_c2_CTTGGCTAGAGCTATA,NK
B6_c2,,,NK,B6_c2_CTTGGCTGTTAGAACA,NK
B6_c2,HMN52537,NI,NK,B6_c2_GAAACTCCAATCACAC,NK
B6_c2,,,NK,B6_c2_GAACCTAAGCGATCCC,NK
B6_c2,HMN52533,flu,NK,B6_c2_GAACCTAAGGACCACA,NK
B6_c2,,,NK,B6_c2_GAACGGACAGTACACT,NK
B6_c2,HMN52534,NI,NK,B6_c2_GAAGCAGCAGTGAGTG,NK
B6_c2,,,NK,B6_c2_GAATAAGTCCTTGCCA,NK
B6_c2,,,NK,B6_c2_GACAGAGCACGACTCG,NK
B6_c2,,,NK,B6_c2_GACAGAGCAGTAAGAT,NK
B6_c2,HMN52536,NI,NK,B6_c2_GACAGAGCATTAGCCA,NK
B6_c2,HMN83580,flu,NK,B6_c2_GACCTGGAGCTGGAAC,NK
B6_c2,,,NK,B6_c2_GACGTTACAACTTGAC,NK
B6_c2,,,NK,B6_c2_GACTACATCATGGTCA,NK
B6_c2,HMN52537,NI,NK,B6_c2_GAGGTGAGTCCTCCAT,NK
B6_c2,HMN52534,NI,NK,B6_c2_GATTCAGGTAGCTCCG,NK
B6_c2,HMN52534,NI,NK,B6_c2_GCAAACTGTATGAAAC,NK
B6_c2,,,NK,B6_c2_GCAATCACACGGTAGA,NK
B6_c2,HMN52537,NI,NK,B6_c2_GCAATCAGTATTACCG,NK
B6_c2,HMN52537,NI,NK,B6_c2_GCAATCATCAGAGGTG,NK
B6_c2,,,NK,B6_c2_GCAGTTAAGAACAACT,NK
B6_c2,HMN52534,NI,NK,B6_c2_GCATACACATGCTAGT,NK
B6_c2,,,NK,B6_c2_GCATGTATCACCCGAG,NK
B6_c2,HMN83580,flu,NK,B6_c2_GCGCCAACACGGTAGA,NK
B6_c2,HMN52534,NI,NK,B6_c2_GCGCGATAGGCTACGA,NK
B6_c2,,,NK,B6_c2_GCTGCAGCATCCCATC,NK
B6_c2,,,NK,B6_c2_GCTTGAAGTTCATGGT,NK
B6_c2,HMN83580,flu,NK,B6_c2_GGAAAGCCAAGTAGTA,NK
B6_c2,,,NK,B6_c2_GGAACTTTCGAGAGCA,NK
B6_c2,,,NK,B6_c2_GGAATAAAGCTAAACA,NK
B6_c2,,,NK,B6_c2_GGACAGAGTTTGTTTC,NK
B6_c2,HMN52537,NI,NK,B6_c2_GGAGCAATCCGTAGTA,NK
B6_c2,,,NK,B6_c2_GGATGTTCACGCCAGT,NK
B6_c2,,,NK,B6_c2_GGATTACTCCGTCAAA,NK
B6_c2,,,NK,B6_c2_GGCCGATGTTGCCTCT,NK
B6_c2,,,NK,B6_c2_GGGAATGGTACAGCAG,NK
B6_c2,,,NK,B6_c2_GGGACCTAGGTGCTAG,NK
B6_c2,,,NK,B6_c2_GTACTCCCAGTCAGCC,NK
B6_c2,,,NK,B6_c2_GTAGTCAGTTGCTCCT,NK
B6_c2,HMN52536,NI,NK,B6_c2_GTATCTTAGAGCCTAG,NK
B6_c2,,,NK,B6_c2_GTATTCTGTCGGCTCA,NK
B6_c2,,,NK,B6_c2_GTCATTTAGAGACTTA,NK
B6_c2,HMN52534,NI,NK,B6_c2_GTGCATAGTGTGAAAT,NK
B6_c2,,,NK,B6_c2_GTGGGTCAGGGATACC,NK
B6_c2,,,NK,B6_c2_GTTCATTCAAGCGATG,NK
B6_c2,HMN52534,NI,NK,B6_c2_GTTCTCGGTTATCACG,NK
B6_c2,,,NK,B6_c2_GTTTCTAAGATAGTCA,NK
B6_c2,,,NK,B6_c2_TAAACCGGTTAAAGAC,NK
B6_c2,,,NK,B6_c2_TAAGCGTAGTTAAGTG,NK
B6_c2,,,NK,B6_c2_TAAGCGTAGTTGTAGA,NK
B6_c2,,,NK,B6_c2_TAAGTGCAGATCGGGT,NK
B6_c2,,,NK,B6_c2_TAAGTGCGTCCAACTA,NK
B6_c2,,,NK,B6_c2_TACACGAAGAGTAAGG,NK
B6_c2,,,NK,B6_c2_TACCTATCAGGTTTCA,NK
B6_c2,HMN52534,NI,NK,B6_c2_TACCTTATCTCCCTGA,NK
B6_c2,,,NK,B6_c2_TAGCCGGAGGCCATAG,NK
B6_c2,HMN83580,flu,NK,B6_c2_TATGCCCGTGCAGACA,NK
B6_c2,,,NK,B6_c2_TCAGGTAGTTGACGTT,NK
B6_c2,,,NK,B6_c2_TCATTTGAGCAATCTC,NK
B6_c2,HMN52536,NI,NK,B6_c2_TCGCGAGAGCACCGCT,NK
B6_c2,HMN83580,flu,NK,B6_c2_TCGCGAGGTAAGGGAA,NK
B6_c2,,,NK,B6_c2_TCGCGAGGTGGCTCCA,NK
B6_c2,HMN52537,NI,NK,B6_c2_TCGCGTTGTCATATGC,NK
B6_c2,,,NK,B6_c2_TCGCGTTTCTGATACG,NK
B6_c2,HMN83580,flu,NK,B6_c2_TCGGTAAGTCATCGGC,NK
B6_c2,HMN52537,NI,NK,B6_c2_TCGTACCCATGCAACT,NK
B6_c2,,,NK,B6_c2_TCGTAGATCAACACTG,NK
B6_c2,,,NK,B6_c2_TCTATTGAGAAGGTTT,NK
B6_c2,,,NK,B6_c2_TCTATTGTCGCATGGC,NK
B6_c2,,,NK,B6_c2_TCTTTCCAGGGCTCTC,NK
B6_c2,,,NK,B6_c2_TCTTTCCAGTCTCGGC,NK
B6_c2,HMN83580,flu,NK,B6_c2_TGACTAGCACGGCTAC,NK
B6_c2,,,NK,B6_c2_TGACTAGTCATCGCTC,NK
B6_c2,,,NK,B6_c2_TGACTTTTCAGTTAGC,NK
B6_c2,,,NK,B6_c2_TGCCCTACACTTGGAT,NK
B6_c2,,,NK,B6_c2_TGCCCTACATGTTGAC,NK
B6_c2,HMN52534,NI,NK,B6_c2_TGCGCAGAGTGACTCT,NK
B6_c2,,,NK,B6_c2_TGCGGGTCAATCCGAT,NK
B6_c2,,,NK,B6_c2_TGGCCAGTCATAACCG,NK
B6_c2,,,NK,B6_c2_TGTGGTACATCGGAAG,NK
B6_c2,,,NK,B6_c2_TGTGGTATCTCTGAGA,NK
B6_c2,,,NK,B6_c2_TTAGGACAGTGCGATG,NK
B6_c2,,,NK,B6_c2_TTAGGACTCATTTGGG,NK
B6_c2,,,NK,B6_c2_TTCCCAGTCATAGCAC,NK
B6_c2,,,NK,B6_c2_TTCTCCTCAAGCGTAG,NK
B6_c2,,,NK,B6_c2_TTCTTAGAGATAGTCA,NK
B6_c2,HMN52534,NI,NK,B6_c2_TTCTTAGAGTCGAGTG,NK
B6_c2,,,NK,B6_c2_TTGACTTTCGCATGAT,NK
B6_c2,HMN83580,flu,NK,B6_c2_TTGCCGTTCCGTTGCT,NK
B6_c2,,,NK,B6_c2_TTGGAACGTCCGACGT,NK
B6_c2,,,NK,B6_c2_TTTACTGCATTCTCAT,NK
B6_c2,,,NK,B6_c2_TTTCCTCTCACGAAGG,NK
B6_c2,,,NK,B6_c2_TTTCCTCTCCAGAAGG,NK
B6_c2,,,NK,B6_c2_TTTGGTTTCCGCTGTT,NK
B6_c2,,,NK,B6_c2_TTTGTCATCTGGCGAC,NK
B7_c1,,,NK,B7_c1_AAATGCCTCCGCAAGC,NK
B7_c1,,,NK,B7_c1_AACCATGAGACCTTTG,NK
B7_c1,,,NK,B7_c1_AACCATGAGTGCCAGA,NK
B7_c1,,,NK,B7_c1_AACCATGTCATGTAGC,NK
B7_c1,,,NK,B7_c1_AACCGCGGTACGAAAT,NK
B7_c1,,,NK,B7_c1_AACTGGTAGACTAGGC,NK
B7_c1,,,NK,B7_c1_AACTTTCCACGCTTTC,NK
B7_c1,HMN52543,flu,NK,B7_c1_AAGCCGCAGGCTACGA,NK
B7_c1,,,NK,B7_c1_AAGGCAGAGCGCCTCA,NK
B7_c1,,,NK,B7_c1_AAGGCAGGTTTAGGAA,NK
B7_c1,,,NK,B7_c1_AAGGTTCCACCTCGTT,NK
B7_c1,HMN52552,flu,NK,B7_c1_AATCGGTAGTACGATA,NK
B7_c1,,,NK,B7_c1_AATCGGTGTTACCGAT,NK
B7_c1,,,NK,B7_c1_ACAGCCGAGGGATACC,NK
B7_c1,,,NK,B7_c1_ACAGCTACATTGCGGC,NK
B7_c1,,,NK,B7_c1_ACATACGAGACTTGAA,NK
B7_c1,,,NK,B7_c1_ACATACGAGCTGAACG,NK
B7_c1,,,NK,B7_c1_ACATGGTTCTGTCAAG,NK
B7_c1,,,NK,B7_c1_ACCCACTGTCGCGTGT,NK
B7_c1,,,NK,B7_c1_ACCTTTAGTCTTCGTC,NK
B7_c1,,,NK,B7_c1_ACGATACTCACGATGT,NK
B7_c1,,,NK,B7_c1_ACGATGTAGAGTCGGT,NK
B7_c1,,,NK,B7_c1_ACGATGTCATTTGCCC,NK
B7_c1,,,NK,B7_c1_ACGGAGAAGAGCCCAA,NK
B7_c1,,,NK,B7_c1_ACGGGCTAGCTGTTCA,NK
B7_c1,,,NK,B7_c1_ACGGGCTCACGGCGTT,NK
B7_c1,,,NK,B7_c1_ACGTCAAGTTGTACAC,NK
B7_c1,,,NK,B7_c1_ACTATCTAGATGTAAC,NK
B7_c1,,,NK,B7_c1_ACTATCTCAAGCGAGT,NK
B7_c1,,,NK,B7_c1_ACTATCTCAAGGACTG,NK
B7_c1,HMN52545,NI,NK,B7_c1_ACTGAACAGTGCTGCC,NK
B7_c1,,,NK,B7_c1_ACTTACTAGTGAACGC,NK
B7_c1,HMN52545,NI,NK,B7_c1_ACTTACTCATTTCAGG,NK
B7_c1,,,NK,B7_c1_ACTTGTTCATTTGCTT,NK
B7_c1,HMN52552,flu,NK,B7_c1_ACTTTCAAGAGTAAGG,NK
B7_c1,HMN52543,flu,NK,B7_c1_ACTTTCACAATGGTCT,NK
B7_c1,,,NK,B7_c1_ACTTTCACAGCGATCC,NK
B7_c1,HMN52535,NI,NK,B7_c1_ACTTTCAGTTCAGACT,NK
B7_c1,,,NK,B7_c1_ACTTTCATCTATCCTA,NK
B7_c1,HMN52535,NI,NK,B7_c1_AGAATAGCAGCATACT,NK
B7_c1,,,NK,B7_c1_AGCAGCCAGATCCGAG,NK
B7_c1,,,NK,B7_c1_AGCCTAACACTGTCGG,NK
B7_c1,,,NK,B7_c1_AGCGGTCAGTGAACGC,NK
B7_c1,,,NK,B7_c1_AGCGTATTCAGAGGTG,NK
B7_c1,,,NK,B7_c1_AGCGTCGAGTACGTTC,NK
B7_c1,,,NK,B7_c1_AGCTCCTGTACTCTCC,NK
B7_c1,HMN52552,flu,NK,B7_c1_AGCTTGAGTCAGAAGC,NK
B7_c1,,,NK,B7_c1_AGGGAGTGTAGTAGTA,NK
B7_c1,,,NK,B7_c1_AGGGTGAAGTCAAGGC,NK
B7_c1,,,NK,B7_c1_AGGGTGACAGATAATG,NK
B7_c1,,,NK,B7_c1_AGTCTTTAGTGGTAAT,NK
B7_c1,,,NK,B7_c1_AGTCTTTTCACTTATC,NK
B7_c1,,,NK,B7_c1_AGTCTTTTCCCTCAGT,NK
B7_c1,,,NK,B7_c1_AGTGAGGCAGGCAGTA,NK
B7_c1,,,NK,B7_c1_AGTGGGATCGGCGCTA,NK
B7_c1,,,NK,B7_c1_AGTGTCAAGATTACCC,NK
B7_c1,HMN52535,NI,NK,B7_c1_AGTTGGTAGCGTTTAC,NK
B7_c1,,,NK,B7_c1_AGTTGGTGTGCTTCTC,NK
B7_c1,,,NK,B7_c1_ATAACGCTCTGTCTAT,NK
B7_c1,,,NK,B7_c1_ATCATCTGTAATCGTC,NK
B7_c1,HMN52545,NI,NK,B7_c1_ATCTACTGTCCCTTGT,NK
B7_c1,HMN52558,flu,NK,B7_c1_ATCTGCCAGAGTAAGG,NK
B7_c1,HMN52544,NI,NK,B7_c1_ATGCGATTCATTGCCC,NK
B7_c1,HMN52544,NI,NK,B7_c1_ATGTGTGGTTGTGGCC,NK
B7_c1,,,NK,B7_c1_ATTATCCGTGTATGGG,NK
B7_c1,,,NK,B7_c1_ATTGGACAGTGCGTGA,NK
B7_c1,,,NK,B7_c1_ATTGGACGTCTTCGTC,NK
B7_c1,HMN52543,flu,NK,B7_c1_ATTGGTGGTTAAGTAG,NK
B7_c1,,,NK,B7_c1_ATTGGTGTCTGGAGCC,NK
B7_c1,HMN52545,NI,NK,B7_c1_CAACCTCTCAGTTCGA,NK
B7_c1,,,NK,B7_c1_CAACCTCTCGCCCTTA,NK
B7_c1,,,NK,B7_c1_CACAAACTCGCGTAGC,NK
B7_c1,,,NK,B7_c1_CACACAATCCACTCCA,NK
B7_c1,,,NK,B7_c1_CACACCTGTAGAGGAA,NK
B7_c1,,,NK,B7_c1_CACAGGCAGAACTCGG,NK
B7_c1,,,NK,B7_c1_CACAGGCAGATCTGAA,NK
B7_c1,,,NK,B7_c1_CACAGGCGTCCAGTTA,NK
B7_c1,HMN52545,NI,NK,B7_c1_CACAGTAGTCCTCTTG,NK
B7_c1,,,NK,B7_c1_CACATTTCATTTGCCC,NK
B7_c1,HMN52544,NI,NK,B7_c1_CACATTTGTATAGTAG,NK
B7_c1,HMN52558,flu,NK,B7_c1_CACTCCACATACTACG,NK
B7_c1,,,NK,B7_c1_CAGATCACAGCTGTTA,NK
B7_c1,HMN52543,flu,NK,B7_c1_CAGATCAGTCGGGTCT,NK
B7_c1,HMN52552,flu,NK,B7_c1_CAGCCGATCACGACTA,NK
B7_c1,HMN52545,NI,NK,B7_c1_CAGGTGCCATTCTCAT,NK
B7_c1,,,NK,B7_c1_CATATTCAGTTCGCAT,NK
B7_c1,,,NK,B7_c1_CATCAAGGTAGCGTCC,NK
B7_c1,,,NK,B7_c1_CATCCACGTGCGCTTG,NK
B7_c1,,,NK,B7_c1_CATCGGGGTGGGTCAA,NK
B7_c1,,,NK,B7_c1_CATGACAGTCCGCTGA,NK
B7_c1,HMN52545,NI,NK,B7_c1_CATGACATCTGTCTCG,NK
B7_c1,,,NK,B7_c1_CATTCGCCATTAGGCT,NK
B7_c1,HMN52544,NI,NK,B7_c1_CCACTACAGCCACTAT,NK
B7_c1,,,NK,B7_c1_CCCAGTTGTAATTGGA,NK
B7_c1,,,NK,B7_c1_CCCAGTTGTCATGCCG,NK
B7_c1,HMN52545,NI,NK,B7_c1_CCCAGTTTCCTTTACA,NK
B7_c1,HMN52545,NI,NK,B7_c1_CCCTCCTTCAGGATCT,NK
B7_c1,,,NK,B7_c1_CCGTTCAAGTCAATAG,NK
B7_c1,,,NK,B7_c1_CCGTTCAAGTGTGAAT,NK
B7_c1,,,NK,B7_c1_CCTAAAGCACGAGAGT,NK
B7_c1,,,NK,B7_c1_CCTACACTCATGGTCA,NK
B7_c1,,,NK,B7_c1_CCTATTAAGTGACATA,NK
B7_c1,,,NK,B7_c1_CCTATTATCTATCCTA,NK
B7_c1,,,NK,B7_c1_CCTCAGTGTGCAACTT,NK
B7_c1,,,NK,B7_c1_CCTTTCTGTTAAAGTG,NK
B7_c1,,,NK,B7_c1_CGAATGTGTTGCGTTA,NK
B7_c1,,,NK,B7_c1_CGAATGTTCTTGCATT,NK
B7_c1,,,NK,B7_c1_CGATTGAAGTACATGA,NK
B7_c1,,,NK,B7_c1_CGCCAAGCAAACGCGA,NK
B7_c1,,,NK,B7_c1_CGGGTCAGTTCGTGAT,NK
B7_c1,,,NK,B7_c1_CGTGTAAGTCCCTACT,NK
B7_c1,,,NK,B7_c1_CGTGTCTAGACTCGGA,NK
B7_c1,,,NK,B7_c1_CGTGTCTAGTACACCT,NK
B7_c1,,,NK,B7_c1_CTACATTGTAGCTTGT,NK
B7_c1,,,NK,B7_c1_CTCAGAATCAGAAATG,NK
B7_c1,,,NK,B7_c1_CTCGAGGTCACCAGGC,NK
B7_c1,,,NK,B7_c1_CTCGTCAGTGCACGAA,NK
B7_c1,HMN52552,flu,NK,B7_c1_CTCGTCATCCACTGGG,NK
B7_c1,,,NK,B7_c1_CTCTGGTTCATGGTCA,NK
B7_c1,,,NK,B7_c1_CTGAAGTAGCACCGTC,NK
B7_c1,,,NK,B7_c1_CTGATCCGTTACAGAA,NK
B7_c1,,,NK,B7_c1_CTGATCCTCAACCAAC,NK
B7_c1,,,NK,B7_c1_CTGCGGAAGTCAATAG,NK
B7_c1,,,NK,B7_c1_CTGCGGAGTCCGTGAC,NK
B7_c1,,,NK,B7_c1_CTGCGGAGTTCCCTTG,NK
B7_c1,,,NK,B7_c1_CTGGTCTCAAGAAGAG,NK
B7_c1,,,NK,B7_c1_GAACCTACACTTAAGC,NK
B7_c1,,,NK,B7_c1_GACGGCTGTTTAGCTG,NK
B7_c1,HMN52558,flu,NK,B7_c1_GACGTGCCATGTCTCC,NK
B7_c1,HMN52558,flu,NK,B7_c1_GACGTGCTCACCGTAA,NK
B7_c1,HMN52543,flu,NK,B7_c1_GACGTTACATTAGCCA,NK
B7_c1,,,NK,B7_c1_GACTAACTCGGTGTCG,NK
B7_c1,,,NK,B7_c1_GACTACAAGAGGGATA,NK
B7_c1,,,NK,B7_c1_GACTACATCTACTATC,NK
B7_c1,,,NK,B7_c1_GAGTCCGTCTTGCATT,NK
B7_c1,,,NK,B7_c1_GATCGTAGTATATCCG,NK
B7_c1,HMN52544,NI,NK,B7_c1_GATGAGGCATGTCGAT,NK
B7_c1,,,NK,B7_c1_GATGCTAAGATCCGAG,NK
B7_c1,HMN52544,NI,NK,B7_c1_GCAAACTCACCTCGTT,NK
B7_c1,,,NK,B7_c1_GCAGCCAAGCTGAAAT,NK
B7_c1,,,NK,B7_c1_GCAGTTAAGCGTGTCC,NK
B7_c1,,,NK,B7_c1_GCAGTTACATTAACCG,NK
B7_c1,HMN52552,flu,NK,B7_c1_GCATACAAGTGGTCCC,NK
B7_c1,,,NK,B7_c1_GCATGCGGTGAGTGAC,NK
B7_c1,,,NK,B7_c1_GCCTCTAAGGGTTTCT,NK
B7_c1,,,NK,B7_c1_GCGACCAAGTCAAGCG,NK
B7_c1,HMN52544,NI,NK,B7_c1_GCGCAACCATTACCTT,NK
B7_c1,,,NK,B7_c1_GCGCAGTCACATAACC,NK
B7_c1,,,NK,B7_c1_GCGCCAATCCCGGATG,NK
B7_c1,,,NK,B7_c1_GCGCGATGTACATGTC,NK
B7_c1,,,NK,B7_c1_GCGGGTTCAATCTGCA,NK
B7_c1,,,NK,B7_c1_GCGGGTTTCAATAAGG,NK
B7_c1,HMN52545,NI,NK,B7_c1_GCTCCTATCCTATGTT,NK
B7_c1,,,NK,B7_c1_GCTCTGTCATCTGGTA,NK
B7_c1,HMN52558,flu,NK,B7_c1_GCTCTGTTCGGTGTTA,NK
B7_c1,,,NK,B7_c1_GCTGCGAGTTCAACCA,NK
B7_c1,,,NK,B7_c1_GCTGCTTGTCAAGCGA,NK
B7_c1,,,NK,B7_c1_GCTGGGTTCAGGCGAA,NK
B7_c1,,,NK,B7_c1_GGAAAGCGTGTATGGG,NK
B7_c1,,,NK,B7_c1_GGAAAGCTCTCCAACC,NK
B7_c1,,,NK,B7_c1_GGAACTTGTCAAGCGA,NK
B7_c1,,,NK,B7_c1_GGAATAACACGGACAA,NK
B7_c1,,,NK,B7_c1_GGACAAGAGTCCGGTC,NK
B7_c1,,,NK,B7_c1_GGATGTTCACCATCCT,NK
B7_c1,HMN52535,NI,NK,B7_c1_GGCAATTAGGAATCGC,NK
B7_c1,,,NK,B7_c1_GGCGTGTTCTGCAAGT,NK
B7_c1,,,NK,B7_c1_GGGAATGAGTTGAGAT,NK
B7_c1,,,NK,B7_c1_GGGCACTCAGCTCGAC,NK
B7_c1,,,NK,B7_c1_GGGCACTTCACCATAG,NK
B7_c1,HMN52558,flu,NK,B7_c1_GGTGCGTTCCTCATTA,NK
B7_c1,,,NK,B7_c1_GGTGTTACATAACCTG,NK
B7_c1,,,NK,B7_c1_GGTGTTACATGGATGG,NK
B7_c1,,,NK,B7_c1_GTAGGCCCAATACGCT,NK
B7_c1,,,NK,B7_c1_GTATTCTCACGCATCG,NK
B7_c1,,,NK,B7_c1_GTCAAGTCACAGCGTC,NK
B7_c1,HMN52544,NI,NK,B7_c1_GTCAAGTTCGTTACGA,NK
B7_c1,HMN52543,flu,NK,B7_c1_GTCGGGTAGGAGTAGA,NK
B7_c1,,,NK,B7_c1_GTCGGGTGTCCGTGAC,NK
B7_c1,,,NK,B7_c1_GTGAAGGGTCGGATCC,NK
B7_c1,,,NK,B7_c1_GTGCTTCAGGAGTACC,NK
B7_c1,,,NK,B7_c1_GTGCTTCCAAGTAGTA,NK
B7_c1,,,NK,B7_c1_GTGTGCGGTCGGGTCT,NK
B7_c1,,,NK,B7_c1_GTTCATTCAGTCCTTC,NK
B7_c1,,,NK,B7_c1_TAAGAGATCATTATCC,NK
B7_c1,,,NK,B7_c1_TACCTATCAGACTCGC,NK
B7_c1,,,NK,B7_c1_TACGGATGTCTGCGGT,NK
B7_c1,HMN52558,flu,NK,B7_c1_TAGACCACATGAAGTA,NK
B7_c1,,,NK,B7_c1_TAGGCATGTGGAAAGA,NK
B7_c1,,,NK,B7_c1_TAGTTGGAGAGAACAG,NK
B7_c1,,,NK,B7_c1_TAGTTGGTCCTTGGTC,NK
B7_c1,,,NK,B7_c1_TATCTCAGTAGCGTCC,NK
B7_c1,,,NK,B7_c1_TATGCCCGTCTCACCT,NK
B7_c1,,,NK,B7_c1_TCAACGAAGTGTCCAT,NK
B7_c1,,,NK,B7_c1_TCAATCTCAATCCGAT,NK
B7_c1,HMN52544,NI,NK,B7_c1_TCAATCTCATTTCACT,NK
B7_c1,,,NK,B7_c1_TCAATCTGTCTGCAAT,NK
B7_c1,,,NK,B7_c1_TCAATCTTCTTCCTTC,NK
B7_c1,,,NK,B7_c1_TCACGAAAGTTATCGC,NK
B7_c1,HMN52552,flu,NK,B7_c1_TCACGAAGTATAGGGC,NK
B7_c1,,,NK,B7_c1_TCAGATGAGATTACCC,NK
B7_c1,,,NK,B7_c1_TCAGATGGTCCATGAT,NK
B7_c1,,,NK,B7_c1_TCAGCAATCACGAAGG,NK
B7_c1,,,NK,B7_c1_TCGCGAGGTAGAGGAA,NK
B7_c1,,,NK,B7_c1_TCGCGTTCAAGAGGCT,NK
B7_c1,,,NK,B7_c1_TCTGAGAGTTTGTGTG,NK
B7_c1,,,NK,B7_c1_TGACAACGTTGTACAC,NK
B7_c1,,,NK,B7_c1_TGACTTTAGATCACGG,NK
B7_c1,HMN52545,NI,NK,B7_c1_TGACTTTTCAGCGATT,NK
B7_c1,,,NK,B7_c1_TGCCAAAAGGTAAACT,NK
B7_c1,,,NK,B7_c1_TGCCCATTCCACGAAT,NK
B7_c1,HMN52552,flu,NK,B7_c1_TGCCCATTCCATGAGT,NK
B7_c1,,,NK,B7_c1_TGCCCTAGTGCACTTA,NK
B7_c1,,,NK,B7_c1_TGCGTGGAGTTCGCGC,NK
B7_c1,,,NK,B7_c1_TGCTGCTTCAGCCTAA,NK
B7_c1,HMN52544,NI,NK,B7_c1_TGGCCAGGTGCACCAC,NK
B7_c1,,,NK,B7_c1_TGGCGCAGTCATCGGC,NK
B7_c1,,,NK,B7_c1_TGGTTAGAGTCGTACT,NK
B7_c1,,,NK,B7_c1_TGGTTCCAGAAACCTA,NK
B7_c1,HMN52543,flu,NK,B7_c1_TGTCCCAGTTGCCTCT,NK
B7_c1,,,NK,B7_c1_TGTCCCATCCGAACGC,NK
B7_c1,,,NK,B7_c1_TGTTCCGCAATAACGA,NK
B7_c1,,,NK,B7_c1_TTAACTCCACGACGAA,NK
B7_c1,,,NK,B7_c1_TTAACTCTCTAGAGTC,NK
B7_c1,,,NK,B7_c1_TTAGGCATCGCCTGAG,NK
B7_c1,,,NK,B7_c1_TTAGTTCAGTGAATTG,NK
B7_c1,,,NK,B7_c1_TTCCCAGCACTGTGTA,NK
B7_c1,,,NK,B7_c1_TTCGAAGGTAAATGAC,NK
B7_c1,,,NK,B7_c1_TTCTCAATCGAGAGCA,NK
B7_c1,,,NK,B7_c1_TTGGAACCATTCACTT,NK
B7_c1,,,NK,B7_c1_TTTCCTCGTGGTTTCA,NK
B7_c1,,,NK,B7_c1_TTTCCTCGTTAAGTAG,NK
B7_c1,,,NK,B7_c1_TTTGCGCGTTCTGGTA,NK
B7_c2,,,NK,B7_c2_AAAGATGAGGCGATAC,NK
B7_c2,,,NK,B7_c2_AAATGCCGTAAATGAC,NK
B7_c2,HMN52552,NI,NK,B7_c2_AAATGCCTCTGGTGTA,NK
B7_c2,,,NK,B7_c2_AACTCAGTCCTGTAGA,NK
B7_c2,,,NK,B7_c2_AACTTTCTCTTTCCTC,NK
B7_c2,,,NK,B7_c2_AATCCAGCATCAGTAC,NK
B7_c2,,,NK,B7_c2_ACACCGGTCCCTAATT,NK
B7_c2,,,NK,B7_c2_ACATGGTCAGATCGGA,NK
B7_c2,,,NK,B7_c2_ACCTTTACAGTTCATG,NK
B7_c2,,,NK,B7_c2_ACCTTTAGTTCGCGAC,NK
B7_c2,,,NK,B7_c2_ACCTTTATCCGTACAA,NK
B7_c2,,,NK,B7_c2_ACGAGGATCTGTACGA,NK
B7_c2,,,NK,B7_c2_ACGATGTCAGACGCTC,NK
B7_c2,,,NK,B7_c2_ACGCAGCTCCTGCTTG,NK
B7_c2,,,NK,B7_c2_ACTATCTAGTGGGATC,NK
B7_c2,,,NK,B7_c2_ACTGCTCGTACCCAAT,NK
B7_c2,HMN52545,flu,NK,B7_c2_ACTGTCCGTCCGAACC,NK
B7_c2,,,NK,B7_c2_AGACGTTCACCAGGTC,NK
B7_c2,,,NK,B7_c2_AGCGTCGCAGTGAGTG,NK
B7_c2,HMN52558,NI,NK,B7_c2_AGGGATGCATCACGTA,NK
B7_c2,,,NK,B7_c2_AGGGTGACACACCGCA,NK
B7_c2,,,NK,B7_c2_AGTGAGGGTACTCGCG,NK
B7_c2,,,NK,B7_c2_AGTTGGTAGGTGTGGT,NK
B7_c2,HMN52535,flu,NK,B7_c2_ATCACGACACGGCTAC,NK
B7_c2,,,NK,B7_c2_ATCATCTAGTAGGCCA,NK
B7_c2,,,NK,B7_c2_ATCGAGTCAGTCCTTC,NK
B7_c2,,,NK,B7_c2_ATGGGAGAGACGCTTT,NK
B7_c2,,,NK,B7_c2_ATGGGAGGTGTGCCTG,NK
B7_c2,,,NK,B7_c2_ATGGGAGGTTCCGTCT,NK
B7_c2,HMN52544,flu,NK,B7_c2_CAACCTCCAGCCACCA,NK
B7_c2,HMN52558,NI,NK,B7_c2_CACAGTAAGGTACTCT,NK
B7_c2,HMN52558,NI,NK,B7_c2_CACAGTACACAAGTAA,NK
B7_c2,,,NK,B7_c2_CACCAGGAGTGACTCT,NK
B7_c2,,,NK,B7_c2_CAGAATCCAGCGAACA,NK
B7_c2,,,NK,B7_c2_CAGATCACAGCTGCTG,NK
B7_c2,,,NK,B7_c2_CAGCTAAAGGGCTTCC,NK
B7_c2,,,NK,B7_c2_CATATTCCAAGTACCT,NK
B7_c2,,,NK,B7_c2_CATATTCTCCGAATGT,NK
B7_c2,,,NK,B7_c2_CATCAGAGTATAGGTA,NK
B7_c2,,,NK,B7_c2_CATCGGGAGGACTGGT,NK
B7_c2,,,NK,B7_c2_CATGCCTCATGTTCCC,NK
B7_c2,,,NK,B7_c2_CATGCCTGTCATTAGC,NK
B7_c2,,,NK,B7_c2_CCAGCGAGTTTGACTG,NK
B7_c2,,,NK,B7_c2_CCATTCGAGCATCATC,NK
B7_c2,,,NK,B7_c2_CCGGTAGCACTGTGTA,NK
B7_c2,HMN52544,flu,NK,B7_c2_CCTATTAGTAGTAGTA,NK
B7_c2,,,NK,B7_c2_CGACTTCCATAGAAAC,NK
B7_c2,HMN52535,flu,NK,B7_c2_CGATGGCAGGTGCAAC,NK
B7_c2,,,NK,B7_c2_CGATGGCTCAGTTGAC,NK
B7_c2,,,NK,B7_c2_CGCTGGATCACAATGC,NK
B7_c2,HMN52558,NI,NK,B7_c2_CGCTTCAAGGACACCA,NK
B7_c2,,,NK,B7_c2_CGGACACCACAGGCCT,NK
B7_c2,,,NK,B7_c2_CGGAGTCAGGCCATAG,NK
B7_c2,,,NK,B7_c2_CGGAGTCCAAAGGCGT,NK
B7_c2,HMN52545,flu,NK,B7_c2_CGGAGTCGTCGCTTCT,NK
B7_c2,HMN52558,NI,NK,B7_c2_CGTGAGCAGTGGAGTC,NK
B7_c2,,,NK,B7_c2_CGTTGGGAGGTTACCT,NK
B7_c2,,,NK,B7_c2_CTACACCGTGTTCTTT,NK
B7_c2,,,NK,B7_c2_CTACATTAGTTCGCGC,NK
B7_c2,,,NK,B7_c2_CTACCCATCGGTGTCG,NK
B7_c2,,,NK,B7_c2_CTACGTCCATGTTGAC,NK
B7_c2,,,NK,B7_c2_CTAGCCTAGGGAACGG,NK
B7_c2,,,NK,B7_c2_CTCGAGGTCACGCATA,NK
B7_c2,,,NK,B7_c2_CTCGGAGTCGTCGTTC,NK
B7_c2,HMN52545,flu,NK,B7_c2_CTCGTACAGCTAAACA,NK
B7_c2,HMN52535,flu,NK,B7_c2_CTGAAGTCACCCATGG,NK
B7_c2,,,NK,B7_c2_CTGATAGCACTTCTGC,NK
B7_c2,HMN52535,flu,NK,B7_c2_CTGGTCTCAACGATCT,NK
B7_c2,,,NK,B7_c2_CTTAGGATCGTTACAG,NK
B7_c2,,,NK,B7_c2_CTTCTCTGTGACAAAT,NK
B7_c2,,,NK,B7_c2_CTTGGCTCAATGCCAT,NK
B7_c2,HMN52543,NI,NK,B7_c2_CTTTGCGTCCAAGCCG,NK
B7_c2,,,NK,B7_c2_GAACCTACAACACGCC,NK
B7_c2,,,NK,B7_c2_GAACGGATCAACACAC,NK
B7_c2,HMN52543,NI,NK,B7_c2_GAATGAATCCCTTGTG,NK
B7_c2,,,NK,B7_c2_GACACGCGTAGCGTAG,NK
B7_c2,,,NK,B7_c2_GACGGCTAGTACACCT,NK
B7_c2,,,NK,B7_c2_GACTGCGCATATGAGA,NK
B7_c2,,,NK,B7_c2_GATCGATAGCGTTCCG,NK
B7_c2,,,NK,B7_c2_GATCGCGCAATGGATA,NK
B7_c2,,,NK,B7_c2_GATCTAGTCGCTGATA,NK
B7_c2,,,NK,B7_c2_GATGCTACATCGACGC,NK
B7_c2,HMN52558,NI,NK,B7_c2_GCAATCAAGCTGTCTA,NK
B7_c2,HMN52545,flu,NK,B7_c2_GCAATCATCGGTGTCG,NK
B7_c2,,,NK,B7_c2_GCAATCATCTGCGGCA,NK
B7_c2,,,NK,B7_c2_GCGCAGTAGTGGGTTG,NK
B7_c2,,,NK,B7_c2_GCGCAGTCATAGAAAC,NK
B7_c2,,,NK,B7_c2_GCGCCAAAGGCGACAT,NK
B7_c2,,,NK,B7_c2_GCTCTGTCAAGCCGCT,NK
B7_c2,,,NK,B7_c2_GCTGCAGAGGGTCTCC,NK
B7_c2,HMN52535,flu,NK,B7_c2_GCTGCAGGTAGCAAAT,NK
B7_c2,,,NK,B7_c2_GCTGCAGTCTGGAGCC,NK
B7_c2,,,NK,B7_c2_GCTTGAAGTTTGACTG,NK
B7_c2,,,NK,B7_c2_GGAAAGCGTCGAGTTT,NK
B7_c2,,,NK,B7_c2_GGAAAGCTCTGCTTGC,NK
B7_c2,,,NK,B7_c2_GGAACTTCACAGGCCT,NK
B7_c2,,,NK,B7_c2_GGAATAATCTTACCTA,NK
B7_c2,,,NK,B7_c2_GGACAGATCAGGCCCA,NK
B7_c2,,,NK,B7_c2_GGACATTAGCGTCAAG,NK
B7_c2,HMN52558,NI,NK,B7_c2_GGATTACTCGGTGTTA,NK
B7_c2,HMN52558,NI,NK,B7_c2_GGCGTGTGTATGAATG,NK
B7_c2,HMN52558,NI,NK,B7_c2_GGGCACTCAGTATCTG,NK
B7_c2,HMN52552,NI,NK,B7_c2_GGGTTGCGTGCTGTAT,NK
B7_c2,,,NK,B7_c2_GTATCTTTCGTTACAG,NK
B7_c2,,,NK,B7_c2_GTTCGGGGTATGAATG,NK
B7_c2,,,NK,B7_c2_TACAGTGGTTGGAGGT,NK
B7_c2,,,NK,B7_c2_TACCTTAAGTATCTCG,NK
B7_c2,HMN52545,flu,NK,B7_c2_TACTCGCAGGGATCTG,NK
B7_c2,,,NK,B7_c2_TAGACCAGTAGCCTAT,NK
B7_c2,HMN52558,NI,NK,B7_c2_TCATTTGCAGTCGATT,NK
B7_c2,,,NK,B7_c2_TCCCGATGTAAATACG,NK
B7_c2,HMN52552,NI,NK,B7_c2_TCGCGAGAGAATGTGT,NK
B7_c2,,,NK,B7_c2_TCGCGAGGTTCGTCTC,NK
B7_c2,,,NK,B7_c2_TCGGGACGTTATGTGC,NK
B7_c2,,,NK,B7_c2_TCTCATAGTTAAGTAG,NK
B7_c2,HMN52543,NI,NK,B7_c2_TGACTAGAGGCCGAAT,NK
B7_c2,,,NK,B7_c2_TGCGCAGGTGAGTGAC,NK
B7_c2,,,NK,B7_c2_TGGACGCAGTGTCTCA,NK
B7_c2,HMN52558,NI,NK,B7_c2_TGGCGCACACGAAGCA,NK
B7_c2,HMN52545,flu,NK,B7_c2_TGGCTGGTCTCGTTTA,NK
B7_c2,,,NK,B7_c2_TGGGAAGAGACAATAC,NK
B7_c2,,,NK,B7_c2_TTAGGACTCGGTCTAA,NK
B7_c2,,,NK,B7_c2_TTAGTTCAGATGCGAC,NK
B7_c2,,,NK,B7_c2_TTCTTAGCACCACGTG,NK
B7_c2,,,NK,B7_c2_TTGCCGTAGGGATGGG,NK
B7_c2,HMN52552,NI,NK,B7_c2_TTGGAACTCTCGAGTA,NK
B7_c2,,,NK,B7_c2_TTTCCTCTCTAACGGT,NK
B8_c1,,,NK,B8_c1_AACGTTGCACAGGTTT,NK
B8_c1,HMN52551,NI,NK,B8_c1_AACTCCCAGATATGCA,NK
B8_c1,,,NK,B8_c1_AAGACCTCAGCCTTTC,NK
B8_c1,,,NK,B8_c1_AAGTCTGCATAGAAAC,NK
B8_c1,HMN52551,NI,NK,B8_c1_ACAGCTACATATACCG,NK
B8_c1,,,NK,B8_c1_ACATACGCACGTTGGC,NK
B8_c1,,,NK,B8_c1_ACCTTTATCTGGTTCC,NK
B8_c1,,,NK,B8_c1_AGAATAGCAACTGCTA,NK
B8_c1,,,NK,B8_c1_AGAATAGCAGATGAGC,NK
B8_c1,HMN52540,NI,NK,B8_c1_AGAGCTTTCAACTCTT,NK
B8_c1,,,NK,B8_c1_AGCGTCGAGCGCCTCA,NK
B8_c1,,,NK,B8_c1_AGGTCCGAGACAGACC,NK
B8_c1,HMN52540,NI,NK,B8_c1_AGTAGTCCAAAGGCGT,NK
B8_c1,HMN52540,NI,NK,B8_c1_AGTAGTCCATCCTAGA,NK
B8_c1,HMN52540,NI,NK,B8_c1_AGTAGTCGTCTCCACT,NK
B8_c1,,,NK,B8_c1_AGTTGGTTCTACTTAC,NK
B8_c1,HMN52540,NI,NK,B8_c1_ATAGACCAGAACAACT,NK
B8_c1,,,NK,B8_c1_ATAGACCGTAGAGGAA,NK
B8_c1,,,NK,B8_c1_ATCACGAAGACACGAC,NK
B8_c1,,,NK,B8_c1_ATCCACCTCAACACCA,NK
B8_c1,,,NK,B8_c1_ATCCGAAAGGTGGGTT,NK
B8_c1,HMN52551,NI,NK,B8_c1_ATCTACTTCAGCTGGC,NK
B8_c1,,,NK,B8_c1_ATGAGGGAGAGACTAT,NK
B8_c1,,,NK,B8_c1_ATTTCTGCATATGAGA,NK
B8_c1,,,NK,B8_c1_CAACTAGGTGGTTTCA,NK
B8_c1,,,NK,B8_c1_CAAGATCCAATAGCGG,NK
B8_c1,,,NK,B8_c1_CAAGTTGAGATCGATA,NK
B8_c1,,,NK,B8_c1_CACAAACTCTTGGGTA,NK
B8_c1,HMN52541,flu,NK,B8_c1_CACACCTAGCGTCTAT,NK
B8_c1,,,NK,B8_c1_CACACCTCAGTATAAG,NK
B8_c1,HMN52540,NI,NK,B8_c1_CACACCTTCATGTCTT,NK
B8_c1,,,NK,B8_c1_CACACTCGTCCGCTGA,NK
B8_c1,,,NK,B8_c1_CACCACTAGTACTTGC,NK
B8_c1,HMN52539,flu,NK,B8_c1_CACTCCATCGCCTGAG,NK
B8_c1,HMN52542,NI,NK,B8_c1_CAGAATCGTAGCGATG,NK
B8_c1,,,NK,B8_c1_CAGAGAGGTCAAAGAT,NK
B8_c1,HMN52540,NI,NK,B8_c1_CAGATCACAACTTGAC,NK
B8_c1,HMN52542,NI,NK,B8_c1_CAGCAGCGTTAGAACA,NK
B8_c1,,,NK,B8_c1_CAGTCCTCAGGAATCG,NK
B8_c1,,,NK,B8_c1_CATTATCCAGTCCTTC,NK
B8_c1,,,NK,B8_c1_CATTCGCCAGTCGTGC,NK
B8_c1,HMN52540,NI,NK,B8_c1_CCACGGAAGCCACTAT,NK
B8_c1,,,NK,B8_c1_CCAGCGACAAGGTTTC,NK
B8_c1,,,NK,B8_c1_CCATTCGAGCCGGTAA,NK
B8_c1,,,NK,B8_c1_CCCAGTTAGGTAGCTG,NK
B8_c1,,,NK,B8_c1_CCTAAAGTCAACACAC,NK
B8_c1,,,NK,B8_c1_CCTATTAAGGCTATCT,NK
B8_c1,,,NK,B8_c1_CCTATTAAGTTGAGTA,NK
B8_c1,HMN52540,NI,NK,B8_c1_CCTTACGTCTGGTATG,NK
B8_c1,HMN52551,NI,NK,B8_c1_CCTTTCTCATAACCTG,NK
B8_c1,,,NK,B8_c1_CCTTTCTCATTAACCG,NK
B8_c1,,,NK,B8_c1_CGAACATTCATAGCAC,NK
B8_c1,,,NK,B8_c1_CGAGAAGAGGCGTACA,NK
B8_c1,HMN52551,NI,NK,B8_c1_CGAGCACAGCCGTCGT,NK
B8_c1,,,NK,B8_c1_CGAGCACCATGAGCGA,NK
B8_c1,,,NK,B8_c1_CGAGCACTCCCTCTTT,NK
B8_c1,HMN52553,flu,NK,B8_c1_CGAGCCATCGTGGTCG,NK
B8_c1,HMN52551,NI,NK,B8_c1_CGATTGAAGGTAGCTG,NK
B8_c1,,,NK,B8_c1_CGCCAAGCACCTCGTT,NK
B8_c1,,,NK,B8_c1_CGCCAAGGTCTGCCAG,NK
B8_c1,HMN52553,flu,NK,B8_c1_CGCGTTTTCCAAATGC,NK
B8_c1,,,NK,B8_c1_CGCTTCAGTTAAGATG,NK
B8_c1,,,NK,B8_c1_CGGCTAGGTGTGGTTT,NK
B8_c1,,,NK,B8_c1_CGTCAGGTCTGCGACG,NK
B8_c1,,,NK,B8_c1_CGTCCATTCTGTTGAG,NK
B8_c1,,,NK,B8_c1_CGTGAGCGTTCGAATC,NK
B8_c1,,,NK,B8_c1_CGTGAGCTCCGCAGTG,NK
B8_c1,HMN52551,NI,NK,B8_c1_CGTTCTGCAAACTGTC,NK
B8_c1,,,NK,B8_c1_CGTTGGGGTCTCTCTG,NK
B8_c1,,,NK,B8_c1_CTAGCCTCAGACGTAG,NK
B8_c1,,,NK,B8_c1_CTCAGAAAGTCCAGGA,NK
B8_c1,,,NK,B8_c1_CTCGGGAAGTATCGAA,NK
B8_c1,HMN52540,NI,NK,B8_c1_CTCTGGTAGAAACGCC,NK
B8_c1,,,NK,B8_c1_CTGATAGAGCTAAACA,NK
B8_c1,,,NK,B8_c1_CTGATAGGTCAGCTAT,NK
B8_c1,HMN52540,NI,NK,B8_c1_CTGCCTATCCTCTAGC,NK
B8_c1,,,NK,B8_c1_CTGTTTATCAGTTAGC,NK
B8_c1,,,NK,B8_c1_GAAATGATCTTTAGTC,NK
B8_c1,,,NK,B8_c1_GAATAAGTCTCTTATG,NK
B8_c1,,,NK,B8_c1_GATGCTAGTTCCAACA,NK
B8_c1,,,NK,B8_c1_GCATACACAAGCCCAC,NK
B8_c1,,,NK,B8_c1_GCATGATCATTTCAGG,NK
B8_c1,,,NK,B8_c1_GCGCAGTCAGTAAGAT,NK
B8_c1,HMN52540,NI,NK,B8_c1_GCGCAGTGTGTGCGTC,NK
B8_c1,,,NK,B8_c1_GCGCGATAGGCATGTG,NK
B8_c1,HMN52542,NI,NK,B8_c1_GCTTCCATCGAGAACG,NK
B8_c1,,,NK,B8_c1_GGAACTTGTAGAAGGA,NK
B8_c1,HMN52542,NI,NK,B8_c1_GGAACTTGTCCAACTA,NK
B8_c1,HMN52551,NI,NK,B8_c1_GGAATAAGTATGAAAC,NK
B8_c1,HMN52540,NI,NK,B8_c1_GGACAAGTCTCCGGTT,NK
B8_c1,HMN52540,NI,NK,B8_c1_GGACGTCTCGTTTATC,NK
B8_c1,HMN52551,NI,NK,B8_c1_GGATGTTTCAAACAAG,NK
B8_c1,,,NK,B8_c1_GGATGTTTCCGTTGCT,NK
B8_c1,,,NK,B8_c1_GGCAATTGTATATGAG,NK
B8_c1,HMN52551,NI,NK,B8_c1_GGCCGATCAGCTGTAT,NK
B8_c1,HMN52551,NI,NK,B8_c1_GGTGAAGGTGCCTGGT,NK
B8_c1,,,NK,B8_c1_GTAACGTTCGGTGTTA,NK
B8_c1,HMN52540,NI,NK,B8_c1_GTACGTACAGACAAAT,NK
B8_c1,,,NK,B8_c1_GTATCTTCACAAGCCC,NK
B8_c1,,,NK,B8_c1_GTATCTTTCAGTGCAT,NK
B8_c1,,,NK,B8_c1_GTATTCTCATGCCACG,NK
B8_c1,,,NK,B8_c1_GTCAAGTCACGGTAGA,NK
B8_c1,HMN52551,NI,NK,B8_c1_GTCAAGTTCGATCCCT,NK
B8_c1,,,NK,B8_c1_GTCTTCGCAAGCCCAC,NK
B8_c1,HMN52540,NI,NK,B8_c1_GTGCATAAGCTCCTTC,NK
B8_c1,,,NK,B8_c1_GTGGGTCGTGTTAAGA,NK
B8_c1,,,NK,B8_c1_GTTCATTCACATGACT,NK
B8_c1,,,NK,B8_c1_TAAGAGAAGAGATGAG,NK
B8_c1,,,NK,B8_c1_TAAGCGTTCATCGGAT,NK
B8_c1,,,NK,B8_c1_TAAGCGTTCCTTCAAT,NK
B8_c1,HMN52551,NI,NK,B8_c1_TAAGCGTTCTACCTGC,NK
B8_c1,HMN52553,flu,NK,B8_c1_TACGGGCAGGACCACA,NK
B8_c1,,,NK,B8_c1_TATGCCCAGTTAGGTA,NK
B8_c1,,,NK,B8_c1_TCAACGATCCTCATTA,NK
B8_c1,HMN52540,NI,NK,B8_c1_TCAATCTCATCCTAGA,NK
B8_c1,,,NK,B8_c1_TCACAAGGTAGTACCT,NK
B8_c1,HMN52540,NI,NK,B8_c1_TCAGGTATCACATGCA,NK
B8_c1,HMN52540,NI,NK,B8_c1_TCGGTAAAGCTGAACG,NK
B8_c1,,,NK,B8_c1_TCGTACCAGCTAAACA,NK
B8_c1,HMN52542,NI,NK,B8_c1_TCTATTGAGCTACCGC,NK
B8_c1,HMN52542,NI,NK,B8_c1_TCTATTGTCCGAATGT,NK
B8_c1,,,NK,B8_c1_TCTGAGACAAGAGGCT,NK
B8_c1,HMN52551,NI,NK,B8_c1_TGACAACTCTTACCTA,NK
B8_c1,HMN52540,NI,NK,B8_c1_TGACGGCTCCGGCACA,NK
B8_c1,HMN52551,NI,NK,B8_c1_TGCCCATCATACGCCG,NK
B8_c1,HMN52539,flu,NK,B8_c1_TGCGTGGAGAGTAATC,NK
B8_c1,,,NK,B8_c1_TGCGTGGTCATGCTCC,NK
B8_c1,HMN52551,NI,NK,B8_c1_TGGACGCGTGCATCTA,NK
B8_c1,,,NK,B8_c1_TGGCGCAGTGGTAACG,NK
B8_c1,HMN52540,NI,NK,B8_c1_TGGCGCAGTTTGCATG,NK
B8_c1,,,NK,B8_c1_TGGCGCATCTACTCAT,NK
B8_c1,,,NK,B8_c1_TGGTTAGCACTAAGTC,NK
B8_c1,HMN52540,NI,NK,B8_c1_TGTCCCACACCTTGTC,NK
B8_c1,HMN52553,flu,NK,B8_c1_TGTGGTATCCCTCTTT,NK
B8_c1,HMN52551,NI,NK,B8_c1_TGTGTTTAGAAGGCCT,NK
B8_c1,HMN52540,NI,NK,B8_c1_TTAGGACGTGTGCGTC,NK
B8_c1,HMN52551,NI,NK,B8_c1_TTCTCCTAGCCCTAAT,NK
B8_c1,,,NK,B8_c1_TTGACTTAGTAGTGCG,NK
B8_c1,,,NK,B8_c1_TTGGCAAAGTGTTGAA,NK
B8_c1,,,NK,B8_c1_TTTCCTCCAAGCCGTC,NK
B8_c2,HMN52553,NI,NK,B8_c2_AACTCAGAGTGTCCCG,NK
B8_c2,,,NK,B8_c2_AACTTTCAGCGTAATA,NK
B8_c2,HMN52553,NI,NK,B8_c2_AACTTTCCAAGTTCTG,NK
B8_c2,,,NK,B8_c2_AAGTCTGTCAAACCGT,NK
B8_c2,HMN52551,flu,NK,B8_c2_AATCCAGCACGGCGTT,NK
B8_c2,,,NK,B8_c2_AATCCAGTCCACGTTC,NK
B8_c2,,,NK,B8_c2_AATCGGTCAACTGCGC,NK
B8_c2,,,NK,B8_c2_AATCGGTCATGCTAGT,NK
B8_c2,HMN52539,NI,NK,B8_c2_ACACCAATCCCGACTT,NK
B8_c2,HMN52540,flu,NK,B8_c2_ACACCCTGTTGCGCAC,NK
B8_c2,HMN52553,NI,NK,B8_c2_ACACTGAGTATGAATG,NK
B8_c2,,,NK,B8_c2_ACACTGATCGATGAGG,NK
B8_c2,,,NK,B8_c2_ACATCAGCATTGCGGC,NK
B8_c2,,,NK,B8_c2_ACATGGTAGGATGGAA,NK
B8_c2,,,NK,B8_c2_ACGATACAGCGCTCCA,NK
B8_c2,,,NK,B8_c2_ACGGGTCAGCCACGTC,NK
B8_c2,,,NK,B8_c2_ACTGATGAGCGGCTTC,NK
B8_c2,,,NK,B8_c2_ACTTGTTTCATTCACT,NK
B8_c2,,,NK,B8_c2_ACTTGTTTCTCACATT,NK
B8_c2,,,NK,B8_c2_AGAATAGAGAGCCCAA,NK
B8_c2,,,NK,B8_c2_AGAATAGTCGGCATCG,NK
B8_c2,,,NK,B8_c2_AGAGCGAAGCACACAG,NK
B8_c2,HMN52553,NI,NK,B8_c2_AGCAGCCGTCGGATCC,NK
B8_c2,,,NK,B8_c2_AGCAGCCTCATCTGCC,NK
B8_c2,,,NK,B8_c2_AGCATACAGGTAAACT,NK
B8_c2,HMN52542,flu,NK,B8_c2_AGCGGTCCAGTAACGG,NK
B8_c2,HMN52540,flu,NK,B8_c2_AGCTTGATCCAATGGT,NK
B8_c2,,,NK,B8_c2_AGGTCCGTCACGAAGG,NK
B8_c2,HMN52542,flu,NK,B8_c2_ATAGACCCAGTGGAGT,NK
B8_c2,HMN52553,NI,NK,B8_c2_ATGCGATAGTCCGTAT,NK
B8_c2,HMN52539,NI,NK,B8_c2_ATGCGATTCACATGCA,NK
B8_c2,,,NK,B8_c2_ATTACTCGTAGCAAAT,NK
B8_c2,,,NK,B8_c2_ATTCTACAGATCCCAT,NK
B8_c2,,,NK,B8_c2_CAAGTTGAGGTGGGTT,NK
B8_c2,,,NK,B8_c2_CACAAACGTCAGAGGT,NK
B8_c2,,,NK,B8_c2_CACAGTAAGATGTGTA,NK
B8_c2,,,NK,B8_c2_CAGAGAGCAAAGTCAA,NK
B8_c2,,,NK,B8_c2_CAGATCAGTGACCAAG,NK
B8_c2,HMN52541,NI,NK,B8_c2_CAGCATAAGGTGCTAG,NK
B8_c2,,,NK,B8_c2_CAGCTAACACAGACTT,NK
B8_c2,HMN52542,flu,NK,B8_c2_CAGTAACGTGAAATCA,NK
B8_c2,HMN52540,flu,NK,B8_c2_CAGTCCTCATACGCCG,NK
B8_c2,,,NK,B8_c2_CATATGGCAATCCAAC,NK
B8_c2,HMN52553,NI,NK,B8_c2_CATATGGCACAAGTAA,NK
B8_c2,,,NK,B8_c2_CATCAGATCGCGTTTC,NK
B8_c2,HMN52541,NI,NK,B8_c2_CATCGGGCACTTACGA,NK
B8_c2,,,NK,B8_c2_CATTATCAGATCCCAT,NK
B8_c2,HMN52539,NI,NK,B8_c2_CCAATCCTCCAAGCCG,NK
B8_c2,HMN52539,NI,NK,B8_c2_CCAATCCTCCCAGGTG,NK
B8_c2,,,NK,B8_c2_CCCAATCGTTCCACGG,NK
B8_c2,HMN52539,NI,NK,B8_c2_CCCTCCTTCGCTTGTC,NK
B8_c2,,,NK,B8_c2_CCGGTAGGTCGCTTCT,NK
B8_c2,HMN52540,flu,NK,B8_c2_CCGTGGATCGAGCCCA,NK
B8_c2,HMN52539,NI,NK,B8_c2_CCTACCATCAGTCAGT,NK
B8_c2,,,NK,B8_c2_CCTAGCTCAATACGCT,NK
B8_c2,,,NK,B8_c2_CCTTCGACACTAAGTC,NK
B8_c2,,,NK,B8_c2_CGACCTTAGTACATGA,NK
B8_c2,,,NK,B8_c2_CGACCTTGTGCAACTT,NK
B8_c2,,,NK,B8_c2_CGACCTTTCTTCAACT,NK
B8_c2,,,NK,B8_c2_CGACTTCCATTCCTCG,NK
B8_c2,,,NK,B8_c2_CGAGCACCATGGTAGG,NK
B8_c2,,,NK,B8_c2_CGATGGCCAACTTGAC,NK
B8_c2,,,NK,B8_c2_CGATGGCGTTACCGAT,NK
B8_c2,,,NK,B8_c2_CGATGTAAGATAGTCA,NK
B8_c2,HMN52541,NI,NK,B8_c2_CGATGTATCCTGCAGG,NK
B8_c2,,,NK,B8_c2_CGATTGAAGAGTGAGA,NK
B8_c2,HMN52539,NI,NK,B8_c2_CGCCAAGAGCTCTCGG,NK
B8_c2,HMN52542,flu,NK,B8_c2_CGGACACTCTTATCTG,NK
B8_c2,,,NK,B8_c2_CGGAGCTCACAGAGGT,NK
B8_c2,HMN52541,NI,NK,B8_c2_CGGCTAGGTAAGAGGA,NK
B8_c2,,,NK,B8_c2_CGGGTCATCAGTGCAT,NK
B8_c2,HMN52553,NI,NK,B8_c2_CGGGTCATCCTAGGGC,NK
B8_c2,,,NK,B8_c2_CGTAGCGTCCAGATCA,NK
B8_c2,,,NK,B8_c2_CGTCAGGTCAAAGTAG,NK
B8_c2,HMN52541,NI,NK,B8_c2_CGTTAGATCTCGGACG,NK
B8_c2,HMN52540,flu,NK,B8_c2_CGTTGGGGTAAATGAC,NK
B8_c2,HMN52541,NI,NK,B8_c2_CTAACTTGTTCCCTTG,NK
B8_c2,,,NK,B8_c2_CTAATGGTCTGACCTC,NK
B8_c2,HMN52539,NI,NK,B8_c2_CTACGTCCAAGCCGCT,NK
B8_c2,,,NK,B8_c2_CTAGCCTAGTTGAGTA,NK
B8_c2,HMN52553,NI,NK,B8_c2_CTCACACAGCGTAGTG,NK
B8_c2,HMN52553,NI,NK,B8_c2_CTCGAGGGTAAAGTCA,NK
B8_c2,HMN52539,NI,NK,B8_c2_CTCGAGGGTAAGGGCT,NK
B8_c2,,,NK,B8_c2_CTCGGGAGTCGCCATG,NK
B8_c2,,,NK,B8_c2_CTCGTCAAGCCCAACC,NK
B8_c2,,,NK,B8_c2_CTGAAGTAGTGTGAAT,NK
B8_c2,HMN52541,NI,NK,B8_c2_CTGATCCCACAGACAG,NK
B8_c2,HMN52539,NI,NK,B8_c2_CTGCGGACAGCTGCTG,NK
B8_c2,,,NK,B8_c2_CTGCTGTTCCCTTGCA,NK
B8_c2,HMN52539,NI,NK,B8_c2_CTGGTCTCAGCTCGAC,NK
B8_c2,,,NK,B8_c2_CTGTGCTCAAGCTGAG,NK
B8_c2,,,NK,B8_c2_CTGTTTACATTCCTCG,NK
B8_c2,HMN52541,NI,NK,B8_c2_CTTCTCTGTCAGAATA,NK
B8_c2,,,NK,B8_c2_GAACCTAAGCACAGGT,NK
B8_c2,,,NK,B8_c2_GAAGCAGCAGGGAGAG,NK
B8_c2,,,NK,B8_c2_GAATAAGAGTGTTGAA,NK
B8_c2,,,NK,B8_c2_GAATAAGCATTCTCAT,NK
B8_c2,HMN52553,NI,NK,B8_c2_GAATAAGTCTTGCAAG,NK
B8_c2,HMN52539,NI,NK,B8_c2_GATCTAGTCTAACTGG,NK
B8_c2,,,NK,B8_c2_GATTCAGAGATCCGAG,NK
B8_c2,,,NK,B8_c2_GCAATCAGTTCTCATT,NK
B8_c2,,,NK,B8_c2_GCACTCTTCTTGACGA,NK
B8_c2,,,NK,B8_c2_GCAGCCACATCACCCT,NK
B8_c2,HMN52539,NI,NK,B8_c2_GCATGTAAGGAGTCTG,NK
B8_c2,,,NK,B8_c2_GCGACCAAGCCACGCT,NK
B8_c2,,,NK,B8_c2_GCGAGAAAGCCAACAG,NK
B8_c2,,,NK,B8_c2_GCGCAACCAATCGAAA,NK
B8_c2,HMN52540,flu,NK,B8_c2_GCGCGATAGCCCAGCT,NK
B8_c2,HMN52541,NI,NK,B8_c2_GCTGCGACACCAACCG,NK
B8_c2,HMN52553,NI,NK,B8_c2_GCTGCGATCGTCCGTT,NK
B8_c2,,,NK,B8_c2_GCTTCCACACCCAGTG,NK
B8_c2,,,NK,B8_c2_GGAATAAAGATCTGAA,NK
B8_c2,,,NK,B8_c2_GGACATTCACTTCGAA,NK
B8_c2,HMN52539,NI,NK,B8_c2_GGACGTCAGCGTTGCC,NK
B8_c2,,,NK,B8_c2_GGACGTCGTCTCATCC,NK
B8_c2,,,NK,B8_c2_GGACGTCTCTCCCTGA,NK
B8_c2,,,NK,B8_c2_GGAGCAAGTCTTGATG,NK
B8_c2,,,NK,B8_c2_GGGACCTGTCATACTG,NK
B8_c2,HMN52539,NI,NK,B8_c2_GGTGTTATCCTATGTT,NK
B8_c2,,,NK,B8_c2_GTACGTAGTCTAGTGT,NK
B8_c2,HMN52553,NI,NK,B8_c2_GTATTCTAGTATTGGA,NK
B8_c2,HMN52541,NI,NK,B8_c2_GTCCTCAAGTGAATTG,NK
B8_c2,,,NK,B8_c2_GTCGTAAAGAGTTGGC,NK
B8_c2,HMN52553,NI,NK,B8_c2_GTGCAGCAGTCCCACG,NK
B8_c2,HMN52553,NI,NK,B8_c2_GTGCGGTAGCTAAGAT,NK
B8_c2,HMN52542,flu,NK,B8_c2_GTGGGTCCAAACTGCT,NK
B8_c2,,,NK,B8_c2_GTGTGCGGTCACCCAG,NK
B8_c2,,,NK,B8_c2_GTTCTCGCAGCATGAG,NK
B8_c2,,,NK,B8_c2_GTTTCTAAGACCACGA,NK
B8_c2,,,NK,B8_c2_GTTTCTAAGTGTACTC,NK
B8_c2,,,NK,B8_c2_TAAGCGTCACATGTGT,NK
B8_c2,,,NK,B8_c2_TACACGATCACATACG,NK
B8_c2,,,NK,B8_c2_TACAGTGCAAGACGTG,NK
B8_c2,,,NK,B8_c2_TACTCGCAGGGATCTG,NK
B8_c2,,,NK,B8_c2_TACTTACGTCAATACC,NK
B8_c2,,,NK,B8_c2_TACTTACTCTCAAGTG,NK
B8_c2,HMN52553,NI,NK,B8_c2_TAGACCACACAACGCC,NK
B8_c2,,,NK,B8_c2_TAGGCATCAGATAATG,NK
B8_c2,HMN52551,flu,NK,B8_c2_TAGTTGGCACGGCTAC,NK
B8_c2,HMN52539,NI,NK,B8_c2_TATCAGGGTTGGTTTG,NK
B8_c2,,,NK,B8_c2_TATGCCCGTCATTAGC,NK
B8_c2,,,NK,B8_c2_TATTACCTCATTGCCC,NK
B8_c2,,,NK,B8_c2_TCAACGAAGGGCTTCC,NK
B8_c2,,,NK,B8_c2_TCACAAGAGTTGAGAT,NK
B8_c2,HMN52541,NI,NK,B8_c2_TCAGCTCTCTGTTTGT,NK
B8_c2,,,NK,B8_c2_TCAGGATAGCCCAGCT,NK
B8_c2,,,NK,B8_c2_TCAGGTAAGTACGTAA,NK
B8_c2,,,NK,B8_c2_TCAGGTAGTTACCAGT,NK
B8_c2,,,NK,B8_c2_TCATTACTCAGTGCAT,NK
B8_c2,,,NK,B8_c2_TCATTTGTCACAATGC,NK
B8_c2,,,NK,B8_c2_TCGCGAGCACCAGTTA,NK
B8_c2,,,NK,B8_c2_TCGGGACTCATAAAGG,NK
B8_c2,,,NK,B8_c2_TCGGTAATCGGAGCAA,NK
B8_c2,,,NK,B8_c2_TCGTAGAAGGATGGTC,NK
B8_c2,HMN52553,NI,NK,B8_c2_TGACGGCCAGGTTTCA,NK
B8_c2,HMN52539,NI,NK,B8_c2_TGAGCCGCATGCATGT,NK
B8_c2,,,NK,B8_c2_TGATTTCCAATAGCAA,NK
B8_c2,HMN52539,NI,NK,B8_c2_TGATTTCGTTCTGAAC,NK
B8_c2,,,NK,B8_c2_TGCCCTACATTCTCAT,NK
B8_c2,HMN52539,NI,NK,B8_c2_TGCTACCGTTGGGACA,NK
B8_c2,,,NK,B8_c2_TTAGGCAGTCCCGACA,NK
B8_c2,,,NK,B8_c2_TTCGGTCAGATCTGAA,NK
B8_c2,HMN52551,flu,NK,B8_c2_TTCGGTCAGCTCCTCT,NK
B8_c2,,,NK,B8_c2_TTCGGTCAGGGATCTG,NK
B8_c2,,,NK,B8_c2_TTGGAACAGGTGCAAC,NK
B8_c2,,,NK,B8_c2_TTGGAACAGTTAGGTA,NK
B8_c2,HMN52539,NI,NK,B8_c2_TTTACTGTCTTGCATT,NK
B8_c2,,,NK,B8_c2_TTTATGCTCAGTTGAC,NK
B8_c2,,,NK,B8_c2_TTTGCGCTCCACGAAT,NK
B9_c1,HMN52554,NI,NK,B9_c1_AAACGGGCAACACCTA,NK
B9_c1,HMN52554,NI,NK,B9_c1_AAACGGGTCGAGAACG,NK
B9_c1,HMN52556,NI,NK,B9_c1_AAAGTAGAGACTTTCG,NK
B9_c1,HMN52554,NI,NK,B9_c1_AACACGTTCGGTTCGG,NK
B9_c1,HMN52554,NI,NK,B9_c1_AACCGCGGTGGACGAT,NK
B9_c1,,,NK,B9_c1_AACGTTGAGCTGCAAG,NK
B9_c1,HMN52556,NI,NK,B9_c1_AAGGAGCTCAAACAAG,NK
B9_c1,HMN52547,NI,NK,B9_c1_AAGGCAGCAAAGCAAT,NK
B9_c1,,,NK,B9_c1_AAGTCTGGTAGCGTGA,NK
B9_c1,HMN52554,NI,NK,B9_c1_AATCCAGTCATGGTCA,NK
B9_c1,HMN52554,NI,NK,B9_c1_AATCGGTTCCGTACAA,NK
B9_c1,,,NK,B9_c1_ACACCGGCAAGAGGCT,NK
B9_c1,HMN52554,NI,NK,B9_c1_ACATCAGAGGGTGTTG,NK
B9_c1,,,NK,B9_c1_ACCGTAAGTCAAAGAT,NK
B9_c1,HMN52554,NI,NK,B9_c1_ACCGTAATCAACTCTT,NK
B9_c1,HMN52554,NI,NK,B9_c1_ACCTTTAAGCCAGAAC,NK
B9_c1,HMN52554,NI,NK,B9_c1_ACCTTTACAAGTTGTC,NK
B9_c1,,,NK,B9_c1_ACGAGGAGTTCACGGC,NK
B9_c1,,,NK,B9_c1_ACGATACTCTTGTCAT,NK
B9_c1,,,NK,B9_c1_ACGCCGAGTGAAATCA,NK
B9_c1,HMN52554,NI,NK,B9_c1_ACGCCGAGTGATAAGT,NK
B9_c1,HMN52554,NI,NK,B9_c1_ACGGCCACAAACGTGG,NK
B9_c1,HMN52556,NI,NK,B9_c1_ACGGCCACACCAACCG,NK
B9_c1,,,NK,B9_c1_ACGGGTCGTACATGTC,NK
B9_c1,HMN52549,flu,NK,B9_c1_ACTATCTGTTCATGGT,NK
B9_c1,HMN52554,NI,NK,B9_c1_ACTGATGAGATGGGTC,NK
B9_c1,,,NK,B9_c1_ACTGCTCAGCGATATA,NK
B9_c1,HMN52554,NI,NK,B9_c1_ACTTACTGTGTAAGTA,NK
B9_c1,,,NK,B9_c1_ACTTACTGTGTTAAGA,NK
B9_c1,,,NK,B9_c1_ACTTGTTGTGGTTTCA,NK
B9_c1,,,NK,B9_c1_ACTTTCAGTGAGTATA,NK
B9_c1,HMN52554,NI,NK,B9_c1_AGAATAGGTGTGACGA,NK
B9_c1,HMN52549,flu,NK,B9_c1_AGAGTGGAGCAATATG,NK
B9_c1,HMN52554,NI,NK,B9_c1_AGAGTGGTCGGACAAG,NK
B9_c1,,,NK,B9_c1_AGATTGCTCACCACCT,NK
B9_c1,HMN52556,NI,NK,B9_c1_AGCAGCCAGGCATGGT,NK
B9_c1,,,NK,B9_c1_AGCATACAGAGCCCAA,NK
B9_c1,,,NK,B9_c1_AGCCTAACATCAGTCA,NK
B9_c1,,,NK,B9_c1_AGCGGTCCACAAGTAA,NK
B9_c1,HMN52554,NI,NK,B9_c1_AGCGTATGTAATAGCA,NK
B9_c1,HMN52554,NI,NK,B9_c1_AGGCCACGTAGCGCTC,NK
B9_c1,HMN52554,NI,NK,B9_c1_AGGCCACTCACAACGT,NK
B9_c1,HMN52554,NI,NK,B9_c1_AGGGAGTTCGCTTGTC,NK
B9_c1,,,NK,B9_c1_AGGGATGTCACTTCAT,NK
B9_c1,,,NK,B9_c1_AGTGAGGAGGTGCTAG,NK
B9_c1,,,NK,B9_c1_AGTGAGGCAATCCAAC,NK
B9_c1,,,NK,B9_c1_AGTGGGAAGAAGCCCA,NK
B9_c1,,,NK,B9_c1_AGTGGGAGTCTGGTCG,NK
B9_c1,,,NK,B9_c1_AGTGTCACAAGGACAC,NK
B9_c1,HMN52554,NI,NK,B9_c1_ATAAGAGAGCAAATCA,NK
B9_c1,HMN52554,NI,NK,B9_c1_ATCATCTGTCATCCCT,NK
B9_c1,HMN52549,flu,NK,B9_c1_ATCATCTTCACCCTCA,NK
B9_c1,HMN52556,NI,NK,B9_c1_ATCATGGAGCACCGCT,NK
B9_c1,,,NK,B9_c1_ATGAGGGAGCGATATA,NK
B9_c1,HMN52554,NI,NK,B9_c1_ATGCGATTCTTCGGTC,NK
B9_c1,,,NK,B9_c1_ATTGGACCAGGCTGAA,NK
B9_c1,HMN52554,NI,NK,B9_c1_ATTGGTGGTCACAAGG,NK
B9_c1,,,NK,B9_c1_ATTTCTGTCAGAGCTT,NK
B9_c1,,,NK,B9_c1_CAACCAACAAGCTGAG,NK
B9_c1,,,NK,B9_c1_CAACCAACATAGGATA,NK
B9_c1,HMN52554,NI,NK,B9_c1_CAACTAGTCGAGCCCA,NK
B9_c1,,,NK,B9_c1_CACAAACAGCTGGAAC,NK
B9_c1,,,NK,B9_c1_CACAGGCTCCGTAGGC,NK
B9_c1,HMN52557,flu,NK,B9_c1_CACATAGTCTTAACCT,NK
B9_c1,,,NK,B9_c1_CACCAGGTCAAGGCTT,NK
B9_c1,HMN52554,NI,NK,B9_c1_CACTCCATCCCAAGAT,NK
B9_c1,HMN52554,NI,NK,B9_c1_CAGAATCAGACATAAC,NK
B9_c1,,,NK,B9_c1_CAGAATCCACTTCGAA,NK
B9_c1,,,NK,B9_c1_CAGATCACAAATTGCC,NK
B9_c1,,,NK,B9_c1_CAGCCGAGTGTGACCC,NK
B9_c1,HMN52554,NI,NK,B9_c1_CATATTCCACGGACAA,NK
B9_c1,HMN52547,NI,NK,B9_c1_CATCAGAAGGTGGGTT,NK
B9_c1,,,NK,B9_c1_CATCAGAGTCCGCTGA,NK
B9_c1,,,NK,B9_c1_CATCGGGGTCTTGATG,NK
B9_c1,HMN52556,NI,NK,B9_c1_CATGACATCTCGGACG,NK
B9_c1,,,NK,B9_c1_CATGCCTCAAGCCGCT,NK
B9_c1,HMN52554,NI,NK,B9_c1_CATGCCTGTCACTGGC,NK
B9_c1,,,NK,B9_c1_CATTATCGTCGGGTCT,NK
B9_c1,,,NK,B9_c1_CCACCTAAGCATGGCA,NK
B9_c1,,,NK,B9_c1_CCACCTATCGGAAATA,NK
B9_c1,HMN52554,NI,NK,B9_c1_CCACTACCAGCATGAG,NK
B9_c1,,,NK,B9_c1_CCATTCGAGTAGGCCA,NK
B9_c1,HMN52557,flu,NK,B9_c1_CCATTCGCAGATAATG,NK
B9_c1,,,NK,B9_c1_CCCAATCGTACGCACC,NK
B9_c1,,,NK,B9_c1_CCCAATCGTAGATTAG,NK
B9_c1,HMN52554,NI,NK,B9_c1_CCCATACTCAAAGTAG,NK
B9_c1,HMN52554,NI,NK,B9_c1_CCGGGATGTTACAGAA,NK
B9_c1,,,NK,B9_c1_CCGTGGAAGCTGAAAT,NK
B9_c1,,,NK,B9_c1_CCGTGGAAGGTGTTAA,NK
B9_c1,,,NK,B9_c1_CCGTGGAGTACCAGTT,NK
B9_c1,HMN52554,NI,NK,B9_c1_CCTACCATCTTGTACT,NK
B9_c1,HMN52549,flu,NK,B9_c1_CCTCAGTAGACAGGCT,NK
B9_c1,,,NK,B9_c1_CCTTCCCAGAAAGTGG,NK
B9_c1,HMN52556,NI,NK,B9_c1_CCTTCGAGTCCTAGCG,NK
B9_c1,,,NK,B9_c1_CGAGAAGAGGCTCAGA,NK
B9_c1,,,NK,B9_c1_CGAGCCACATCAGTAC,NK
B9_c1,HMN52554,NI,NK,B9_c1_CGAGCCAGTCACTTCC,NK
B9_c1,,,NK,B9_c1_CGAGCCATCCCACTTG,NK
B9_c1,HMN52554,NI,NK,B9_c1_CGATGTACATCCGGGT,NK
B9_c1,,,NK,B9_c1_CGATTGACAGCCTATA,NK
B9_c1,,,NK,B9_c1_CGATTGAGTCTAGGTT,NK
B9_c1,HMN52554,NI,NK,B9_c1_CGCGGTAGTAAACACA,NK
B9_c1,,,NK,B9_c1_CGGACTGAGGTGATTA,NK
B9_c1,HMN52554,NI,NK,B9_c1_CGGACTGCAGGGTTAG,NK
B9_c1,,,NK,B9_c1_CGGGTCAGTCCAAGTT,NK
B9_c1,,,NK,B9_c1_CGTAGGCTCATGTCTT,NK
B9_c1,,,NK,B9_c1_CGTCTACGTGATGCCC,NK
B9_c1,,,NK,B9_c1_CGTGAGCCACAAGACG,NK
B9_c1,,,NK,B9_c1_CGTGTAAAGAAGGTTT,NK
B9_c1,,,NK,B9_c1_CGTGTAAAGCGTGTCC,NK
B9_c1,,,NK,B9_c1_CGTGTAAAGGCCCTTG,NK
B9_c1,,,NK,B9_c1_CGTTCTGGTGTCGCTG,NK
B9_c1,,,NK,B9_c1_CGTTCTGTCGAACGGA,NK
B9_c1,HMN52554,NI,NK,B9_c1_CTAACTTCAATGAATG,NK
B9_c1,,,NK,B9_c1_CTAACTTGTATTCGTG,NK
B9_c1,HMN52554,NI,NK,B9_c1_CTACATTAGATGGCGT,NK
B9_c1,HMN52554,NI,NK,B9_c1_CTACCCACATCTATGG,NK
B9_c1,HMN52554,NI,NK,B9_c1_CTACCCAGTATATGAG,NK
B9_c1,,,NK,B9_c1_CTACGTCAGAATCTCC,NK
B9_c1,HMN52554,NI,NK,B9_c1_CTAGCCTAGCGTCTAT,NK
B9_c1,,,NK,B9_c1_CTAGCCTTCATGTAGC,NK
B9_c1,,,NK,B9_c1_CTCACACGTGTGACCC,NK
B9_c1,,,NK,B9_c1_CTCATTAGTGTCGCTG,NK
B9_c1,,,NK,B9_c1_CTCGGGAAGCCAGGAT,NK
B9_c1,HMN52556,NI,NK,B9_c1_CTCGTACGTTACTGAC,NK
B9_c1,HMN52556,NI,NK,B9_c1_CTCTAATTCGACAGCC,NK
B9_c1,HMN52554,NI,NK,B9_c1_CTCTGGTTCGGTTCGG,NK
B9_c1,HMN52554,NI,NK,B9_c1_CTGAAGTTCGGATGGA,NK
B9_c1,,,NK,B9_c1_CTGCGGACAGGGAGAG,NK
B9_c1,HMN52560,flu,NK,B9_c1_CTGCTGTTCATCATTC,NK
B9_c1,HMN52554,NI,NK,B9_c1_CTGTGCTTCTGACCTC,NK
B9_c1,,,NK,B9_c1_CTTAACTCAACGATCT,NK
B9_c1,,,NK,B9_c1_CTTAACTCATATACGC,NK
B9_c1,HMN52554,NI,NK,B9_c1_CTTAACTTCATGTAGC,NK
B9_c1,HMN52554,NI,NK,B9_c1_CTTACCGAGGTGCTAG,NK
B9_c1,HMN52557,flu,NK,B9_c1_CTTAGGAAGTTGTCGT,NK
B9_c1,HMN52554,NI,NK,B9_c1_CTTTGCGCACCATCCT,NK
B9_c1,HMN52554,NI,NK,B9_c1_CTTTGCGTCAACTCTT,NK
B9_c1,,,NK,B9_c1_CTTTGCGTCAGATAAG,NK
B9_c1,,,NK,B9_c1_GAAACTCTCACCGGGT,NK
B9_c1,HMN52554,NI,NK,B9_c1_GAAATGATCGGCCGAT,NK
B9_c1,,,NK,B9_c1_GAACCTAGTGGCGAAT,NK
B9_c1,,,NK,B9_c1_GAACGGAAGGAGTTGC,NK
B9_c1,HMN52556,NI,NK,B9_c1_GAACGGATCAACGGCC,NK
B9_c1,,,NK,B9_c1_GACACGCAGGTAGCTG,NK
B9_c1,HMN52556,NI,NK,B9_c1_GACAGAGTCGTCCGTT,NK
B9_c1,HMN52560,flu,NK,B9_c1_GACGCGTGTCTCTCTG,NK
B9_c1,,,NK,B9_c1_GACGTTAGTCGGCATC,NK
B9_c1,,,NK,B9_c1_GACTACAAGGAGCGAG,NK
B9_c1,HMN52554,NI,NK,B9_c1_GACTGCGAGTGGTAAT,NK
B9_c1,HMN52554,NI,NK,B9_c1_GACTGCGGTACAGACG,NK
B9_c1,,,NK,B9_c1_GAGCAGACAACGATCT,NK
B9_c1,HMN52556,NI,NK,B9_c1_GAGCAGACAATAGAGT,NK
B9_c1,,,NK,B9_c1_GAGCAGAGTCCAACTA,NK
B9_c1,HMN52554,NI,NK,B9_c1_GATCGATAGGGTATCG,NK
B9_c1,HMN52554,NI,NK,B9_c1_GATCGCGCAGGAATCG,NK
B9_c1,,,NK,B9_c1_GATGCTAGTTCACGGC,NK
B9_c1,,,NK,B9_c1_GCAATCATCAAGCCTA,NK
B9_c1,,,NK,B9_c1_GCACATAAGGGTGTGT,NK
B9_c1,HMN52556,NI,NK,B9_c1_GCACATACACCGGAAA,NK
B9_c1,,,NK,B9_c1_GCCAAATAGAAGGTTT,NK
B9_c1,HMN52547,NI,NK,B9_c1_GCGAGAAAGCTTATCG,NK
B9_c1,,,NK,B9_c1_GCTCCTAAGTGGACGT,NK
B9_c1,,,NK,B9_c1_GCTCCTACAATGGAAT,NK
B9_c1,,,NK,B9_c1_GCTCTGTGTCCTCCAT,NK
B9_c1,,,NK,B9_c1_GCTCTGTTCGCATGAT,NK
B9_c1,,,NK,B9_c1_GCTTCCACAAGCGCTC,NK
B9_c1,HMN52554,NI,NK,B9_c1_GCTTGAATCCCGACTT,NK
B9_c1,,,NK,B9_c1_GGACAAGAGACACGAC,NK
B9_c1,,,NK,B9_c1_GGACATTCACCTCGTT,NK
B9_c1,HMN52557,flu,NK,B9_c1_GGAGCAACAGTCAGCC,NK
B9_c1,,,NK,B9_c1_GGCAATTGTCCGTGAC,NK
B9_c1,,,NK,B9_c1_GGCCGATAGTCTCGGC,NK
B9_c1,HMN52549,flu,NK,B9_c1_GGCCGATTCTTAACCT,NK
B9_c1,,,NK,B9_c1_GGCTGGTTCAACGGCC,NK
B9_c1,HMN52554,NI,NK,B9_c1_GGCTGGTTCTCCTATA,NK
B9_c1,,,NK,B9_c1_GGGAATGAGAAACCAT,NK
B9_c1,,,NK,B9_c1_GGGAATGAGATGCCTT,NK
B9_c1,HMN52554,NI,NK,B9_c1_GGGACCTAGTGACTCT,NK
B9_c1,,,NK,B9_c1_GGGTTGCCATTGTGCA,NK
B9_c1,HMN52554,NI,NK,B9_c1_GGTATTGTCTAACCGA,NK
B9_c1,,,NK,B9_c1_GGTATTGTCTGTCTAT,NK
B9_c1,HMN52554,NI,NK,B9_c1_GGTGCGTGTGAAATCA,NK
B9_c1,HMN52554,NI,NK,B9_c1_GTAACGTGTTAAAGTG,NK
B9_c1,HMN52554,NI,NK,B9_c1_GTAACTGAGCCAGTTT,NK
B9_c1,,,NK,B9_c1_GTACTTTCAAGCGCTC,NK
B9_c1,,,NK,B9_c1_GTAGGCCAGTTGAGTA,NK
B9_c1,HMN52554,NI,NK,B9_c1_GTATCTTCAAGCCGTC,NK
B9_c1,,,NK,B9_c1_GTCACAAGTAGCGTAG,NK
B9_c1,,,NK,B9_c1_GTCACGGAGACTAAGT,NK
B9_c1,,,NK,B9_c1_GTCATTTCAGCTTAAC,NK
B9_c1,,,NK,B9_c1_GTCATTTTCACAACGT,NK
B9_c1,,,NK,B9_c1_GTCTCGTTCAGAGACG,NK
B9_c1,,,NK,B9_c1_GTCTTCGCACCAACCG,NK
B9_c1,,,NK,B9_c1_GTGAAGGGTCAGAAGC,NK
B9_c1,HMN52554,NI,NK,B9_c1_GTGAAGGGTGCTGTAT,NK
B9_c1,HMN52554,NI,NK,B9_c1_GTGAAGGTCCGTTGCT,NK
B9_c1,,,NK,B9_c1_GTGCATACAAGGACTG,NK
B9_c1,,,NK,B9_c1_GTGCGGTGTCAAAGAT,NK
B9_c1,,,NK,B9_c1_GTGGGTCAGTATTGGA,NK
B9_c1,,,NK,B9_c1_GTTCTCGTCCACGTTC,NK
B9_c1,,,NK,B9_c1_TAAACCGCAGGTCCAC,NK
B9_c1,,,NK,B9_c1_TAAGAGAAGTCCATAC,NK
B9_c1,,,NK,B9_c1_TAAGCGTAGAAGGGTA,NK
B9_c1,,,NK,B9_c1_TAAGCGTAGAGGGCTT,NK
B9_c1,,,NK,B9_c1_TAAGTGCAGCTAGTCT,NK
B9_c1,HMN52556,NI,NK,B9_c1_TAAGTGCTCAGTTGAC,NK
B9_c1,HMN52554,NI,NK,B9_c1_TACAGTGGTGATGATA,NK
B9_c1,HMN52560,flu,NK,B9_c1_TACCTATCAGCTCCGA,NK
B9_c1,HMN52554,NI,NK,B9_c1_TACGGTAGTTCATGGT,NK
B9_c1,HMN52554,NI,NK,B9_c1_TAGCCGGAGTTAGGTA,NK
B9_c1,,,NK,B9_c1_TAGCCGGCAACGATGG,NK
B9_c1,HMN52554,NI,NK,B9_c1_TAGTGGTCACGTGAGA,NK
B9_c1,,,NK,B9_c1_TAGTTGGCAGTTAACC,NK
B9_c1,HMN52554,NI,NK,B9_c1_TAGTTGGTCAGGTTCA,NK
B9_c1,,,NK,B9_c1_TAGTTGGTCGTCCAGG,NK
B9_c1,,,NK,B9_c1_TATTACCGTTTGGCGC,NK
B9_c1,HMN52554,NI,NK,B9_c1_TCAATCTGTTGAGGTG,NK
B9_c1,HMN52554,NI,NK,B9_c1_TCACAAGTCGGATGTT,NK
B9_c1,HMN52554,NI,NK,B9_c1_TCACGAAAGCTGTTCA,NK
B9_c1,,,NK,B9_c1_TCACGAATCGTGGGAA,NK
B9_c1,HMN52554,NI,NK,B9_c1_TCATTTGTCGGCTACG,NK
B9_c1,,,NK,B9_c1_TCCACACTCAGCTCGG,NK
B9_c1,HMN52560,flu,NK,B9_c1_TCGAGGCCAAGAGGCT,NK
B9_c1,,,NK,B9_c1_TCGAGGCGTGGAAAGA,NK
B9_c1,,,NK,B9_c1_TCGCGTTCATGGGACA,NK
B9_c1,,,NK,B9_c1_TCGTACCTCATACGGT,NK
B9_c1,,,NK,B9_c1_TCGTAGACACAGGAGT,NK
B9_c1,,,NK,B9_c1_TCGTAGAGTGCGGTAA,NK
B9_c1,,,NK,B9_c1_TCTATTGTCTGGCGTG,NK
B9_c1,,,NK,B9_c1_TCTCTAAGTGTGAATA,NK
B9_c1,,,NK,B9_c1_TCTGGAATCTCACATT,NK
B9_c1,HMN52554,NI,NK,B9_c1_TCTTTCCAGACCTTTG,NK
B9_c1,,,NK,B9_c1_TCTTTCCCACACCGAC,NK
B9_c1,,,NK,B9_c1_TCTTTCCGTATATCCG,NK
B9_c1,HMN52556,NI,NK,B9_c1_TGAAAGATCTCCGGTT,NK
B9_c1,HMN52560,flu,NK,B9_c1_TGACGGCCAAAGCAAT,NK
B9_c1,HMN52554,NI,NK,B9_c1_TGACTTTCACAGACTT,NK
B9_c1,,,NK,B9_c1_TGAGAGGAGGACAGCT,NK
B9_c1,HMN52554,NI,NK,B9_c1_TGAGCATAGGGCATGT,NK
B9_c1,HMN52547,NI,NK,B9_c1_TGAGCATGTGTAACGG,NK
B9_c1,HMN52554,NI,NK,B9_c1_TGAGCCGAGAGTGACC,NK
B9_c1,,,NK,B9_c1_TGAGCCGAGTTGTCGT,NK
B9_c1,,,NK,B9_c1_TGCCCATAGCGCCTCA,NK
B9_c1,,,NK,B9_c1_TGCCCATTCCGCATCT,NK
B9_c1,,,NK,B9_c1_TGCCCTAGTCTAGAGG,NK
B9_c1,,,NK,B9_c1_TGCGGGTAGCCCAGCT,NK
B9_c1,,,NK,B9_c1_TGCTACCTCGTGGACC,NK
B9_c1,HMN52560,flu,NK,B9_c1_TGGTTCCAGCTAGCCC,NK
B9_c1,HMN52554,NI,NK,B9_c1_TGGTTCCTCTCCCTGA,NK
B9_c1,HMN52549,flu,NK,B9_c1_TGTATTCCAAGGCTCC,NK
B9_c1,HMN52556,NI,NK,B9_c1_TGTCCCAGTTCTCATT,NK
B9_c1,HMN52554,NI,NK,B9_c1_TGTGGTACAGTTTACG,NK
B9_c1,HMN52554,NI,NK,B9_c1_TGTGGTATCAGTTCGA,NK
B9_c1,,,NK,B9_c1_TTAGGACAGTACGCGA,NK
B9_c1,,,NK,B9_c1_TTAGGACCAAAGGCGT,NK
B9_c1,,,NK,B9_c1_TTAGGCATCTTTAGTC,NK
B9_c1,,,NK,B9_c1_TTATGCTAGTGTCCCG,NK
B9_c1,HMN52554,NI,NK,B9_c1_TTATGCTAGTTGTAGA,NK
B9_c1,HMN52554,NI,NK,B9_c1_TTCCCAGGTCGACTAT,NK
B9_c1,HMN52554,NI,NK,B9_c1_TTCGGTCCAAAGCGGT,NK
B9_c1,HMN52554,NI,NK,B9_c1_TTCTCAATCCGCATCT,NK
B9_c1,HMN52554,NI,NK,B9_c1_TTCTTAGCAGGCGATA,NK
B9_c1,,,NK,B9_c1_TTGTAGGAGTTCGCAT,NK
B9_c1,,,NK,B9_c1_TTGTAGGGTCTGGTCG,NK
B9_c1,,,NK,B9_c1_TTTACTGCAGCCTATA,NK
B9_c1,,,NK,B9_c1_TTTCCTCCAAGCGCTC,NK
B9_c2,HMN52549,NI,NK,B9_c2_AAACGGGTCATCTGCC,NK
B9_c2,,,NK,B9_c2_AAAGATGTCCTTTCTC,NK
B9_c2,,,NK,B9_c2_AAAGCAAAGAATAGGG,NK
B9_c2,,,NK,B9_c2_AAAGCAAGTTACTGAC,NK
B9_c2,,,NK,B9_c2_AAATGCCTCGTCCAGG,NK
B9_c2,,,NK,B9_c2_AACACGTGTAATCGTC,NK
B9_c2,,,NK,B9_c2_AACGTTGCATAACCTG,NK
B9_c2,,,NK,B9_c2_AACTTTCAGAATGTGT,NK
B9_c2,,,NK,B9_c2_AAGACCTGTGGTCCGT,NK
B9_c2,,,NK,B9_c2_AAGGCAGGTCCGAATT,NK
B9_c2,,,NK,B9_c2_AAGGCAGTCGAATGGG,NK
B9_c2,HMN52560,NI,NK,B9_c2_AATCCAGGTTCGAATC,NK
B9_c2,,,NK,B9_c2_AATCCAGTCGTCTGCT,NK
B9_c2,,,NK,B9_c2_ACACCAAAGACAAAGG,NK
B9_c2,,,NK,B9_c2_ACACCCTTCTTCGGTC,NK
B9_c2,,,NK,B9_c2_ACACCGGTCGTACCGG,NK
B9_c2,,,NK,B9_c2_ACACTGATCTACCAGA,NK
B9_c2,,,NK,B9_c2_ACCAGTAGTCAGAATA,NK
B9_c2,,,NK,B9_c2_ACCAGTATCGTCGTTC,NK
B9_c2,,,NK,B9_c2_ACCCACTAGGTAGCCA,NK
B9_c2,,,NK,B9_c2_ACCGTAAGTCTAAACC,NK
B9_c2,,,NK,B9_c2_ACCTTTACACGAAACG,NK
B9_c2,,,NK,B9_c2_ACCTTTATCTAACGGT,NK
B9_c2,HMN52560,NI,NK,B9_c2_ACGATGTGTCGACTAT,NK
B9_c2,HMN52554,flu,NK,B9_c2_ACGCCAGAGTGTGGCA,NK
B9_c2,HMN52560,NI,NK,B9_c2_ACGCCAGTCGTACCGG,NK
B9_c2,,,NK,B9_c2_ACGGAGAAGTGTGGCA,NK
B9_c2,HMN52560,NI,NK,B9_c2_ACGGAGAAGTTAACGA,NK
B9_c2,HMN52549,NI,NK,B9_c2_ACGGGCTTCCGGGTGT,NK
B9_c2,,,NK,B9_c2_ACGGGTCCACGGCTAC,NK
B9_c2,,,NK,B9_c2_ACGGGTCCACTTAACG,NK
B9_c2,,,NK,B9_c2_ACTGAACCAAACGTGG,NK
B9_c2,,,NK,B9_c2_ACTGAACTCACATACG,NK
B9_c2,HMN52560,NI,NK,B9_c2_ACTGATGGTACGCACC,NK
B9_c2,HMN52547,flu,NK,B9_c2_ACTGCTCTCGCGATCG,NK
B9_c2,,,NK,B9_c2_ACTTACTGTTGGTAAA,NK
B9_c2,,,NK,B9_c2_ACTTGTTGTACCGTTA,NK
B9_c2,,,NK,B9_c2_ACTTTCATCGGAAACG,NK
B9_c2,,,NK,B9_c2_AGAATAGGTGTGCGTC,NK
B9_c2,,,NK,B9_c2_AGAGCGAAGAGATGAG,NK
B9_c2,,,NK,B9_c2_AGAGTGGTCCGTTGCT,NK
B9_c2,HMN52560,NI,NK,B9_c2_AGAGTGGTCGGTGTCG,NK
B9_c2,,,NK,B9_c2_AGATTGCGTTGGTAAA,NK
B9_c2,HMN52549,NI,NK,B9_c2_AGCATACCATTCGACA,NK
B9_c2,HMN52560,NI,NK,B9_c2_AGCCTAAAGTGTGAAT,NK
B9_c2,,,NK,B9_c2_AGCTCCTAGGTTCCTA,NK
B9_c2,,,NK,B9_c2_AGCTCCTTCGGTTAAC,NK
B9_c2,HMN52560,NI,NK,B9_c2_AGCTCCTTCTTAGAGC,NK
B9_c2,,,NK,B9_c2_AGCTTGAAGCTGAACG,NK
B9_c2,,,NK,B9_c2_AGCTTGATCATCGATG,NK
B9_c2,HMN52560,NI,NK,B9_c2_AGGCCACGTATAGGGC,NK
B9_c2,,,NK,B9_c2_AGGCCGTGTCTCAACA,NK
B9_c2,,,NK,B9_c2_AGGGTGATCAGAGGTG,NK
B9_c2,HMN52560,NI,NK,B9_c2_AGGTCATCAGTAAGCG,NK
B9_c2,,,NK,B9_c2_AGTTGGTCAAGTAGTA,NK
B9_c2,,,NK,B9_c2_ATCATGGTCGCCAAAT,NK
B9_c2,,,NK,B9_c2_ATCCACCGTCAGAAGC,NK
B9_c2,HMN52557,NI,NK,B9_c2_ATCCGAACAGTATAAG,NK
B9_c2,,,NK,B9_c2_ATTATCCGTCCAAGTT,NK
B9_c2,HMN52560,NI,NK,B9_c2_ATTCTACAGATACACA,NK
B9_c2,,,NK,B9_c2_ATTCTACGTTCATGGT,NK
B9_c2,,,NK,B9_c2_ATTGGTGGTAATCGTC,NK
B9_c2,,,NK,B9_c2_CAACCTCAGTGTCCAT,NK
B9_c2,,,NK,B9_c2_CAACTAGAGTGGCACA,NK
B9_c2,,,NK,B9_c2_CACATTTCACATCCGG,NK
B9_c2,,,NK,B9_c2_CACATTTCATCCTAGA,NK
B9_c2,HMN52554,flu,NK,B9_c2_CACCACTCATAACCTG,NK
B9_c2,HMN52560,NI,NK,B9_c2_CAGAGAGTCGCTTGTC,NK
B9_c2,,,NK,B9_c2_CAGCAGCAGACCACGA,NK
B9_c2,,,NK,B9_c2_CAGCAGCGTTCCACTC,NK
B9_c2,,,NK,B9_c2_CAGCTAAGTTACGTCA,NK
B9_c2,,,NK,B9_c2_CAGTAACTCCAAAGTC,NK
B9_c2,HMN52560,NI,NK,B9_c2_CAGTAACTCGCAAGCC,NK
B9_c2,HMN52560,NI,NK,B9_c2_CATATGGTCTTGTACT,NK
B9_c2,HMN52549,NI,NK,B9_c2_CATCCACTCGTTTATC,NK
B9_c2,,,NK,B9_c2_CATCGAAAGTCAAGCG,NK
B9_c2,,,NK,B9_c2_CATCGAAGTAAACGCG,NK
B9_c2,HMN52547,flu,NK,B9_c2_CATCGGGGTCCCTACT,NK
B9_c2,,,NK,B9_c2_CATTCGCAGGACAGAA,NK
B9_c2,HMN52549,NI,NK,B9_c2_CCACTACGTAAACCTC,NK
B9_c2,,,NK,B9_c2_CCATTCGGTGGCGAAT,NK
B9_c2,,,NK,B9_c2_CCCAATCGTCTTCAAG,NK
B9_c2,,,NK,B9_c2_CCCAGTTAGCTTTGGT,NK
B9_c2,HMN52560,NI,NK,B9_c2_CCGTACTCAGAGTGTG,NK
B9_c2,HMN52560,NI,NK,B9_c2_CCTAGCTAGGGCTTCC,NK
B9_c2,,,NK,B9_c2_CCTCAGTGTCACACGC,NK
B9_c2,HMN52549,NI,NK,B9_c2_CCTCAGTTCCGGCACA,NK
B9_c2,,,NK,B9_c2_CCTTACGCAGATCTGT,NK
B9_c2,HMN52560,NI,NK,B9_c2_CCTTTCTCACCTCGTT,NK
B9_c2,,,NK,B9_c2_CGAGCCAAGACAGAGA,NK
B9_c2,,,NK,B9_c2_CGAGCCAAGATGTAAC,NK
B9_c2,HMN52560,NI,NK,B9_c2_CGATCGGAGATGGGTC,NK
B9_c2,,,NK,B9_c2_CGATCGGGTAAAGGAG,NK
B9_c2,,,NK,B9_c2_CGATTGAAGGGTGTGT,NK
B9_c2,,,NK,B9_c2_CGCGTTTCAATCAGAA,NK
B9_c2,,,NK,B9_c2_CGCGTTTTCTTAACCT,NK
B9_c2,HMN52560,NI,NK,B9_c2_CGCTATCAGAGGTTGC,NK
B9_c2,HMN52557,NI,NK,B9_c2_CGGACACGTGTAAGTA,NK
B9_c2,,,NK,B9_c2_CGGACACGTTAAAGAC,NK
B9_c2,,,NK,B9_c2_CGGACACGTTAAGATG,NK
B9_c2,HMN52549,NI,NK,B9_c2_CGGACTGTCGGATGGA,NK
B9_c2,,,NK,B9_c2_CGGAGTCTCGCATGAT,NK
B9_c2,,,NK,B9_c2_CGGAGTCTCGTACGGC,NK
B9_c2,,,NK,B9_c2_CGTAGGCGTACGCTGC,NK
B9_c2,,,NK,B9_c2_CGTAGGCTCTGCCCTA,NK
B9_c2,,,NK,B9_c2_CGTCACTTCACAGGCC,NK
B9_c2,HMN52557,NI,NK,B9_c2_CGTCAGGAGAAGGTGA,NK
B9_c2,HMN52560,NI,NK,B9_c2_CGTCTACGTACCGTAT,NK
B9_c2,,,NK,B9_c2_CGTTAGATCTACTTAC,NK
B9_c2,HMN52560,NI,NK,B9_c2_CGTTGGGCATACGCTA,NK
B9_c2,,,NK,B9_c2_CTCACACAGGGATCTG,NK
B9_c2,HMN52560,NI,NK,B9_c2_CTCACACTCTGCTGCT,NK
B9_c2,HMN52560,NI,NK,B9_c2_CTCCTAGGTCGATTGT,NK
B9_c2,,,NK,B9_c2_CTCGGGACATCGGACC,NK
B9_c2,,,NK,B9_c2_CTCTACGCAAAGCAAT,NK
B9_c2,,,NK,B9_c2_CTGAAACAGTCGTTTG,NK
B9_c2,,,NK,B9_c2_CTGCGGATCAACACCA,NK
B9_c2,,,NK,B9_c2_CTGTTTAAGTCGTACT,NK
B9_c2,,,NK,B9_c2_CTTAGGATCACATGCA,NK
B9_c2,,,NK,B9_c2_CTTGGCTTCAACGCTA,NK
B9_c2,,,NK,B9_c2_GAAATGAAGATCCGAG,NK
B9_c2,HMN52560,NI,NK,B9_c2_GAACCTACACGCTTTC,NK
B9_c2,,,NK,B9_c2_GAACGGACATTTGCCC,NK
B9_c2,HMN52560,NI,NK,B9_c2_GAATGAAAGCAACGGT,NK
B9_c2,,,NK,B9_c2_GAATGAAAGGACACCA,NK
B9_c2,,,NK,B9_c2_GAATGAAAGTGGGATC,NK
B9_c2,,,NK,B9_c2_GAATGAATCGGGAGTA,NK
B9_c2,,,NK,B9_c2_GAATGAATCTTGTACT,NK
B9_c2,HMN52560,NI,NK,B9_c2_GACCAATAGAAACGAG,NK
B9_c2,HMN52560,NI,NK,B9_c2_GACCAATTCCTATTCA,NK
B9_c2,,,NK,B9_c2_GACGCGTAGTAACCCT,NK
B9_c2,,,NK,B9_c2_GACGCGTCACGCCAGT,NK
B9_c2,,,NK,B9_c2_GACGGCTAGATCCGAG,NK
B9_c2,HMN52560,NI,NK,B9_c2_GACGGCTAGTTGAGAT,NK
B9_c2,,,NK,B9_c2_GACGGCTTCAGTGTTG,NK
B9_c2,,,NK,B9_c2_GACTACATCACCTCGT,NK
B9_c2,HMN52549,NI,NK,B9_c2_GAGCAGAGTGATGTGG,NK
B9_c2,,,NK,B9_c2_GATCGATAGACTGTAA,NK
B9_c2,,,NK,B9_c2_GATCGATTCGAATGGG,NK
B9_c2,,,NK,B9_c2_GATCGTAAGTGGAGTC,NK
B9_c2,HMN52554,flu,NK,B9_c2_GATGCTAAGCAGCCTC,NK
B9_c2,HMN52560,NI,NK,B9_c2_GATTCAGAGGATGGTC,NK
B9_c2,,,NK,B9_c2_GCAGTTACATACCATG,NK
B9_c2,,,NK,B9_c2_GCAGTTATCCTTGACC,NK
B9_c2,,,NK,B9_c2_GCATGATAGTGTCCAT,NK
B9_c2,,,NK,B9_c2_GCATGTATCGGAAACG,NK
B9_c2,,,NK,B9_c2_GCCAAATGTTTGTTTC,NK
B9_c2,HMN52560,NI,NK,B9_c2_GCCTCTAGTACTTAGC,NK
B9_c2,,,NK,B9_c2_GCGACCAAGCACACAG,NK
B9_c2,,,NK,B9_c2_GCGCAACGTAGCGCTC,NK
B9_c2,,,NK,B9_c2_GCTCCTACAACGATGG,NK
B9_c2,HMN52560,NI,NK,B9_c2_GCTGCAGGTTTAGCTG,NK
B9_c2,HMN52557,NI,NK,B9_c2_GCTTCCAGTGAACCTT,NK
B9_c2,,,NK,B9_c2_GGAATAACAATCGAAA,NK
B9_c2,HMN52560,NI,NK,B9_c2_GGAATAATCTTGACGA,NK
B9_c2,,,NK,B9_c2_GGACAAGGTATTCGTG,NK
B9_c2,,,NK,B9_c2_GGACAGAAGAAACGCC,NK
B9_c2,HMN52554,flu,NK,B9_c2_GGACAGATCTTGTTTG,NK
B9_c2,,,NK,B9_c2_GGATGTTCAGTCAGAG,NK
B9_c2,,,NK,B9_c2_GGCCGATGTATTAGCC,NK
B9_c2,,,NK,B9_c2_GGCGACTGTTGGGACA,NK
B9_c2,,,NK,B9_c2_GGCGTGTCATCACGTA,NK
B9_c2,,,NK,B9_c2_GGGAATGCAGCTTCGG,NK
B9_c2,HMN52560,NI,NK,B9_c2_GGGAGATCAAGTTGTC,NK
B9_c2,HMN52560,NI,NK,B9_c2_GGGAGATCAGCTTAAC,NK
B9_c2,,,NK,B9_c2_GGGAGATGTAAACCTC,NK
B9_c2,,,NK,B9_c2_GGGCACTGTCTCTTAT,NK
B9_c2,,,NK,B9_c2_GGGCATCTCGTACCGG,NK
B9_c2,,,NK,B9_c2_GGGTCTGAGGAGTTTA,NK
B9_c2,HMN52560,NI,NK,B9_c2_GGTGAAGAGGGTTTCT,NK
B9_c2,,,NK,B9_c2_GGTGAAGTCCCATTTA,NK
B9_c2,,,NK,B9_c2_GGTGCGTTCATTGCCC,NK
B9_c2,,,NK,B9_c2_GGTGCGTTCTGTTGAG,NK
B9_c2,HMN52549,NI,NK,B9_c2_GTACTTTTCGTAGATC,NK
B9_c2,,,NK,B9_c2_GTAGTCATCGCAAGCC,NK
B9_c2,,,NK,B9_c2_GTATCTTTCAGGCCCA,NK
B9_c2,,,NK,B9_c2_GTATTCTGTATGAAAC,NK
B9_c2,,,NK,B9_c2_GTCAAGTAGTGAACAT,NK
B9_c2,HMN52560,NI,NK,B9_c2_GTCACAACAGGTGCCT,NK
B9_c2,,,NK,B9_c2_GTCACGGTCGAGAACG,NK
B9_c2,,,NK,B9_c2_GTCCTCAGTAAGAGAG,NK
B9_c2,,,NK,B9_c2_GTCTCGTAGGCAGTCA,NK
B9_c2,,,NK,B9_c2_GTGCGGTTCCATGCTC,NK
B9_c2,,,NK,B9_c2_GTGCTTCAGTGAACGC,NK
B9_c2,HMN52560,NI,NK,B9_c2_GTTACAGGTTCGGCAC,NK
B9_c2,HMN52560,NI,NK,B9_c2_GTTCTCGAGTCATCCA,NK
B9_c2,,,NK,B9_c2_GTTCTCGGTGACGGTA,NK
B9_c2,,,NK,B9_c2_TAAGTGCCAATGGTCT,NK
B9_c2,,,NK,B9_c2_TACAGTGGTCGATTGT,NK
B9_c2,,,NK,B9_c2_TACCTATCAGTCGTGC,NK
B9_c2,HMN52560,NI,NK,B9_c2_TACCTTATCGCCTGTT,NK
B9_c2,,,NK,B9_c2_TACTCATTCGTGGACC,NK
B9_c2,,,NK,B9_c2_TACTCGCGTAGATTAG,NK
B9_c2,,,NK,B9_c2_TAGAGCTGTCAACATC,NK
B9_c2,HMN52549,NI,NK,B9_c2_TATCTCATCATGCATG,NK
B9_c2,,,NK,B9_c2_TCACGAAAGCCGGTAA,NK
B9_c2,HMN52547,flu,NK,B9_c2_TCAGCAACACATTCGA,NK
B9_c2,,,NK,B9_c2_TCAGCAAGTATAGGTA,NK
B9_c2,,,NK,B9_c2_TCAGGTAGTTATCACG,NK
B9_c2,,,NK,B9_c2_TCATTACTCTATGTGG,NK
B9_c2,,,NK,B9_c2_TCCACACAGCAGCGTA,NK
B9_c2,,,NK,B9_c2_TCGAGGCGTTACGGAG,NK
B9_c2,HMN52549,NI,NK,B9_c2_TCGCGAGCACCTTGTC,NK
B9_c2,,,NK,B9_c2_TCGCGTTGTCATTAGC,NK
B9_c2,HMN52549,NI,NK,B9_c2_TCGCGTTGTTTGGCGC,NK
B9_c2,,,NK,B9_c2_TCGCGTTTCCAAATGC,NK
B9_c2,,,NK,B9_c2_TCGGGACAGGATGTAT,NK
B9_c2,,,NK,B9_c2_TCGGTAAAGCTCCCAG,NK
B9_c2,,,NK,B9_c2_TCGGTAATCATAACCG,NK
B9_c2,,,NK,B9_c2_TCGGTAATCCTACAGA,NK
B9_c2,,,NK,B9_c2_TCGTACCCAACGATGG,NK
B9_c2,HMN52560,NI,NK,B9_c2_TCGTAGACATCCCATC,NK
B9_c2,,,NK,B9_c2_TCTGGAAAGCGTAGTG,NK
B9_c2,,,NK,B9_c2_TGAAAGACACGAAAGC,NK
B9_c2,,,NK,B9_c2_TGACGGCGTGATGTCT,NK
B9_c2,HMN52560,NI,NK,B9_c2_TGACTAGGTCTAGAGG,NK
B9_c2,HMN52560,NI,NK,B9_c2_TGCACCTGTCATATGC,NK
B9_c2,HMN52560,NI,NK,B9_c2_TGCCCTAAGCTTATCG,NK
B9_c2,,,NK,B9_c2_TGCGCAGAGGGTTCCC,NK
B9_c2,,,NK,B9_c2_TGCGCAGGTGCAGTAG,NK
B9_c2,HMN52560,NI,NK,B9_c2_TGCGCAGTCATCTGCC,NK
B9_c2,,,NK,B9_c2_TGCGGGTAGACTTTCG,NK
B9_c2,,,NK,B9_c2_TGCTACCCATCCAACA,NK
B9_c2,,,NK,B9_c2_TGGACGCAGGCTCATT,NK
B9_c2,,,NK,B9_c2_TGGACGCTCAAACCGT,NK
B9_c2,,,NK,B9_c2_TGGGAAGAGGCATGTG,NK
B9_c2,,,NK,B9_c2_TGGTTAGAGAAACCGC,NK
B9_c2,,,NK,B9_c2_TGGTTCCAGGAATCGC,NK
B9_c2,HMN52560,NI,NK,B9_c2_TGGTTCCTCTCAAACG,NK
B9_c2,,,NK,B9_c2_TGTATTCCATAGGATA,NK
B9_c2,HMN52547,flu,NK,B9_c2_TGTCCCAAGGCCCTTG,NK
B9_c2,,,NK,B9_c2_TGTGGTAAGCCAGTAG,NK
B9_c2,,,NK,B9_c2_TGTTCCGAGTGTACCT,NK
B9_c2,,,NK,B9_c2_TTAGGCATCGCCGTGA,NK
B9_c2,HMN52560,NI,NK,B9_c2_TTCCCAGGTTCACCTC,NK
B9_c2,,,NK,B9_c2_TTCGAAGGTAGGGTAC,NK
B9_c2,,,NK,B9_c2_TTCTACACAAAGAATC,NK
B9_c2,,,NK,B9_c2_TTCTACAGTTTACTCT,NK
B9_c2,HMN52560,NI,NK,B9_c2_TTGCCGTAGAAGCCCA,NK
B9_c2,,,NK,B9_c2_TTGCGTCTCACCCTCA,NK
B9_c2,HMN52554,flu,NK,B9_c2_TTGCGTCTCCGCATCT,NK
B9_c2,,,NK,B9_c2_TTGGAACCAGACACTT,NK
B9_c2,,,NK,B9_c2_TTGGAACCAGGAATCG,NK
B9_c2,,,NK,B9_c2_TTGGAACGTAGCGTGA,NK
B9_c2,,,NK,B9_c2_TTTATGCGTATAAACG,NK
B9_c2,,,NK,B9_c2_TTTATGCTCGTTGACA,NK
B9_c2,,,NK,B9_c2_TTTCCTCCAGCGAACA,NK
B10_c1,HMN52546,NI,NK,B10_c1_AAAGCAATCTGGCGAC,NK
B10_c1,,,NK,B10_c1_AAAGTAGAGACACGAC,NK
B10_c1,,,NK,B10_c1_AACCGCGAGTCTCGGC,NK
B10_c1,,,NK,B10_c1_AACGTTGGTAGGCATG,NK
B10_c1,,,NK,B10_c1_AACGTTGTCCGTAGTA,NK
B10_c1,HMN52559,NI,NK,B10_c1_AACGTTGTCTACCTGC,NK
B10_c1,,,NK,B10_c1_AACTCAGGTAGAGCTG,NK
B10_c1,,,NK,B10_c1_AACTCCCTCTCAACTT,NK
B10_c1,HMN52559,NI,NK,B10_c1_AACTGGTTCCGCTGTT,NK
B10_c1,,,NK,B10_c1_AAGGAGCAGTGCGATG,NK
B10_c1,HMN52559,NI,NK,B10_c1_AAGGCAGGTACGAAAT,NK
B10_c1,,,NK,B10_c1_AAGGTTCAGCTGCAAG,NK
B10_c1,HMN52559,NI,NK,B10_c1_AATCGGTCAGTGGGAT,NK
B10_c1,,,NK,B10_c1_ACACCAAGTATATGAG,NK
B10_c1,,,NK,B10_c1_ACACTGACAAGCGATG,NK
B10_c1,,,NK,B10_c1_ACAGCCGAGCAGCCTC,NK
B10_c1,,,NK,B10_c1_ACATACGTCGCCAGCA,NK
B10_c1,HMN52559,NI,NK,B10_c1_ACCAGTACAATGGACG,NK
B10_c1,,,NK,B10_c1_ACCAGTACATCCAACA,NK
B10_c1,,,NK,B10_c1_ACCTTTACAACAACCT,NK
B10_c1,,,NK,B10_c1_ACCTTTAGTGGCGAAT,NK
B10_c1,,,NK,B10_c1_ACCTTTAGTTTGACTG,NK
B10_c1,HMN52559,NI,NK,B10_c1_ACCTTTATCGCTTGTC,NK
B10_c1,HMN52546,NI,NK,B10_c1_ACGATGTCACGGTGTC,NK
B10_c1,HMN52559,NI,NK,B10_c1_ACGCAGCAGTTAAGTG,NK
B10_c1,,,NK,B10_c1_ACGCCGAGTTTAAGCC,NK
B10_c1,HMN52559,NI,NK,B10_c1_ACGGCCAGTGTCCTCT,NK
B10_c1,HMN52559,NI,NK,B10_c1_ACGGGCTAGCTGCAAG,NK
B10_c1,,,NK,B10_c1_ACTATCTGTTTAGGAA,NK
B10_c1,HMN52559,NI,NK,B10_c1_ACTGTCCCAACACGCC,NK
B10_c1,,,NK,B10_c1_AGACGTTTCGCGTAGC,NK
B10_c1,,,NK,B10_c1_AGACGTTTCGGCATCG,NK
B10_c1,HMN52559,NI,NK,B10_c1_AGATTGCTCATAACCG,NK
B10_c1,,,NK,B10_c1_AGCAGCCCATAACCTG,NK
B10_c1,,,NK,B10_c1_AGCAGCCTCCTCAATT,NK
B10_c1,,,NK,B10_c1_AGCATACTCTAACTGG,NK
B10_c1,,,NK,B10_c1_AGCGTCGTCAGAAATG,NK
B10_c1,,,NK,B10_c1_AGCTCCTAGGCATGGT,NK
B10_c1,,,NK,B10_c1_AGCTCTCTCGGAGGTA,NK
B10_c1,,,NK,B10_c1_AGGCCACTCTGTCTAT,NK
B10_c1,HMN52559,NI,NK,B10_c1_AGGCCGTAGCCACTAT,NK
B10_c1,HMN52546,NI,NK,B10_c1_AGGCCGTGTCATGCAT,NK
B10_c1,HMN52559,NI,NK,B10_c1_AGGGATGTCGTAGATC,NK
B10_c1,HMN52559,NI,NK,B10_c1_AGGGTGATCGTGGACC,NK
B10_c1,HMN52548,NI,NK,B10_c1_ATCCGAAAGACTAGAT,NK
B10_c1,,,NK,B10_c1_ATCTACTCAGATAATG,NK
B10_c1,,,NK,B10_c1_ATCTACTGTGTGGCTC,NK
B10_c1,HMN52559,NI,NK,B10_c1_ATGGGAGGTCGCATCG,NK
B10_c1,HMN52548,NI,NK,B10_c1_ATTGGACCATGGGAAC,NK
B10_c1,,,NK,B10_c1_ATTGGACTCCTCAACC,NK
B10_c1,HMN52559,NI,NK,B10_c1_ATTGGTGTCTGCGACG,NK
B10_c1,,,NK,B10_c1_CAACCTCTCCGCAAGC,NK
B10_c1,,,NK,B10_c1_CAACTAGAGCCAGAAC,NK
B10_c1,,,NK,B10_c1_CAAGATCAGATGGCGT,NK
B10_c1,,,NK,B10_c1_CACACCTTCTGTTTGT,NK
B10_c1,,,NK,B10_c1_CACCAGGCATATGAGA,NK
B10_c1,HMN52559,NI,NK,B10_c1_CACTCCAAGATAGCAT,NK
B10_c1,HMN52559,NI,NK,B10_c1_CACTCCAAGGATGCGT,NK
B10_c1,,,NK,B10_c1_CACTCCAGTGCCTTGG,NK
B10_c1,HMN52559,NI,NK,B10_c1_CAGCGACGTCACTTCC,NK
B10_c1,HMN52559,NI,NK,B10_c1_CAGCTAAGTCCGAACC,NK
B10_c1,,,NK,B10_c1_CAGCTGGAGGTGCTTT,NK
B10_c1,,,NK,B10_c1_CAGCTGGTCACATAGC,NK
B10_c1,,,NK,B10_c1_CAGTCCTCAGCGAACA,NK
B10_c1,HMN52546,NI,NK,B10_c1_CATATGGCATCTCCCA,NK
B10_c1,,,NK,B10_c1_CATATTCGTTGATTCG,NK
B10_c1,HMN52546,NI,NK,B10_c1_CATCAAGAGGAATCGC,NK
B10_c1,,,NK,B10_c1_CATCAAGAGTCAAGGC,NK
B10_c1,HMN52548,NI,NK,B10_c1_CATCGAAAGCCCAGCT,NK
B10_c1,,,NK,B10_c1_CATGACAAGTCCCACG,NK
B10_c1,,,NK,B10_c1_CATTATCAGTGACATA,NK
B10_c1,,,NK,B10_c1_CATTCGCCAAAGTGCG,NK
B10_c1,HMN52559,NI,NK,B10_c1_CCAATCCTCAGGCGAA,NK
B10_c1,HMN52559,NI,NK,B10_c1_CCACTACGTCATTAGC,NK
B10_c1,,,NK,B10_c1_CCAGCGAGTACCGGCT,NK
B10_c1,,,NK,B10_c1_CCATTCGAGTCCGGTC,NK
B10_c1,,,NK,B10_c1_CCCAATCCAAATTGCC,NK
B10_c1,,,NK,B10_c1_CCGGGATAGCGTAGTG,NK
B10_c1,HMN52559,NI,NK,B10_c1_CCGGTAGGTTCTGTTT,NK
B10_c1,,,NK,B10_c1_CCGGTAGTCAACCAAC,NK
B10_c1,,,NK,B10_c1_CCGGTAGTCAACCATG,NK
B10_c1,HMN52559,NI,NK,B10_c1_CCGTTCAAGGAGTAGA,NK
B10_c1,,,NK,B10_c1_CCTAAAGGTAGGAGTC,NK
B10_c1,HMN52559,NI,NK,B10_c1_CCTACACCAAGCTGAG,NK
B10_c1,,,NK,B10_c1_CCTATTAAGTCATCCA,NK
B10_c1,,,NK,B10_c1_CCTATTACAACACGCC,NK
B10_c1,HMN52559,NI,NK,B10_c1_CCTCAGTAGTCCTCCT,NK
B10_c1,,,NK,B10_c1_CCTTACGGTAAGGATT,NK
B10_c1,,,NK,B10_c1_CCTTCCCAGGACAGAA,NK
B10_c1,,,NK,B10_c1_CCTTTCTTCCCGACTT,NK
B10_c1,,,NK,B10_c1_CGACCTTTCCAAACAC,NK
B10_c1,,,NK,B10_c1_CGAGCCACACGTTGGC,NK
B10_c1,,,NK,B10_c1_CGCCAAGTCAAGGCTT,NK
B10_c1,,,NK,B10_c1_CGCGGTACACCGAATT,NK
B10_c1,,,NK,B10_c1_CGCTGGATCCAGGGCT,NK
B10_c1,,,NK,B10_c1_CGGACGTCACGTGAGA,NK
B10_c1,HMN52559,NI,NK,B10_c1_CGGCTAGGTGGTCTCG,NK
B10_c1,,,NK,B10_c1_CGGGTCATCAGTGTTG,NK
B10_c1,,,NK,B10_c1_CGGTTAACACACATGT,NK
B10_c1,,,NK,B10_c1_CGTAGCGCACTTGGAT,NK
B10_c1,,,NK,B10_c1_CGTCACTAGCTCCCAG,NK
B10_c1,,,NK,B10_c1_CGTCACTCACTTCGAA,NK
B10_c1,HMN52559,NI,NK,B10_c1_CGTCAGGAGTGTCCCG,NK
B10_c1,HMN52559,NI,NK,B10_c1_CGTCCATCATCGACGC,NK
B10_c1,,,NK,B10_c1_CGTCTACGTAGTACCT,NK
B10_c1,,,NK,B10_c1_CGTCTACTCGTGGGAA,NK
B10_c1,,,NK,B10_c1_CTAATGGAGCTTTGGT,NK
B10_c1,HMN52559,NI,NK,B10_c1_CTAATGGTCCTAAGTG,NK
B10_c1,,,NK,B10_c1_CTACATTTCAGCGATT,NK
B10_c1,HMN52546,NI,NK,B10_c1_CTCAGAACATACGCCG,NK
B10_c1,,,NK,B10_c1_CTCATTACAAGCGATG,NK
B10_c1,HMN52559,NI,NK,B10_c1_CTCGAGGCAACCGCCA,NK
B10_c1,HMN52559,NI,NK,B10_c1_CTCGTACAGATGCCAG,NK
B10_c1,,,NK,B10_c1_CTCGTACCATTATCTC,NK
B10_c1,,,NK,B10_c1_CTCGTCATCCTCAACC,NK
B10_c1,,,NK,B10_c1_CTCTAATAGGATGGAA,NK
B10_c1,,,NK,B10_c1_CTCTGGTCATGCTAGT,NK
B10_c1,,,NK,B10_c1_CTGCCTAGTCCGTCAG,NK
B10_c1,,,NK,B10_c1_CTGCCTATCAGCCTAA,NK
B10_c1,,,NK,B10_c1_CTTAACTCACCTCGTT,NK
B10_c1,,,NK,B10_c1_CTTACCGGTACTCGCG,NK
B10_c1,,,NK,B10_c1_CTTACCGGTGTTGAGG,NK
B10_c1,HMN52559,NI,NK,B10_c1_CTTAGGAGTATGAATG,NK
B10_c1,HMN52546,NI,NK,B10_c1_CTTGGCTTCCGAATGT,NK
B10_c1,HMN52561,flu,NK,B10_c1_GAACATCCAACTGGCC,NK
B10_c1,,,NK,B10_c1_GAACATCTCGCGCCAA,NK
B10_c1,HMN52559,NI,NK,B10_c1_GAACGGATCACAGGCC,NK
B10_c1,,,NK,B10_c1_GAATAAGCACCAGCAC,NK
B10_c1,,,NK,B10_c1_GACCAATAGAGCTTCT,NK
B10_c1,HMN52555,flu,NK,B10_c1_GACCAATTCGAGAGCA,NK
B10_c1,,,NK,B10_c1_GACGGCTGTGTATGGG,NK
B10_c1,,,NK,B10_c1_GACGTTAGTGGCCCTA,NK
B10_c1,,,NK,B10_c1_GACTAACTCTGCCCTA,NK
B10_c1,HMN52555,flu,NK,B10_c1_GACTACAGTGTAACGG,NK
B10_c1,,,NK,B10_c1_GACTGCGGTGAAATCA,NK
B10_c1,HMN52561,flu,NK,B10_c1_GAGCAGACATTACGAC,NK
B10_c1,HMN52559,NI,NK,B10_c1_GAGTCCGTCAGGATCT,NK
B10_c1,HMN52559,NI,NK,B10_c1_GATGCTAAGCAGCGTA,NK
B10_c1,HMN52555,flu,NK,B10_c1_GATTCAGAGAGTACAT,NK
B10_c1,,,NK,B10_c1_GATTCAGCAACAACCT,NK
B10_c1,HMN52559,NI,NK,B10_c1_GCAGCCAGTGATGTCT,NK
B10_c1,HMN52559,NI,NK,B10_c1_GCATGATGTGTGAAAT,NK
B10_c1,HMN52559,NI,NK,B10_c1_GCATGCGTCGGACAAG,NK
B10_c1,,,NK,B10_c1_GCGACCAGTGAAGGCT,NK
B10_c1,HMN52559,NI,NK,B10_c1_GCTCCTACAATTCCTT,NK
B10_c1,,,NK,B10_c1_GCTCCTAGTTAAGACA,NK
B10_c1,HMN52559,NI,NK,B10_c1_GCTCTGTAGTCTCGGC,NK
B10_c1,,,NK,B10_c1_GCTGCGACAGCGTCCA,NK
B10_c1,,,NK,B10_c1_GCTGCGAGTTCCGTCT,NK
B10_c1,,,NK,B10_c1_GGAACTTAGTGTACCT,NK
B10_c1,,,NK,B10_c1_GGAATAAGTCCGAGTC,NK
B10_c1,,,NK,B10_c1_GGACAAGCATGCGCAC,NK
B10_c1,HMN52559,NI,NK,B10_c1_GGACATTGTTATTCTC,NK
B10_c1,HMN52559,NI,NK,B10_c1_GGAGCAACACGCCAGT,NK
B10_c1,HMN52559,NI,NK,B10_c1_GGCGACTGTTCGAATC,NK
B10_c1,,,NK,B10_c1_GGCGTGTCACCAGCAC,NK
B10_c1,HMN52561,flu,NK,B10_c1_GGCTGGTGTCTAAAGA,NK
B10_c1,,,NK,B10_c1_GGGACCTGTAATCACC,NK
B10_c1,,,NK,B10_c1_GGGCACTAGATAGGAG,NK
B10_c1,,,NK,B10_c1_GGGTCTGAGTGTACCT,NK
B10_c1,HMN52559,NI,NK,B10_c1_GGGTCTGCATTGAGCT,NK
B10_c1,HMN52559,NI,NK,B10_c1_GGTATTGAGACTTGAA,NK
B10_c1,,,NK,B10_c1_GGTGAAGCATATGCTG,NK
B10_c1,HMN52559,NI,NK,B10_c1_GGTGCGTTCAACGGGA,NK
B10_c1,HMN52546,NI,NK,B10_c1_GTACGTACAGATCTGT,NK
B10_c1,HMN52546,NI,NK,B10_c1_GTACGTATCGGAGGTA,NK
B10_c1,HMN52559,NI,NK,B10_c1_GTACTCCAGCGTTTAC,NK
B10_c1,,,NK,B10_c1_GTACTTTAGTCAATAG,NK
B10_c1,,,NK,B10_c1_GTAGGCCTCACGAAGG,NK
B10_c1,HMN52555,flu,NK,B10_c1_GTATTCTGTCTAGTGT,NK
B10_c1,,,NK,B10_c1_GTATTCTGTTATTCTC,NK
B10_c1,,,NK,B10_c1_GTCACAAAGGGTTTCT,NK
B10_c1,,,NK,B10_c1_GTCCTCAAGTGACATA,NK
B10_c1,,,NK,B10_c1_GTCGTAAAGCTAGGCA,NK
B10_c1,,,NK,B10_c1_GTCTCGTTCTATGTGG,NK
B10_c1,,,NK,B10_c1_GTCTTCGAGCCAACAG,NK
B10_c1,,,NK,B10_c1_TAAACCGAGATGTAAC,NK
B10_c1,,,NK,B10_c1_TAAGTGCCACGAGAGT,NK
B10_c1,,,NK,B10_c1_TACCTTAGTATAGGTA,NK
B10_c1,,,NK,B10_c1_TACGGGCAGTGTCCAT,NK
B10_c1,,,NK,B10_c1_TACTCATGTCACTGGC,NK
B10_c1,HMN52559,NI,NK,B10_c1_TAGACCACAAGCCGTC,NK
B10_c1,,,NK,B10_c1_TAGACCAGTTCCGTCT,NK
B10_c1,HMN52559,NI,NK,B10_c1_TAGCCGGCAGACAAGC,NK
B10_c1,,,NK,B10_c1_TAGGCATAGGACTGGT,NK
B10_c1,,,NK,B10_c1_TAGTTGGTCTGTACGA,NK
B10_c1,,,NK,B10_c1_TATGCCCCAAGGCTCC,NK
B10_c1,,,NK,B10_c1_TCAATCTAGATGTGTA,NK
B10_c1,,,NK,B10_c1_TCAGATGCAGTATCTG,NK
B10_c1,,,NK,B10_c1_TCAGCTCAGCCCAATT,NK
B10_c1,,,NK,B10_c1_TCAGGTAGTGTCCTCT,NK
B10_c1,HMN52559,NI,NK,B10_c1_TCATTACCATATACGC,NK
B10_c1,,,NK,B10_c1_TCCCGATCAGAGTGTG,NK
B10_c1,HMN52559,NI,NK,B10_c1_TCGCGAGAGGTGTGGT,NK
B10_c1,,,NK,B10_c1_TCGTAGACATGCCACG,NK
B10_c1,HMN52559,NI,NK,B10_c1_TCTCTAATCCTCATTA,NK
B10_c1,HMN52559,NI,NK,B10_c1_TCTGGAATCTGGTTCC,NK
B10_c1,,,NK,B10_c1_TGAGGGACATTGCGGC,NK
B10_c1,HMN52559,NI,NK,B10_c1_TGCCAAACACCCATGG,NK
B10_c1,,,NK,B10_c1_TGCGTGGAGGATGGAA,NK
B10_c1,,,NK,B10_c1_TGCTGCTCAGGTCTCG,NK
B10_c1,,,NK,B10_c1_TGCTGCTTCGTTTAGG,NK
B10_c1,,,NK,B10_c1_TGGCCAGAGGCAATTA,NK
B10_c1,,,NK,B10_c1_TGGGCGTTCCTCATTA,NK
B10_c1,HMN52555,flu,NK,B10_c1_TGGTTAGAGTAGCGGT,NK
B10_c1,HMN52559,NI,NK,B10_c1_TGGTTAGCAGGGTACA,NK
B10_c1,HMN52559,NI,NK,B10_c1_TGGTTCCGTGCGAAAC,NK
B10_c1,,,NK,B10_c1_TGTCCCATCCGTAGGC,NK
B10_c1,,,NK,B10_c1_TGTGTTTAGAGCCCAA,NK
B10_c1,,,NK,B10_c1_TGTGTTTCATGGTAGG,NK
B10_c1,HMN52555,flu,NK,B10_c1_TTAGTTCAGCTCCTCT,NK
B10_c1,HMN52559,NI,NK,B10_c1_TTCGGTCCACCGATAT,NK
B10_c1,HMN52561,flu,NK,B10_c1_TTCTCAACAATTCCTT,NK
B10_c1,HMN52546,NI,NK,B10_c1_TTGAACGGTTCAGCGC,NK
B10_c1,,,NK,B10_c1_TTGAACGTCGTGGTCG,NK
B10_c1,HMN52559,NI,NK,B10_c1_TTGGAACTCTTAACCT,NK
B10_c1,,,NK,B10_c1_TTGGCAAAGCGTAGTG,NK
B10_c1,,,NK,B10_c1_TTTACTGAGTCATGCT,NK
B10_c1,HMN52559,NI,NK,B10_c1_TTTATGCCAATGTTGC,NK
B10_c1,,,NK,B10_c1_TTTGCGCCAGTAAGCG,NK
B10_c1,HMN52559,NI,NK,B10_c1_TTTGGTTCACTGTTAG,NK
B10_c2,,,NK,B10_c2_AAACCTGAGGTGCTAG,NK
B10_c2,HMN52555,NI,NK,B10_c2_AAACGGGAGGCTAGCA,NK
B10_c2,,,NK,B10_c2_AAAGATGCATGGATGG,NK
B10_c2,,,NK,B10_c2_AAGGTTCAGCCACGTC,NK
B10_c2,,,NK,B10_c2_AATCGGTGTTGCTCCT,NK
B10_c2,,,NK,B10_c2_ACACCCTAGCCGGTAA,NK
B10_c2,,,NK,B10_c2_ACACCCTGTATATCCG,NK
B10_c2,HMN52555,NI,NK,B10_c2_ACAGCCGGTGTTTGTG,NK
B10_c2,,,NK,B10_c2_ACATGGTGTATTCTCT,NK
B10_c2,,,NK,B10_c2_ACCCACTCATTGAGCT,NK
B10_c2,HMN52548,flu,NK,B10_c2_ACCGTAAAGGCAATTA,NK
B10_c2,,,NK,B10_c2_ACCTTTACAGCTGTGC,NK
B10_c2,HMN52561,NI,NK,B10_c2_ACGATACTCTGCTTGC,NK
B10_c2,HMN52561,NI,NK,B10_c2_ACGCAGCGTCCGCTGA,NK
B10_c2,,,NK,B10_c2_ACGCCAGAGATAGTCA,NK
B10_c2,HMN52555,NI,NK,B10_c2_ACTGCTCCATCGACGC,NK
B10_c2,,,NK,B10_c2_ACTTGTTGTGCAACTT,NK
B10_c2,,,NK,B10_c2_AGATCTGAGACTAAGT,NK
B10_c2,HMN52555,NI,NK,B10_c2_AGATCTGAGCTAGTGG,NK
B10_c2,,,NK,B10_c2_AGCCTAAAGGGTGTGT,NK
B10_c2,,,NK,B10_c2_AGCGTATTCAGCACAT,NK
B10_c2,HMN52550,NI,NK,B10_c2_AGCGTATTCCGCGCAA,NK
B10_c2,,,NK,B10_c2_AGCTTGAGTCTCTTAT,NK
B10_c2,HMN52561,NI,NK,B10_c2_AGGCCACCATTCTCAT,NK
B10_c2,,,NK,B10_c2_AGGCCACGTTCTCATT,NK
B10_c2,HMN52548,flu,NK,B10_c2_AGGTCCGAGTGGAGAA,NK
B10_c2,HMN52548,flu,NK,B10_c2_AGTAGTCCAGTATGCT,NK
B10_c2,,,NK,B10_c2_AGTCTTTGTTAAAGAC,NK
B10_c2,HMN52555,NI,NK,B10_c2_AGTGGGAAGGCTAGAC,NK
B10_c2,HMN52555,NI,NK,B10_c2_ATAGACCGTAGGGTAC,NK
B10_c2,HMN52555,NI,NK,B10_c2_ATCACGATCTCATTCA,NK
B10_c2,HMN52548,flu,NK,B10_c2_ATCATCTAGACAGACC,NK
B10_c2,,,NK,B10_c2_ATCATGGCACCAACCG,NK
B10_c2,,,NK,B10_c2_ATCATGGCACCGCTAG,NK
B10_c2,,,NK,B10_c2_ATCTACTGTCTCACCT,NK
B10_c2,,,NK,B10_c2_ATCTACTTCTATGTGG,NK
B10_c2,,,NK,B10_c2_ATCTGCCTCCAGATCA,NK
B10_c2,HMN52546,flu,NK,B10_c2_ATGGGAGAGGCTCTTA,NK
B10_c2,HMN52548,flu,NK,B10_c2_ATTACTCTCGTAGGAG,NK
B10_c2,,,NK,B10_c2_ATTGGACGTCCTGCTT,NK
B10_c2,,,NK,B10_c2_CAAGAAATCTGTTTGT,NK
B10_c2,,,NK,B10_c2_CACACCTTCTGCTTGC,NK
B10_c2,,,NK,B10_c2_CACATAGCACCAGTTA,NK
B10_c2,HMN52550,NI,NK,B10_c2_CACCACTTCCGAGCCA,NK
B10_c2,,,NK,B10_c2_CAGATCAAGGTGCACA,NK
B10_c2,,,NK,B10_c2_CAGCGACGTTCCACTC,NK
B10_c2,,,NK,B10_c2_CAGCTAAAGCAGGTCA,NK
B10_c2,HMN52546,flu,NK,B10_c2_CAGTCCTAGTTGTAGA,NK
B10_c2,HMN52546,flu,NK,B10_c2_CATATGGCAAACTGCT,NK
B10_c2,HMN52550,NI,NK,B10_c2_CATCAGACAGGTGCCT,NK
B10_c2,,,NK,B10_c2_CATCCACCATACCATG,NK
B10_c2,HMN52550,NI,NK,B10_c2_CATCGAAGTCTTCAAG,NK
B10_c2,,,NK,B10_c2_CATGGCGGTCTGATTG,NK
B10_c2,HMN52555,NI,NK,B10_c2_CATGGCGTCCCAAGTA,NK
B10_c2,,,NK,B10_c2_CCAATCCTCGACCAGC,NK
B10_c2,HMN52548,flu,NK,B10_c2_CCACCTATCCAATGGT,NK
B10_c2,HMN52550,NI,NK,B10_c2_CCACGGAGTACCGGCT,NK
B10_c2,HMN52555,NI,NK,B10_c2_CCGGGATGTGAAATCA,NK
B10_c2,,,NK,B10_c2_CCGGGATTCATCGGAT,NK
B10_c2,,,NK,B10_c2_CCTAAAGGTCACACGC,NK
B10_c2,HMN52555,NI,NK,B10_c2_CCTAAAGTCTATGTGG,NK
B10_c2,,,NK,B10_c2_CCTACCAAGAAGGTGA,NK
B10_c2,,,NK,B10_c2_CGAATGTAGAGTAATC,NK
B10_c2,,,NK,B10_c2_CGCGTTTTCACCCGAG,NK
B10_c2,HMN52548,flu,NK,B10_c2_CGGTTAACACTTCGAA,NK
B10_c2,HMN52561,NI,NK,B10_c2_CGGTTAAGTTATGTGC,NK
B10_c2,,,NK,B10_c2_CGTCAGGGTCGGCACT,NK
B10_c2,,,NK,B10_c2_CGTTGGGCACGTAAGG,NK
B10_c2,,,NK,B10_c2_CTACCCACAATCCGAT,NK
B10_c2,,,NK,B10_c2_CTCAGAATCTCCCTGA,NK
B10_c2,,,NK,B10_c2_CTCATTAAGCCCAACC,NK
B10_c2,,,NK,B10_c2_CTCGAAACACAGCCCA,NK
B10_c2,,,NK,B10_c2_CTCGTACAGAGGACGG,NK
B10_c2,HMN52555,NI,NK,B10_c2_CTCGTACAGCACAGGT,NK
B10_c2,,,NK,B10_c2_CTGATAGCATAGACTC,NK
B10_c2,HMN52561,NI,NK,B10_c2_CTGATCCTCAGAGCTT,NK
B10_c2,,,NK,B10_c2_CTGCCTACATGCAACT,NK
B10_c2,,,NK,B10_c2_CTGGTCTTCCTAGGGC,NK
B10_c2,,,NK,B10_c2_GAACGGACACGAAACG,NK
B10_c2,,,NK,B10_c2_GACCTGGAGAATCTCC,NK
B10_c2,,,NK,B10_c2_GACTGCGAGTGAAGAG,NK
B10_c2,,,NK,B10_c2_GATCAGTCACAACGTT,NK
B10_c2,,,NK,B10_c2_GATCAGTGTTCCGGCA,NK
B10_c2,,,NK,B10_c2_GATTCAGCATATGAGA,NK
B10_c2,,,NK,B10_c2_GCACATAGTTCGGGCT,NK
B10_c2,,,NK,B10_c2_GCAGCCAGTAAGTTCC,NK
B10_c2,HMN52550,NI,NK,B10_c2_GCAGTTACACATCCAA,NK
B10_c2,,,NK,B10_c2_GCAGTTACACGGTGTC,NK
B10_c2,HMN52555,NI,NK,B10_c2_GCATACAGTCAACATC,NK
B10_c2,,,NK,B10_c2_GCATGATAGTGGGTTG,NK
B10_c2,,,NK,B10_c2_GCATGATGTACTCTCC,NK
B10_c2,HMN52555,NI,NK,B10_c2_GCATGATGTAGCGCTC,NK
B10_c2,,,NK,B10_c2_GCATGTACAGGGCATA,NK
B10_c2,HMN52561,NI,NK,B10_c2_GCCAAATTCGTTGCCT,NK
B10_c2,HMN52559,flu,NK,B10_c2_GCGCAGTTCAATAAGG,NK
B10_c2,,,NK,B10_c2_GCGCCAAGTCGGCATC,NK
B10_c2,,,NK,B10_c2_GCGGGTTAGTGGCACA,NK
B10_c2,,,NK,B10_c2_GGACATTTCTAACCGA,NK
B10_c2,,,NK,B10_c2_GGACGTCCAGTCAGAG,NK
B10_c2,HMN52555,NI,NK,B10_c2_GGAGCAATCCGTAGGC,NK
B10_c2,HMN52561,NI,NK,B10_c2_GGATTACTCATCATTC,NK
B10_c2,HMN52559,flu,NK,B10_c2_GGGAGATAGTGAACAT,NK
B10_c2,,,NK,B10_c2_GGGTCTGTCGCAAGCC,NK
B10_c2,,,NK,B10_c2_GTAACGTAGTGACTCT,NK
B10_c2,,,NK,B10_c2_GTAACTGCATAGGATA,NK
B10_c2,HMN52555,NI,NK,B10_c2_GTAACTGCATATACCG,NK
B10_c2,HMN52546,flu,NK,B10_c2_GTATTCTAGTGTCTCA,NK
B10_c2,,,NK,B10_c2_GTCACAAAGAGCCCAA,NK
B10_c2,,,NK,B10_c2_GTCACAAAGTAATCCC,NK
B10_c2,HMN52555,NI,NK,B10_c2_GTCATTTAGTTAGCGG,NK
B10_c2,,,NK,B10_c2_GTCATTTGTATAGGGC,NK
B10_c2,HMN52555,NI,NK,B10_c2_GTCGGGTGTCGGCACT,NK
B10_c2,HMN52550,NI,NK,B10_c2_GTCTTCGAGTACGTTC,NK
B10_c2,,,NK,B10_c2_GTGAAGGAGCATGGCA,NK
B10_c2,HMN52561,NI,NK,B10_c2_GTTACAGGTGTGGTTT,NK
B10_c2,HMN52555,NI,NK,B10_c2_GTTCGGGGTTACGTCA,NK
B10_c2,,,NK,B10_c2_TACACGAGTGTAAGTA,NK
B10_c2,,,NK,B10_c2_TACGGGCAGCATGGCA,NK
B10_c2,HMN52559,flu,NK,B10_c2_TACGGTATCAACACTG,NK
B10_c2,,,NK,B10_c2_TACTCGCAGGGTATCG,NK
B10_c2,HMN52548,flu,NK,B10_c2_TAGACCATCTGAGGGA,NK
B10_c2,,,NK,B10_c2_TAGCCGGCAAGCCGCT,NK
B10_c2,HMN52550,NI,NK,B10_c2_TAGTGGTAGCTAACTC,NK
B10_c2,HMN52548,flu,NK,B10_c2_TCAACGAGTACATGTC,NK
B10_c2,HMN52561,NI,NK,B10_c2_TCACAAGGTCCGAATT,NK
B10_c2,HMN52550,NI,NK,B10_c2_TCAGCTCTCATGCTCC,NK
B10_c2,HMN52550,NI,NK,B10_c2_TCGAGGCCATGGTCTA,NK
B10_c2,,,NK,B10_c2_TCGAGGCGTCTCCCTA,NK
B10_c2,,,NK,B10_c2_TCGCGAGAGTTGAGAT,NK
B10_c2,,,NK,B10_c2_TCTGAGAGTAGAAAGG,NK
B10_c2,HMN52561,NI,NK,B10_c2_TGACAACGTCACCCAG,NK
B10_c2,,,NK,B10_c2_TGACGGCAGTGGTCCC,NK
B10_c2,,,NK,B10_c2_TGACTAGCAATAGCAA,NK
B10_c2,,,NK,B10_c2_TGAGGGAGTCCCTACT,NK
B10_c2,HMN52550,NI,NK,B10_c2_TGATTTCCAGCTCCGA,NK
B10_c2,,,NK,B10_c2_TGCCCTAGTGCCTGGT,NK
B10_c2,,,NK,B10_c2_TGCGGGTTCTCATTCA,NK
B10_c2,,,NK,B10_c2_TGCGTGGCACAAGACG,NK
B10_c2,,,NK,B10_c2_TGCGTGGGTCTCCCTA,NK
B10_c2,,,NK,B10_c2_TGCTGCTTCTTGAGAC,NK
B10_c2,HMN52550,NI,NK,B10_c2_TGGACGCTCGGTGTCG,NK
B10_c2,HMN52550,NI,NK,B10_c2_TGGCCAGTCTAGAGTC,NK
B10_c2,HMN52548,flu,NK,B10_c2_TGGGCGTGTAATCACC,NK
B10_c2,,,NK,B10_c2_TGTATTCAGCGTGAAC,NK
B10_c2,,,NK,B10_c2_TGTGGTACACATTAGC,NK
B10_c2,HMN52548,flu,NK,B10_c2_TTAGTTCAGGAGCGAG,NK
B10_c2,HMN52561,NI,NK,B10_c2_TTATGCTTCAGCTGGC,NK
B10_c2,,,NK,B10_c2_TTCGGTCGTTCCATGA,NK
B10_c2,HMN52546,flu,NK,B10_c2_TTCTTAGTCAAAGACA,NK
B10_c2,,,NK,B10_c2_TTGCGTCTCACGCATA,NK
B10_c2,HMN52546,flu,NK,B10_c2_TTGGAACGTCTGATTG,NK
B10_c2,,,NK,B10_c2_TTGTAGGGTGCACGAA,NK
B10_c2,,,NK,B10_c2_TTTGTCATCCAATGGT,NK
B11_c1,,,NK,B11_c1_AAAGATGCAATGAATG,NK
B11_c1,,,NK,B11_c1_AAAGTAGTCAGGATCT,NK
B11_c1,,,NK,B11_c1_AACACGTGTTCGAATC,NK
B11_c1,,,NK,B11_c1_AACCGCGCAATCTGCA,NK
B11_c1,HMN171215,NI,NK,B11_c1_AACGTTGTCCAGATCA,NK
B11_c1,HMN171215,NI,NK,B11_c1_AACTCCCCACGTCAGC,NK
B11_c1,,,NK,B11_c1_AACTGGTTCATGCAAC,NK
B11_c1,,,NK,B11_c1_AACTTTCGTGGTGTAG,NK
B11_c1,HMN171215,NI,NK,B11_c1_AAGGTTCGTACCATCA,NK
B11_c1,,,NK,B11_c1_AATCCAGCAGATCTGT,NK
B11_c1,HMN171215,NI,NK,B11_c1_ACGGAGAAGCCACCTG,NK
B11_c1,HMN171218,flu,NK,B11_c1_ACGTCAAAGCAATCTC,NK
B11_c1,HMN171229,NI,NK,B11_c1_ACTGTCCCAGTAAGAT,NK
B11_c1,,,NK,B11_c1_ACTTACTAGGTAGCTG,NK
B11_c1,HMN171233,NI,NK,B11_c1_AGACGTTTCTGGCGTG,NK
B11_c1,,,NK,B11_c1_AGAGCTTTCCCTGACT,NK
B11_c1,,,NK,B11_c1_AGATCTGAGGACAGCT,NK
B11_c1,,,NK,B11_c1_AGATCTGGTTCCCGAG,NK
B11_c1,,,NK,B11_c1_AGCATACAGACACGAC,NK
B11_c1,,,NK,B11_c1_AGCATACTCTCGATGA,NK
B11_c1,HMN171215,NI,NK,B11_c1_AGCGGTCGTGAGGGTT,NK
B11_c1,HMN171220,flu,NK,B11_c1_AGCGTATGTTTCGCTC,NK
B11_c1,,,NK,B11_c1_AGCTCCTGTTCATGGT,NK
B11_c1,,,NK,B11_c1_AGCTCTCCAGTCAGAG,NK
B11_c1,,,NK,B11_c1_AGGCCACCACTAAGTC,NK
B11_c1,HMN171233,NI,NK,B11_c1_AGGCCACTCCAAATGC,NK
B11_c1,HMN171215,NI,NK,B11_c1_AGGGATGCACGCATCG,NK
B11_c1,,,NK,B11_c1_AGTAGTCCAGCGTAAG,NK
B11_c1,,,NK,B11_c1_AGTGTCAAGAGGTTGC,NK
B11_c1,,,NK,B11_c1_ATAACGCAGGGCTTGA,NK
B11_c1,,,NK,B11_c1_ATAACGCCACGTGAGA,NK
B11_c1,HMN171215,NI,NK,B11_c1_ATAACGCGTCCTGCTT,NK
B11_c1,HMN171233,NI,NK,B11_c1_ATAAGAGTCCTCAATT,NK
B11_c1,,,NK,B11_c1_ATCATCTCACCAGTTA,NK
B11_c1,HMN171229,NI,NK,B11_c1_ATGAGGGGTGCCTGGT,NK
B11_c1,HMN171215,NI,NK,B11_c1_ATGCGATCAATGTAAG,NK
B11_c1,,,NK,B11_c1_CAACTAGAGGCTAGCA,NK
B11_c1,HMN171229,NI,NK,B11_c1_CAAGAAACACCTTGTC,NK
B11_c1,,,NK,B11_c1_CACAGGCCAGCAGTTT,NK
B11_c1,,,NK,B11_c1_CACATAGGTGGGTCAA,NK
B11_c1,,,NK,B11_c1_CACATAGGTGGTCTCG,NK
B11_c1,,,NK,B11_c1_CAGAATCGTACTCAAC,NK
B11_c1,,,NK,B11_c1_CAGAGAGGTAAACACA,NK
B11_c1,HMN171215,NI,NK,B11_c1_CAGCATAAGTATCTCG,NK
B11_c1,HMN171233,NI,NK,B11_c1_CAGCGACCACGTAAGG,NK
B11_c1,HMN171233,NI,NK,B11_c1_CATATGGGTTCAGCGC,NK
B11_c1,HMN171215,NI,NK,B11_c1_CATCAGATCCTTTCTC,NK
B11_c1,,,NK,B11_c1_CATCGGGTCGATGAGG,NK
B11_c1,HMN171215,NI,NK,B11_c1_CATGACAGTAAGTTCC,NK
B11_c1,,,NK,B11_c1_CATGCCTAGATGTGTA,NK
B11_c1,,,NK,B11_c1_CATGGCGCAGGGTATG,NK
B11_c1,,,NK,B11_c1_CCACGGAAGGACACCA,NK
B11_c1,,,NK,B11_c1_CCAGCGAGTAGAAAGG,NK
B11_c1,HMN171233,NI,NK,B11_c1_CCGGGATAGTCCAGGA,NK
B11_c1,,,NK,B11_c1_CCGTGGACAAGTAGTA,NK
B11_c1,HMN171215,NI,NK,B11_c1_CCTAAAGTCGTCACGG,NK
B11_c1,HMN171215,NI,NK,B11_c1_CCTAGCTAGAACAACT,NK
B11_c1,,,NK,B11_c1_CCTTACGTCCGAGCCA,NK
B11_c1,,,NK,B11_c1_CCTTCGAAGCGTTTAC,NK
B11_c1,,,NK,B11_c1_CCTTTCTCATTCACTT,NK
B11_c1,HMN171233,NI,NK,B11_c1_CGATGGCAGGCTAGGT,NK
B11_c1,HMN171233,NI,NK,B11_c1_CGATGTACATCAGTCA,NK
B11_c1,,,NK,B11_c1_CGATTGAAGACTGGGT,NK
B11_c1,HMN171215,NI,NK,B11_c1_CGCTATCAGTACTTGC,NK
B11_c1,,,NK,B11_c1_CGCTATCTCCGGCACA,NK
B11_c1,,,NK,B11_c1_CGCTTCATCACCATAG,NK
B11_c1,,,NK,B11_c1_CGGACACCAGTTAACC,NK
B11_c1,HMN171215,NI,NK,B11_c1_CGGAGTCGTAGCCTCG,NK
B11_c1,HMN171215,NI,NK,B11_c1_CGTCTACCAATAGCAA,NK
B11_c1,HMN171233,NI,NK,B11_c1_CGTTCTGTCACATAGC,NK
B11_c1,,,NK,B11_c1_CGTTGGGCATCGACGC,NK
B11_c1,,,NK,B11_c1_CTAACTTCATCACGTA,NK
B11_c1,,,NK,B11_c1_CTAACTTTCGTGTAGT,NK
B11_c1,,,NK,B11_c1_CTAAGACAGGATTCGG,NK
B11_c1,,,NK,B11_c1_CTAATGGGTGCAGGTA,NK
B11_c1,,,NK,B11_c1_CTAGAGTTCAGAGACG,NK
B11_c1,,,NK,B11_c1_CTCCTAGAGCGATAGC,NK
B11_c1,,,NK,B11_c1_CTCGAAAAGAAACCAT,NK
B11_c1,,,NK,B11_c1_CTCGGGACAGACGCAA,NK
B11_c1,HMN171215,NI,NK,B11_c1_CTCTAATCAAGTCTGT,NK
B11_c1,,,NK,B11_c1_CTCTAATGTAAGGGAA,NK
B11_c1,,,NK,B11_c1_CTCTAATGTTACGACT,NK
B11_c1,,,NK,B11_c1_CTGCGGAGTTCGAATC,NK
B11_c1,,,NK,B11_c1_CTGGTCTTCGGTGTCG,NK
B11_c1,,,NK,B11_c1_CTTCTCTCAGGATTGG,NK
B11_c1,,,NK,B11_c1_CTTGGCTTCGCCTGTT,NK
B11_c1,,,NK,B11_c1_GAAATGATCAGGTTCA,NK
B11_c1,HMN171215,NI,NK,B11_c1_GACACGCTCTGACCTC,NK
B11_c1,,,NK,B11_c1_GACAGAGCATTCACTT,NK
B11_c1,HMN171220,flu,NK,B11_c1_GACCAATGTTACCAGT,NK
B11_c1,HMN171229,NI,NK,B11_c1_GACCTGGAGTGTACCT,NK
B11_c1,,,NK,B11_c1_GACGCGTTCTTTCCTC,NK
B11_c1,,,NK,B11_c1_GACGTTAGTTTAAGCC,NK
B11_c1,,,NK,B11_c1_GACTGCGAGAATTGTG,NK
B11_c1,HMN171215,NI,NK,B11_c1_GACTGCGCAAAGGAAG,NK
B11_c1,,,NK,B11_c1_GATGAGGCAACTGGCC,NK
B11_c1,,,NK,B11_c1_GCACATAGTAATAGCA,NK
B11_c1,,,NK,B11_c1_GCACTCTCAATAGCAA,NK
B11_c1,,,NK,B11_c1_GCATGTAAGTGTCCCG,NK
B11_c1,HMN171215,NI,NK,B11_c1_GCTCCTAAGGGCTTCC,NK
B11_c1,,,NK,B11_c1_GCTCTGTTCGGATGTT,NK
B11_c1,HMN171233,NI,NK,B11_c1_GCTGGGTCAGTTCCCT,NK
B11_c1,,,NK,B11_c1_GCTGGGTCATCACCCT,NK
B11_c1,HMN171218,flu,NK,B11_c1_GGAAAGCTCACGCATA,NK
B11_c1,,,NK,B11_c1_GGAATAATCCACGTGG,NK
B11_c1,HMN171233,NI,NK,B11_c1_GGATTACAGTGGTAAT,NK
B11_c1,,,NK,B11_c1_GGATTACCAGCTGCAC,NK
B11_c1,HMN171215,NI,NK,B11_c1_GGCTGGTGTCAACTGT,NK
B11_c1,HMN171215,NI,NK,B11_c1_GGGATGACATCAGTAC,NK
B11_c1,,,NK,B11_c1_GGGCACTGTATTCTCT,NK
B11_c1,HMN171233,NI,NK,B11_c1_GGTATTGAGATGCCAG,NK
B11_c1,HMN171215,NI,NK,B11_c1_GTATCTTAGGTGCAAC,NK
B11_c1,,,NK,B11_c1_GTCAAGTGTAGGCTGA,NK
B11_c1,,,NK,B11_c1_GTCAAGTGTCCCGACA,NK
B11_c1,,,NK,B11_c1_GTCACAAGTAGAGGAA,NK
B11_c1,,,NK,B11_c1_GTCGTAATCTGCAAGT,NK
B11_c1,,,NK,B11_c1_GTGGGTCGTTCACGGC,NK
B11_c1,HMN171233,NI,NK,B11_c1_GTTTCTAAGGCAATTA,NK
B11_c1,,,NK,B11_c1_TACAGTGGTGCACCAC,NK
B11_c1,,,NK,B11_c1_TACCTTAAGTAACCCT,NK
B11_c1,,,NK,B11_c1_TACTCGCCACTTAAGC,NK
B11_c1,,,NK,B11_c1_TACTCGCCATAACCTG,NK
B11_c1,,,NK,B11_c1_TAGCCGGCACAGATTC,NK
B11_c1,,,NK,B11_c1_TAGGCATAGCTGGAAC,NK
B11_c1,,,NK,B11_c1_TAGTTGGAGGTAGCTG,NK
B11_c1,HMN171233,NI,NK,B11_c1_TATCTCATCGCAAGCC,NK
B11_c1,,,NK,B11_c1_TCAGGTAGTTAAAGTG,NK
B11_c1,,,NK,B11_c1_TCGGTAACAGCTTCGG,NK
B11_c1,HMN171215,NI,NK,B11_c1_TCGTACCTCCTAAGTG,NK
B11_c1,HMN171215,NI,NK,B11_c1_TCTATTGGTCTGCAAT,NK
B11_c1,HMN171229,NI,NK,B11_c1_TCTCTAAGTACAGACG,NK
B11_c1,,,NK,B11_c1_TCTGAGACACGTCTCT,NK
B11_c1,,,NK,B11_c1_TCTTTCCTCGCTGATA,NK
B11_c1,HMN171220,flu,NK,B11_c1_TGACGGCGTCCGAATT,NK
B11_c1,,,NK,B11_c1_TGACTAGGTCATGCAT,NK
B11_c1,HMN171233,NI,NK,B11_c1_TGAGCATGTTGCGCAC,NK
B11_c1,HMN171215,NI,NK,B11_c1_TGAGCCGGTCTAAACC,NK
B11_c1,,,NK,B11_c1_TGAGGGATCGGAAATA,NK
B11_c1,HMN171233,NI,NK,B11_c1_TGATTTCGTTCGTGAT,NK
B11_c1,HMN171215,NI,NK,B11_c1_TGCACCTGTTGGACCC,NK
B11_c1,HMN171218,flu,NK,B11_c1_TGCCCTAAGTGGAGTC,NK
B11_c1,,,NK,B11_c1_TGCCCTAGTTCGAATC,NK
B11_c1,,,NK,B11_c1_TGGCGCAAGTCCATAC,NK
B11_c1,,,NK,B11_c1_TGGCGCACACTCGACG,NK
B11_c1,,,NK,B11_c1_TGGCTGGCAGTATAAG,NK
B11_c1,,,NK,B11_c1_TGGCTGGCATGGGACA,NK
B11_c1,,,NK,B11_c1_TGGCTGGGTGAGGCTA,NK
B11_c1,,,NK,B11_c1_TGGTTAGGTTGCGCAC,NK
B11_c1,HMN171233,NI,NK,B11_c1_TGTGGTACACTAGTAC,NK
B11_c1,HMN171233,NI,NK,B11_c1_TGTGGTAGTAGTGAAT,NK
B11_c1,,,NK,B11_c1_TGTGTTTTCTCCGGTT,NK
B11_c1,,,NK,B11_c1_TTAGGCACACTACAGT,NK
B11_c1,,,NK,B11_c1_TTCCCAGGTCACTGGC,NK
B11_c1,,,NK,B11_c1_TTCGAAGGTGACGCCT,NK
B11_c1,HMN171220,flu,NK,B11_c1_TTGACTTAGATAGGAG,NK
B11_c1,,,NK,B11_c1_TTGTAGGGTGTGCGTC,NK
B11_c1,,,NK,B11_c1_TTTATGCGTATTACCG,NK
B11_c2,,,NK,B11_c2_AAACCTGAGTGAAGTT,NK
B11_c2,,,NK,B11_c2_AAACGGGGTACTCTCC,NK
B11_c2,HMN171220,NI,NK,B11_c2_AAAGCAAGTGAGGCTA,NK
B11_c2,,,NK,B11_c2_AAAGTAGAGGCGATAC,NK
B11_c2,,,NK,B11_c2_AAATGCCAGAGGACGG,NK
B11_c2,,,NK,B11_c2_AACACGTAGGCCCTCA,NK
B11_c2,,,NK,B11_c2_AACACGTGTCTTCGTC,NK
B11_c2,HMN171233,flu,NK,B11_c2_AACCGCGAGTACGTAA,NK
B11_c2,,,NK,B11_c2_AACCGCGCATTCCTGC,NK
B11_c2,,,NK,B11_c2_AACTCTTCAAAGCGGT,NK
B11_c2,,,NK,B11_c2_AACTCTTTCGTCACGG,NK
B11_c2,HMN171215,flu,NK,B11_c2_AACTTTCAGCGATCCC,NK
B11_c2,HMN171218,NI,NK,B11_c2_AACTTTCAGGGCATGT,NK
B11_c2,,,NK,B11_c2_AACTTTCTCGCATGAT,NK
B11_c2,,,NK,B11_c2_AAGCCGCCAAGGACAC,NK
B11_c2,HMN171220,NI,NK,B11_c2_AAGGAGCCAGGTCGTC,NK
B11_c2,HMN171218,NI,NK,B11_c2_AAGGAGCTCGTTACGA,NK
B11_c2,,,NK,B11_c2_AAGGCAGCAGCTCGCA,NK
B11_c2,HMN171215,flu,NK,B11_c2_AAGGTTCCAAGGTTTC,NK
B11_c2,HMN171233,flu,NK,B11_c2_AAGGTTCGTAAGGGCT,NK
B11_c2,,,NK,B11_c2_AAGTCTGGTTGGTAAA,NK
B11_c2,HMN171218,NI,NK,B11_c2_AATCCAGCACTGAAGG,NK
B11_c2,,,NK,B11_c2_AATCCAGTCCTCATTA,NK
B11_c2,HMN171215,flu,NK,B11_c2_AATCGGTCAGATCGGA,NK
B11_c2,,,NK,B11_c2_ACACCGGCACCGTTGG,NK
B11_c2,,,NK,B11_c2_ACACTGAGTTAAGACA,NK
B11_c2,,,NK,B11_c2_ACACTGATCTCGTTTA,NK
B11_c2,HMN171232,NI,NK,B11_c2_ACAGCTAAGAGTAATC,NK
B11_c2,,,NK,B11_c2_ACATACGCACTCAGGC,NK
B11_c2,,,NK,B11_c2_ACATACGCATCGGAAG,NK
B11_c2,,,NK,B11_c2_ACATCAGAGTAATCCC,NK
B11_c2,,,NK,B11_c2_ACATGGTCACCGAAAG,NK
B11_c2,,,NK,B11_c2_ACATGGTTCCCATTAT,NK
B11_c2,HMN171215,flu,NK,B11_c2_ACCTTTAAGCGCTTAT,NK
B11_c2,,,NK,B11_c2_ACGAGCCCAAGGCTCC,NK
B11_c2,HMN171218,NI,NK,B11_c2_ACGCCAGGTCAGCTAT,NK
B11_c2,,,NK,B11_c2_ACGCCAGGTTCGTTGA,NK
B11_c2,,,NK,B11_c2_ACGGCCACAAAGGCGT,NK
B11_c2,HMN171232,NI,NK,B11_c2_ACGGGCTAGAGTCGGT,NK
B11_c2,,,NK,B11_c2_ACTGAACCAGCTGCAC,NK
B11_c2,,,NK,B11_c2_ACTTACTCACAGGTTT,NK
B11_c2,,,NK,B11_c2_ACTTACTCAGCCACCA,NK
B11_c2,,,NK,B11_c2_AGACGTTAGGACTGGT,NK
B11_c2,,,NK,B11_c2_AGAGTGGGTAAGGGCT,NK
B11_c2,,,NK,B11_c2_AGATTGCTCATCACCC,NK
B11_c2,,,NK,B11_c2_AGCAGCCGTAGCCTCG,NK
B11_c2,HMN171233,flu,NK,B11_c2_AGCATACAGGCAGGTT,NK
B11_c2,,,NK,B11_c2_AGCCTAATCGAACGGA,NK
B11_c2,HMN171233,flu,NK,B11_c2_AGCGGTCCAGTTAACC,NK
B11_c2,,,NK,B11_c2_AGCGGTCTCAATACCG,NK
B11_c2,HMN171232,NI,NK,B11_c2_AGCGTATAGACTAAGT,NK
B11_c2,HMN171232,NI,NK,B11_c2_AGCTTGAAGTCGATAA,NK
B11_c2,,,NK,B11_c2_AGCTTGACAGATAATG,NK
B11_c2,,,NK,B11_c2_AGGCCACAGTGCCAGA,NK
B11_c2,,,NK,B11_c2_AGGCCACGTAGTAGTA,NK
B11_c2,,,NK,B11_c2_AGGCCGTAGACGCTTT,NK
B11_c2,HMN171220,NI,NK,B11_c2_AGGGAGTAGCAGCGTA,NK
B11_c2,,,NK,B11_c2_AGGGAGTCAAAGGCGT,NK
B11_c2,HMN171229,flu,NK,B11_c2_AGGTCATTCGGTTCGG,NK
B11_c2,HMN171232,NI,NK,B11_c2_AGGTCCGCAATGAAAC,NK
B11_c2,HMN171220,NI,NK,B11_c2_AGTAGTCCAAGTAATG,NK
B11_c2,HMN171220,NI,NK,B11_c2_AGTAGTCGTTTGACAC,NK
B11_c2,,,NK,B11_c2_AGTGAGGCATACGCTA,NK
B11_c2,,,NK,B11_c2_AGTGAGGCATGAGCGA,NK
B11_c2,,,NK,B11_c2_AGTGAGGGTAGCGCTC,NK
B11_c2,,,NK,B11_c2_AGTGAGGTCAGCTCTC,NK
B11_c2,HMN171215,flu,NK,B11_c2_AGTTGGTAGTACGCGA,NK
B11_c2,,,NK,B11_c2_ATAACGCCAAACCTAC,NK
B11_c2,HMN171220,NI,NK,B11_c2_ATAACGCTCGTTACAG,NK
B11_c2,,,NK,B11_c2_ATAAGAGAGGAGTTTA,NK
B11_c2,,,NK,B11_c2_ATAAGAGCAGCCAGAA,NK
B11_c2,,,NK,B11_c2_ATCACGAGTGACCAAG,NK
B11_c2,,,NK,B11_c2_ATCACGATCGCCTGAG,NK
B11_c2,,,NK,B11_c2_ATCCACCCAACGATGG,NK
B11_c2,,,NK,B11_c2_ATCCGAAGTACAGCAG,NK
B11_c2,,,NK,B11_c2_ATCGAGTAGCGTTGCC,NK
B11_c2,,,NK,B11_c2_ATGAGGGAGCTACCGC,NK
B11_c2,,,NK,B11_c2_ATGAGGGAGTGAAGAG,NK
B11_c2,,,NK,B11_c2_ATGGGAGGTGGTACAG,NK
B11_c2,,,NK,B11_c2_ATGTGTGAGACTACAA,NK
B11_c2,,,NK,B11_c2_ATGTGTGAGCTGTTCA,NK
B11_c2,,,NK,B11_c2_ATGTGTGCAAGCGCTC,NK
B11_c2,,,NK,B11_c2_ATGTGTGGTCCGAACC,NK
B11_c2,,,NK,B11_c2_ATTACTCAGGCAATTA,NK
B11_c2,,,NK,B11_c2_CAACCAAAGTTGTAGA,NK
B11_c2,,,NK,B11_c2_CAACCTCCAAGTAGTA,NK
B11_c2,,,NK,B11_c2_CAACTAGAGCCTCGTG,NK
B11_c2,,,NK,B11_c2_CAACTAGGTTGAACTC,NK
B11_c2,,,NK,B11_c2_CAAGAAAAGGAGTTTA,NK
B11_c2,HMN171232,NI,NK,B11_c2_CAAGATCTCATCATTC,NK
B11_c2,,,NK,B11_c2_CAAGGCCCACTCGACG,NK
B11_c2,HMN171232,NI,NK,B11_c2_CAAGGCCGTTTAGGAA,NK
B11_c2,,,NK,B11_c2_CAAGGCCTCAATCACG,NK
B11_c2,,,NK,B11_c2_CACAAACAGTGCGTGA,NK
B11_c2,,,NK,B11_c2_CACACAAAGGTGCTAG,NK
B11_c2,HMN171215,flu,NK,B11_c2_CACACCTCAGGCTCAC,NK
B11_c2,HMN171218,NI,NK,B11_c2_CACACTCCAATGTAAG,NK
B11_c2,,,NK,B11_c2_CACATTTTCCTCGCAT,NK
B11_c2,,,NK,B11_c2_CACCTTGTCTAGCACA,NK
B11_c2,,,NK,B11_c2_CAGAATCCACGAAATA,NK
B11_c2,HMN171220,NI,NK,B11_c2_CAGAATCGTCCGAACC,NK
B11_c2,,,NK,B11_c2_CAGATCAAGGATCGCA,NK
B11_c2,,,NK,B11_c2_CAGCAGCAGCAGGCTA,NK
B11_c2,HMN171232,NI,NK,B11_c2_CAGCGACAGCTGCCCA,NK
B11_c2,HMN171232,NI,NK,B11_c2_CAGCGACTCTCCGGTT,NK
B11_c2,HMN171229,flu,NK,B11_c2_CAGCTAAAGCAGATCG,NK
B11_c2,HMN171218,NI,NK,B11_c2_CAGCTAAGTCAATGTC,NK
B11_c2,HMN171232,NI,NK,B11_c2_CAGCTGGGTTGCGTTA,NK
B11_c2,HMN171232,NI,NK,B11_c2_CAGTAACAGTGGGCTA,NK
B11_c2,,,NK,B11_c2_CAGTAACAGTGTCTCA,NK
B11_c2,,,NK,B11_c2_CAGTAACGTCAAAGAT,NK
B11_c2,,,NK,B11_c2_CAGTAACTCATGTCCC,NK
B11_c2,,,NK,B11_c2_CATATGGCACAGAGGT,NK
B11_c2,HMN171220,NI,NK,B11_c2_CATATTCAGTGTACCT,NK
B11_c2,HMN171233,flu,NK,B11_c2_CATCAGAAGTGTGGCA,NK
B11_c2,,,NK,B11_c2_CATCAGAGTGACAAAT,NK
B11_c2,,,NK,B11_c2_CATCAGATCGGCGGTT,NK
B11_c2,,,NK,B11_c2_CATCCACCAGTGAGTG,NK
B11_c2,,,NK,B11_c2_CATCGGGGTTGAACTC,NK
B11_c2,HMN171218,NI,NK,B11_c2_CATCGGGTCAACTCTT,NK
B11_c2,,,NK,B11_c2_CATGACAGTGTGACGA,NK
B11_c2,HMN171220,NI,NK,B11_c2_CATGCCTGTCAGCTAT,NK
B11_c2,,,NK,B11_c2_CATGGCGAGCACCGTC,NK
B11_c2,,,NK,B11_c2_CATGGCGCATTCTCAT,NK
B11_c2,HMN171218,NI,NK,B11_c2_CATTATCAGCATCATC,NK
B11_c2,,,NK,B11_c2_CATTCGCAGGTGATTA,NK
B11_c2,HMN171218,NI,NK,B11_c2_CCACCTAAGTCATCCA,NK
B11_c2,HMN171232,NI,NK,B11_c2_CCACGGACACGACGAA,NK
B11_c2,,,NK,B11_c2_CCACTACAGTCCATAC,NK
B11_c2,,,NK,B11_c2_CCACTACGTTTGCATG,NK
B11_c2,HMN171232,NI,NK,B11_c2_CCATGTCAGGCCCGTT,NK
B11_c2,,,NK,B11_c2_CCCAATCTCTTTAGGG,NK
B11_c2,,,NK,B11_c2_CCCAGTTCATAAGACA,NK
B11_c2,,,NK,B11_c2_CCCATACAGCTGCAAG,NK
B11_c2,,,NK,B11_c2_CCCATACCACATTTCT,NK
B11_c2,,,NK,B11_c2_CCCTCCTTCAACACAC,NK
B11_c2,,,NK,B11_c2_CCGGGATCACGGTTTA,NK
B11_c2,,,NK,B11_c2_CCGTGGAAGACAGACC,NK
B11_c2,,,NK,B11_c2_CCGTTCACATGAGCGA,NK
B11_c2,,,NK,B11_c2_CCTACCATCGGATGTT,NK
B11_c2,,,NK,B11_c2_CCTCAGTAGCGCTTAT,NK
B11_c2,HMN171232,NI,NK,B11_c2_CCTTACGAGGTGTTAA,NK
B11_c2,,,NK,B11_c2_CGAATGTCAGCATACT,NK
B11_c2,HMN171220,NI,NK,B11_c2_CGACTTCTCTACCAGA,NK
B11_c2,,,NK,B11_c2_CGAGCCAAGAGTAATC,NK
B11_c2,HMN171220,NI,NK,B11_c2_CGAGCCACACCAGCAC,NK
B11_c2,,,NK,B11_c2_CGATCGGGTATTCGTG,NK
B11_c2,,,NK,B11_c2_CGATGTATCGTGGTCG,NK
B11_c2,,,NK,B11_c2_CGATTGAAGACTTGAA,NK
B11_c2,HMN171232,NI,NK,B11_c2_CGCCAAGCATGTTGAC,NK
B11_c2,,,NK,B11_c2_CGCGGTAAGCCCAATT,NK
B11_c2,,,NK,B11_c2_CGCGGTAAGGCATTGG,NK
B11_c2,,,NK,B11_c2_CGCGGTATCGTAGGAG,NK
B11_c2,,,NK,B11_c2_CGGACGTTCGGCATCG,NK
B11_c2,HMN171215,flu,NK,B11_c2_CGGACTGGTTGTTTGG,NK
B11_c2,,,NK,B11_c2_CGGCTAGTCGGAGGTA,NK
B11_c2,HMN171232,NI,NK,B11_c2_CGGGTCAGTTGAGGTG,NK
B11_c2,,,NK,B11_c2_CGTAGCGAGGATGCGT,NK
B11_c2,,,NK,B11_c2_CGTAGCGCAAGCCATT,NK
B11_c2,HMN171232,NI,NK,B11_c2_CGTAGGCTCATGGTCA,NK
B11_c2,,,NK,B11_c2_CGTCACTGTATGAATG,NK
B11_c2,,,NK,B11_c2_CGTCAGGAGCGGCTTC,NK
B11_c2,,,NK,B11_c2_CGTCTACTCGTAGATC,NK
B11_c2,,,NK,B11_c2_CGTGAGCGTCCGTGAC,NK
B11_c2,,,NK,B11_c2_CGTGTAATCGCCATAA,NK
B11_c2,HMN171233,flu,NK,B11_c2_CGTGTAATCTTTAGTC,NK
B11_c2,,,NK,B11_c2_CGTGTCTTCTCTGTCG,NK
B11_c2,,,NK,B11_c2_CGTTCTGAGAGGACGG,NK
B11_c2,,,NK,B11_c2_CGTTCTGGTTCTGTTT,NK
B11_c2,HMN171218,NI,NK,B11_c2_CTAACTTAGGCGATAC,NK
B11_c2,,,NK,B11_c2_CTAAGACGTGTGACCC,NK
B11_c2,HMN171232,NI,NK,B11_c2_CTAAGACTCACAAACC,NK
B11_c2,,,NK,B11_c2_CTAATGGCATACCATG,NK
B11_c2,,,NK,B11_c2_CTACATTCATCGGGTC,NK
B11_c2,,,NK,B11_c2_CTACATTTCTTGCATT,NK
B11_c2,HMN171232,NI,NK,B11_c2_CTACCCACATTGAGCT,NK
B11_c2,HMN171220,NI,NK,B11_c2_CTAGAGTTCATGTCTT,NK
B11_c2,,,NK,B11_c2_CTAGTGATCGGACAAG,NK
B11_c2,HMN171233,flu,NK,B11_c2_CTCCTAGTCGCACTCT,NK
B11_c2,HMN171233,flu,NK,B11_c2_CTCGAAAGTCTACCTC,NK
B11_c2,HMN171232,NI,NK,B11_c2_CTCGAGGAGCTCTCGG,NK
B11_c2,,,NK,B11_c2_CTCGAGGGTTGAGGTG,NK
B11_c2,,,NK,B11_c2_CTCGGAGAGGGTTTCT,NK
B11_c2,HMN171233,flu,NK,B11_c2_CTCGGGAAGACACGAC,NK
B11_c2,,,NK,B11_c2_CTCGGGAGTACAGTTC,NK
B11_c2,HMN171232,NI,NK,B11_c2_CTCGTACAGGATGGTC,NK
B11_c2,,,NK,B11_c2_CTCTACGAGTCAAGCG,NK
B11_c2,,,NK,B11_c2_CTCTGGTAGTAGGTGC,NK
B11_c2,HMN171232,NI,NK,B11_c2_CTCTGGTCAATCTGCA,NK
B11_c2,HMN171232,NI,NK,B11_c2_CTGAAACAGATTACCC,NK
B11_c2,,,NK,B11_c2_CTGAAGTAGAGATGAG,NK
B11_c2,HMN171229,flu,NK,B11_c2_CTGAAGTTCGTCTGAA,NK
B11_c2,HMN171233,flu,NK,B11_c2_CTGATCCAGCAATATG,NK
B11_c2,HMN171233,flu,NK,B11_c2_CTGATCCCAAGAGGCT,NK
B11_c2,,,NK,B11_c2_CTGATCCGTATAGGTA,NK
B11_c2,,,NK,B11_c2_CTGCCTACAAGACACG,NK
B11_c2,,,NK,B11_c2_CTGCCTAGTCGAGATG,NK
B11_c2,,,NK,B11_c2_CTTAGGATCGCTTAGA,NK
B11_c2,HMN171229,flu,NK,B11_c2_CTTAGGATCTTGTACT,NK
B11_c2,,,NK,B11_c2_GAAACTCTCTGTTGAG,NK
B11_c2,,,NK,B11_c2_GAACATCCACTCGACG,NK
B11_c2,HMN171229,flu,NK,B11_c2_GAACCTACACCGATAT,NK
B11_c2,HMN171218,NI,NK,B11_c2_GAACGGAAGCTGCAAG,NK
B11_c2,,,NK,B11_c2_GAAGCAGAGGGCTCTC,NK
B11_c2,HMN171220,NI,NK,B11_c2_GAAGCAGGTAGAGTGC,NK
B11_c2,,,NK,B11_c2_GAATGAACACAGGCCT,NK
B11_c2,,,NK,B11_c2_GACCAATCAAGTCATC,NK
B11_c2,,,NK,B11_c2_GACCAATCACGACTCG,NK
B11_c2,HMN171220,NI,NK,B11_c2_GACCAATTCACCGTAA,NK
B11_c2,HMN171215,flu,NK,B11_c2_GACGGCTCAGGACGTA,NK
B11_c2,,,NK,B11_c2_GACGTGCGTGGTCTCG,NK
B11_c2,HMN171229,flu,NK,B11_c2_GACTAACCACAGCCCA,NK
B11_c2,,,NK,B11_c2_GACTAACTCTGTACGA,NK
B11_c2,,,NK,B11_c2_GACTACACAGGTGCCT,NK
B11_c2,,,NK,B11_c2_GACTACATCAGAGGTG,NK
B11_c2,HMN171220,NI,NK,B11_c2_GAGCAGAAGGGCTTGA,NK
B11_c2,HMN171233,flu,NK,B11_c2_GAGCAGAAGTGTGGCA,NK
B11_c2,HMN171220,NI,NK,B11_c2_GAGTCCGAGGCCCTTG,NK
B11_c2,,,NK,B11_c2_GATCAGTCAATGGTCT,NK
B11_c2,,,NK,B11_c2_GATCGCGGTCGCTTCT,NK
B11_c2,HMN171232,NI,NK,B11_c2_GATCGTAGTCAGAATA,NK
B11_c2,,,NK,B11_c2_GATCTAGCAAAGAATC,NK
B11_c2,,,NK,B11_c2_GATGAAAAGCTGTTCA,NK
B11_c2,,,NK,B11_c2_GATGAGGGTATATGAG,NK
B11_c2,,,NK,B11_c2_GATGAGGTCGCACTCT,NK
B11_c2,,,NK,B11_c2_GCAAACTCATTGGCGC,NK
B11_c2,HMN171218,NI,NK,B11_c2_GCAAACTTCCGCATCT,NK
B11_c2,HMN171232,NI,NK,B11_c2_GCAAACTTCTAACTCT,NK
B11_c2,,,NK,B11_c2_GCAATCAGTACCGTTA,NK
B11_c2,,,NK,B11_c2_GCACTCTAGTACCGGA,NK
B11_c2,HMN171232,NI,NK,B11_c2_GCAGCCAAGTGGACGT,NK
B11_c2,,,NK,B11_c2_GCATGCGAGTACTTGC,NK
B11_c2,,,NK,B11_c2_GCATGCGGTCGAGATG,NK
B11_c2,,,NK,B11_c2_GCATGTACACCCATGG,NK
B11_c2,,,NK,B11_c2_GCCAAATGTGTAATGA,NK
B11_c2,,,NK,B11_c2_GCCTCTATCTCGTATT,NK
B11_c2,,,NK,B11_c2_GCGCAACAGTTGTAGA,NK
B11_c2,,,NK,B11_c2_GCGCAACCACTGTTAG,NK
B11_c2,HMN171218,NI,NK,B11_c2_GCGCAACTCGCTGATA,NK
B11_c2,,,NK,B11_c2_GCGCAGTTCCGGCACA,NK
B11_c2,HMN171220,NI,NK,B11_c2_GCGCGATTCTGCTTGC,NK
B11_c2,,,NK,B11_c2_GCGGGTTTCATCGGAT,NK
B11_c2,HMN171215,flu,NK,B11_c2_GCGGGTTTCCGTTGCT,NK
B11_c2,,,NK,B11_c2_GCTCCTAGTACGACCC,NK
B11_c2,,,NK,B11_c2_GCTCTGTCACTGCCAG,NK
B11_c2,,,NK,B11_c2_GCTGCAGTCTCCCTGA,NK
B11_c2,HMN171218,NI,NK,B11_c2_GCTGCGAAGTCAATAG,NK
B11_c2,,,NK,B11_c2_GCTTCCAAGTGGGATC,NK
B11_c2,,,NK,B11_c2_GGAAAGCAGACCTAGG,NK
B11_c2,,,NK,B11_c2_GGAAAGCCATCTCCCA,NK
B11_c2,HMN171215,flu,NK,B11_c2_GGAAAGCGTCCAGTGC,NK
B11_c2,HMN171232,NI,NK,B11_c2_GGAATAAGTTGGTTTG,NK
B11_c2,,,NK,B11_c2_GGACAAGAGGAATGGA,NK
B11_c2,,,NK,B11_c2_GGACAAGTCCTCAATT,NK
B11_c2,,,NK,B11_c2_GGAGCAATCGGCGCTA,NK
B11_c2,,,NK,B11_c2_GGATGTTGTCTGATCA,NK
B11_c2,,,NK,B11_c2_GGATTACGTTAGATGA,NK
B11_c2,HMN171218,NI,NK,B11_c2_GGCCGATCAGCGAACA,NK
B11_c2,,,NK,B11_c2_GGCGACTGTTTAGCTG,NK
B11_c2,HMN171218,NI,NK,B11_c2_GGCGACTTCATAGCAC,NK
B11_c2,,,NK,B11_c2_GGCTGGTAGGGTTCCC,NK
B11_c2,,,NK,B11_c2_GGGAATGAGCTAGCCC,NK
B11_c2,HMN171232,NI,NK,B11_c2_GGGATGACATACGCTA,NK
B11_c2,,,NK,B11_c2_GGGCACTTCATCACCC,NK
B11_c2,HMN171218,NI,NK,B11_c2_GGGCATCCAGTCTTCC,NK
B11_c2,HMN171218,NI,NK,B11_c2_GGGCATCGTGTTGGGA,NK
B11_c2,HMN171232,NI,NK,B11_c2_GGGTCTGAGGTGACCA,NK
B11_c2,,,NK,B11_c2_GGTATTGAGGGTCGAT,NK
B11_c2,,,NK,B11_c2_GGTATTGTCCGCGCAA,NK
B11_c2,,,NK,B11_c2_GGTGTTAAGGGATGGG,NK
B11_c2,HMN171229,flu,NK,B11_c2_GTAACGTAGACTGGGT,NK
B11_c2,,,NK,B11_c2_GTAACGTTCGTTGACA,NK
B11_c2,HMN171232,NI,NK,B11_c2_GTAACGTTCTTACCTA,NK
B11_c2,,,NK,B11_c2_GTAACTGGTGCAGTAG,NK
B11_c2,,,NK,B11_c2_GTAACTGGTTCTGAAC,NK
B11_c2,,,NK,B11_c2_GTAGTCATCTCACATT,NK
B11_c2,,,NK,B11_c2_GTATCTTAGGGTATCG,NK
B11_c2,HMN171215,flu,NK,B11_c2_GTATTCTTCTCTGAGA,NK
B11_c2,HMN171215,flu,NK,B11_c2_GTCAAGTTCGAATGCT,NK
B11_c2,,,NK,B11_c2_GTCACAATCGGAGCAA,NK
B11_c2,,,NK,B11_c2_GTCACAATCGTTTGCC,NK
B11_c2,,,NK,B11_c2_GTCACGGTCGTACGGC,NK
B11_c2,,,NK,B11_c2_GTCACGGTCTCAACTT,NK
B11_c2,HMN171229,flu,NK,B11_c2_GTCATTTAGCTTATCG,NK
B11_c2,,,NK,B11_c2_GTCATTTTCAGGCAAG,NK
B11_c2,,,NK,B11_c2_GTCATTTTCCGAGCCA,NK
B11_c2,,,NK,B11_c2_GTCCTCAGTAAGTTCC,NK
B11_c2,HMN171233,flu,NK,B11_c2_GTCCTCATCATGTCTT,NK
B11_c2,,,NK,B11_c2_GTCGTAACAATAGAGT,NK
B11_c2,HMN171232,NI,NK,B11_c2_GTCGTAACAGTATGCT,NK
B11_c2,,,NK,B11_c2_GTCTCGTGTGGACGAT,NK
B11_c2,,,NK,B11_c2_GTCTTCGAGCCTTGAT,NK
B11_c2,,,NK,B11_c2_GTCTTCGCACAACGTT,NK
B11_c2,,,NK,B11_c2_GTGAAGGTCGCCATAA,NK
B11_c2,HMN171218,NI,NK,B11_c2_GTGCATACACTTGGAT,NK
B11_c2,,,NK,B11_c2_GTGCTTCGTCAGTGGA,NK
B11_c2,,,NK,B11_c2_GTGGGTCTCGTTACGA,NK
B11_c2,HMN171232,NI,NK,B11_c2_GTGTTAGCAATGACCT,NK
B11_c2,HMN171215,flu,NK,B11_c2_GTGTTAGGTGTCCTCT,NK
B11_c2,HMN171232,NI,NK,B11_c2_GTTACAGGTTGTCTTT,NK
B11_c2,HMN171233,flu,NK,B11_c2_GTTCATTAGAAGAAGC,NK
B11_c2,,,NK,B11_c2_GTTCGGGTCTGCTTGC,NK
B11_c2,,,NK,B11_c2_TAAACCGTCCGCGGTA,NK
B11_c2,HMN171232,NI,NK,B11_c2_TAAGAGAGTGTCTGAT,NK
B11_c2,HMN171220,NI,NK,B11_c2_TACTTACGTACTCGCG,NK
B11_c2,HMN171233,flu,NK,B11_c2_TACTTGTTCACATAGC,NK
B11_c2,,,NK,B11_c2_TAGACCAGTTATCCGA,NK
B11_c2,HMN171232,NI,NK,B11_c2_TAGAGCTCAATCCGAT,NK
B11_c2,,,NK,B11_c2_TAGAGCTTCCACTCCA,NK
B11_c2,,,NK,B11_c2_TAGGCATTCCAAGCCG,NK
B11_c2,,,NK,B11_c2_TAGTGGTGTCCCTTGT,NK
B11_c2,,,NK,B11_c2_TAGTTGGCAGGGTTAG,NK
B11_c2,HMN171218,NI,NK,B11_c2_TAGTTGGCATATACGC,NK
B11_c2,HMN171229,flu,NK,B11_c2_TAGTTGGTCTGATTCT,NK
B11_c2,,,NK,B11_c2_TCAACGACATTAGCCA,NK
B11_c2,,,NK,B11_c2_TCAACGATCGCTTAGA,NK
B11_c2,,,NK,B11_c2_TCAACGATCGGAAATA,NK
B11_c2,,,NK,B11_c2_TCAATCTAGAGTGAGA,NK
B11_c2,,,NK,B11_c2_TCACAAGCAAACTGTC,NK
B11_c2,HMN171232,NI,NK,B11_c2_TCACAAGTCAGGCAAG,NK
B11_c2,,,NK,B11_c2_TCAGCAAAGCATCATC,NK
B11_c2,,,NK,B11_c2_TCAGGTAAGGTAGCTG,NK
B11_c2,,,NK,B11_c2_TCCACACGTTCCGTCT,NK
B11_c2,HMN171229,flu,NK,B11_c2_TCCCGATCACATCCAA,NK
B11_c2,HMN171220,NI,NK,B11_c2_TCGAGGCCAAATACAG,NK
B11_c2,HMN171215,flu,NK,B11_c2_TCGAGGCCATAACCTG,NK
B11_c2,HMN171233,flu,NK,B11_c2_TCGAGGCGTGATGCCC,NK
B11_c2,,,NK,B11_c2_TCGCGAGCAGGGATTG,NK
B11_c2,,,NK,B11_c2_TCGCGTTCAATAGCGG,NK
B11_c2,,,NK,B11_c2_TCGGGACTCCAAGTAC,NK
B11_c2,,,NK,B11_c2_TCGTAGAGTCGATTGT,NK
B11_c2,,,NK,B11_c2_TCTCATATCGGCTACG,NK
B11_c2,,,NK,B11_c2_TCTCTAACACATGTGT,NK
B11_c2,,,NK,B11_c2_TCTGAGATCCCTTGCA,NK
B11_c2,,,NK,B11_c2_TCTGAGATCTGGTATG,NK
B11_c2,,,NK,B11_c2_TCTGGAAGTACCGAGA,NK
B11_c2,HMN171215,flu,NK,B11_c2_TCTTCGGAGCCGGTAA,NK
B11_c2,HMN171220,NI,NK,B11_c2_TCTTTCCCAGCTCCGA,NK
B11_c2,,,NK,B11_c2_TCTTTCCTCGGTCCGA,NK
B11_c2,,,NK,B11_c2_TGACAACGTGTGCGTC,NK
B11_c2,,,NK,B11_c2_TGACTAGCACGCATCG,NK
B11_c2,HMN171215,flu,NK,B11_c2_TGACTAGCATGCCTAA,NK
B11_c2,,,NK,B11_c2_TGACTTTCAGGCTGAA,NK
B11_c2,,,NK,B11_c2_TGAGAGGAGGCACATG,NK
B11_c2,,,NK,B11_c2_TGAGCCGAGATCTGAA,NK
B11_c2,,,NK,B11_c2_TGAGCCGTCGCTTGTC,NK
B11_c2,,,NK,B11_c2_TGATTTCAGAGTTGGC,NK
B11_c2,HMN171232,NI,NK,B11_c2_TGCACCTGTCCCTTGT,NK
B11_c2,,,NK,B11_c2_TGCCAAAAGCCACTAT,NK
B11_c2,,,NK,B11_c2_TGCCAAATCGCCAGCA,NK
B11_c2,,,NK,B11_c2_TGCCCTAAGATATGCA,NK
B11_c2,,,NK,B11_c2_TGCGCAGTCCGTTGCT,NK
B11_c2,HMN171233,flu,NK,B11_c2_TGCTACCAGGGTCTCC,NK
B11_c2,HMN171232,NI,NK,B11_c2_TGCTACCGTCCGTGAC,NK
B11_c2,,,NK,B11_c2_TGCTGCTAGGGATGGG,NK
B11_c2,,,NK,B11_c2_TGGCCAGGTGTGCCTG,NK
B11_c2,,,NK,B11_c2_TGGCGCACATGGAATA,NK
B11_c2,,,NK,B11_c2_TGGCTGGCAGGACGTA,NK
B11_c2,HMN171220,NI,NK,B11_c2_TGGTTAGAGCTGCAAG,NK
B11_c2,HMN171232,NI,NK,B11_c2_TGGTTAGGTCCATGAT,NK
B11_c2,HMN171232,NI,NK,B11_c2_TGGTTCCTCTTGAGAC,NK
B11_c2,,,NK,B11_c2_TGTGGTACACGTCTCT,NK
B11_c2,,,NK,B11_c2_TGTGTTTCACGACGAA,NK
B11_c2,,,NK,B11_c2_TGTGTTTGTGATGATA,NK
B11_c2,HMN171215,flu,NK,B11_c2_TTAGGACAGCAATCTC,NK
B11_c2,,,NK,B11_c2_TTAGGACAGTCGTACT,NK
B11_c2,,,NK,B11_c2_TTAGGACCAGTTCATG,NK
B11_c2,,,NK,B11_c2_TTAGGCAAGTTTCCTT,NK
B11_c2,,,NK,B11_c2_TTAGGCACAAACTGCT,NK
B11_c2,,,NK,B11_c2_TTAGTTCAGGGCATGT,NK
B11_c2,,,NK,B11_c2_TTCTCCTAGTTAACGA,NK
B11_c2,HMN171232,NI,NK,B11_c2_TTCTCCTGTTAGAACA,NK
B11_c2,,,NK,B11_c2_TTCTTAGTCTGATTCT,NK
B11_c2,,,NK,B11_c2_TTGAACGCACCATGTA,NK
B11_c2,,,NK,B11_c2_TTGGCAATCCCAACGG,NK
B11_c2,HMN171220,NI,NK,B11_c2_TTGGCAATCGGCTACG,NK
B11_c2,,,NK,B11_c2_TTGTAGGCACATCCAA,NK
B11_c2,,,NK,B11_c2_TTGTAGGTCTCTAAGG,NK
B11_c2,HMN171232,NI,NK,B11_c2_TTTATGCAGCTGTCTA,NK
B11_c2,,,NK,B11_c2_TTTATGCTCATTATCC,NK
B11_c2,,,NK,B11_c2_TTTCCTCCAACTGCTA,NK
B11_c2,HMN171218,NI,NK,B11_c2_TTTCCTCCAGACGCTC,NK
B11_c2,,,NK,B11_c2_TTTGCGCGTAGAGGAA,NK
B11_c2,,,NK,B11_c2_TTTGGTTGTTACGCGC,NK
B11_c2,HMN171232,NI,NK,B11_c2_TTTGTCAAGAAGATTC,NK
B12_c1,HMN171216,NI,NK,B12_c1_AAACCTGAGTATGACA,NK
B12_c1,HMN171230,NI,NK,B12_c1_AAATGCCAGACGCAAC,NK
B12_c1,HMN171230,NI,NK,B12_c1_AACACGTTCGCATGAT,NK
B12_c1,HMN171216,NI,NK,B12_c1_AACGTTGAGCGTTCCG,NK
B12_c1,HMN171216,NI,NK,B12_c1_AAGACCTAGTTGAGAT,NK
B12_c1,HMN171231,NI,NK,B12_c1_AAGGCAGAGACGCTTT,NK
B12_c1,,,NK,B12_c1_AAGGTTCGTCTGCCAG,NK
B12_c1,,,NK,B12_c1_ACACCCTGTCCAGTTA,NK
B12_c1,,,NK,B12_c1_ACAGCTACAGGCGATA,NK
B12_c1,HMN171216,NI,NK,B12_c1_ACAGCTAGTCCATGAT,NK
B12_c1,,,NK,B12_c1_ACCGTAAAGAGTACAT,NK
B12_c1,,,NK,B12_c1_ACGAGGACACTCGACG,NK
B12_c1,HMN171216,NI,NK,B12_c1_ACGATACTCGGCGGTT,NK
B12_c1,HMN171216,NI,NK,B12_c1_ACGCCAGTCGCACTCT,NK
B12_c1,,,NK,B12_c1_ACGCCGAAGAAGGGTA,NK
B12_c1,HMN171240,flu,NK,B12_c1_ACTGAGTTCCTAGAAC,NK
B12_c1,,,NK,B12_c1_AGAATAGCACAGATTC,NK
B12_c1,,,NK,B12_c1_AGAGCTTCAGATAATG,NK
B12_c1,HMN171216,NI,NK,B12_c1_AGAGCTTTCTGGCGAC,NK
B12_c1,HMN171216,NI,NK,B12_c1_AGAGTGGAGAAACCGC,NK
B12_c1,,,NK,B12_c1_AGATTGCGTTGCGCAC,NK
B12_c1,HMN171231,NI,NK,B12_c1_AGCCTAATCGACAGCC,NK
B12_c1,HMN171216,NI,NK,B12_c1_AGGCCGTCAACACCCG,NK
B12_c1,HMN171216,NI,NK,B12_c1_AGGGAGTGTAGCCTAT,NK
B12_c1,,,NK,B12_c1_AGGGAGTGTTCCTCCA,NK
B12_c1,HMN171216,NI,NK,B12_c1_AGGTCATCAAGAAAGG,NK
B12_c1,,,NK,B12_c1_AGTGAGGTCCGCAGTG,NK
B12_c1,HMN171216,NI,NK,B12_c1_ATAGACCGTCTTCTCG,NK
B12_c1,HMN171216,NI,NK,B12_c1_ATAGACCTCTCTGAGA,NK
B12_c1,HMN171216,NI,NK,B12_c1_ATCCGAAGTTTACTCT,NK
B12_c1,HMN171230,NI,NK,B12_c1_ATCCGAATCCGAACGC,NK
B12_c1,HMN171234,flu,NK,B12_c1_ATCTACTAGTGATCGG,NK
B12_c1,HMN171216,NI,NK,B12_c1_ATCTACTGTCCAACTA,NK
B12_c1,,,NK,B12_c1_ATGTGTGAGGTGCTTT,NK
B12_c1,,,NK,B12_c1_ATTGGACCACTTGGAT,NK
B12_c1,,,NK,B12_c1_CAAGAAACACACGCTG,NK
B12_c1,HMN171231,NI,NK,B12_c1_CAAGAAACACTACAGT,NK
B12_c1,HMN171216,NI,NK,B12_c1_CAAGATCGTCAATGTC,NK
B12_c1,HMN171230,NI,NK,B12_c1_CAAGTTGCAACACGCC,NK
B12_c1,HMN171231,NI,NK,B12_c1_CACATAGAGCCTCGTG,NK
B12_c1,HMN171216,NI,NK,B12_c1_CAGAATCAGCCAGAAC,NK
B12_c1,HMN171230,NI,NK,B12_c1_CAGATCACAAGCGATG,NK
B12_c1,HMN171230,NI,NK,B12_c1_CAGCTGGGTCTTGTCC,NK
B12_c1,HMN171231,NI,NK,B12_c1_CAGTCCTAGGGTATCG,NK
B12_c1,,,NK,B12_c1_CAGTCCTGTCACACGC,NK
B12_c1,HMN171234,flu,NK,B12_c1_CAGTCCTGTTCGCTAA,NK
B12_c1,,,NK,B12_c1_CATATTCAGACTCGGA,NK
B12_c1,HMN171230,NI,NK,B12_c1_CATATTCTCAAACGGG,NK
B12_c1,,,NK,B12_c1_CCACTACAGAATTGTG,NK
B12_c1,HMN171230,NI,NK,B12_c1_CCCAGTTAGACTCGGA,NK
B12_c1,HMN171230,NI,NK,B12_c1_CCCTCCTCACCGGAAA,NK
B12_c1,HMN171231,NI,NK,B12_c1_CCTACACCACCAGGCT,NK
B12_c1,,,NK,B12_c1_CCTTCCCTCGCAAACT,NK
B12_c1,,,NK,B12_c1_CGAATGTTCAACACAC,NK
B12_c1,HMN171230,NI,NK,B12_c1_CGAGAAGTCGCCTGAG,NK
B12_c1,,,NK,B12_c1_CGAGCACCAAGCCGTC,NK
B12_c1,,,NK,B12_c1_CGAGCACCAAGCCTAT,NK
B12_c1,HMN171230,NI,NK,B12_c1_CGCGTTTAGATGAGAG,NK
B12_c1,,,NK,B12_c1_CGCTATCGTCACCTAA,NK
B12_c1,,,NK,B12_c1_CGCTTCAGTACGCACC,NK
B12_c1,HMN171231,NI,NK,B12_c1_CGGAGCTCATCCTAGA,NK
B12_c1,HMN171216,NI,NK,B12_c1_CGGAGTCCACGGTAAG,NK
B12_c1,HMN171216,NI,NK,B12_c1_CGTCCATGTGGTGTAG,NK
B12_c1,HMN171216,NI,NK,B12_c1_CTAACTTCAGTCGATT,NK
B12_c1,HMN171216,NI,NK,B12_c1_CTACATTAGTGGGCTA,NK
B12_c1,HMN171219,flu,NK,B12_c1_CTACCCATCCACTCCA,NK
B12_c1,HMN171231,NI,NK,B12_c1_CTCGGAGCAGACGCCT,NK
B12_c1,HMN171216,NI,NK,B12_c1_CTCGTACCATGGTTGT,NK
B12_c1,HMN171216,NI,NK,B12_c1_CTGCTGTTCATGCTCC,NK
B12_c1,,,NK,B12_c1_CTGGTCTAGGTAAACT,NK
B12_c1,,,NK,B12_c1_CTTAACTAGTATCTCG,NK
B12_c1,HMN171216,NI,NK,B12_c1_GAACGGAGTTCCCGAG,NK
B12_c1,HMN171234,flu,NK,B12_c1_GAAGCAGCAGCCAGAA,NK
B12_c1,,,NK,B12_c1_GAATAAGGTTCAGACT,NK
B12_c1,HMN171216,NI,NK,B12_c1_GACCAATAGAGTCGGT,NK
B12_c1,,,NK,B12_c1_GACGCGTTCTTACCTA,NK
B12_c1,,,NK,B12_c1_GACGTTACAAGGCTCC,NK
B12_c1,HMN171216,NI,NK,B12_c1_GACTGCGGTATCACCA,NK
B12_c1,,,NK,B12_c1_GATCTAGAGTGTGGCA,NK
B12_c1,,,NK,B12_c1_GATCTAGCAGTGACAG,NK
B12_c1,HMN171216,NI,NK,B12_c1_GCACTCTCACTCTGTC,NK
B12_c1,,,NK,B12_c1_GCATACACATATGAGA,NK
B12_c1,HMN171216,NI,NK,B12_c1_GCATGTAAGTGGTCCC,NK
B12_c1,HMN171230,NI,NK,B12_c1_GCCTCTATCTGGCGAC,NK
B12_c1,,,NK,B12_c1_GCGCGATCATGTCCTC,NK
B12_c1,HMN171216,NI,NK,B12_c1_GCTCCTAAGAGACTTA,NK
B12_c1,HMN171230,NI,NK,B12_c1_GCTCCTATCCGCGTTT,NK
B12_c1,,,NK,B12_c1_GCTGCTTCACTAAGTC,NK
B12_c1,,,NK,B12_c1_GCTGCTTTCCGAACGC,NK
B12_c1,HMN171216,NI,NK,B12_c1_GGACAGATCTCAACTT,NK
B12_c1,HMN171216,NI,NK,B12_c1_GGATGTTCAAGTACCT,NK
B12_c1,,,NK,B12_c1_GGCAATTAGCTAAACA,NK
B12_c1,,,NK,B12_c1_GGGAATGGTCCGTCAG,NK
B12_c1,HMN171216,NI,NK,B12_c1_GGTATTGCATCTATGG,NK
B12_c1,,,NK,B12_c1_GGTGAAGCAACTTGAC,NK
B12_c1,,,NK,B12_c1_GTAACGTCAAGGACAC,NK
B12_c1,,,NK,B12_c1_GTAGGCCTCGCTTAGA,NK
B12_c1,HMN171234,flu,NK,B12_c1_GTAGTCAGTCCGAAGA,NK
B12_c1,,,NK,B12_c1_GTCATTTGTTTGTGTG,NK
B12_c1,HMN171216,NI,NK,B12_c1_GTCCTCACAGGTCGTC,NK
B12_c1,,,NK,B12_c1_GTGTGCGTCGGTCTAA,NK
B12_c1,,,NK,B12_c1_GTTCATTTCGGAAACG,NK
B12_c1,,,NK,B12_c1_TAAGAGACATGGGACA,NK
B12_c1,,,NK,B12_c1_TACCTTACAGGACGTA,NK
B12_c1,HMN171230,NI,NK,B12_c1_TACTCGCAGACAGGCT,NK
B12_c1,HMN171230,NI,NK,B12_c1_TACTTACTCAGGTTCA,NK
B12_c1,,,NK,B12_c1_TAGAGCTGTCATCCCT,NK
B12_c1,HMN171230,NI,NK,B12_c1_TATGCCCGTGAGCGAT,NK
B12_c1,HMN171230,NI,NK,B12_c1_TATTACCTCCGTCATC,NK
B12_c1,HMN171234,flu,NK,B12_c1_TCACAAGCACTTAAGC,NK
B12_c1,,,NK,B12_c1_TCAGATGTCGATAGAA,NK
B12_c1,,,NK,B12_c1_TCTCATAAGTCGCCGT,NK
B12_c1,HMN171216,NI,NK,B12_c1_TCTTCGGTCCCGACTT,NK
B12_c1,,,NK,B12_c1_TGACAACTCGAACGGA,NK
B12_c1,HMN171230,NI,NK,B12_c1_TGACTTTGTGTTTGGT,NK
B12_c1,,,NK,B12_c1_TGAGAGGTCCCGGATG,NK
B12_c1,HMN171216,NI,NK,B12_c1_TGAGCATTCGGTGTTA,NK
B12_c1,,,NK,B12_c1_TGAGGGAAGTACCGGA,NK
B12_c1,,,NK,B12_c1_TGCCCTAGTGACCAAG,NK
B12_c1,HMN171216,NI,NK,B12_c1_TGCGCAGAGGGTTCCC,NK
B12_c1,,,NK,B12_c1_TGCGGGTGTAGCCTAT,NK
B12_c1,,,NK,B12_c1_TGCTACCCAAGCTGAG,NK
B12_c1,,,NK,B12_c1_TGGCCAGAGAAACCTA,NK
B12_c1,,,NK,B12_c1_TGGTTCCCAGAAGCAC,NK
B12_c1,HMN171216,NI,NK,B12_c1_TTAACTCAGGCCATAG,NK
B12_c1,,,NK,B12_c1_TTCTTAGAGAGCTATA,NK
B12_c1,HMN171216,NI,NK,B12_c1_TTGAACGAGCTAAACA,NK
B12_c1,,,NK,B12_c1_TTGCCGTGTCTTTCAT,NK
B12_c1,,,NK,B12_c1_TTTACTGCAGCGTTCG,NK
B12_c1,,,NK,B12_c1_TTTGGTTCATAGTAAG,NK
B12_c2,HMN171234,NI,NK,B12_c2_AAACGGGTCAAACCAC,NK
B12_c2,,,NK,B12_c2_AAATGCCGTCTTCTCG,NK
B12_c2,HMN171231,flu,NK,B12_c2_AACTTTCGTAGTGAAT,NK
B12_c2,,,NK,B12_c2_AATCCAGCACATCTTT,NK
B12_c2,,,NK,B12_c2_ACACCAATCCGTCATC,NK
B12_c2,,,NK,B12_c2_ACACCCTTCTTGAGGT,NK
B12_c2,,,NK,B12_c2_ACACCGGTCACAGTAC,NK
B12_c2,HMN171219,NI,NK,B12_c2_ACAGCCGTCTTGGGTA,NK
B12_c2,,,NK,B12_c2_ACAGCTAGTCTAGCGC,NK
B12_c2,HMN171234,NI,NK,B12_c2_ACATCAGGTAAATACG,NK
B12_c2,,,NK,B12_c2_ACATGGTAGACAAAGG,NK
B12_c2,,,NK,B12_c2_ACCAGTAAGTTCCACA,NK
B12_c2,,,NK,B12_c2_ACGAGGATCCGCGTTT,NK
B12_c2,HMN171240,NI,NK,B12_c2_ACGATACGTTCGCGAC,NK
B12_c2,HMN171234,NI,NK,B12_c2_ACGATGTGTCTACCTC,NK
B12_c2,,,NK,B12_c2_ACGGCCATCAAGGCTT,NK
B12_c2,,,NK,B12_c2_ACTGAACAGTCCGGTC,NK
B12_c2,,,NK,B12_c2_ACTGAACCAAACTGCT,NK
B12_c2,,,NK,B12_c2_ACTGAACCACATGTGT,NK
B12_c2,,,NK,B12_c2_AGACGTTGTTCCATGA,NK
B12_c2,HMN171234,NI,NK,B12_c2_AGAGCTTTCTGAAAGA,NK
B12_c2,,,NK,B12_c2_AGATTGCCAGCTGTTA,NK
B12_c2,HMN171219,NI,NK,B12_c2_AGCCTAAGTCACAAGG,NK
B12_c2,HMN171240,NI,NK,B12_c2_AGCGGTCAGTTCCACA,NK
B12_c2,,,NK,B12_c2_AGGCCGTCATCGTCGG,NK
B12_c2,HMN171219,NI,NK,B12_c2_AGTTGGTGTGGCAAAC,NK
B12_c2,HMN171219,NI,NK,B12_c2_ATAAGAGGTCGAAAGC,NK
B12_c2,HMN171216,flu,NK,B12_c2_ATAAGAGGTCGCCATG,NK
B12_c2,,,NK,B12_c2_ATAAGAGTCTGGGCCA,NK
B12_c2,HMN171240,NI,NK,B12_c2_ATCATGGGTTATCGGT,NK
B12_c2,HMN171240,NI,NK,B12_c2_ATGAGGGCACAACGTT,NK
B12_c2,HMN171234,NI,NK,B12_c2_CAAGGCCGTAAACCTC,NK
B12_c2,,,NK,B12_c2_CAAGTTGGTTCCGTCT,NK
B12_c2,HMN171219,NI,NK,B12_c2_CAAGTTGTCATCTGCC,NK
B12_c2,,,NK,B12_c2_CACACAACATTCCTGC,NK
B12_c2,HMN171240,NI,NK,B12_c2_CACACTCTCCGTTGCT,NK
B12_c2,,,NK,B12_c2_CACATTTGTCGACTGC,NK
B12_c2,HMN171219,NI,NK,B12_c2_CACCACTAGTACGCCC,NK
B12_c2,,,NK,B12_c2_CACCACTTCCTAAGTG,NK
B12_c2,HMN171234,NI,NK,B12_c2_CACCAGGCATACCATG,NK
B12_c2,,,NK,B12_c2_CAGAATCCATACTACG,NK
B12_c2,,,NK,B12_c2_CAGCGACGTCTAGTCA,NK
B12_c2,HMN171219,NI,NK,B12_c2_CAGTCCTCAATAACGA,NK
B12_c2,HMN171240,NI,NK,B12_c2_CATATTCCAGTGGAGT,NK
B12_c2,HMN171234,NI,NK,B12_c2_CATCAAGTCTCGCATC,NK
B12_c2,,,NK,B12_c2_CATGACACACATGGGA,NK
B12_c2,HMN171219,NI,NK,B12_c2_CCACGGATCACATACG,NK
B12_c2,,,NK,B12_c2_CCCAGTTCAATGAAAC,NK
B12_c2,,,NK,B12_c2_CCCTCCTGTCTTGATG,NK
B12_c2,,,NK,B12_c2_CCGTTCATCTGTTTGT,NK
B12_c2,,,NK,B12_c2_CCTACCAAGTGACTCT,NK
B12_c2,HMN171240,NI,NK,B12_c2_CCTTCGACAGACAAAT,NK
B12_c2,HMN171240,NI,NK,B12_c2_CCTTCGAGTACTCTCC,NK
B12_c2,HMN171219,NI,NK,B12_c2_CCTTTCTAGGACAGCT,NK
B12_c2,,,NK,B12_c2_CCTTTCTCAAAGGCGT,NK
B12_c2,HMN171230,flu,NK,B12_c2_CCTTTCTTCCACTCCA,NK
B12_c2,HMN171234,NI,NK,B12_c2_CGAACATCACATCCAA,NK
B12_c2,HMN171234,NI,NK,B12_c2_CGACTTCGTAAGTAGT,NK
B12_c2,,,NK,B12_c2_CGAGAAGAGTAACCCT,NK
B12_c2,,,NK,B12_c2_CGAGAAGTCTACCAGA,NK
B12_c2,HMN171219,NI,NK,B12_c2_CGAGCCATCTTGGGTA,NK
B12_c2,HMN171234,NI,NK,B12_c2_CGCCAAGCATCTCGCT,NK
B12_c2,HMN171219,NI,NK,B12_c2_CGCGGTAGTACAGTTC,NK
B12_c2,,,NK,B12_c2_CGCTATCGTATCTGCA,NK
B12_c2,HMN171234,NI,NK,B12_c2_CGCTATCTCACCTCGT,NK
B12_c2,HMN171234,NI,NK,B12_c2_CGCTGGATCAACGAAA,NK
B12_c2,,,NK,B12_c2_CGGAGCTAGATAGCAT,NK
B12_c2,,,NK,B12_c2_CGGCTAGGTAATCGTC,NK
B12_c2,,,NK,B12_c2_CGTCCATCAGCATACT,NK
B12_c2,,,NK,B12_c2_CGTTAGAGTTACGCGC,NK
B12_c2,,,NK,B12_c2_CTAACTTGTTACGTCA,NK
B12_c2,,,NK,B12_c2_CTACACCAGCCTATGT,NK
B12_c2,,,NK,B12_c2_CTACCCAGTCTCTCTG,NK
B12_c2,HMN171234,NI,NK,B12_c2_CTCAGAACAGTCACTA,NK
B12_c2,,,NK,B12_c2_CTCGAAACATCAGTAC,NK
B12_c2,,,NK,B12_c2_CTCGAGGTCAATCACG,NK
B12_c2,,,NK,B12_c2_CTCGTACCATGGTCAT,NK
B12_c2,HMN171219,NI,NK,B12_c2_CTCTACGAGGACACCA,NK
B12_c2,HMN171240,NI,NK,B12_c2_CTCTGGTAGGGTTTCT,NK
B12_c2,,,NK,B12_c2_CTGATCCCAATAACGA,NK
B12_c2,HMN171231,flu,NK,B12_c2_CTGATCCCATTCGACA,NK
B12_c2,,,NK,B12_c2_CTGCCTAAGCAGGTCA,NK
B12_c2,HMN171234,NI,NK,B12_c2_CTGCTGTAGGACGAAA,NK
B12_c2,,,NK,B12_c2_CTTAGGATCCAGTAGT,NK
B12_c2,HMN171240,NI,NK,B12_c2_GAAACTCCAAGTCTAC,NK
B12_c2,HMN171234,NI,NK,B12_c2_GAAACTCGTACTTAGC,NK
B12_c2,,,NK,B12_c2_GAACCTAAGAAAGTGG,NK
B12_c2,,,NK,B12_c2_GAATAAGAGACTTTCG,NK
B12_c2,HMN171234,NI,NK,B12_c2_GACGCGTTCCGCTGTT,NK
B12_c2,,,NK,B12_c2_GACGGCTTCAGATAAG,NK
B12_c2,,,NK,B12_c2_GACTACATCCAAACAC,NK
B12_c2,,,NK,B12_c2_GATCGATTCTTCAACT,NK
B12_c2,,,NK,B12_c2_GATCTAGCAATGGAAT,NK
B12_c2,HMN171240,NI,NK,B12_c2_GATGAAATCTACTATC,NK
B12_c2,,,NK,B12_c2_GCACTCTCATCGTCGG,NK
B12_c2,HMN171234,NI,NK,B12_c2_GCAGCCACAGGCTCAC,NK
B12_c2,HMN171240,NI,NK,B12_c2_GCAGCCATCCCACTTG,NK
B12_c2,HMN171231,flu,NK,B12_c2_GCATGATCATGGGAAC,NK
B12_c2,HMN171234,NI,NK,B12_c2_GCGACCACACTCAGGC,NK
B12_c2,,,NK,B12_c2_GCGCGATTCTCCAGGG,NK
B12_c2,,,NK,B12_c2_GCTCCTAGTGTGACGA,NK
B12_c2,,,NK,B12_c2_GGACAGATCATGTAGC,NK
B12_c2,,,NK,B12_c2_GGCAATTGTCCTGCTT,NK
B12_c2,,,NK,B12_c2_GGCGACTAGACTAAGT,NK
B12_c2,HMN171234,NI,NK,B12_c2_GGCGACTTCCTACAGA,NK
B12_c2,,,NK,B12_c2_GGGAATGCAGATCCAT,NK
B12_c2,,,NK,B12_c2_GGGTTGCGTACAGTTC,NK
B12_c2,HMN171230,flu,NK,B12_c2_GGTGCGTGTCTGATTG,NK
B12_c2,HMN171219,NI,NK,B12_c2_GTAACTGAGGAGTTGC,NK
B12_c2,,,NK,B12_c2_GTATCTTAGTGTCCAT,NK
B12_c2,HMN171219,NI,NK,B12_c2_GTATTCTCAGACGCTC,NK
B12_c2,,,NK,B12_c2_GTATTCTTCATATCGG,NK
B12_c2,HMN171219,NI,NK,B12_c2_GTCTCGTAGGACGAAA,NK
B12_c2,,,NK,B12_c2_GTGAAGGAGTAACCCT,NK
B12_c2,HMN171219,NI,NK,B12_c2_GTGCAGCCAGGACGTA,NK
B12_c2,,,NK,B12_c2_GTGGGTCAGAGGTTAT,NK
B12_c2,HMN171219,NI,NK,B12_c2_GTGTTAGTCCCAACGG,NK
B12_c2,HMN171219,NI,NK,B12_c2_GTTACAGAGAACTGTA,NK
B12_c2,HMN171240,NI,NK,B12_c2_TACAGTGGTAGCGCTC,NK
B12_c2,HMN171234,NI,NK,B12_c2_TACCTTATCTGCGGCA,NK
B12_c2,,,NK,B12_c2_TACTTACCAACTGCGC,NK
B12_c2,,,NK,B12_c2_TACTTGTAGCTGAACG,NK
B12_c2,,,NK,B12_c2_TAGACCATCCCATTAT,NK
B12_c2,HMN171240,NI,NK,B12_c2_TAGCCGGTCGTTTATC,NK
B12_c2,HMN171234,NI,NK,B12_c2_TAGGCATTCCACGAAT,NK
B12_c2,HMN171240,NI,NK,B12_c2_TATCTCAGTATTCGTG,NK
B12_c2,HMN171234,NI,NK,B12_c2_TATGCCCAGAAGGGTA,NK
B12_c2,HMN171240,NI,NK,B12_c2_TCACGAAGTGTGCGTC,NK
B12_c2,HMN171219,NI,NK,B12_c2_TCAGATGCACAAGACG,NK
B12_c2,,,NK,B12_c2_TCAGGTATCTGGTATG,NK
B12_c2,,,NK,B12_c2_TCCACACTCCTAGTGA,NK
B12_c2,HMN171234,NI,NK,B12_c2_TCGGTAAAGTGCTGCC,NK
B12_c2,,,NK,B12_c2_TCGGTAACAGAAGCAC,NK
B12_c2,HMN171234,NI,NK,B12_c2_TCGTAGACATACCATG,NK
B12_c2,,,NK,B12_c2_TCTTTCCCATGGAATA,NK
B12_c2,HMN171219,NI,NK,B12_c2_TCTTTCCGTAAATACG,NK
B12_c2,HMN171219,NI,NK,B12_c2_TGACTAGAGCTAGCCC,NK
B12_c2,,,NK,B12_c2_TGAGGGAAGTACGCGA,NK
B12_c2,,,NK,B12_c2_TGAGGGACAAGGCTCC,NK
B12_c2,,,NK,B12_c2_TGCCCTATCTGATACG,NK
B12_c2,,,NK,B12_c2_TGCGTGGAGCTGAAAT,NK
B12_c2,HMN171240,NI,NK,B12_c2_TGCTACCCATCGGTTA,NK
B12_c2,,,NK,B12_c2_TGCTACCGTGTTAAGA,NK
B12_c2,,,NK,B12_c2_TGGGAAGTCGCCTGTT,NK
B12_c2,,,NK,B12_c2_TGGTTCCGTCGAGTTT,NK
B12_c2,HMN171234,NI,NK,B12_c2_TGTGGTATCTCTAGGA,NK
B12_c2,,,NK,B12_c2_TGTTCCGAGTGCGTGA,NK
B12_c2,,,NK,B12_c2_TTAACTCCACGGACAA,NK
B12_c2,HMN171240,NI,NK,B12_c2_TTATGCTAGTGAACGC,NK
B12_c2,HMN171234,NI,NK,B12_c2_TTATGCTGTTTGACAC,NK
B12_c2,HMN171240,NI,NK,B12_c2_TTCTCCTTCATGGTCA,NK
B12_c2,HMN171240,NI,NK,B12_c2_TTCTTAGGTATCAGTC,NK
B12_c2,,,NK,B12_c2_TTCTTAGTCTTTAGGG,NK
B12_c2,HMN171234,NI,NK,B12_c2_TTGCGTCGTCGATTGT,NK
B12_c2,,,NK,B12_c2_TTGTAGGGTGTGCGTC,NK
B13_c1,,,NK,B13_c1_AAACCTGTCGTTTGCC,NK
B13_c1,HMN171221,NI,NK,B13_c1_AAAGCAAGTTGGTGGA,NK
B13_c1,HMN171221,NI,NK,B13_c1_AACCATGCACACGCTG,NK
B13_c1,HMN171221,NI,NK,B13_c1_AACCATGCACCAGATT,NK
B13_c1,HMN171224,flu,NK,B13_c1_AACTCCCAGACTAGGC,NK
B13_c1,HMN171221,NI,NK,B13_c1_AACTCCCGTTGGGACA,NK
B13_c1,,,NK,B13_c1_AAGCCGCGTAGGAGTC,NK
B13_c1,,,NK,B13_c1_AAGGTTCGTGTGAAAT,NK
B13_c1,HMN171221,NI,NK,B13_c1_AATCCAGGTTCAGCGC,NK
B13_c1,,,NK,B13_c1_ACACCAAAGATGCCAG,NK
B13_c1,,,NK,B13_c1_ACACCAAGTCTAAAGA,NK
B13_c1,HMN171239,NI,NK,B13_c1_ACACCAAGTGACGCCT,NK
B13_c1,HMN171221,NI,NK,B13_c1_ACACCAATCAATACCG,NK
B13_c1,,,NK,B13_c1_ACACCCTTCACTCCTG,NK
B13_c1,HMN171221,NI,NK,B13_c1_ACACCGGAGAAGGTTT,NK
B13_c1,,,NK,B13_c1_ACACCGGAGGATGCGT,NK
B13_c1,,,NK,B13_c1_ACACTGAAGAAGAAGC,NK
B13_c1,HMN171239,NI,NK,B13_c1_ACAGCCGCAGCGATCC,NK
B13_c1,,,NK,B13_c1_ACAGCTACACGTCAGC,NK
B13_c1,,,NK,B13_c1_ACAGCTATCAGATAAG,NK
B13_c1,,,NK,B13_c1_ACATGGTAGAGTAAGG,NK
B13_c1,,,NK,B13_c1_ACCAGTAGTAAAGGAG,NK
B13_c1,HMN171224,flu,NK,B13_c1_ACCCACTCATAAGACA,NK
B13_c1,,,NK,B13_c1_ACCTTTAAGGTAGCCA,NK
B13_c1,,,NK,B13_c1_ACGCAGCCAACACCCG,NK
B13_c1,,,NK,B13_c1_ACGGCCAGTAATCGTC,NK
B13_c1,HMN171224,flu,NK,B13_c1_ACGGGCTAGCCAGAAC,NK
B13_c1,HMN171221,NI,NK,B13_c1_ACGGGCTTCCTTTCTC,NK
B13_c1,HMN171239,NI,NK,B13_c1_ACGGGCTTCGAGAGCA,NK
B13_c1,HMN171239,NI,NK,B13_c1_ACGGGTCCATGCAACT,NK
B13_c1,,,NK,B13_c1_ACGTCAATCGCGTTTC,NK
B13_c1,HMN171221,NI,NK,B13_c1_ACTGAGTGTCCGAGTC,NK
B13_c1,,,NK,B13_c1_ACTTGTTCAAAGCAAT,NK
B13_c1,HMN171224,flu,NK,B13_c1_ACTTTCATCTGCAAGT,NK
B13_c1,,,NK,B13_c1_AGACGTTAGTACGATA,NK
B13_c1,,,NK,B13_c1_AGAGCTTAGCACACAG,NK
B13_c1,,,NK,B13_c1_AGATCTGGTAATCGTC,NK
B13_c1,HMN171221,NI,NK,B13_c1_AGATCTGTCGGAAATA,NK
B13_c1,,,NK,B13_c1_AGATTGCAGGACTGGT,NK
B13_c1,,,NK,B13_c1_AGATTGCGTTATCCGA,NK
B13_c1,,,NK,B13_c1_AGCAGCCTCCTGCCAT,NK
B13_c1,HMN171221,NI,NK,B13_c1_AGCCTAATCGGCTTGG,NK
B13_c1,HMN171239,NI,NK,B13_c1_AGCGTATAGGGTTCCC,NK
B13_c1,,,NK,B13_c1_AGCGTATGTGGTACAG,NK
B13_c1,,,NK,B13_c1_AGCGTATTCGGCATCG,NK
B13_c1,,,NK,B13_c1_AGCGTATTCGTACGGC,NK
B13_c1,,,NK,B13_c1_AGCGTCGCACCATCCT,NK
B13_c1,,,NK,B13_c1_AGCGTCGGTGTAATGA,NK
B13_c1,,,NK,B13_c1_AGCGTCGTCTATCCTA,NK
B13_c1,HMN171239,NI,NK,B13_c1_AGCTCCTCAAGTACCT,NK
B13_c1,HMN171221,NI,NK,B13_c1_AGCTTGAAGACCCACC,NK
B13_c1,,,NK,B13_c1_AGCTTGAAGGAGCGAG,NK
B13_c1,,,NK,B13_c1_AGCTTGAGTACATCCA,NK
B13_c1,HMN171221,NI,NK,B13_c1_AGCTTGAGTCGGCACT,NK
B13_c1,HMN171221,NI,NK,B13_c1_AGCTTGAGTTACTGAC,NK
B13_c1,,,NK,B13_c1_AGGCCACAGCAACGGT,NK
B13_c1,,,NK,B13_c1_AGGCCACTCTGGAGCC,NK
B13_c1,,,NK,B13_c1_AGGGAGTGTGGGTATG,NK
B13_c1,,,NK,B13_c1_AGGGTGACACTCAGGC,NK
B13_c1,,,NK,B13_c1_AGGGTGATCGGAGCAA,NK
B13_c1,,,NK,B13_c1_AGGTCATAGCAGACTG,NK
B13_c1,,,NK,B13_c1_AGGTCATTCATCGGAT,NK
B13_c1,HMN171222,NI,NK,B13_c1_AGGTCCGCAATGAAAC,NK
B13_c1,HMN171222,NI,NK,B13_c1_AGTAGTCAGCCACGTC,NK
B13_c1,,,NK,B13_c1_AGTGAGGTCACAGGCC,NK
B13_c1,,,NK,B13_c1_ATAACGCCACGTAAGG,NK
B13_c1,,,NK,B13_c1_ATCGAGTTCGCAGGCT,NK
B13_c1,,,NK,B13_c1_ATCTGCCGTACCGAGA,NK
B13_c1,HMN171221,NI,NK,B13_c1_ATGAGGGAGTATGACA,NK
B13_c1,HMN171221,NI,NK,B13_c1_ATGTGTGTCCTCATTA,NK
B13_c1,,,NK,B13_c1_ATGTGTGTCTGTGCAA,NK
B13_c1,,,NK,B13_c1_ATTACTCAGTAACCCT,NK
B13_c1,,,NK,B13_c1_ATTACTCCAGCTGTTA,NK
B13_c1,HMN171239,NI,NK,B13_c1_ATTACTCCAGTATCTG,NK
B13_c1,,,NK,B13_c1_ATTCTACTCTTGTTTG,NK
B13_c1,,,NK,B13_c1_ATTTCTGTCATCTGCC,NK
B13_c1,HMN171222,NI,NK,B13_c1_CAACCAACAGCGTTCG,NK
B13_c1,,,NK,B13_c1_CAAGAAACAGCTGTTA,NK
B13_c1,,,NK,B13_c1_CACACCTCACAAGACG,NK
B13_c1,,,NK,B13_c1_CACACTCGTACTCAAC,NK
B13_c1,HMN171239,NI,NK,B13_c1_CACAGGCCAAGCCCAC,NK
B13_c1,,,NK,B13_c1_CACATAGGTCTCCCTA,NK
B13_c1,HMN171221,NI,NK,B13_c1_CACCACTTCAGGTTCA,NK
B13_c1,HMN171221,NI,NK,B13_c1_CACCAGGGTCGGGTCT,NK
B13_c1,,,NK,B13_c1_CAGAGAGTCGTACCGG,NK
B13_c1,,,NK,B13_c1_CAGCATACAGATGGGT,NK
B13_c1,HMN171221,NI,NK,B13_c1_CAGCTAACATGAAGTA,NK
B13_c1,HMN171221,NI,NK,B13_c1_CAGGTGCCAAGACACG,NK
B13_c1,,,NK,B13_c1_CAGTAACCACTTCGAA,NK
B13_c1,HMN171221,NI,NK,B13_c1_CATATGGGTGCTCTTC,NK
B13_c1,HMN171222,NI,NK,B13_c1_CATCAAGGTTTAGGAA,NK
B13_c1,HMN171226,flu,NK,B13_c1_CATCAGAAGCGCCTTG,NK
B13_c1,,,NK,B13_c1_CATCGAAAGATGTCGG,NK
B13_c1,,,NK,B13_c1_CATCGAAAGCTACCTA,NK
B13_c1,,,NK,B13_c1_CATCGAAAGTAGCGGT,NK
B13_c1,,,NK,B13_c1_CATGACACATAGACTC,NK
B13_c1,HMN171221,NI,NK,B13_c1_CATGCCTTCCTTGACC,NK
B13_c1,,,NK,B13_c1_CCAATCCCAAGTAATG,NK
B13_c1,,,NK,B13_c1_CCAGCGAGTCTAGCCG,NK
B13_c1,,,NK,B13_c1_CCCATACCATGGGAAC,NK
B13_c1,HMN171221,NI,NK,B13_c1_CCCATACGTTTCCACC,NK
B13_c1,,,NK,B13_c1_CCCTCCTGTAAGGATT,NK
B13_c1,HMN171221,NI,NK,B13_c1_CCGGTAGGTTGAGTTC,NK
B13_c1,HMN171239,NI,NK,B13_c1_CCGGTAGTCGAGAGCA,NK
B13_c1,HMN171221,NI,NK,B13_c1_CCGTACTCACGAGGTA,NK
B13_c1,,,NK,B13_c1_CCGTACTCACTAAGTC,NK
B13_c1,,,NK,B13_c1_CCTACACAGCGATTCT,NK
B13_c1,,,NK,B13_c1_CCTACCACATGGTCAT,NK
B13_c1,,,NK,B13_c1_CCTACCAGTACCGAGA,NK
B13_c1,,,NK,B13_c1_CCTCAGTAGCCCAGCT,NK
B13_c1,HMN171239,NI,NK,B13_c1_CCTTACGCATGCTAGT,NK
B13_c1,HMN171224,flu,NK,B13_c1_CCTTACGTCACTTCAT,NK
B13_c1,HMN171221,NI,NK,B13_c1_CCTTCCCCAATCCGAT,NK
B13_c1,HMN171221,NI,NK,B13_c1_CCTTCGAAGACTCGGA,NK
B13_c1,,,NK,B13_c1_CCTTCGACACCAGGCT,NK
B13_c1,,,NK,B13_c1_CCTTCGACACTTACGA,NK
B13_c1,,,NK,B13_c1_CCTTTCTGTCAATGTC,NK
B13_c1,,,NK,B13_c1_CCTTTCTGTGTAATGA,NK
B13_c1,HMN171239,NI,NK,B13_c1_CGACTTCGTCTCATCC,NK
B13_c1,,,NK,B13_c1_CGACTTCTCGTAGGTT,NK
B13_c1,,,NK,B13_c1_CGAGCACAGGATGGAA,NK
B13_c1,,,NK,B13_c1_CGAGCACTCACCGTAA,NK
B13_c1,,,NK,B13_c1_CGATCGGAGCCACGTC,NK
B13_c1,HMN171221,NI,NK,B13_c1_CGATGTACACTTCTGC,NK
B13_c1,,,NK,B13_c1_CGCGTTTCATTCTCAT,NK
B13_c1,HMN171221,NI,NK,B13_c1_CGCGTTTGTATTCGTG,NK
B13_c1,,,NK,B13_c1_CGCGTTTTCGGCGGTT,NK
B13_c1,,,NK,B13_c1_CGCTATCTCGTCTGCT,NK
B13_c1,,,NK,B13_c1_CGCTGGAGTCCAAGTT,NK
B13_c1,HMN171221,NI,NK,B13_c1_CGCTTCAGTGATGTGG,NK
B13_c1,,,NK,B13_c1_CGGACTGCAACGATGG,NK
B13_c1,,,NK,B13_c1_CGGAGCTAGTACGATA,NK
B13_c1,HMN171224,flu,NK,B13_c1_CGGCTAGTCTTGCCGT,NK
B13_c1,HMN171222,NI,NK,B13_c1_CGGGTCAAGTGGCACA,NK
B13_c1,HMN171222,NI,NK,B13_c1_CGGGTCAGTCGATTGT,NK
B13_c1,HMN171222,NI,NK,B13_c1_CGTCAGGTCAGCTCTC,NK
B13_c1,,,NK,B13_c1_CGTCCATGTCCGAGTC,NK
B13_c1,HMN171239,NI,NK,B13_c1_CGTCCATGTCTAAAGA,NK
B13_c1,,,NK,B13_c1_CGTCCATGTTACGCGC,NK
B13_c1,HMN171239,NI,NK,B13_c1_CGTCTACAGGCATGTG,NK
B13_c1,,,NK,B13_c1_CGTTAGATCAGCCTAA,NK
B13_c1,HMN171239,NI,NK,B13_c1_CGTTAGATCTGCCCTA,NK
B13_c1,,,NK,B13_c1_CTAACTTAGCTCCTTC,NK
B13_c1,,,NK,B13_c1_CTAAGACTCTGCAAGT,NK
B13_c1,,,NK,B13_c1_CTAATGGAGGTGATAT,NK
B13_c1,HMN171221,NI,NK,B13_c1_CTACATTCAAGCTGGA,NK
B13_c1,,,NK,B13_c1_CTACATTCATCAGTAC,NK
B13_c1,HMN171221,NI,NK,B13_c1_CTAGAGTGTCCGACGT,NK
B13_c1,HMN171221,NI,NK,B13_c1_CTAGCCTCAGCATACT,NK
B13_c1,,,NK,B13_c1_CTCACACAGGCTCAGA,NK
B13_c1,,,NK,B13_c1_CTCACACCAAACTGCT,NK
B13_c1,HMN171221,NI,NK,B13_c1_CTCAGAAAGATGTCGG,NK
B13_c1,,,NK,B13_c1_CTCAGAAGTGTGCGTC,NK
B13_c1,HMN171222,NI,NK,B13_c1_CTCGAAACAAGGACAC,NK
B13_c1,,,NK,B13_c1_CTCGGGACATTATCTC,NK
B13_c1,,,NK,B13_c1_CTCGGGAGTGATGATA,NK
B13_c1,HMN171239,NI,NK,B13_c1_CTCGTACCAAGTACCT,NK
B13_c1,,,NK,B13_c1_CTCGTACCACAGCGTC,NK
B13_c1,HMN171222,NI,NK,B13_c1_CTCGTCACACCGTTGG,NK
B13_c1,HMN171222,NI,NK,B13_c1_CTCTACGCATATACCG,NK
B13_c1,,,NK,B13_c1_CTCTGGTTCACATGCA,NK
B13_c1,,,NK,B13_c1_CTGAAGTCATGTAGTC,NK
B13_c1,,,NK,B13_c1_CTGCCTACAGCCTTTC,NK
B13_c1,,,NK,B13_c1_CTTAGGACAAAGGTGC,NK
B13_c1,HMN171222,NI,NK,B13_c1_CTTCTCTTCGCGTTTC,NK
B13_c1,,,NK,B13_c1_CTTTGCGCACAGCGTC,NK
B13_c1,,,NK,B13_c1_GAAATGAGTTCCGGCA,NK
B13_c1,,,NK,B13_c1_GAACGGAGTGTGCGTC,NK
B13_c1,,,NK,B13_c1_GAATAAGCACGACGAA,NK
B13_c1,HMN171226,flu,NK,B13_c1_GAATGAAAGCTCTCGG,NK
B13_c1,,,NK,B13_c1_GAATGAACACCAGATT,NK
B13_c1,HMN171221,NI,NK,B13_c1_GACCAATCACTTGGAT,NK
B13_c1,,,NK,B13_c1_GACCTGGCACAGGCCT,NK
B13_c1,HMN171221,NI,NK,B13_c1_GACGGCTAGACAGACC,NK
B13_c1,,,NK,B13_c1_GACGTGCTCAGTGTTG,NK
B13_c1,HMN171221,NI,NK,B13_c1_GACGTTAAGTTGTAGA,NK
B13_c1,,,NK,B13_c1_GACGTTAGTGGTGTAG,NK
B13_c1,HMN171221,NI,NK,B13_c1_GACGTTATCTACCAGA,NK
B13_c1,HMN171222,NI,NK,B13_c1_GACTAACAGAGATGAG,NK
B13_c1,,,NK,B13_c1_GACTGCGTCAACGCTA,NK
B13_c1,HMN171242,flu,NK,B13_c1_GACTGCGTCTGCGACG,NK
B13_c1,HMN171222,NI,NK,B13_c1_GAGCAGACAGATGGCA,NK
B13_c1,,,NK,B13_c1_GATCAGTTCTGTTTGT,NK
B13_c1,,,NK,B13_c1_GATCGCGAGGAGTTGC,NK
B13_c1,,,NK,B13_c1_GATCTAGGTGAGTATA,NK
B13_c1,,,NK,B13_c1_GATGCTACACCTCGTT,NK
B13_c1,HMN171239,NI,NK,B13_c1_GCAAACTAGGGCTCTC,NK
B13_c1,,,NK,B13_c1_GCAAACTTCATGCAAC,NK
B13_c1,HMN171221,NI,NK,B13_c1_GCAGCCAGTCACCTAA,NK
B13_c1,,,NK,B13_c1_GCAGTTACACAGTCGC,NK
B13_c1,,,NK,B13_c1_GCATGATGTCTGCAAT,NK
B13_c1,,,NK,B13_c1_GCATGCGAGCGTCAAG,NK
B13_c1,,,NK,B13_c1_GCATGCGCACCTATCC,NK
B13_c1,HMN171239,NI,NK,B13_c1_GCCTCTAGTAAGTGGC,NK
B13_c1,,,NK,B13_c1_GCCTCTATCTGGTATG,NK
B13_c1,,,NK,B13_c1_GCGACCACAAGAGTCG,NK
B13_c1,HMN171221,NI,NK,B13_c1_GCGACCACAGATTGCT,NK
B13_c1,,,NK,B13_c1_GCGAGAAAGAGGACGG,NK
B13_c1,HMN171221,NI,NK,B13_c1_GCGCAGTCACGAAAGC,NK
B13_c1,,,NK,B13_c1_GCGCAGTGTTGATTGC,NK
B13_c1,,,NK,B13_c1_GCGCCAACATTACGAC,NK
B13_c1,HMN171224,flu,NK,B13_c1_GCGGGTTTCCGTACAA,NK
B13_c1,,,NK,B13_c1_GCTCTGTCAAAGTCAA,NK
B13_c1,,,NK,B13_c1_GCTCTGTGTCGCATCG,NK
B13_c1,HMN171222,NI,NK,B13_c1_GCTCTGTGTGATGTGG,NK
B13_c1,,,NK,B13_c1_GCTGCAGAGTAGGTGC,NK
B13_c1,,,NK,B13_c1_GCTGCAGCAATCCGAT,NK
B13_c1,HMN171221,NI,NK,B13_c1_GCTGCGAAGCGTAATA,NK
B13_c1,,,NK,B13_c1_GCTGCGATCCTGCCAT,NK
B13_c1,HMN171221,NI,NK,B13_c1_GCTGCTTCACGGATAG,NK
B13_c1,HMN171222,NI,NK,B13_c1_GGACATTAGCTAAGAT,NK
B13_c1,,,NK,B13_c1_GGACGTCGTGAAATCA,NK
B13_c1,,,NK,B13_c1_GGAGCAAAGCAACGGT,NK
B13_c1,,,NK,B13_c1_GGATTACCAGGACGTA,NK
B13_c1,,,NK,B13_c1_GGCCGATAGTGGAGTC,NK
B13_c1,HMN171221,NI,NK,B13_c1_GGCCGATGTAGAAGGA,NK
B13_c1,HMN171222,NI,NK,B13_c1_GGCCGATTCAAAGTAG,NK
B13_c1,HMN171239,NI,NK,B13_c1_GGCGTGTCAGCTCGCA,NK
B13_c1,,,NK,B13_c1_GGCGTGTGTGTTGAGG,NK
B13_c1,,,NK,B13_c1_GGCTCGAAGGTAGCTG,NK
B13_c1,,,NK,B13_c1_GGCTGGTTCGCATGAT,NK
B13_c1,HMN171239,NI,NK,B13_c1_GGGAGATGTGTGGTTT,NK
B13_c1,,,NK,B13_c1_GGGAGATGTTTACTCT,NK
B13_c1,HMN171221,NI,NK,B13_c1_GGGTCTGTCTACTATC,NK
B13_c1,HMN171221,NI,NK,B13_c1_GGTATTGGTCAGATAA,NK
B13_c1,HMN171239,NI,NK,B13_c1_GGTGCGTCAGAGCCAA,NK
B13_c1,,,NK,B13_c1_GTAACTGAGAAGGCCT,NK
B13_c1,,,NK,B13_c1_GTACTCCGTCACAAGG,NK
B13_c1,HMN171224,flu,NK,B13_c1_GTAGGCCAGTTACCCA,NK
B13_c1,,,NK,B13_c1_GTAGTCATCGTGTAGT,NK
B13_c1,HMN171222,NI,NK,B13_c1_GTATCTTCAGACGCAA,NK
B13_c1,,,NK,B13_c1_GTATCTTTCAAGAAGT,NK
B13_c1,,,NK,B13_c1_GTATTCTAGTTAGGTA,NK
B13_c1,HMN171221,NI,NK,B13_c1_GTCAAGTAGATCGATA,NK
B13_c1,HMN171221,NI,NK,B13_c1_GTCACAACATACTACG,NK
B13_c1,,,NK,B13_c1_GTCCTCAGTCGCGGTT,NK
B13_c1,,,NK,B13_c1_GTCGTAACATAAGACA,NK
B13_c1,,,NK,B13_c1_GTCTCGTTCATATCGG,NK
B13_c1,HMN171222,NI,NK,B13_c1_GTCTTCGAGAGTAATC,NK
B13_c1,,,NK,B13_c1_GTCTTCGAGTGCTGCC,NK
B13_c1,HMN171221,NI,NK,B13_c1_GTGAAGGCATAGACTC,NK
B13_c1,,,NK,B13_c1_GTGCAGCTCTCGGACG,NK
B13_c1,HMN171221,NI,NK,B13_c1_GTGCATATCGGATGTT,NK
B13_c1,HMN171222,NI,NK,B13_c1_GTGCGGTTCAATACCG,NK
B13_c1,HMN171239,NI,NK,B13_c1_GTGCTTCAGACAGACC,NK
B13_c1,,,NK,B13_c1_GTTAAGCAGCAGACTG,NK
B13_c1,,,NK,B13_c1_GTTACAGTCAAACCGT,NK
B13_c1,,,NK,B13_c1_GTTACAGTCTGGTGTA,NK
B13_c1,HMN171242,flu,NK,B13_c1_GTTCATTCATCTACGA,NK
B13_c1,,,NK,B13_c1_GTTCGGGAGATCACGG,NK
B13_c1,,,NK,B13_c1_TAAGAGAGTCCGAGTC,NK
B13_c1,HMN171239,NI,NK,B13_c1_TAAGAGAGTTCGCTAA,NK
B13_c1,,,NK,B13_c1_TAAGCGTGTGTTCGAT,NK
B13_c1,HMN171221,NI,NK,B13_c1_TAAGCGTTCAGTTAGC,NK
B13_c1,HMN171221,NI,NK,B13_c1_TACACGAGTATTAGCC,NK
B13_c1,,,NK,B13_c1_TACCTTAAGCGTTCCG,NK
B13_c1,,,NK,B13_c1_TACTCGCTCTGCAGTA,NK
B13_c1,,,NK,B13_c1_TAGACCAAGTACGATA,NK
B13_c1,HMN171222,NI,NK,B13_c1_TAGACCACATCTCGCT,NK
B13_c1,,,NK,B13_c1_TAGACCACATTCACTT,NK
B13_c1,HMN171222,NI,NK,B13_c1_TAGCCGGCAGGAATGC,NK
B13_c1,HMN171222,NI,NK,B13_c1_TAGGCATAGCACGCCT,NK
B13_c1,HMN171222,NI,NK,B13_c1_TAGGCATAGCCTATGT,NK
B13_c1,HMN171221,NI,NK,B13_c1_TAGTTGGAGCCAGGAT,NK
B13_c1,HMN171222,NI,NK,B13_c1_TATCAGGAGACTGGGT,NK
B13_c1,,,NK,B13_c1_TATCAGGCACCAGTTA,NK
B13_c1,HMN171239,NI,NK,B13_c1_TATCTCATCGTTGCCT,NK
B13_c1,,,NK,B13_c1_TATGCCCTCTCAACTT,NK
B13_c1,HMN171239,NI,NK,B13_c1_TCACGAAAGACGCACA,NK
B13_c1,HMN171221,NI,NK,B13_c1_TCAGCAACATGGATGG,NK
B13_c1,,,NK,B13_c1_TCAGCTCAGATCTGAA,NK
B13_c1,,,NK,B13_c1_TCAGGATAGGGTCGAT,NK
B13_c1,,,NK,B13_c1_TCAGGTAGTTCCGGCA,NK
B13_c1,HMN171221,NI,NK,B13_c1_TCAGGTATCTGGTGTA,NK
B13_c1,,,NK,B13_c1_TCATTACAGAGGGATA,NK
B13_c1,,,NK,B13_c1_TCATTTGCATCGATTG,NK
B13_c1,HMN171221,NI,NK,B13_c1_TCCCGATTCTGCAAGT,NK
B13_c1,HMN171221,NI,NK,B13_c1_TCGCGTTTCCAAACAC,NK
B13_c1,,,NK,B13_c1_TCGGGACTCGGCGCTA,NK
B13_c1,HMN171222,NI,NK,B13_c1_TCTATTGAGTAGCGGT,NK
B13_c1,,,NK,B13_c1_TCTCATATCCGATATG,NK
B13_c1,,,NK,B13_c1_TCTCTAACATCGGACC,NK
B13_c1,HMN171222,NI,NK,B13_c1_TCTCTAAGTGTCAATC,NK
B13_c1,HMN171222,NI,NK,B13_c1_TCTCTAATCGCCAGCA,NK
B13_c1,HMN171222,NI,NK,B13_c1_TCTGAGAGTATGCTTG,NK
B13_c1,,,NK,B13_c1_TCTTCGGAGTACGATA,NK
B13_c1,HMN171222,NI,NK,B13_c1_TGAAAGACACACGCTG,NK
B13_c1,,,NK,B13_c1_TGACAACCACCCATGG,NK
B13_c1,HMN171221,NI,NK,B13_c1_TGACTAGCATGCCACG,NK
B13_c1,,,NK,B13_c1_TGACTAGGTTTGGCGC,NK
B13_c1,,,NK,B13_c1_TGACTAGTCGTTGACA,NK
B13_c1,,,NK,B13_c1_TGACTTTCATTCGACA,NK
B13_c1,,,NK,B13_c1_TGAGGGATCACGACTA,NK
B13_c1,,,NK,B13_c1_TGATTTCCAAGTAATG,NK
B13_c1,HMN171239,NI,NK,B13_c1_TGATTTCCACTTCGAA,NK
B13_c1,HMN171222,NI,NK,B13_c1_TGCCAAAAGCTGCCCA,NK
B13_c1,,,NK,B13_c1_TGCCCTAAGGGATGGG,NK
B13_c1,,,NK,B13_c1_TGCGCAGTCGGAAACG,NK
B13_c1,HMN171239,NI,NK,B13_c1_TGCTGCTGTTTGACTG,NK
B13_c1,HMN171222,NI,NK,B13_c1_TGGACGCGTCTCTCGT,NK
B13_c1,,,NK,B13_c1_TGGCCAGGTAAGAGAG,NK
B13_c1,,,NK,B13_c1_TGGCGCAAGGAGCGTT,NK
B13_c1,,,NK,B13_c1_TGGCTGGAGCTGAAAT,NK
B13_c1,,,NK,B13_c1_TGGGAAGCAGCGAACA,NK
B13_c1,HMN171221,NI,NK,B13_c1_TGGGCGTCAGCTCCGA,NK
B13_c1,,,NK,B13_c1_TGGTTAGGTCTAGTCA,NK
B13_c1,,,NK,B13_c1_TGGTTAGGTTGATTGC,NK
B13_c1,HMN171221,NI,NK,B13_c1_TGGTTAGTCACCTTAT,NK
B13_c1,,,NK,B13_c1_TGGTTCCAGTCTTGCA,NK
B13_c1,,,NK,B13_c1_TGTATTCGTTCAGGCC,NK
B13_c1,HMN171221,NI,NK,B13_c1_TGTGGTAGTTACCGAT,NK
B13_c1,,,NK,B13_c1_TGTTCCGTCAACGCTA,NK
B13_c1,,,NK,B13_c1_TTAGGACTCACCCTCA,NK
B13_c1,,,NK,B13_c1_TTAGGCAAGATGTTAG,NK
B13_c1,HMN171221,NI,NK,B13_c1_TTAGTTCCAGCTTCGG,NK
B13_c1,,,NK,B13_c1_TTATGCTTCACCCTCA,NK
B13_c1,HMN171221,NI,NK,B13_c1_TTCGAAGAGCCAGTTT,NK
B13_c1,,,NK,B13_c1_TTCGAAGCACAGGTTT,NK
B13_c1,,,NK,B13_c1_TTCGGTCGTTCAGCGC,NK
B13_c1,,,NK,B13_c1_TTCTCAAAGATCACGG,NK
B13_c1,HMN171239,NI,NK,B13_c1_TTCTCCTAGCCCTAAT,NK
B13_c1,,,NK,B13_c1_TTCTTAGAGTTACGGG,NK
B13_c1,HMN171221,NI,NK,B13_c1_TTGACTTAGGATTCGG,NK
B13_c1,HMN171239,NI,NK,B13_c1_TTGGAACCATACGCCG,NK
B13_c1,,,NK,B13_c1_TTGGAACTCAAACCGT,NK
B13_c1,HMN171221,NI,NK,B13_c1_TTTACTGGTCATATCG,NK
B13_c1,,,NK,B13_c1_TTTATGCCAGACGCTC,NK
B13_c1,,,NK,B13_c1_TTTATGCGTTATGCGT,NK
B13_c1,,,NK,B13_c1_TTTGGTTAGCACCGCT,NK
B13_c1,,,NK,B13_c1_TTTGGTTAGGGTGTGT,NK
B13_c1,,,NK,B13_c1_TTTGGTTCAATGAAAC,NK
B13_c2,HMN171239,flu,NK,B13_c2_AAACGGGAGATCACGG,NK
B13_c2,HMN171226,NI,NK,B13_c2_AACACGTGTAAAGGAG,NK
B13_c2,,,NK,B13_c2_AACCATGGTTTGGGCC,NK
B13_c2,,,NK,B13_c2_AACTCCCAGCAGCGTA,NK
B13_c2,,,NK,B13_c2_AAGACCTAGGGCATGT,NK
B13_c2,,,NK,B13_c2_AAGCCGCCAATGACCT,NK
B13_c2,,,NK,B13_c2_AAGGAGCTCATGTCCC,NK
B13_c2,,,NK,B13_c2_ACACCAAGTATCGCAT,NK
B13_c2,HMN171224,NI,NK,B13_c2_ACATGGTTCTACTATC,NK
B13_c2,,,NK,B13_c2_ACCGTAACACAGATTC,NK
B13_c2,,,NK,B13_c2_ACCTTTAGTTGGAGGT,NK
B13_c2,HMN171221,flu,NK,B13_c2_ACGCAGCGTCCGTCAG,NK
B13_c2,,,NK,B13_c2_ACGGAGATCGCCAAAT,NK
B13_c2,,,NK,B13_c2_ACGGCCACAGACAGGT,NK
B13_c2,HMN171224,NI,NK,B13_c2_ACTGAACAGAGCTATA,NK
B13_c2,HMN171224,NI,NK,B13_c2_ACTGAACCAGTGGGAT,NK
B13_c2,HMN171226,NI,NK,B13_c2_ACTTACTCATTGCGGC,NK
B13_c2,HMN171226,NI,NK,B13_c2_AGCAGCCTCCCTTGTG,NK
B13_c2,HMN171221,flu,NK,B13_c2_AGCTCCTTCTCTAAGG,NK
B13_c2,,,NK,B13_c2_AGGGATGCATGTCGAT,NK
B13_c2,,,NK,B13_c2_AGTCTTTGTGCAGGTA,NK
B13_c2,,,NK,B13_c2_AGTGTCAAGCCAGGAT,NK
B13_c2,,,NK,B13_c2_AGTTGGTGTCGCTTTC,NK
B13_c2,HMN171221,flu,NK,B13_c2_ATCACGAAGACAAGCC,NK
B13_c2,HMN171224,NI,NK,B13_c2_ATCACGACAAACCCAT,NK
B13_c2,,,NK,B13_c2_ATCATCTGTGCACCAC,NK
B13_c2,,,NK,B13_c2_ATCATGGAGTAGGTGC,NK
B13_c2,HMN171224,NI,NK,B13_c2_ATCGAGTTCTGGCGTG,NK
B13_c2,,,NK,B13_c2_ATGGGAGAGTTACCCA,NK
B13_c2,HMN171226,NI,NK,B13_c2_ATTACTCAGACCTAGG,NK
B13_c2,,,NK,B13_c2_ATTACTCGTACAGTTC,NK
B13_c2,HMN171239,flu,NK,B13_c2_ATTCTACGTTTACTCT,NK
B13_c2,HMN171224,NI,NK,B13_c2_CAACCAAGTTCCAACA,NK
B13_c2,HMN171226,NI,NK,B13_c2_CAACTAGAGATCCTGT,NK
B13_c2,,,NK,B13_c2_CAAGATCGTATCGCAT,NK
B13_c2,HMN171242,NI,NK,B13_c2_CAAGTTGTCTAACTTC,NK
B13_c2,,,NK,B13_c2_CACAAACAGCACAGGT,NK
B13_c2,,,NK,B13_c2_CACACCTAGAATGTGT,NK
B13_c2,,,NK,B13_c2_CACACCTCACAAGCCC,NK
B13_c2,,,NK,B13_c2_CACACTCCAGCTGTTA,NK
B13_c2,,,NK,B13_c2_CACCTTGCAAGAGTCG,NK
B13_c2,HMN171221,flu,NK,B13_c2_CAGCATATCGTGTAGT,NK
B13_c2,,,NK,B13_c2_CAGCTGGCAAGCCGTC,NK
B13_c2,,,NK,B13_c2_CAGGTGCAGGACACCA,NK
B13_c2,,,NK,B13_c2_CAGGTGCTCTGACCTC,NK
B13_c2,HMN171221,flu,NK,B13_c2_CAGTAACTCAAGCCTA,NK
B13_c2,,,NK,B13_c2_CAGTCCTTCACTCCTG,NK
B13_c2,,,NK,B13_c2_CATCAAGAGTGATCGG,NK
B13_c2,HMN171224,NI,NK,B13_c2_CATCAGATCCTCTAGC,NK
B13_c2,HMN171224,NI,NK,B13_c2_CCCTCCTGTAGCGCTC,NK
B13_c2,,,NK,B13_c2_CCTACCAGTTATGCGT,NK
B13_c2,HMN171221,flu,NK,B13_c2_CCTAGCTAGACTAGAT,NK
B13_c2,,,NK,B13_c2_CGAACATGTGGGTATG,NK
B13_c2,HMN171226,NI,NK,B13_c2_CGAGAAGCAGTAGAGC,NK
B13_c2,,,NK,B13_c2_CGATCGGTCTACGAGT,NK
B13_c2,,,NK,B13_c2_CGATGTATCATACGGT,NK
B13_c2,,,NK,B13_c2_CGCTATCAGAGTAATC,NK
B13_c2,,,NK,B13_c2_CGCTGGACAACCGCCA,NK
B13_c2,,,NK,B13_c2_CGGACGTTCCCTAATT,NK
B13_c2,,,NK,B13_c2_CGGTTAAAGCCTTGAT,NK
B13_c2,,,NK,B13_c2_CGGTTAAGTCCATCCT,NK
B13_c2,,,NK,B13_c2_CGGTTAATCACCTCGT,NK
B13_c2,HMN171224,NI,NK,B13_c2_CGTCAGGAGTAGGCCA,NK
B13_c2,,,NK,B13_c2_CGTGTCTCACCCATTC,NK
B13_c2,,,NK,B13_c2_CGTGTCTTCTAACGGT,NK
B13_c2,,,NK,B13_c2_CGTTGGGGTGACGCCT,NK
B13_c2,,,NK,B13_c2_CTAATGGCATGCTGGC,NK
B13_c2,HMN171224,NI,NK,B13_c2_CTAGAGTAGACAGACC,NK
B13_c2,,,NK,B13_c2_CTCACACCATCCTAGA,NK
B13_c2,,,NK,B13_c2_CTCAGAATCACAGTAC,NK
B13_c2,,,NK,B13_c2_CTCTAATTCTGGTATG,NK
B13_c2,,,NK,B13_c2_CTGAAGTGTGATGTGG,NK
B13_c2,,,NK,B13_c2_CTGATAGAGAGCTGGT,NK
B13_c2,,,NK,B13_c2_CTGCCTACATTAACCG,NK
B13_c2,,,NK,B13_c2_CTTTGCGAGAGGGCTT,NK
B13_c2,HMN171224,NI,NK,B13_c2_GAACATCGTGATGTCT,NK
B13_c2,HMN171226,NI,NK,B13_c2_GAACCTACAAACGTGG,NK
B13_c2,,,NK,B13_c2_GAACGGAGTGTGGTTT,NK
B13_c2,,,NK,B13_c2_GACAGAGGTTAAGATG,NK
B13_c2,HMN171226,NI,NK,B13_c2_GACCAATGTAATTGGA,NK
B13_c2,,,NK,B13_c2_GACGCGTAGACAGACC,NK
B13_c2,,,NK,B13_c2_GACGGCTTCTTCTGGC,NK
B13_c2,,,NK,B13_c2_GACTACAAGCCACGCT,NK
B13_c2,,,NK,B13_c2_GAGGTGAAGCTCTCGG,NK
B13_c2,,,NK,B13_c2_GAGTCCGTCAAACAAG,NK
B13_c2,,,NK,B13_c2_GATCGCGGTTCCACTC,NK
B13_c2,HMN171224,NI,NK,B13_c2_GATCTAGAGGCGTACA,NK
B13_c2,,,NK,B13_c2_GCAAACTCAAAGCGGT,NK
B13_c2,,,NK,B13_c2_GCAGCCATCGTCCAGG,NK
B13_c2,HMN171224,NI,NK,B13_c2_GCATACAAGTTAACGA,NK
B13_c2,HMN171242,NI,NK,B13_c2_GCGAGAATCACATACG,NK
B13_c2,,,NK,B13_c2_GCGCAACTCCGAACGC,NK
B13_c2,,,NK,B13_c2_GCGCGATGTGACAAAT,NK
B13_c2,,,NK,B13_c2_GCTTGAATCGAGCCCA,NK
B13_c2,,,NK,B13_c2_GGACGTCTCCGTCATC,NK
B13_c2,HMN171224,NI,NK,B13_c2_GGCAATTCAAATACAG,NK
B13_c2,HMN171226,NI,NK,B13_c2_GGCAATTCAATAACGA,NK
B13_c2,,,NK,B13_c2_GGGACCTTCATGCTCC,NK
B13_c2,,,NK,B13_c2_GGGAGATGTATGAATG,NK
B13_c2,,,NK,B13_c2_GGGATGAGTCGGCACT,NK
B13_c2,,,NK,B13_c2_GGTGCGTAGTTTAGGA,NK
B13_c2,,,NK,B13_c2_GTACTCCCATTAGCCA,NK
B13_c2,,,NK,B13_c2_GTAGTCAGTCTCATCC,NK
B13_c2,HMN171242,NI,NK,B13_c2_GTGAAGGAGGCTAGCA,NK
B13_c2,,,NK,B13_c2_GTGTGCGTCATGTGGT,NK
B13_c2,HMN171226,NI,NK,B13_c2_GTTCGGGCAACAACCT,NK
B13_c2,,,NK,B13_c2_GTTCGGGGTACAAGTA,NK
B13_c2,,,NK,B13_c2_GTTTCTACATGAACCT,NK
B13_c2,,,NK,B13_c2_TACACGACAGACTCGC,NK
B13_c2,,,NK,B13_c2_TACACGAGTCTAGGTT,NK
B13_c2,,,NK,B13_c2_TACTCATGTACCATCA,NK
B13_c2,,,NK,B13_c2_TACTCATTCGCAAACT,NK
B13_c2,HMN171242,NI,NK,B13_c2_TACTCGCTCACGAAGG,NK
B13_c2,HMN171226,NI,NK,B13_c2_TATTACCGTAAGTAGT,NK
B13_c2,,,NK,B13_c2_TCAACGAAGACTTTCG,NK
B13_c2,,,NK,B13_c2_TCAACGAGTACCTACA,NK
B13_c2,,,NK,B13_c2_TCATTACAGCACGCCT,NK
B13_c2,,,NK,B13_c2_TCATTTGTCCGATATG,NK
B13_c2,,,NK,B13_c2_TCGTAGAGTTATCCGA,NK
B13_c2,,,NK,B13_c2_TCTATTGGTTGCGCAC,NK
B13_c2,,,NK,B13_c2_TCTCATATCATTGCGA,NK
B13_c2,,,NK,B13_c2_TCTGGAATCCTGTACC,NK
B13_c2,,,NK,B13_c2_TGACAACGTCTCACCT,NK
B13_c2,,,NK,B13_c2_TGACGGCTCGGCGCTA,NK
B13_c2,,,NK,B13_c2_TGAGCCGCAGCTGCTG,NK
B13_c2,,,NK,B13_c2_TGCCCTACAGACGTAG,NK
B13_c2,,,NK,B13_c2_TGCTGCTCATCACCCT,NK
B13_c2,HMN171226,NI,NK,B13_c2_TGGCCAGCAGACGTAG,NK
B13_c2,,,NK,B13_c2_TGGCTGGGTGGGTCAA,NK
B13_c2,,,NK,B13_c2_TGTGTTTGTTTGACAC,NK
B13_c2,HMN171224,NI,NK,B13_c2_TGTTCCGCATTGTGCA,NK
B13_c2,,,NK,B13_c2_TTAGTTCAGGATGGTC,NK
B13_c2,,,NK,B13_c2_TTCGGTCCAGCTTAAC,NK
B13_c2,,,NK,B13_c2_TTCTACAGTGCACTTA,NK
B13_c2,HMN171226,NI,NK,B13_c2_TTCTACATCTTGCCGT,NK
B13_c2,,,NK,B13_c2_TTCTCAACACAGGAGT,NK
B13_c2,,,NK,B13_c2_TTGAACGCAATGACCT,NK
B13_c2,,,NK,B13_c2_TTGCCGTAGAGCCCAA,NK
B13_c2,,,NK,B13_c2_TTGCCGTTCCTATTCA,NK
B13_c2,,,NK,B13_c2_TTTATGCAGAAGGTGA,NK
B13_c2,,,NK,B13_c2_TTTGCGCGTTGATTCG,NK
B13_c2,HMN171226,NI,NK,B13_c2_TTTGGTTAGGCCCGTT,NK
B14_c1,,,NK,B14_c1_AAACCTGGTCGCTTTC,NK
B14_c1,HMN171237,NI,NK,B14_c1_AAAGATGCAGACTCGC,NK
B14_c1,HMN171237,NI,NK,B14_c1_AAAGCAAAGACGCTTT,NK
B14_c1,HMN171237,NI,NK,B14_c1_AAAGTAGGTTTACTCT,NK
B14_c1,HMN171223,NI,NK,B14_c1_AACACGTGTTACAGAA,NK
B14_c1,HMN171243,flu,NK,B14_c1_AACTCTTAGACAAGCC,NK
B14_c1,,,NK,B14_c1_AACTCTTCAGGGAGAG,NK
B14_c1,HMN171238,NI,NK,B14_c1_AACTGGTAGAAACCTA,NK
B14_c1,,,NK,B14_c1_AAGGAGCAGTGTACTC,NK
B14_c1,,,NK,B14_c1_AAGGTTCGTTAGAACA,NK
B14_c1,,,NK,B14_c1_AATCCAGCATTTGCCC,NK
B14_c1,,,NK,B14_c1_ACACCAAGTTGCCTCT,NK
B14_c1,,,NK,B14_c1_ACACCCTGTTTGGCGC,NK
B14_c1,,,NK,B14_c1_ACACCGGCAAGTTCTG,NK
B14_c1,,,NK,B14_c1_ACAGCTACAGCTGTAT,NK
B14_c1,HMN171223,NI,NK,B14_c1_ACATACGGTTTGGCGC,NK
B14_c1,,,NK,B14_c1_ACATACGTCAAGATCC,NK
B14_c1,HMN171244,flu,NK,B14_c1_ACATCAGCACGGTTTA,NK
B14_c1,,,NK,B14_c1_ACATGGTTCTCCTATA,NK
B14_c1,HMN171238,NI,NK,B14_c1_ACCGTAAGTAGCACGA,NK
B14_c1,HMN171238,NI,NK,B14_c1_ACCTTTACAAACAACA,NK
B14_c1,,,NK,B14_c1_ACCTTTAGTTCGTTGA,NK
B14_c1,,,NK,B14_c1_ACGAGCCCAAGGACAC,NK
B14_c1,HMN171223,NI,NK,B14_c1_ACGATACTCATCTGCC,NK
B14_c1,,,NK,B14_c1_ACGCAGCGTAGCGTCC,NK
B14_c1,HMN171238,NI,NK,B14_c1_ACGCCGAGTTAAGAAC,NK
B14_c1,,,NK,B14_c1_ACGCCGAGTTGCGTTA,NK
B14_c1,HMN171238,NI,NK,B14_c1_ACTATCTGTGAGGGAG,NK
B14_c1,HMN171223,NI,NK,B14_c1_ACTGAACCATACCATG,NK
B14_c1,,,NK,B14_c1_ACTGAACGTAGGGACT,NK
B14_c1,HMN171237,NI,NK,B14_c1_ACTGAGTTCTACTATC,NK
B14_c1,HMN171243,flu,NK,B14_c1_ACTGCTCAGGGTCTCC,NK
B14_c1,,,NK,B14_c1_ACTGCTCCACGTTGGC,NK
B14_c1,HMN171238,NI,NK,B14_c1_ACTGTCCGTGAGCGAT,NK
B14_c1,,,NK,B14_c1_ACTTACTCATCACCCT,NK
B14_c1,,,NK,B14_c1_AGAGCGATCTTGTTTG,NK
B14_c1,,,NK,B14_c1_AGAGTGGGTCCGTTAA,NK
B14_c1,HMN171223,NI,NK,B14_c1_AGAGTGGGTCTTGTCC,NK
B14_c1,,,NK,B14_c1_AGAGTGGTCACTTATC,NK
B14_c1,,,NK,B14_c1_AGAGTGGTCCGCTGTT,NK
B14_c1,HMN171237,NI,NK,B14_c1_AGATCTGAGTCTCCTC,NK
B14_c1,,,NK,B14_c1_AGCAGCCTCCTATGTT,NK
B14_c1,,,NK,B14_c1_AGCGGTCCAAGGTTCT,NK
B14_c1,,,NK,B14_c1_AGCGGTCTCCTTGACC,NK
B14_c1,,,NK,B14_c1_AGCGTATCATCAGTAC,NK
B14_c1,,,NK,B14_c1_AGCGTCGAGTACATGA,NK
B14_c1,HMN171243,flu,NK,B14_c1_AGCTCTCTCGTACCGG,NK
B14_c1,,,NK,B14_c1_AGCTTGATCATGTCTT,NK
B14_c1,HMN171223,NI,NK,B14_c1_AGGGTGAAGGATTCGG,NK
B14_c1,,,NK,B14_c1_AGGGTGATCGTGGACC,NK
B14_c1,HMN171243,flu,NK,B14_c1_AGGTCCGAGTGGGCTA,NK
B14_c1,,,NK,B14_c1_AGGTCCGGTTCGTCTC,NK
B14_c1,HMN171228,flu,NK,B14_c1_AGTGTCACAGTGAGTG,NK
B14_c1,,,NK,B14_c1_ATAACGCTCTAACTCT,NK
B14_c1,,,NK,B14_c1_ATAGACCCACCTATCC,NK
B14_c1,HMN171238,NI,NK,B14_c1_ATCACGACATGTCCTC,NK
B14_c1,,,NK,B14_c1_ATCATGGCAAGCTGAG,NK
B14_c1,,,NK,B14_c1_ATCATGGTCTTCGGTC,NK
B14_c1,HMN171223,NI,NK,B14_c1_ATCCGAAAGCGTTCCG,NK
B14_c1,,,NK,B14_c1_ATCGAGTAGCCACGCT,NK
B14_c1,HMN171238,NI,NK,B14_c1_ATCTGCCTCGCCTGTT,NK
B14_c1,,,NK,B14_c1_ATCTGCCTCTCTTATG,NK
B14_c1,,,NK,B14_c1_ATGCGATGTAGCGTGA,NK
B14_c1,,,NK,B14_c1_ATGCGATGTGTAATGA,NK
B14_c1,HMN171244,flu,NK,B14_c1_ATTACTCAGATAGTCA,NK
B14_c1,HMN171238,NI,NK,B14_c1_ATTACTCCAGCATGAG,NK
B14_c1,,,NK,B14_c1_ATTACTCGTTACCAGT,NK
B14_c1,HMN171223,NI,NK,B14_c1_ATTATCCCAGTCAGCC,NK
B14_c1,HMN171238,NI,NK,B14_c1_ATTGGTGCATGACGGA,NK
B14_c1,,,NK,B14_c1_CAACCAAGTAACGACG,NK
B14_c1,,,NK,B14_c1_CAACCAATCTGCTGCT,NK
B14_c1,HMN171237,NI,NK,B14_c1_CAAGAAAGTCCGTGAC,NK
B14_c1,,,NK,B14_c1_CAAGAAATCCCAAGAT,NK
B14_c1,,,NK,B14_c1_CAAGTTGTCTTCCTTC,NK
B14_c1,,,NK,B14_c1_CACAAACGTTAAGGGC,NK
B14_c1,,,NK,B14_c1_CACACCTTCAGTGCAT,NK
B14_c1,HMN171237,NI,NK,B14_c1_CACATAGCAGCCTGTG,NK
B14_c1,HMN171237,NI,NK,B14_c1_CACATAGGTACATCCA,NK
B14_c1,HMN171243,flu,NK,B14_c1_CACCAGGAGTGTCCCG,NK
B14_c1,,,NK,B14_c1_CAGAGAGCATACAGCT,NK
B14_c1,,,NK,B14_c1_CAGCTAAGTCTTTCAT,NK
B14_c1,,,NK,B14_c1_CAGCTGGGTATCAGTC,NK
B14_c1,HMN171237,NI,NK,B14_c1_CATATGGTCCGATATG,NK
B14_c1,,,NK,B14_c1_CATCGAATCCTCAACC,NK
B14_c1,,,NK,B14_c1_CATGACAAGATGTTAG,NK
B14_c1,HMN171237,NI,NK,B14_c1_CATGCCTTCACTATTC,NK
B14_c1,,,NK,B14_c1_CATGGCGTCCCTTGCA,NK
B14_c1,HMN171223,NI,NK,B14_c1_CATTATCCAAAGGCGT,NK
B14_c1,,,NK,B14_c1_CATTATCGTCTAGCCG,NK
B14_c1,,,NK,B14_c1_CATTCGCCAATCGGTT,NK
B14_c1,HMN171223,NI,NK,B14_c1_CATTCGCTCTTCTGGC,NK
B14_c1,,,NK,B14_c1_CCCTCCTCATTGGTAC,NK
B14_c1,,,NK,B14_c1_CCGTACTAGGCAAAGA,NK
B14_c1,,,NK,B14_c1_CCGTGGAGTAAAGTCA,NK
B14_c1,,,NK,B14_c1_CCTAAAGTCCTTTACA,NK
B14_c1,,,NK,B14_c1_CCTACACTCACGCATA,NK
B14_c1,HMN171237,NI,NK,B14_c1_CCTACCACAGGATTGG,NK
B14_c1,,,NK,B14_c1_CCTAGCTAGATGGCGT,NK
B14_c1,,,NK,B14_c1_CCTCAGTTCAGTCCCT,NK
B14_c1,,,NK,B14_c1_CGAATGTTCTCAAGTG,NK
B14_c1,HMN171237,NI,NK,B14_c1_CGACCTTAGGCTCTTA,NK
B14_c1,HMN171243,flu,NK,B14_c1_CGACCTTTCGTGGACC,NK
B14_c1,HMN171223,NI,NK,B14_c1_CGACTTCTCTAACTTC,NK
B14_c1,,,NK,B14_c1_CGAGCACCAGGGTTAG,NK
B14_c1,,,NK,B14_c1_CGATCGGTCTTTACGT,NK
B14_c1,HMN171223,NI,NK,B14_c1_CGATGGCCAATCTACG,NK
B14_c1,HMN171238,NI,NK,B14_c1_CGATGTACAAGGTGTG,NK
B14_c1,HMN171223,NI,NK,B14_c1_CGCCAAGAGTTGAGAT,NK
B14_c1,HMN171237,NI,NK,B14_c1_CGGACACCAGTATCTG,NK
B14_c1,,,NK,B14_c1_CGGACGTAGATATGGT,NK
B14_c1,,,NK,B14_c1_CGGACTGAGTGTTTGC,NK
B14_c1,,,NK,B14_c1_CGGAGTCAGTACACCT,NK
B14_c1,,,NK,B14_c1_CGTAGCGAGCTGGAAC,NK
B14_c1,,,NK,B14_c1_CGTCACTAGACGCAAC,NK
B14_c1,,,NK,B14_c1_CGTCTACAGGATGTAT,NK
B14_c1,HMN171237,NI,NK,B14_c1_CGTCTACTCAGGTAAA,NK
B14_c1,,,NK,B14_c1_CGTCTACTCGCGTTTC,NK
B14_c1,,,NK,B14_c1_CGTGAGCTCATGGTCA,NK
B14_c1,,,NK,B14_c1_CGTGTCTTCAAGAAGT,NK
B14_c1,HMN171223,NI,NK,B14_c1_CGTTCTGGTTGTGGCC,NK
B14_c1,,,NK,B14_c1_CGTTCTGTCGCCGTGA,NK
B14_c1,HMN171223,NI,NK,B14_c1_CTAATGGCAAACGTGG,NK
B14_c1,,,NK,B14_c1_CTAATGGCATCACGTA,NK
B14_c1,,,NK,B14_c1_CTAATGGGTCTCTTAT,NK
B14_c1,HMN171223,NI,NK,B14_c1_CTACCCAAGATGTTAG,NK
B14_c1,HMN171237,NI,NK,B14_c1_CTACCCACAAGTTGTC,NK
B14_c1,HMN171223,NI,NK,B14_c1_CTACGTCGTTCCACTC,NK
B14_c1,HMN171223,NI,NK,B14_c1_CTACGTCTCAGTTTGG,NK
B14_c1,,,NK,B14_c1_CTAGAGTTCATCGGAT,NK
B14_c1,,,NK,B14_c1_CTCACACAGGGATACC,NK
B14_c1,HMN171238,NI,NK,B14_c1_CTCAGAATCATAGCAC,NK
B14_c1,HMN171238,NI,NK,B14_c1_CTCCTAGAGGGTTTCT,NK
B14_c1,,,NK,B14_c1_CTCGGAGAGATTACCC,NK
B14_c1,HMN171244,flu,NK,B14_c1_CTCGTCATCGGATGTT,NK
B14_c1,HMN171223,NI,NK,B14_c1_CTCTAATTCCCAGGTG,NK
B14_c1,HMN171243,flu,NK,B14_c1_CTGAAACGTCAAAGAT,NK
B14_c1,,,NK,B14_c1_CTGAAACTCGAGGTAG,NK
B14_c1,,,NK,B14_c1_CTGAAGTCACTTAACG,NK
B14_c1,HMN171238,NI,NK,B14_c1_CTGCCTAAGCGATTCT,NK
B14_c1,,,NK,B14_c1_CTGCTGTTCGCCAAAT,NK
B14_c1,,,NK,B14_c1_CTTAGGATCTTCGAGA,NK
B14_c1,,,NK,B14_c1_CTTCTCTAGCAACGGT,NK
B14_c1,,,NK,B14_c1_CTTTGCGGTCTAGGTT,NK
B14_c1,,,NK,B14_c1_GAAACTCGTTCGTTGA,NK
B14_c1,HMN171243,flu,NK,B14_c1_GAAACTCTCCAGATCA,NK
B14_c1,HMN171237,NI,NK,B14_c1_GAAGCAGGTAAGAGAG,NK
B14_c1,,,NK,B14_c1_GACAGAGGTTCCGTCT,NK
B14_c1,,,NK,B14_c1_GACGTTATCGTCCGTT,NK
B14_c1,HMN171237,NI,NK,B14_c1_GACTAACCACGGTTTA,NK
B14_c1,HMN171237,NI,NK,B14_c1_GAGCAGATCGCCTGTT,NK
B14_c1,HMN171238,NI,NK,B14_c1_GATCAGTTCGCTTGTC,NK
B14_c1,HMN171223,NI,NK,B14_c1_GATCGTACATCACGTA,NK
B14_c1,HMN171237,NI,NK,B14_c1_GATGAAACAGTATAAG,NK
B14_c1,,,NK,B14_c1_GATGAAAGTCCAGTAT,NK
B14_c1,,,NK,B14_c1_GATGAGGCAGGACCCT,NK
B14_c1,HMN171237,NI,NK,B14_c1_GATTCAGGTTTGTTTC,NK
B14_c1,,,NK,B14_c1_GCAAACTAGCTCCTTC,NK
B14_c1,HMN171237,NI,NK,B14_c1_GCAATCACACGGTAGA,NK
B14_c1,,,NK,B14_c1_GCAATCAGTAGCGTGA,NK
B14_c1,HMN171223,NI,NK,B14_c1_GCAGTTACAACGCACC,NK
B14_c1,HMN171223,NI,NK,B14_c1_GCAGTTATCAGCATGT,NK
B14_c1,HMN171237,NI,NK,B14_c1_GCATACAGTGACTCAT,NK
B14_c1,HMN171243,flu,NK,B14_c1_GCATGCGAGCTAGTGG,NK
B14_c1,,,NK,B14_c1_GCATGTAAGGAATTAC,NK
B14_c1,,,NK,B14_c1_GCCTCTATCCACGTGG,NK
B14_c1,HMN171238,NI,NK,B14_c1_GCGAGAAAGGGATCTG,NK
B14_c1,,,NK,B14_c1_GCGCAGTCAGATAATG,NK
B14_c1,,,NK,B14_c1_GCGCCAAAGCGTCTAT,NK
B14_c1,,,NK,B14_c1_GCTCCTAGTACAGTTC,NK
B14_c1,,,NK,B14_c1_GCTCCTAGTGAACCTT,NK
B14_c1,,,NK,B14_c1_GCTCTGTTCACAGTAC,NK
B14_c1,,,NK,B14_c1_GCTGCGAAGGATGTAT,NK
B14_c1,,,NK,B14_c1_GCTGCTTTCTTGCCGT,NK
B14_c1,,,NK,B14_c1_GCTTCCATCTGTCAAG,NK
B14_c1,HMN171237,NI,NK,B14_c1_GCTTGAAAGGACACCA,NK
B14_c1,,,NK,B14_c1_GCTTGAAGTGAAAGAG,NK
B14_c1,,,NK,B14_c1_GGAAAGCGTCGCATAT,NK
B14_c1,HMN171223,NI,NK,B14_c1_GGAACTTAGCTAGTTC,NK
B14_c1,,,NK,B14_c1_GGAATAATCGGTTAAC,NK
B14_c1,,,NK,B14_c1_GGACAGAGTTACGACT,NK
B14_c1,HMN171223,NI,NK,B14_c1_GGATTACCATCTGGTA,NK
B14_c1,,,NK,B14_c1_GGCGTGTAGAGAGCTC,NK
B14_c1,,,NK,B14_c1_GGCTGGTAGTTTCCTT,NK
B14_c1,HMN171237,NI,NK,B14_c1_GGGCACTCAGGATTGG,NK
B14_c1,,,NK,B14_c1_GGGCATCAGTGGACGT,NK
B14_c1,HMN171237,NI,NK,B14_c1_GGTATTGAGGACTGGT,NK
B14_c1,HMN171237,NI,NK,B14_c1_GGTATTGCAAGGGTCA,NK
B14_c1,HMN171223,NI,NK,B14_c1_GGTGCGTCAAGCCCAC,NK
B14_c1,HMN171223,NI,NK,B14_c1_GTACTCCCATTCACTT,NK
B14_c1,,,NK,B14_c1_GTAGTCAGTAGTAGTA,NK
B14_c1,,,NK,B14_c1_GTCACAAAGAAGGTTT,NK
B14_c1,,,NK,B14_c1_GTCACAAGTGTGGTTT,NK
B14_c1,HMN171237,NI,NK,B14_c1_GTCATTTAGAAAGTGG,NK
B14_c1,,,NK,B14_c1_GTCCTCAGTATCGCAT,NK
B14_c1,,,NK,B14_c1_GTCCTCATCGTTGCCT,NK
B14_c1,,,NK,B14_c1_GTCGTAATCGTTGCCT,NK
B14_c1,,,NK,B14_c1_GTCTCGTGTCTAGTCA,NK
B14_c1,,,NK,B14_c1_GTGCAGCCATACTCTT,NK
B14_c1,,,NK,B14_c1_GTGTGCGGTAGAGCTG,NK
B14_c1,,,NK,B14_c1_GTTAAGCAGGCGTACA,NK
B14_c1,,,NK,B14_c1_GTTACAGTCGGTTAAC,NK
B14_c1,HMN171243,flu,NK,B14_c1_GTTCATTAGGCTAGAC,NK
B14_c1,,,NK,B14_c1_GTTCGGGCAAGACACG,NK
B14_c1,,,NK,B14_c1_GTTCGGGCAATCGGTT,NK
B14_c1,HMN171237,NI,NK,B14_c1_TAAACCGGTTGAGGTG,NK
B14_c1,,,NK,B14_c1_TAAGAGAGTATAGGGC,NK
B14_c1,,,NK,B14_c1_TACCTATCACATGACT,NK
B14_c1,,,NK,B14_c1_TACCTATGTACGCACC,NK
B14_c1,,,NK,B14_c1_TACCTATGTATAAACG,NK
B14_c1,HMN171243,flu,NK,B14_c1_TACTTACGTGTCAATC,NK
B14_c1,HMN171243,flu,NK,B14_c1_TAGAGCTAGGAGTTTA,NK
B14_c1,HMN171244,flu,NK,B14_c1_TAGCCGGCAGCTGTTA,NK
B14_c1,HMN171238,NI,NK,B14_c1_TATCTCAAGAAAGTGG,NK
B14_c1,,,NK,B14_c1_TATCTCACACCTATCC,NK
B14_c1,,,NK,B14_c1_TATGCCCAGTATCTCG,NK
B14_c1,,,NK,B14_c1_TCACGAACACAGCCCA,NK
B14_c1,HMN171237,NI,NK,B14_c1_TCACGAATCCACTGGG,NK
B14_c1,,,NK,B14_c1_TCAGGTAAGTTGTAGA,NK
B14_c1,,,NK,B14_c1_TCCCGATTCGGCCGAT,NK
B14_c1,HMN171238,NI,NK,B14_c1_TCGCGAGGTCCAGTTA,NK
B14_c1,,,NK,B14_c1_TCGTAGATCAGGTTCA,NK
B14_c1,,,NK,B14_c1_TCGTAGATCTTGTCAT,NK
B14_c1,,,NK,B14_c1_TCTCATACAGGTGGAT,NK
B14_c1,,,NK,B14_c1_TGAAAGAAGATCTGCT,NK
B14_c1,HMN171238,NI,NK,B14_c1_TGACAACAGACTAGAT,NK
B14_c1,,,NK,B14_c1_TGAGCATGTTGGTGGA,NK
B14_c1,,,NK,B14_c1_TGAGCCGAGCGTTGCC,NK
B14_c1,,,NK,B14_c1_TGATTTCGTAAGTAGT,NK
B14_c1,,,NK,B14_c1_TGCACCTCAGGAATCG,NK
B14_c1,,,NK,B14_c1_TGCACCTTCATTGCGA,NK
B14_c1,,,NK,B14_c1_TGCCAAACAGATCCAT,NK
B14_c1,HMN171223,NI,NK,B14_c1_TGCCCATGTGCGATAG,NK
B14_c1,,,NK,B14_c1_TGCGCAGAGACTACAA,NK
B14_c1,,,NK,B14_c1_TGCGCAGAGATCTGCT,NK
B14_c1,,,NK,B14_c1_TGCGCAGAGTGACTCT,NK
B14_c1,,,NK,B14_c1_TGCTACCTCAACACAC,NK
B14_c1,,,NK,B14_c1_TGCTGCTAGATGCCAG,NK
B14_c1,HMN171238,NI,NK,B14_c1_TGGGAAGGTTAAGTAG,NK
B14_c1,HMN171243,flu,NK,B14_c1_TGTCCCATCTGGTTCC,NK
B14_c1,,,NK,B14_c1_TGTGTTTTCAACGAAA,NK
B14_c1,,,NK,B14_c1_TGTTCCGAGGGATGGG,NK
B14_c1,HMN171238,NI,NK,B14_c1_TTAGGACCACGCGAAA,NK
B14_c1,HMN171244,flu,NK,B14_c1_TTAGTTCCACAGCCCA,NK
B14_c1,,,NK,B14_c1_TTAGTTCTCGTCGTTC,NK
B14_c1,HMN171237,NI,NK,B14_c1_TTAGTTCTCTTTACGT,NK
B14_c1,,,NK,B14_c1_TTCCCAGAGTCCTCCT,NK
B14_c1,HMN171238,NI,NK,B14_c1_TTCGGTCCACAGATTC,NK
B14_c1,HMN171223,NI,NK,B14_c1_TTCTCAAGTCCGTTAA,NK
B14_c1,,,NK,B14_c1_TTGCCGTAGACTTGAA,NK
B14_c1,HMN171243,flu,NK,B14_c1_TTGCCGTAGGGCTCTC,NK
B14_c1,,,NK,B14_c1_TTGCCGTGTTGTACAC,NK
B14_c1,HMN171243,flu,NK,B14_c1_TTGCCGTTCCGAAGAG,NK
B14_c1,HMN171228,flu,NK,B14_c1_TTGGAACAGTAGCCGA,NK
B14_c1,,,NK,B14_c1_TTGGAACTCATCGCTC,NK
B14_c1,HMN171237,NI,NK,B14_c1_TTGTAGGTCAGGTTCA,NK
B14_c1,,,NK,B14_c1_TTGTAGGTCCAAATGC,NK
B14_c1,HMN171223,NI,NK,B14_c1_TTTACTGAGCGTCTAT,NK
B14_c1,HMN171238,NI,NK,B14_c1_TTTCCTCTCGTTTATC,NK
B14_c1,,,NK,B14_c1_TTTGCGCGTATCACCA,NK
B14_c1,,,NK,B14_c1_TTTGGTTGTCCCTTGT,NK
B14_c2,,,NK,B14_c2_AAATGCCGTAAGGGAA,NK
B14_c2,,,NK,B14_c2_AACACGTTCGGCGCTA,NK
B14_c2,HMN171244,NI,NK,B14_c2_AACTCAGTCCCGACTT,NK
B14_c2,,,NK,B14_c2_AACTCAGTCGGAGCAA,NK
B14_c2,HMN171244,NI,NK,B14_c2_AACTGGTCAGATAATG,NK
B14_c2,,,NK,B14_c2_AACTGGTTCCGCAAGC,NK
B14_c2,HMN171243,NI,NK,B14_c2_AACTTTCCAATCACAC,NK
B14_c2,HMN171244,NI,NK,B14_c2_AAGACCTAGAAACCTA,NK
B14_c2,,,NK,B14_c2_AAGCCGCAGAACAACT,NK
B14_c2,HMN171244,NI,NK,B14_c2_AAGGCAGGTCCGTCAG,NK
B14_c2,,,NK,B14_c2_AATCCAGCAGATGAGC,NK
B14_c2,,,NK,B14_c2_AATCGGTCACAAGTAA,NK
B14_c2,,,NK,B14_c2_ACAGCTAGTATATGAG,NK
B14_c2,,,NK,B14_c2_ACATACGAGGTCGGAT,NK
B14_c2,,,NK,B14_c2_ACATCAGAGACAAGCC,NK
B14_c2,HMN171243,NI,NK,B14_c2_ACATCAGAGTAAGTAC,NK
B14_c2,HMN171243,NI,NK,B14_c2_ACATGGTTCACTATTC,NK
B14_c2,,,NK,B14_c2_ACCCACTGTCCGAAGA,NK
B14_c2,HMN171223,flu,NK,B14_c2_ACCGTAACAGTTAACC,NK
B14_c2,,,NK,B14_c2_ACCTTTAAGTTAGCGG,NK
B14_c2,,,NK,B14_c2_ACGAGGAAGGTAGCTG,NK
B14_c2,,,NK,B14_c2_ACGATACTCAACCAAC,NK
B14_c2,HMN171243,NI,NK,B14_c2_ACGATGTGTTATCACG,NK
B14_c2,HMN171243,NI,NK,B14_c2_ACGGAGATCATATCGG,NK
B14_c2,HMN171228,NI,NK,B14_c2_ACGGAGATCTGGTATG,NK
B14_c2,,,NK,B14_c2_ACGTCAAGTTTGCATG,NK
B14_c2,HMN171243,NI,NK,B14_c2_ACGTCAATCTAACTCT,NK
B14_c2,,,NK,B14_c2_ACTGAACCATTCACTT,NK
B14_c2,,,NK,B14_c2_ACTGAGTAGAGACTTA,NK
B14_c2,,,NK,B14_c2_ACTGATGCACGTCTCT,NK
B14_c2,HMN171244,NI,NK,B14_c2_ACTGATGCATGCCACG,NK
B14_c2,,,NK,B14_c2_ACTGTCCAGTCAAGGC,NK
B14_c2,,,NK,B14_c2_ACTTACTTCCTTGACC,NK
B14_c2,,,NK,B14_c2_ACTTGTTCAAAGCGGT,NK
B14_c2,HMN171228,NI,NK,B14_c2_ACTTTCAGTACCGTTA,NK
B14_c2,HMN171238,flu,NK,B14_c2_AGAGCGATCCCAAGTA,NK
B14_c2,,,NK,B14_c2_AGAGTGGGTTGCTCCT,NK
B14_c2,,,NK,B14_c2_AGATTGCGTAAGTTCC,NK
B14_c2,HMN171228,NI,NK,B14_c2_AGATTGCGTTCACCTC,NK
B14_c2,HMN171228,NI,NK,B14_c2_AGCATACGTGTGAATA,NK
B14_c2,HMN171243,NI,NK,B14_c2_AGCATACTCACAGTAC,NK
B14_c2,,,NK,B14_c2_AGCCTAAAGGACACCA,NK
B14_c2,HMN171228,NI,NK,B14_c2_AGCGGTCAGAAGCCCA,NK
B14_c2,HMN171243,NI,NK,B14_c2_AGCGTATAGAGTCGGT,NK
B14_c2,,,NK,B14_c2_AGCTCCTTCAGCTCTC,NK
B14_c2,,,NK,B14_c2_AGCTCCTTCGTAGATC,NK
B14_c2,,,NK,B14_c2_AGGGAGTGTTAAGGGC,NK
B14_c2,,,NK,B14_c2_AGGGATGAGTCGATAA,NK
B14_c2,,,NK,B14_c2_AGGGATGGTAAGTTCC,NK
B14_c2,HMN171244,NI,NK,B14_c2_AGGTCCGCACAGGCCT,NK
B14_c2,,,NK,B14_c2_AGTAGTCCATGAGCGA,NK
B14_c2,HMN171228,NI,NK,B14_c2_AGTAGTCTCATACGGT,NK
B14_c2,,,NK,B14_c2_AGTCTTTCATGCCTTC,NK
B14_c2,,,NK,B14_c2_AGTGGGACAATAAGCA,NK
B14_c2,HMN171243,NI,NK,B14_c2_AGTTGGTCATGTCTCC,NK
B14_c2,,,NK,B14_c2_AGTTGGTTCGGTGTTA,NK
B14_c2,HMN171228,NI,NK,B14_c2_ATAACGCAGTTGAGAT,NK
B14_c2,HMN171243,NI,NK,B14_c2_ATAAGAGCAGCTCGAC,NK
B14_c2,HMN171243,NI,NK,B14_c2_ATAAGAGGTGCGATAG,NK
B14_c2,,,NK,B14_c2_ATCATGGAGCTGATAA,NK
B14_c2,HMN171243,NI,NK,B14_c2_ATCCACCCAACTGCGC,NK
B14_c2,,,NK,B14_c2_ATCCGAACATACGCTA,NK
B14_c2,HMN171228,NI,NK,B14_c2_ATCCGAAGTGTTCTTT,NK
B14_c2,,,NK,B14_c2_ATCTGCCCATGGGAAC,NK
B14_c2,HMN171228,NI,NK,B14_c2_ATGAGGGTCTACTATC,NK
B14_c2,,,NK,B14_c2_ATGCGATAGTCCATAC,NK
B14_c2,HMN171244,NI,NK,B14_c2_ATTATCCTCACTGGGC,NK
B14_c2,,,NK,B14_c2_ATTATCCTCCTACAGA,NK
B14_c2,HMN171223,flu,NK,B14_c2_ATTGGACCAGTCAGAG,NK
B14_c2,,,NK,B14_c2_ATTGGTGGTGAGGGAG,NK
B14_c2,,,NK,B14_c2_ATTTCTGAGCTACCTA,NK
B14_c2,,,NK,B14_c2_CAACCTCTCGTAGGTT,NK
B14_c2,,,NK,B14_c2_CAACTAGTCAGCGACC,NK
B14_c2,,,NK,B14_c2_CAAGAAAGTCTAACGT,NK
B14_c2,HMN171228,NI,NK,B14_c2_CAAGTTGAGGCAAAGA,NK
B14_c2,,,NK,B14_c2_CACAAACGTCGGATCC,NK
B14_c2,HMN171243,NI,NK,B14_c2_CACAAACTCAAGATCC,NK
B14_c2,,,NK,B14_c2_CACACAAGTTCCACAA,NK
B14_c2,,,NK,B14_c2_CACAGGCGTGTCAATC,NK
B14_c2,,,NK,B14_c2_CACAGTAAGTTAGGTA,NK
B14_c2,HMN171244,NI,NK,B14_c2_CACATTTTCGTTACAG,NK
B14_c2,,,NK,B14_c2_CACCAGGGTGGCCCTA,NK
B14_c2,HMN171228,NI,NK,B14_c2_CACCTTGCAACTTGAC,NK
B14_c2,HMN171243,NI,NK,B14_c2_CACTCCACACCACGTG,NK
B14_c2,,,NK,B14_c2_CAGAGAGGTCTCACCT,NK
B14_c2,HMN171243,NI,NK,B14_c2_CAGATCACATACGCTA,NK
B14_c2,,,NK,B14_c2_CAGATCACATTCCTCG,NK
B14_c2,,,NK,B14_c2_CAGATCAGTCAGGACA,NK
B14_c2,HMN171228,NI,NK,B14_c2_CAGCTGGTCACGACTA,NK
B14_c2,HMN171223,flu,NK,B14_c2_CAGGTGCCAGCTTAAC,NK
B14_c2,,,NK,B14_c2_CATCAAGAGCAATCTC,NK
B14_c2,HMN171243,NI,NK,B14_c2_CATCAAGCAAGGTGTG,NK
B14_c2,HMN171228,NI,NK,B14_c2_CATCAAGCATACGCTA,NK
B14_c2,HMN171243,NI,NK,B14_c2_CATCAGAAGCCGTCGT,NK
B14_c2,,,NK,B14_c2_CATGCCTAGTGAAGAG,NK
B14_c2,,,NK,B14_c2_CATGCCTTCACTCCTG,NK
B14_c2,HMN171243,NI,NK,B14_c2_CATGGCGGTACCGAGA,NK
B14_c2,HMN171243,NI,NK,B14_c2_CATGGCGGTTCTGTTT,NK
B14_c2,,,NK,B14_c2_CATTCGCCAAGAGTCG,NK
B14_c2,,,NK,B14_c2_CATTCGCTCAGTTCGA,NK
B14_c2,HMN171244,NI,NK,B14_c2_CCACGGACACAGGTTT,NK
B14_c2,,,NK,B14_c2_CCACTACTCTTGTTTG,NK
B14_c2,HMN171244,NI,NK,B14_c2_CCAGCGAAGCTCCCAG,NK
B14_c2,,,NK,B14_c2_CCATGTCAGTAAGTAC,NK
B14_c2,HMN171243,NI,NK,B14_c2_CCCAATCAGTCAAGGC,NK
B14_c2,HMN171243,NI,NK,B14_c2_CCCAATCTCCCTTGCA,NK
B14_c2,HMN171244,NI,NK,B14_c2_CCCAATCTCTCGTTTA,NK
B14_c2,,,NK,B14_c2_CCCAGTTTCCTTGCCA,NK
B14_c2,,,NK,B14_c2_CCCATACGTACTTGAC,NK
B14_c2,,,NK,B14_c2_CCGTACTAGGTGATAT,NK
B14_c2,,,NK,B14_c2_CCGTGGAAGCTGTTCA,NK
B14_c2,,,NK,B14_c2_CCGTTCACATGTCTCC,NK
B14_c2,HMN171243,NI,NK,B14_c2_CCTACACCACCCATGG,NK
B14_c2,HMN171243,NI,NK,B14_c2_CCTAGCTGTGAAAGAG,NK
B14_c2,,,NK,B14_c2_CCTCAGTAGTTGCAGG,NK
B14_c2,,,NK,B14_c2_CCTCTGATCTTTACGT,NK
B14_c2,HMN171243,NI,NK,B14_c2_CCTTCGAAGCAACGGT,NK
B14_c2,,,NK,B14_c2_CCTTCGAAGTGGTAGC,NK
B14_c2,,,NK,B14_c2_CCTTCGAGTGGCTCCA,NK
B14_c2,,,NK,B14_c2_CCTTTCTGTTGTGGCC,NK
B14_c2,,,NK,B14_c2_CCTTTCTTCAGTCCCT,NK
B14_c2,,,NK,B14_c2_CCTTTCTTCTTGACGA,NK
B14_c2,HMN171244,NI,NK,B14_c2_CGAATGTAGCCACTAT,NK
B14_c2,HMN171243,NI,NK,B14_c2_CGAATGTAGTACGCCC,NK
B14_c2,HMN171228,NI,NK,B14_c2_CGACCTTGTGTTGGGA,NK
B14_c2,,,NK,B14_c2_CGACTTCTCCTGCCAT,NK
B14_c2,,,NK,B14_c2_CGAGCACAGCCCAACC,NK
B14_c2,,,NK,B14_c2_CGAGCACTCCGAATGT,NK
B14_c2,,,NK,B14_c2_CGAGCCACAGCTGCAC,NK
B14_c2,,,NK,B14_c2_CGATCGGTCAACCATG,NK
B14_c2,HMN171243,NI,NK,B14_c2_CGATCGGTCGTGACAT,NK
B14_c2,HMN171243,NI,NK,B14_c2_CGATGTAAGACGCAAC,NK
B14_c2,HMN171238,flu,NK,B14_c2_CGATTGACAGGAATCG,NK
B14_c2,HMN171243,NI,NK,B14_c2_CGCCAAGAGGACGAAA,NK
B14_c2,HMN171223,flu,NK,B14_c2_CGCGGTAAGGATGTAT,NK
B14_c2,,,NK,B14_c2_CGCTGGAGTGTCAATC,NK
B14_c2,,,NK,B14_c2_CGCTTCAAGAAGCCCA,NK
B14_c2,,,NK,B14_c2_CGGACGTCAGAGCCAA,NK
B14_c2,,,NK,B14_c2_CGGACTGGTTCAGGCC,NK
B14_c2,HMN171243,NI,NK,B14_c2_CGTAGGCGTCGGGTCT,NK
B14_c2,,,NK,B14_c2_CGTCACTGTCCGAGTC,NK
B14_c2,,,NK,B14_c2_CGTCACTTCCATGCTC,NK
B14_c2,HMN171243,NI,NK,B14_c2_CGTCAGGCAAGGCTCC,NK
B14_c2,,,NK,B14_c2_CGTCTACGTCATCCCT,NK
B14_c2,,,NK,B14_c2_CGTGTAAGTTACGGAG,NK
B14_c2,HMN171243,NI,NK,B14_c2_CTAATGGGTGCAGGTA,NK
B14_c2,HMN171238,flu,NK,B14_c2_CTACATTGTGCACTTA,NK
B14_c2,HMN171228,NI,NK,B14_c2_CTACATTGTTGTTTGG,NK
B14_c2,HMN171228,NI,NK,B14_c2_CTACGTCGTACGCACC,NK
B14_c2,HMN171243,NI,NK,B14_c2_CTAGAGTAGCTCCTTC,NK
B14_c2,,,NK,B14_c2_CTAGAGTTCCTACAGA,NK
B14_c2,,,NK,B14_c2_CTAGCCTTCTGCTGTC,NK
B14_c2,HMN171243,NI,NK,B14_c2_CTCACACAGACTACAA,NK
B14_c2,HMN171228,NI,NK,B14_c2_CTCAGAAAGCTGCAAG,NK
B14_c2,HMN171228,NI,NK,B14_c2_CTCAGAAGTAGCGTAG,NK
B14_c2,HMN171228,NI,NK,B14_c2_CTCGGAGAGGACGAAA,NK
B14_c2,HMN171228,NI,NK,B14_c2_CTCGGAGTCTCCGGTT,NK
B14_c2,HMN171223,flu,NK,B14_c2_CTCGTCACATCTGGTA,NK
B14_c2,,,NK,B14_c2_CTCTACGCATGCCACG,NK
B14_c2,,,NK,B14_c2_CTCTACGTCTCTAGGA,NK
B14_c2,HMN171228,NI,NK,B14_c2_CTCTGGTCACGTCAGC,NK
B14_c2,HMN171243,NI,NK,B14_c2_CTCTGGTGTACGACCC,NK
B14_c2,,,NK,B14_c2_CTGAAGTTCCGAATGT,NK
B14_c2,,,NK,B14_c2_CTGAAGTTCTCGCTTG,NK
B14_c2,HMN171243,NI,NK,B14_c2_CTGCCTAAGTAGATGT,NK
B14_c2,,,NK,B14_c2_CTGCCTAAGTGTTGAA,NK
B14_c2,,,NK,B14_c2_CTGGTCTGTACACCGC,NK
B14_c2,,,NK,B14_c2_CTGTTTACAGCGTCCA,NK
B14_c2,,,NK,B14_c2_CTTAACTCACCCTATC,NK
B14_c2,HMN171243,NI,NK,B14_c2_CTTCTCTAGCCACGTC,NK
B14_c2,HMN171243,NI,NK,B14_c2_CTTCTCTTCCTGCCAT,NK
B14_c2,,,NK,B14_c2_CTTTGCGAGATCTGCT,NK
B14_c2,,,NK,B14_c2_GAAATGACAGCATGAG,NK
B14_c2,HMN171243,NI,NK,B14_c2_GAAATGAGTCATATCG,NK
B14_c2,,,NK,B14_c2_GAACATCTCGTAGATC,NK
B14_c2,HMN171228,NI,NK,B14_c2_GAACGGATCACAAACC,NK
B14_c2,HMN171243,NI,NK,B14_c2_GAAGCAGTCTCCAACC,NK
B14_c2,HMN171228,NI,NK,B14_c2_GACTACAGTCCATCCT,NK
B14_c2,,,NK,B14_c2_GATCGATGTGGCCCTA,NK
B14_c2,HMN171223,flu,NK,B14_c2_GATCGCGAGCTAGTGG,NK
B14_c2,,,NK,B14_c2_GATCGTAAGACTAGAT,NK
B14_c2,HMN171244,NI,NK,B14_c2_GATGAAAAGCCAGGAT,NK
B14_c2,HMN171243,NI,NK,B14_c2_GATGAAACAGCCTTGG,NK
B14_c2,HMN171243,NI,NK,B14_c2_GATGAGGCAATGTTGC,NK
B14_c2,,,NK,B14_c2_GCAAACTAGCTAGGCA,NK
B14_c2,HMN171228,NI,NK,B14_c2_GCAATCACATGCTAGT,NK
B14_c2,HMN171223,flu,NK,B14_c2_GCACATACATTATCTC,NK
B14_c2,,,NK,B14_c2_GCACTCTGTTATGCGT,NK
B14_c2,,,NK,B14_c2_GCAGCCACAATGTAAG,NK
B14_c2,HMN171243,NI,NK,B14_c2_GCAGTTATCAGCACAT,NK
B14_c2,,,NK,B14_c2_GCAGTTATCTCCAGGG,NK
B14_c2,,,NK,B14_c2_GCATGATAGTACATGA,NK
B14_c2,,,NK,B14_c2_GCATGATGTGCGGTAA,NK
B14_c2,HMN171237,flu,NK,B14_c2_GCATGATTCGCCTGTT,NK
B14_c2,HMN171243,NI,NK,B14_c2_GCATGTAGTTATGTGC,NK
B14_c2,,,NK,B14_c2_GCCAAATAGGTGTGGT,NK
B14_c2,,,NK,B14_c2_GCCAAATGTGTGAAAT,NK
B14_c2,HMN171243,NI,NK,B14_c2_GCCTCTATCTCTGAGA,NK
B14_c2,HMN171243,NI,NK,B14_c2_GCGACCAAGCCAGAAC,NK
B14_c2,,,NK,B14_c2_GCGAGAACAAACGCGA,NK
B14_c2,HMN171228,NI,NK,B14_c2_GCGAGAACAAGCTGTT,NK
B14_c2,,,NK,B14_c2_GCGAGAATCCGAATGT,NK
B14_c2,,,NK,B14_c2_GCGCAACAGCACCGCT,NK
B14_c2,HMN171223,flu,NK,B14_c2_GCGCCAACATGACGGA,NK
B14_c2,HMN171228,NI,NK,B14_c2_GCTCCTAGTACAGTGG,NK
B14_c2,HMN171243,NI,NK,B14_c2_GCTGCAGTCCAATGGT,NK
B14_c2,HMN171243,NI,NK,B14_c2_GCTTCCACAATGTTGC,NK
B14_c2,HMN171244,NI,NK,B14_c2_GGAACTTAGAGGTAGA,NK
B14_c2,,,NK,B14_c2_GGACAGAGTTCCTCCA,NK
B14_c2,,,NK,B14_c2_GGACAGATCCTTCAAT,NK
B14_c2,HMN171243,NI,NK,B14_c2_GGACATTTCAACACTG,NK
B14_c2,,,NK,B14_c2_GGACGTCCATACGCTA,NK
B14_c2,HMN171243,NI,NK,B14_c2_GGACGTCTCAGTTAGC,NK
B14_c2,,,NK,B14_c2_GGCGACTGTTGAGGTG,NK
B14_c2,,,NK,B14_c2_GGCGTGTTCATGGTCA,NK
B14_c2,,,NK,B14_c2_GGCTGGTGTCACACGC,NK
B14_c2,HMN171243,NI,NK,B14_c2_GGCTGGTTCGTCACGG,NK
B14_c2,,,NK,B14_c2_GGGAATGCACTGCCAG,NK
B14_c2,HMN171243,NI,NK,B14_c2_GGGCATCCAATGGAAT,NK
B14_c2,,,NK,B14_c2_GGTATTGTCGTTACGA,NK
B14_c2,,,NK,B14_c2_GGTGAAGAGTGGGTTG,NK
B14_c2,,,NK,B14_c2_GGTGTTACATTTGCTT,NK
B14_c2,,,NK,B14_c2_GGTGTTAGTACAGCAG,NK
B14_c2,,,NK,B14_c2_GGTGTTAGTACCGAGA,NK
B14_c2,HMN171243,NI,NK,B14_c2_GGTGTTAGTTTGGGCC,NK
B14_c2,,,NK,B14_c2_GTATCTTGTCTACCTC,NK
B14_c2,,,NK,B14_c2_GTCAAGTAGAAGGACA,NK
B14_c2,,,NK,B14_c2_GTCCTCACACCATGTA,NK
B14_c2,,,NK,B14_c2_GTCGTAAGTATGGTTC,NK
B14_c2,HMN171243,NI,NK,B14_c2_GTCGTAATCAAAGACA,NK
B14_c2,,,NK,B14_c2_GTCTTCGCAGCTCGCA,NK
B14_c2,HMN171238,flu,NK,B14_c2_GTGCAGCAGAAACGCC,NK
B14_c2,,,NK,B14_c2_GTGCAGCTCAGCGACC,NK
B14_c2,HMN171228,NI,NK,B14_c2_GTTAAGCGTCAACATC,NK
B14_c2,HMN171243,NI,NK,B14_c2_GTTACAGAGATTACCC,NK
B14_c2,,,NK,B14_c2_GTTACAGGTAACGACG,NK
B14_c2,,,NK,B14_c2_GTTACAGGTAGCAAAT,NK
B14_c2,HMN171243,NI,NK,B14_c2_GTTACAGGTAGCGCTC,NK
B14_c2,HMN171244,NI,NK,B14_c2_GTTCATTAGAGTACCG,NK
B14_c2,HMN171244,NI,NK,B14_c2_GTTCATTGTATCTGCA,NK
B14_c2,,,NK,B14_c2_GTTCTCGCAGAGCCAA,NK
B14_c2,HMN171228,NI,NK,B14_c2_TAAGTGCCATCATCCC,NK
B14_c2,,,NK,B14_c2_TACACGAGTCGAAAGC,NK
B14_c2,HMN171244,NI,NK,B14_c2_TACAGTGTCAATCACG,NK
B14_c2,,,NK,B14_c2_TACCTATCATGCCTAA,NK
B14_c2,HMN171243,NI,NK,B14_c2_TACCTATTCGTTGCCT,NK
B14_c2,,,NK,B14_c2_TACCTTATCCTTTCTC,NK
B14_c2,HMN171244,NI,NK,B14_c2_TACGGATAGGAATTAC,NK
B14_c2,,,NK,B14_c2_TACGGGCGTCTAGTGT,NK
B14_c2,,,NK,B14_c2_TACGGGCTCTTATCTG,NK
B14_c2,,,NK,B14_c2_TACTCATTCCTAGGGC,NK
B14_c2,,,NK,B14_c2_TAGACCATCTTGTCAT,NK
B14_c2,HMN171228,NI,NK,B14_c2_TAGTGGTTCTGTACGA,NK
B14_c2,,,NK,B14_c2_TATCAGGCACGGTTTA,NK
B14_c2,,,NK,B14_c2_TATCAGGTCAAGATCC,NK
B14_c2,HMN171243,NI,NK,B14_c2_TATCTCAAGGTAGCTG,NK
B14_c2,HMN171228,NI,NK,B14_c2_TCAATCTCACGAAGCA,NK
B14_c2,,,NK,B14_c2_TCAGCAATCCACGCAG,NK
B14_c2,,,NK,B14_c2_TCAGCTCGTGATGTGG,NK
B14_c2,HMN171228,NI,NK,B14_c2_TCAGGTATCTGGTATG,NK
B14_c2,,,NK,B14_c2_TCATTTGGTGTTGGGA,NK
B14_c2,HMN171243,NI,NK,B14_c2_TCCACACCATGCTGGC,NK
B14_c2,HMN171228,NI,NK,B14_c2_TCGCGTTAGGAGTACC,NK
B14_c2,HMN171244,NI,NK,B14_c2_TCGTACCAGATGTCGG,NK
B14_c2,,,NK,B14_c2_TCGTACCAGCCAGAAC,NK
B14_c2,HMN171243,NI,NK,B14_c2_TCTCTAAAGGCTAGAC,NK
B14_c2,HMN171243,NI,NK,B14_c2_TCTGAGACAATGACCT,NK
B14_c2,,,NK,B14_c2_TCTTCGGTCGTAGGAG,NK
B14_c2,HMN171243,NI,NK,B14_c2_TCTTCGGTCTACCTGC,NK
B14_c2,,,NK,B14_c2_TCTTTCCGTTGGTTTG,NK
B14_c2,,,NK,B14_c2_TGAAAGACAGACAAGC,NK
B14_c2,HMN171228,NI,NK,B14_c2_TGAAAGAGTAGTACCT,NK
B14_c2,HMN171223,flu,NK,B14_c2_TGACTAGGTAAGGGCT,NK
B14_c2,HMN171243,NI,NK,B14_c2_TGAGAGGGTCACTTCC,NK
B14_c2,,,NK,B14_c2_TGAGGGAAGGATGCGT,NK
B14_c2,,,NK,B14_c2_TGAGGGAAGTGTGGCA,NK
B14_c2,HMN171238,flu,NK,B14_c2_TGCCAAACATACCATG,NK
B14_c2,HMN171243,NI,NK,B14_c2_TGCCCTAGTAGTACCT,NK
B14_c2,,,NK,B14_c2_TGCTGCTTCAAGGTAA,NK
B14_c2,HMN171243,NI,NK,B14_c2_TGGACGCTCCTGTAGA,NK
B14_c2,,,NK,B14_c2_TGGCTGGCATCCCATC,NK
B14_c2,,,NK,B14_c2_TGGTTCCAGAGTGAGA,NK
B14_c2,HMN171243,NI,NK,B14_c2_TGGTTCCGTTTACTCT,NK
B14_c2,,,NK,B14_c2_TGTGGTATCAAACAAG,NK
B14_c2,,,NK,B14_c2_TGTGTTTCAGTGGAGT,NK
B14_c2,HMN171223,flu,NK,B14_c2_TTAACTCAGTGGGTTG,NK
B14_c2,HMN171243,NI,NK,B14_c2_TTAACTCCAAGGTGTG,NK
B14_c2,,,NK,B14_c2_TTAGGACGTAAGAGAG,NK
B14_c2,,,NK,B14_c2_TTAGGCAAGTATTGGA,NK
B14_c2,HMN171243,NI,NK,B14_c2_TTAGGCATCGTGGGAA,NK
B14_c2,,,NK,B14_c2_TTCGAAGGTTACGGAG,NK
B14_c2,HMN171228,NI,NK,B14_c2_TTCGGTCAGTACGACG,NK
B14_c2,,,NK,B14_c2_TTCTCAAAGTTGAGAT,NK
B14_c2,HMN171228,NI,NK,B14_c2_TTCTTAGTCCACGCAG,NK
B14_c2,HMN171244,NI,NK,B14_c2_TTGACTTGTCATCCCT,NK
B14_c2,,,NK,B14_c2_TTTACTGGTCAGTGGA,NK
B14_c2,,,NK,B14_c2_TTTATGCAGACTAGAT,NK
B14_c2,,,NK,B14_c2_TTTGCGCCATTCCTCG,NK
B14_c2,HMN171243,NI,NK,B14_c2_TTTGCGCTCTTATCTG,NK
B15_c1,HMN171235,NI,NK,B15_c1_AAACCTGAGGAGTTTA,NK
B15_c1,,,NK,B15_c1_AAAGATGCACTTCTGC,NK
B15_c1,HMN171217,NI,NK,B15_c1_AAAGCAAAGCCACGTC,NK
B15_c1,HMN171217,NI,NK,B15_c1_AAAGCAATCATAGCAC,NK
B15_c1,HMN171225,NI,NK,B15_c1_AAAGTAGAGCAAATCA,NK
B15_c1,HMN171225,NI,NK,B15_c1_AAAGTAGGTGATAAGT,NK
B15_c1,,,NK,B15_c1_AACACGTGTGCTCTTC,NK
B15_c1,HMN171225,NI,NK,B15_c1_AACCATGTCGGACAAG,NK
B15_c1,,,NK,B15_c1_AACCGCGAGTTCGATC,NK
B15_c1,HMN171225,NI,NK,B15_c1_AACCGCGGTCGAACAG,NK
B15_c1,HMN171217,NI,NK,B15_c1_AACGTTGGTCACTTCC,NK
B15_c1,,,NK,B15_c1_AACGTTGTCAGGCGAA,NK
B15_c1,HMN171235,NI,NK,B15_c1_AACGTTGTCTTACCGC,NK
B15_c1,HMN171235,NI,NK,B15_c1_AACTCAGCAGCTGGCT,NK
B15_c1,HMN171217,NI,NK,B15_c1_AACTCCCTCCCTAACC,NK
B15_c1,HMN171217,NI,NK,B15_c1_AACTCTTAGAGCTTCT,NK
B15_c1,HMN171217,NI,NK,B15_c1_AACTCTTCACATGACT,NK
B15_c1,,,NK,B15_c1_AAGCCGCAGGGAAACA,NK
B15_c1,HMN171217,NI,NK,B15_c1_AAGCCGCTCTCGAGTA,NK
B15_c1,HMN171225,NI,NK,B15_c1_AAGGTTCTCACGATGT,NK
B15_c1,,,NK,B15_c1_AATCCAGGTGATAAAC,NK
B15_c1,HMN171217,NI,NK,B15_c1_ACACCCTTCGTCGTTC,NK
B15_c1,HMN171217,NI,NK,B15_c1_ACACTGACATCGGGTC,NK
B15_c1,HMN171235,NI,NK,B15_c1_ACAGCTAAGAGCTGGT,NK
B15_c1,,,NK,B15_c1_ACAGCTAAGTGTGAAT,NK
B15_c1,,,NK,B15_c1_ACAGCTAGTTGTCGCG,NK
B15_c1,HMN171235,NI,NK,B15_c1_ACATGGTCAGACTCGC,NK
B15_c1,,,NK,B15_c1_ACCAGTACAAGCGTAG,NK
B15_c1,HMN171225,NI,NK,B15_c1_ACCAGTATCATCGATG,NK
B15_c1,,,NK,B15_c1_ACCCACTTCCTGTACC,NK
B15_c1,,,NK,B15_c1_ACGATACAGATATGGT,NK
B15_c1,HMN171225,NI,NK,B15_c1_ACGATACAGTCCATAC,NK
B15_c1,,,NK,B15_c1_ACGATGTGTCAGAATA,NK
B15_c1,,,NK,B15_c1_ACGCAGCTCTAACTCT,NK
B15_c1,,,NK,B15_c1_ACGCCGACAATACGCT,NK
B15_c1,,,NK,B15_c1_ACGGCCAAGATTACCC,NK
B15_c1,,,NK,B15_c1_ACGGCCACACGAGAGT,NK
B15_c1,HMN171217,NI,NK,B15_c1_ACGGGCTCACTTACGA,NK
B15_c1,HMN171235,NI,NK,B15_c1_ACGGGTCGTACCATCA,NK
B15_c1,HMN171235,NI,NK,B15_c1_ACGTCAAGTGTAAGTA,NK
B15_c1,,,NK,B15_c1_ACTTTCAAGGACTGGT,NK
B15_c1,,,NK,B15_c1_ACTTTCATCATGCATG,NK
B15_c1,,,NK,B15_c1_AGACGTTGTCTAAAGA,NK
B15_c1,,,NK,B15_c1_AGATCTGCATATACGC,NK
B15_c1,HMN171217,NI,NK,B15_c1_AGCAGCCAGTGTTAGA,NK
B15_c1,HMN171217,NI,NK,B15_c1_AGCAGCCGTGTTTGTG,NK
B15_c1,HMN171217,NI,NK,B15_c1_AGCAGCCGTTGACGTT,NK
B15_c1,,,NK,B15_c1_AGCAGCCTCCATGCTC,NK
B15_c1,,,NK,B15_c1_AGCATACGTCGGATCC,NK
B15_c1,,,NK,B15_c1_AGCGTATCAACTGGCC,NK
B15_c1,HMN171225,NI,NK,B15_c1_AGCGTATTCAGGATCT,NK
B15_c1,HMN171217,NI,NK,B15_c1_AGCTCCTTCACCCTCA,NK
B15_c1,,,NK,B15_c1_AGGCCGTTCCGAATGT,NK
B15_c1,HMN171217,NI,NK,B15_c1_AGTAGTCAGTCGTTTG,NK
B15_c1,,,NK,B15_c1_AGTAGTCAGTGGACGT,NK
B15_c1,HMN171217,NI,NK,B15_c1_AGTGAGGAGGGTTTCT,NK
B15_c1,HMN171235,NI,NK,B15_c1_ATAACGCAGCTTTGGT,NK
B15_c1,,,NK,B15_c1_ATAGACCAGACAAGCC,NK
B15_c1,HMN171225,NI,NK,B15_c1_ATCACGAAGTCCGTAT,NK
B15_c1,HMN171225,NI,NK,B15_c1_ATCGAGTCATGCTAGT,NK
B15_c1,HMN171227,flu,NK,B15_c1_ATCGAGTGTGTTTGGT,NK
B15_c1,HMN171235,NI,NK,B15_c1_ATCGAGTTCTTAGCCC,NK
B15_c1,HMN171235,NI,NK,B15_c1_ATCTGCCCATGCAACT,NK
B15_c1,,,NK,B15_c1_ATGAGGGTCTCGCTTG,NK
B15_c1,HMN171225,NI,NK,B15_c1_ATGGGAGTCTTATCTG,NK
B15_c1,,,NK,B15_c1_ATTACTCGTATCACCA,NK
B15_c1,HMN171225,NI,NK,B15_c1_ATTATCCGTTAAGACA,NK
B15_c1,HMN171225,NI,NK,B15_c1_ATTATCCTCCTTAATC,NK
B15_c1,HMN171217,NI,NK,B15_c1_ATTGGTGCACCAGCAC,NK
B15_c1,HMN171225,NI,NK,B15_c1_ATTGGTGCAGGTGGAT,NK
B15_c1,HMN171225,NI,NK,B15_c1_ATTTCTGAGCGTGAAC,NK
B15_c1,,,NK,B15_c1_ATTTCTGAGGCCATAG,NK
B15_c1,,,NK,B15_c1_ATTTCTGCATCGACGC,NK
B15_c1,,,NK,B15_c1_CAAGAAAAGCGATGAC,NK
B15_c1,HMN171217,NI,NK,B15_c1_CAAGATCAGGTCGGAT,NK
B15_c1,HMN171217,NI,NK,B15_c1_CAAGATCCACCCATTC,NK
B15_c1,HMN171235,NI,NK,B15_c1_CAAGATCTCAACCAAC,NK
B15_c1,HMN171225,NI,NK,B15_c1_CAAGTTGGTTGGACCC,NK
B15_c1,HMN171217,NI,NK,B15_c1_CAAGTTGTCGCGCCAA,NK
B15_c1,HMN171235,NI,NK,B15_c1_CACAAACCATTCCTGC,NK
B15_c1,HMN171225,NI,NK,B15_c1_CACACTCTCATACGGT,NK
B15_c1,,,NK,B15_c1_CACATAGTCAACCATG,NK
B15_c1,HMN171217,NI,NK,B15_c1_CACCACTTCCAAATGC,NK
B15_c1,HMN171225,NI,NK,B15_c1_CACCTTGTCACATGCA,NK
B15_c1,HMN171225,NI,NK,B15_c1_CAGAATCAGCGTCAAG,NK
B15_c1,HMN171225,NI,NK,B15_c1_CAGAATCTCGCACTCT,NK
B15_c1,,,NK,B15_c1_CAGAGAGGTCCGCTGA,NK
B15_c1,HMN171225,NI,NK,B15_c1_CAGAGAGGTCTGATTG,NK
B15_c1,HMN171217,NI,NK,B15_c1_CAGATCAAGGTGTTAA,NK
B15_c1,,,NK,B15_c1_CAGATCACACACGCTG,NK
B15_c1,,,NK,B15_c1_CAGATCACATTTGCTT,NK
B15_c1,,,NK,B15_c1_CAGATCATCGGCGCAT,NK
B15_c1,,,NK,B15_c1_CAGATCATCTGATTCT,NK
B15_c1,,,NK,B15_c1_CAGCAGCAGGAGCGTT,NK
B15_c1,HMN171217,NI,NK,B15_c1_CAGCCGACAAAGGAAG,NK
B15_c1,HMN171217,NI,NK,B15_c1_CAGCCGACATCGTCGG,NK
B15_c1,HMN171235,NI,NK,B15_c1_CAGCCGATCAAGATCC,NK
B15_c1,HMN171225,NI,NK,B15_c1_CAGCTGGAGTTTAGGA,NK
B15_c1,HMN171217,NI,NK,B15_c1_CAGTAACTCTTAGCCC,NK
B15_c1,HMN171225,NI,NK,B15_c1_CATATGGAGATGGGTC,NK
B15_c1,,,NK,B15_c1_CATATTCGTTCGGCAC,NK
B15_c1,,,NK,B15_c1_CATTCGCCAAAGAATC,NK
B15_c1,HMN171225,NI,NK,B15_c1_CATTCGCCAGCCTATA,NK
B15_c1,HMN171235,NI,NK,B15_c1_CCAATCCTCGTTTAGG,NK
B15_c1,,,NK,B15_c1_CCACGGAAGCGAAGGG,NK
B15_c1,,,NK,B15_c1_CCACGGAGTCTGGAGA,NK
B15_c1,,,NK,B15_c1_CCCAATCGTCATATCG,NK
B15_c1,,,NK,B15_c1_CCCAGTTTCGTGTAGT,NK
B15_c1,,,NK,B15_c1_CCCATACGTCTGCGGT,NK
B15_c1,,,NK,B15_c1_CCCTCCTGTTACAGAA,NK
B15_c1,HMN171217,NI,NK,B15_c1_CCGTACTCACTTACGA,NK
B15_c1,HMN171225,NI,NK,B15_c1_CCGTGGATCCGAAGAG,NK
B15_c1,,,NK,B15_c1_CCGTTCAGTATCGCAT,NK
B15_c1,HMN171225,NI,NK,B15_c1_CCTACACCAGCGTAAG,NK
B15_c1,,,NK,B15_c1_CCTTACGTCCCATTAT,NK
B15_c1,HMN171217,NI,NK,B15_c1_CCTTTCTAGTTACGGG,NK
B15_c1,,,NK,B15_c1_CGAGAAGAGCTAGGCA,NK
B15_c1,HMN171225,NI,NK,B15_c1_CGAGAAGCAAGCCGTC,NK
B15_c1,HMN171217,NI,NK,B15_c1_CGAGCACGTCATACTG,NK
B15_c1,,,NK,B15_c1_CGAGCCACAAGGTGTG,NK
B15_c1,,,NK,B15_c1_CGAGCCAGTAGAGCTG,NK
B15_c1,,,NK,B15_c1_CGATCGGCAACACCTA,NK
B15_c1,HMN171225,NI,NK,B15_c1_CGATGTAGTCAGAGGT,NK
B15_c1,HMN171225,NI,NK,B15_c1_CGATGTAGTTCGGGCT,NK
B15_c1,,,NK,B15_c1_CGATTGAGTTCCGTCT,NK
B15_c1,HMN171241,flu,NK,B15_c1_CGCGGTAGTAAACGCG,NK
B15_c1,,,NK,B15_c1_CGCTTCAAGCACCGCT,NK
B15_c1,,,NK,B15_c1_CGCTTCAGTCCGTCAG,NK
B15_c1,,,NK,B15_c1_CGGACTGGTAAACGCG,NK
B15_c1,HMN171225,NI,NK,B15_c1_CGGAGCTAGATGCCAG,NK
B15_c1,HMN171217,NI,NK,B15_c1_CGGAGCTGTGCACTTA,NK
B15_c1,,,NK,B15_c1_CGGCTAGAGCCGATTT,NK
B15_c1,HMN171217,NI,NK,B15_c1_CGGCTAGGTGACTACT,NK
B15_c1,HMN171217,NI,NK,B15_c1_CGGGTCAGTCCATGAT,NK
B15_c1,,,NK,B15_c1_CGGTTAACAAGGACAC,NK
B15_c1,,,NK,B15_c1_CGGTTAACATAAAGGT,NK
B15_c1,HMN171235,NI,NK,B15_c1_CGTAGGCAGTATCTCG,NK
B15_c1,,,NK,B15_c1_CGTCACTAGGAGCGAG,NK
B15_c1,HMN171236,flu,NK,B15_c1_CGTGTAAAGAGAACAG,NK
B15_c1,,,NK,B15_c1_CGTGTAACATGAAGTA,NK
B15_c1,HMN171217,NI,NK,B15_c1_CGTTAGAAGACCTAGG,NK
B15_c1,HMN171225,NI,NK,B15_c1_CGTTAGATCAATCTCT,NK
B15_c1,HMN171217,NI,NK,B15_c1_CGTTCTGGTGACTCAT,NK
B15_c1,HMN171217,NI,NK,B15_c1_CTAACTTAGTGTTAGA,NK
B15_c1,HMN171225,NI,NK,B15_c1_CTAACTTCACCTCGTT,NK
B15_c1,,,NK,B15_c1_CTAACTTTCCATGCTC,NK
B15_c1,,,NK,B15_c1_CTAATGGAGTGGAGTC,NK
B15_c1,HMN171217,NI,NK,B15_c1_CTACACCCAAGAAGAG,NK
B15_c1,,,NK,B15_c1_CTACCCAAGATATGGT,NK
B15_c1,HMN171217,NI,NK,B15_c1_CTACCCATCGAATGCT,NK
B15_c1,HMN171217,NI,NK,B15_c1_CTAGTGACAAGGCTCC,NK
B15_c1,HMN171217,NI,NK,B15_c1_CTAGTGATCAACGGGA,NK
B15_c1,HMN171217,NI,NK,B15_c1_CTCACACAGTGATCGG,NK
B15_c1,,,NK,B15_c1_CTCAGAATCAGGCCCA,NK
B15_c1,,,NK,B15_c1_CTCCTAGCAAATACAG,NK
B15_c1,,,NK,B15_c1_CTCCTAGGTTAGGGTG,NK
B15_c1,,,NK,B15_c1_CTCCTAGTCTCATTCA,NK
B15_c1,HMN171225,NI,NK,B15_c1_CTCGAAAGTACATGTC,NK
B15_c1,,,NK,B15_c1_CTCGAGGGTAGGGACT,NK
B15_c1,HMN171225,NI,NK,B15_c1_CTCGGGAGTCCAAGTT,NK
B15_c1,HMN171217,NI,NK,B15_c1_CTCGTACAGAGACTAT,NK
B15_c1,HMN171235,NI,NK,B15_c1_CTCGTCACATCACGTA,NK
B15_c1,HMN171235,NI,NK,B15_c1_CTCGTCAGTCTTGCGG,NK
B15_c1,,,NK,B15_c1_CTCTAATAGGATGGTC,NK
B15_c1,HMN171235,NI,NK,B15_c1_CTCTGGTAGACCTAGG,NK
B15_c1,,,NK,B15_c1_CTGAAGTTCACTGGGC,NK
B15_c1,,,NK,B15_c1_CTGATCCAGCAGGTCA,NK
B15_c1,HMN171217,NI,NK,B15_c1_CTGATCCGTCACTGGC,NK
B15_c1,HMN171225,NI,NK,B15_c1_CTGCGGATCATGCATG,NK
B15_c1,HMN171227,flu,NK,B15_c1_CTGCTGTTCTACTCAT,NK
B15_c1,HMN171217,NI,NK,B15_c1_CTGTGCTGTAGGCTGA,NK
B15_c1,HMN171217,NI,NK,B15_c1_CTGTTTATCAGAGCTT,NK
B15_c1,HMN171217,NI,NK,B15_c1_CTTCTCTTCTGCGTAA,NK
B15_c1,,,NK,B15_c1_CTTGGCTAGCGATAGC,NK
B15_c1,,,NK,B15_c1_CTTTGCGAGTAATCCC,NK
B15_c1,,,NK,B15_c1_GAAATGAAGATCCTGT,NK
B15_c1,HMN171225,NI,NK,B15_c1_GAACATCAGGATCGCA,NK
B15_c1,,,NK,B15_c1_GAACATCCAGATCGGA,NK
B15_c1,,,NK,B15_c1_GAACATCTCAAACCAC,NK
B15_c1,HMN171217,NI,NK,B15_c1_GAACGGACAGTATGCT,NK
B15_c1,HMN171225,NI,NK,B15_c1_GAACGGATCCTGTAGA,NK
B15_c1,,,NK,B15_c1_GAATAAGCAATGACCT,NK
B15_c1,HMN171225,NI,NK,B15_c1_GAATGAAAGGCTCATT,NK
B15_c1,HMN171217,NI,NK,B15_c1_GAATGAACAGCGTAAG,NK
B15_c1,,,NK,B15_c1_GAATGAACAGGGTATG,NK
B15_c1,,,NK,B15_c1_GACACGCGTACATGTC,NK
B15_c1,,,NK,B15_c1_GACAGAGAGCTGTCTA,NK
B15_c1,HMN171217,NI,NK,B15_c1_GACAGAGCATGAACCT,NK
B15_c1,,,NK,B15_c1_GACGCGTAGAGTAAGG,NK
B15_c1,,,NK,B15_c1_GACGCGTAGATCCCAT,NK
B15_c1,HMN171235,NI,NK,B15_c1_GACGCGTGTGCTTCTC,NK
B15_c1,HMN171225,NI,NK,B15_c1_GACGTTACACACATGT,NK
B15_c1,HMN171241,flu,NK,B15_c1_GACTGCGAGTATGACA,NK
B15_c1,HMN171225,NI,NK,B15_c1_GAGCAGAAGACTAAGT,NK
B15_c1,HMN171225,NI,NK,B15_c1_GAGGTGAGTCGAATCT,NK
B15_c1,HMN171225,NI,NK,B15_c1_GAGTCCGAGCGACGTA,NK
B15_c1,HMN171217,NI,NK,B15_c1_GAGTCCGCAGGAATCG,NK
B15_c1,HMN171225,NI,NK,B15_c1_GATCAGTCAGGGTATG,NK
B15_c1,,,NK,B15_c1_GATCGATCATCAGTCA,NK
B15_c1,,,NK,B15_c1_GATCGTAAGGACTGGT,NK
B15_c1,,,NK,B15_c1_GATGAAACAGTACACT,NK
B15_c1,,,NK,B15_c1_GATGAGGCATATGGTC,NK
B15_c1,,,NK,B15_c1_GATGCTAAGAACAACT,NK
B15_c1,HMN171217,NI,NK,B15_c1_GATGCTAGTGAAAGAG,NK
B15_c1,,,NK,B15_c1_GCAAACTTCAGTTAGC,NK
B15_c1,,,NK,B15_c1_GCAATCACAATCACAC,NK
B15_c1,,,NK,B15_c1_GCACATAAGGCTACGA,NK
B15_c1,HMN171235,NI,NK,B15_c1_GCAGCCATCAATCACG,NK
B15_c1,HMN171217,NI,NK,B15_c1_GCATGCGGTGTCGCTG,NK
B15_c1,HMN171225,NI,NK,B15_c1_GCCTCTACAAGAAAGG,NK
B15_c1,,,NK,B15_c1_GCGCAACTCTCATTCA,NK
B15_c1,HMN171217,NI,NK,B15_c1_GCGCGATCAGTTAACC,NK
B15_c1,,,NK,B15_c1_GCTCCTACACGGACAA,NK
B15_c1,,,NK,B15_c1_GCTCCTATCCTTCAAT,NK
B15_c1,,,NK,B15_c1_GCTGCGACAACCGCCA,NK
B15_c1,,,NK,B15_c1_GCTGCGACACGTTGGC,NK
B15_c1,,,NK,B15_c1_GCTGCTTAGAGCTGCA,NK
B15_c1,,,NK,B15_c1_GCTGCTTCAGGGCATA,NK
B15_c1,HMN171217,NI,NK,B15_c1_GGAATAACAATAACGA,NK
B15_c1,HMN171235,NI,NK,B15_c1_GGAATAACACCTATCC,NK
B15_c1,,,NK,B15_c1_GGACAGAGTTTAGCTG,NK
B15_c1,,,NK,B15_c1_GGAGCAATCGTCCAGG,NK
B15_c1,,,NK,B15_c1_GGATGTTGTAGGGACT,NK
B15_c1,HMN171217,NI,NK,B15_c1_GGCAATTCATGTCTCC,NK
B15_c1,HMN171235,NI,NK,B15_c1_GGCAATTGTATATGAG,NK
B15_c1,HMN171217,NI,NK,B15_c1_GGCCGATGTGCACCAC,NK
B15_c1,HMN171225,NI,NK,B15_c1_GGCTGGTTCTTCGAGA,NK
B15_c1,,,NK,B15_c1_GGGAATGGTATGCTTG,NK
B15_c1,,,NK,B15_c1_GGGACCTAGAGATGAG,NK
B15_c1,,,NK,B15_c1_GGGCATCGTCGCGAAA,NK
B15_c1,,,NK,B15_c1_GGGTTGCTCAAACAAG,NK
B15_c1,,,NK,B15_c1_GGTGCGTAGCGATTCT,NK
B15_c1,HMN171217,NI,NK,B15_c1_GGTGCGTTCGACAGCC,NK
B15_c1,HMN171225,NI,NK,B15_c1_GGTGCGTTCTTCGGTC,NK
B15_c1,HMN171225,NI,NK,B15_c1_GGTGTTACAAGTTCTG,NK
B15_c1,HMN171227,flu,NK,B15_c1_GGTGTTACACGTCTCT,NK
B15_c1,HMN171217,NI,NK,B15_c1_GGTGTTAGTCTCCACT,NK
B15_c1,,,NK,B15_c1_GTAACGTAGGAGCGAG,NK
B15_c1,,,NK,B15_c1_GTAACGTCAAGAGGCT,NK
B15_c1,HMN171225,NI,NK,B15_c1_GTAACGTGTTACCAGT,NK
B15_c1,,,NK,B15_c1_GTACGTACACTCTGTC,NK
B15_c1,HMN171217,NI,NK,B15_c1_GTCACGGGTATAGTAG,NK
B15_c1,HMN171225,NI,NK,B15_c1_GTCATTTAGGTGTGGT,NK
B15_c1,HMN171217,NI,NK,B15_c1_GTCCTCAGTCCATGAT,NK
B15_c1,HMN171235,NI,NK,B15_c1_GTCGGGTCATGTTGAC,NK
B15_c1,,,NK,B15_c1_GTCGTAATCGCATGGC,NK
B15_c1,HMN171227,flu,NK,B15_c1_GTGCTTCAGAAGATTC,NK
B15_c1,,,NK,B15_c1_GTGGGTCCAGTAAGAT,NK
B15_c1,,,NK,B15_c1_GTGTGCGAGGTGATTA,NK
B15_c1,HMN171217,NI,NK,B15_c1_GTGTTAGTCATTGCGA,NK
B15_c1,,,NK,B15_c1_GTTAAGCGTCGATTGT,NK
B15_c1,,,NK,B15_c1_GTTACAGAGGCGATAC,NK
B15_c1,HMN171217,NI,NK,B15_c1_GTTACAGCATAAGACA,NK
B15_c1,,,NK,B15_c1_TAAACCGTCCGAGCCA,NK
B15_c1,,,NK,B15_c1_TAAGTGCAGGAGCGTT,NK
B15_c1,HMN171217,NI,NK,B15_c1_TAAGTGCAGTGTTTGC,NK
B15_c1,,,NK,B15_c1_TAAGTGCCAGCCAGAA,NK
B15_c1,HMN171217,NI,NK,B15_c1_TACCTATCAGCCTGTG,NK
B15_c1,,,NK,B15_c1_TACCTATTCCCAGGTG,NK
B15_c1,,,NK,B15_c1_TACCTATTCGTTGCCT,NK
B15_c1,HMN171225,NI,NK,B15_c1_TACTCGCCACATCCGG,NK
B15_c1,HMN171217,NI,NK,B15_c1_TACTTACAGGCAATTA,NK
B15_c1,HMN171217,NI,NK,B15_c1_TAGACCATCATGTGGT,NK
B15_c1,HMN171235,NI,NK,B15_c1_TAGAGCTTCACGACTA,NK
B15_c1,,,NK,B15_c1_TAGCCGGAGGTAAACT,NK
B15_c1,HMN171217,NI,NK,B15_c1_TATCTCATCTGCGTAA,NK
B15_c1,,,NK,B15_c1_TATGCCCTCCGTACAA,NK
B15_c1,,,NK,B15_c1_TCAACGACAAACGTGG,NK
B15_c1,,,NK,B15_c1_TCAATCTAGGAGTACC,NK
B15_c1,,,NK,B15_c1_TCACAAGAGAGCCTAG,NK
B15_c1,,,NK,B15_c1_TCACAAGCAGGACGTA,NK
B15_c1,,,NK,B15_c1_TCACGAACAGTGAGTG,NK
B15_c1,HMN171217,NI,NK,B15_c1_TCAGCAAGTTTAGGAA,NK
B15_c1,,,NK,B15_c1_TCAGGATGTCTTCAAG,NK
B15_c1,HMN171217,NI,NK,B15_c1_TCATTACTCCTTGACC,NK
B15_c1,,,NK,B15_c1_TCATTTGCATACGCTA,NK
B15_c1,,,NK,B15_c1_TCGAGGCCAACACCCG,NK
B15_c1,,,NK,B15_c1_TCGCGAGGTGATAAAC,NK
B15_c1,,,NK,B15_c1_TCGGGACGTTGATTCG,NK
B15_c1,HMN171217,NI,NK,B15_c1_TCGGTAACAAGTAGTA,NK
B15_c1,,,NK,B15_c1_TCGGTAACATCTACGA,NK
B15_c1,,,NK,B15_c1_TCGGTAATCGATGAGG,NK
B15_c1,HMN171235,NI,NK,B15_c1_TCGTAGATCGCTTAGA,NK
B15_c1,HMN171217,NI,NK,B15_c1_TCTCATAGTATGGTTC,NK
B15_c1,,,NK,B15_c1_TCTCTAACACTGTTAG,NK
B15_c1,,,NK,B15_c1_TCTGGAATCAGGTAAA,NK
B15_c1,,,NK,B15_c1_TCTTCGGAGGGAGTAA,NK
B15_c1,HMN171225,NI,NK,B15_c1_TCTTCGGCAGATTGCT,NK
B15_c1,HMN171217,NI,NK,B15_c1_TCTTTCCTCTCTAGGA,NK
B15_c1,,,NK,B15_c1_TGAAAGATCGTGGGAA,NK
B15_c1,,,NK,B15_c1_TGACTTTTCACTCTTA,NK
B15_c1,HMN171217,NI,NK,B15_c1_TGAGCATGTCCGTGAC,NK
B15_c1,HMN171217,NI,NK,B15_c1_TGATTTCCAAGTAATG,NK
B15_c1,,,NK,B15_c1_TGCACCTTCTCTAGGA,NK
B15_c1,HMN171217,NI,NK,B15_c1_TGCTGCTTCGTTTAGG,NK
B15_c1,,,NK,B15_c1_TGGCGCAAGAGATGAG,NK
B15_c1,,,NK,B15_c1_TGGGAAGAGTAATCCC,NK
B15_c1,,,NK,B15_c1_TGGGCGTGTATTCTCT,NK
B15_c1,HMN171225,NI,NK,B15_c1_TGGTTCCAGAAGAAGC,NK
B15_c1,,,NK,B15_c1_TGTATTCCATAGACTC,NK
B15_c1,,,NK,B15_c1_TGTCCCACAAGAGGCT,NK
B15_c1,,,NK,B15_c1_TGTCCCATCTGTCTAT,NK
B15_c1,HMN171217,NI,NK,B15_c1_TGTGTTTAGGCTAGAC,NK
B15_c1,,,NK,B15_c1_TGTTCCGCATCAGTAC,NK
B15_c1,HMN171235,NI,NK,B15_c1_TTAGTTCAGAGTAAGG,NK
B15_c1,HMN171225,NI,NK,B15_c1_TTAGTTCTCGTCTGCT,NK
B15_c1,,,NK,B15_c1_TTCCCAGAGCTAAGAT,NK
B15_c1,,,NK,B15_c1_TTCCCAGTCATCGCTC,NK
B15_c1,,,NK,B15_c1_TTCGAAGAGCTCCTTC,NK
B15_c1,,,NK,B15_c1_TTCTACAGTTAAAGAC,NK
B15_c1,,,NK,B15_c1_TTCTCAATCACCAGGC,NK
B15_c1,,,NK,B15_c1_TTCTCCTTCGAACGGA,NK
B15_c1,HMN171235,NI,NK,B15_c1_TTCTCCTTCTTGCCGT,NK
B15_c1,HMN171227,flu,NK,B15_c1_TTCTTAGAGGGTGTGT,NK
B15_c1,HMN171217,NI,NK,B15_c1_TTCTTAGGTCGGCACT,NK
B15_c1,HMN171217,NI,NK,B15_c1_TTCTTAGGTTGAACTC,NK
B15_c1,HMN171225,NI,NK,B15_c1_TTGAACGGTTTAAGCC,NK
B15_c1,HMN171217,NI,NK,B15_c1_TTGAACGTCTTGTTTG,NK
B15_c1,HMN171235,NI,NK,B15_c1_TTGACTTTCTTCGAGA,NK
B15_c1,,,NK,B15_c1_TTGCCGTAGCAGGCTA,NK
B15_c1,HMN171227,flu,NK,B15_c1_TTGCCGTAGGAGCGAG,NK
B15_c1,HMN171225,NI,NK,B15_c1_TTGCCGTTCCCTCAGT,NK
B15_c1,HMN171217,NI,NK,B15_c1_TTGTAGGAGCCCAGCT,NK
B15_c1,HMN171225,NI,NK,B15_c1_TTTATGCCATAGTAAG,NK
B15_c2,HMN171241,NI,NK,B15_c2_AAACCTGCACGACGAA,NK
B15_c2,HMN171241,NI,NK,B15_c2_AAAGTAGAGATCGATA,NK
B15_c2,HMN171241,NI,NK,B15_c2_AACCGCGTCTTGTTTG,NK
B15_c2,HMN171217,flu,NK,B15_c2_AACTCCCGTCCATGAT,NK
B15_c2,HMN171227,NI,NK,B15_c2_AACTCTTAGCGATATA,NK
B15_c2,,,NK,B15_c2_AACTTTCGTCGAGTTT,NK
B15_c2,HMN171236,NI,NK,B15_c2_AAGGAGCAGGGAGTAA,NK
B15_c2,HMN171241,NI,NK,B15_c2_AAGGCAGAGAAACGAG,NK
B15_c2,,,NK,B15_c2_AAGGCAGAGTACGCGA,NK
B15_c2,HMN171236,NI,NK,B15_c2_ACATACGAGTGCGTGA,NK
B15_c2,HMN171227,NI,NK,B15_c2_ACCAGTAGTAGTACCT,NK
B15_c2,,,NK,B15_c2_ACGAGCCGTAGAAGGA,NK
B15_c2,,,NK,B15_c2_ACGATGTAGTACGCGA,NK
B15_c2,,,NK,B15_c2_ACGCAGCAGCGCCTCA,NK
B15_c2,HMN171227,NI,NK,B15_c2_ACGCCAGAGTACATGA,NK
B15_c2,,,NK,B15_c2_ACGGGTCCAAGTTAAG,NK
B15_c2,HMN171227,NI,NK,B15_c2_ACGTCAATCAGCTCGG,NK
B15_c2,,,NK,B15_c2_ACTATCTGTTCCCGAG,NK
B15_c2,,,NK,B15_c2_ACTGTCCTCAAGGTAA,NK
B15_c2,HMN171227,NI,NK,B15_c2_ACTTACTAGGTGCTTT,NK
B15_c2,HMN171241,NI,NK,B15_c2_ACTTGTTGTACCGCTG,NK
B15_c2,HMN171225,flu,NK,B15_c2_AGAATAGCACCCAGTG,NK
B15_c2,,,NK,B15_c2_AGAATAGCATACTCTT,NK
B15_c2,,,NK,B15_c2_AGACGTTCATCCTAGA,NK
B15_c2,,,NK,B15_c2_AGATCTGAGCCGCCTA,NK
B15_c2,,,NK,B15_c2_AGATTGCTCAAACAAG,NK
B15_c2,,,NK,B15_c2_AGCAGCCCATGGAATA,NK
B15_c2,HMN171236,NI,NK,B15_c2_AGCGGTCAGATAGGAG,NK
B15_c2,,,NK,B15_c2_AGCGGTCAGCCACGCT,NK
B15_c2,,,NK,B15_c2_AGCGTATTCTTATCTG,NK
B15_c2,HMN171241,NI,NK,B15_c2_AGCTTGAGTAAGTTCC,NK
B15_c2,,,NK,B15_c2_AGCTTGATCCTAGAAC,NK
B15_c2,HMN171227,NI,NK,B15_c2_AGGGAGTCATGTTGAC,NK
B15_c2,,,NK,B15_c2_AGTGGGACAACGATCT,NK
B15_c2,HMN171241,NI,NK,B15_c2_AGTGTCAGTTGGGACA,NK
B15_c2,HMN171227,NI,NK,B15_c2_ATAGACCCAATGAAAC,NK
B15_c2,,,NK,B15_c2_ATAGACCCAGCCTTGG,NK
B15_c2,,,NK,B15_c2_ATAGACCGTGCCTGGT,NK
B15_c2,HMN171227,NI,NK,B15_c2_ATCGAGTTCTGCAGTA,NK
B15_c2,,,NK,B15_c2_ATGGGAGAGGTACTCT,NK
B15_c2,HMN171241,NI,NK,B15_c2_ATTCTACAGTGTACGG,NK
B15_c2,HMN171241,NI,NK,B15_c2_CAACCTCGTACCAGTT,NK
B15_c2,HMN171227,NI,NK,B15_c2_CAAGATCTCGGGAGTA,NK
B15_c2,HMN171241,NI,NK,B15_c2_CACAAACCAGTTAACC,NK
B15_c2,,,NK,B15_c2_CACAGGCAGCCACGTC,NK
B15_c2,,,NK,B15_c2_CACTCCATCCGTCATC,NK
B15_c2,HMN171227,NI,NK,B15_c2_CAGAATCGTGTTCGAT,NK
B15_c2,HMN171241,NI,NK,B15_c2_CAGAGAGGTTATCGGT,NK
B15_c2,,,NK,B15_c2_CAGCTGGTCTGCGGCA,NK
B15_c2,,,NK,B15_c2_CATATGGGTAGCGCTC,NK
B15_c2,HMN171241,NI,NK,B15_c2_CATATGGGTGTCCTCT,NK
B15_c2,HMN171227,NI,NK,B15_c2_CATTCGCTCGCCGTGA,NK
B15_c2,HMN171241,NI,NK,B15_c2_CCAATCCGTCTAGTGT,NK
B15_c2,HMN171227,NI,NK,B15_c2_CCAATCCTCAAAGTAG,NK
B15_c2,,,NK,B15_c2_CCAATCCTCCCGGATG,NK
B15_c2,,,NK,B15_c2_CCACTACTCAGCTGGC,NK
B15_c2,HMN171227,NI,NK,B15_c2_CCACTACTCGCCTGAG,NK
B15_c2,HMN171227,NI,NK,B15_c2_CCAGCGAGTGAACCTT,NK
B15_c2,HMN171236,NI,NK,B15_c2_CCATTCGAGAGTGACC,NK
B15_c2,HMN171227,NI,NK,B15_c2_CCCAATCTCGCATGAT,NK
B15_c2,,,NK,B15_c2_CCCAGTTAGACCTAGG,NK
B15_c2,,,NK,B15_c2_CCCAGTTAGTAATCCC,NK
B15_c2,,,NK,B15_c2_CCCTCCTGTCCATGAT,NK
B15_c2,HMN171227,NI,NK,B15_c2_CCCTCCTGTGAGCGAT,NK
B15_c2,HMN171236,NI,NK,B15_c2_CCTAAAGCACGTTGGC,NK
B15_c2,,,NK,B15_c2_CCTAAAGGTGCAGTAG,NK
B15_c2,,,NK,B15_c2_CCTAGCTCATTTGCCC,NK
B15_c2,HMN171236,NI,NK,B15_c2_CCTCAGTCACGCATCG,NK
B15_c2,HMN171241,NI,NK,B15_c2_CCTCAGTCATCTGGTA,NK
B15_c2,HMN171227,NI,NK,B15_c2_CCTTCCCTCAGATAAG,NK
B15_c2,HMN171241,NI,NK,B15_c2_CGAACATGTCTGGTCG,NK
B15_c2,,,NK,B15_c2_CGAATGTAGCACGCCT,NK
B15_c2,HMN171241,NI,NK,B15_c2_CGACTTCCAGGTCGTC,NK
B15_c2,HMN171241,NI,NK,B15_c2_CGACTTCGTTGATTCG,NK
B15_c2,,,NK,B15_c2_CGACTTCTCAAGATCC,NK
B15_c2,HMN171241,NI,NK,B15_c2_CGATCGGGTTTAAGCC,NK
B15_c2,,,NK,B15_c2_CGATGGCAGGCAGGTT,NK
B15_c2,,,NK,B15_c2_CGCGTTTTCCGTCATC,NK
B15_c2,,,NK,B15_c2_CGGAGCTTCTAACTTC,NK
B15_c2,HMN171227,NI,NK,B15_c2_CGGTTAACAACTGCTA,NK
B15_c2,HMN171227,NI,NK,B15_c2_CGTCCATAGCCAGTAG,NK
B15_c2,,,NK,B15_c2_CGTCTACGTCGCGTGT,NK
B15_c2,HMN171241,NI,NK,B15_c2_CGTTCTGCAATCCAAC,NK
B15_c2,,,NK,B15_c2_CTAATGGAGAGGGCTT,NK
B15_c2,,,NK,B15_c2_CTACATTTCCCAAGAT,NK
B15_c2,,,NK,B15_c2_CTACCCAAGTAATCCC,NK
B15_c2,,,NK,B15_c2_CTAGCCTAGCTTATCG,NK
B15_c2,,,NK,B15_c2_CTCCTAGTCGTGGGAA,NK
B15_c2,HMN171236,NI,NK,B15_c2_CTCGAGGTCAATCACG,NK
B15_c2,,,NK,B15_c2_CTCGGGAAGGCATTGG,NK
B15_c2,HMN171227,NI,NK,B15_c2_CTCGGGAGTTGTGGCC,NK
B15_c2,,,NK,B15_c2_CTCGTCAGTCCAAGTT,NK
B15_c2,HMN171241,NI,NK,B15_c2_CTCTACGCACGAAATA,NK
B15_c2,HMN171227,NI,NK,B15_c2_CTGCGGAGTCTGCCAG,NK
B15_c2,,,NK,B15_c2_CTGTGCTAGCCCAGCT,NK
B15_c2,,,NK,B15_c2_CTGTGCTCAAGAGGCT,NK
B15_c2,,,NK,B15_c2_CTGTGCTCAAGCTGAG,NK
B15_c2,HMN171227,NI,NK,B15_c2_CTTAACTTCAATCACG,NK
B15_c2,HMN171235,flu,NK,B15_c2_CTTAGGAGTACTTAGC,NK
B15_c2,HMN171241,NI,NK,B15_c2_CTTAGGATCTCCTATA,NK
B15_c2,,,NK,B15_c2_GAACCTACAGGTCTCG,NK
B15_c2,HMN171241,NI,NK,B15_c2_GAACCTACATCGGGTC,NK
B15_c2,HMN171241,NI,NK,B15_c2_GAACGGACAATGAAAC,NK
B15_c2,,,NK,B15_c2_GACCAATGTAGCAAAT,NK
B15_c2,,,NK,B15_c2_GACGTTAAGCGCTTAT,NK
B15_c2,HMN171227,NI,NK,B15_c2_GAGTCCGCAAGTTGTC,NK
B15_c2,,,NK,B15_c2_GATCTAGAGCTTTGGT,NK
B15_c2,HMN171227,NI,NK,B15_c2_GATGAGGAGGTGCTAG,NK
B15_c2,,,NK,B15_c2_GCCTCTAGTGTTTGGT,NK
B15_c2,HMN171236,NI,NK,B15_c2_GCGAGAAGTCGCGTGT,NK
B15_c2,,,NK,B15_c2_GCGCAACTCTCCAGGG,NK
B15_c2,HMN171236,NI,NK,B15_c2_GCTGCAGCATTGGGCC,NK
B15_c2,,,NK,B15_c2_GCTGCTTCACCTGGTG,NK
B15_c2,,,NK,B15_c2_GGAACTTAGACGACGT,NK
B15_c2,HMN171236,NI,NK,B15_c2_GGAATAACACACTGCG,NK
B15_c2,,,NK,B15_c2_GGATGTTAGAATGTGT,NK
B15_c2,,,NK,B15_c2_GGCCGATAGATCCTGT,NK
B15_c2,,,NK,B15_c2_GGCGACTGTTATGCGT,NK
B15_c2,,,NK,B15_c2_GGCGACTGTTGCGCAC,NK
B15_c2,HMN171241,NI,NK,B15_c2_GGCGTGTGTAGCTAAA,NK
B15_c2,HMN171241,NI,NK,B15_c2_GGCTCGAGTCTGATCA,NK
B15_c2,HMN171225,flu,NK,B15_c2_GGGCATCGTCTGGAGA,NK
B15_c2,,,NK,B15_c2_GGTGAAGAGCTAGCCC,NK
B15_c2,HMN171236,NI,NK,B15_c2_GTAACGTGTAAATGAC,NK
B15_c2,HMN171227,NI,NK,B15_c2_GTAACTGTCTTCCTTC,NK
B15_c2,,,NK,B15_c2_GTAGTCAGTCACACGC,NK
B15_c2,HMN171227,NI,NK,B15_c2_GTCAAGTTCCTGTAGA,NK
B15_c2,,,NK,B15_c2_GTCCTCAGTTTACTCT,NK
B15_c2,,,NK,B15_c2_GTCGGGTAGTGTTAGA,NK
B15_c2,HMN171217,flu,NK,B15_c2_GTCTCGTGTACCTACA,NK
B15_c2,HMN171227,NI,NK,B15_c2_GTCTCGTGTCGCTTTC,NK
B15_c2,,,NK,B15_c2_GTCTTCGCATGTAAGA,NK
B15_c2,,,NK,B15_c2_GTGGGTCTCACTTCAT,NK
B15_c2,,,NK,B15_c2_GTGTGCGAGTACGTTC,NK
B15_c2,,,NK,B15_c2_GTGTGCGGTGAGGCTA,NK
B15_c2,HMN171227,NI,NK,B15_c2_GTGTTAGGTAGGCTGA,NK
B15_c2,HMN171236,NI,NK,B15_c2_GTTAAGCAGCGTGAAC,NK
B15_c2,HMN171227,NI,NK,B15_c2_GTTCTCGAGTTACGGG,NK
B15_c2,HMN171241,NI,NK,B15_c2_TACCTTATCAAGGCTT,NK
B15_c2,,,NK,B15_c2_TACGGGCGTGCAACTT,NK
B15_c2,HMN171241,NI,NK,B15_c2_TACTTACCATTCACTT,NK
B15_c2,,,NK,B15_c2_TACTTGTCATACGCTA,NK
B15_c2,HMN171241,NI,NK,B15_c2_TAGAGCTAGGGTCGAT,NK
B15_c2,,,NK,B15_c2_TAGGCATGTATAGTAG,NK
B15_c2,,,NK,B15_c2_TATCAGGAGATGTGGC,NK
B15_c2,,,NK,B15_c2_TCAACGAGTCGCGAAA,NK
B15_c2,HMN171227,NI,NK,B15_c2_TCAATCTAGTACTTGC,NK
B15_c2,HMN171241,NI,NK,B15_c2_TCAGGATAGAAGGCCT,NK
B15_c2,,,NK,B15_c2_TCAGGATAGATATGGT,NK
B15_c2,,,NK,B15_c2_TCAGGATCAGGAACGT,NK
B15_c2,,,NK,B15_c2_TCCCGATCAGTCCTTC,NK
B15_c2,,,NK,B15_c2_TCGCGAGCAAGCTGAG,NK
B15_c2,,,NK,B15_c2_TCGGGACCACCAGGCT,NK
B15_c2,,,NK,B15_c2_TCGGTAAGTGGGTCAA,NK
B15_c2,HMN171236,NI,NK,B15_c2_TCGTAGAGTCCTCTTG,NK
B15_c2,HMN171241,NI,NK,B15_c2_TCTCATACATAGGATA,NK
B15_c2,,,NK,B15_c2_TCTCTAAAGTGGGATC,NK
B15_c2,HMN171227,NI,NK,B15_c2_TCTGAGAGTAAGAGAG,NK
B15_c2,,,NK,B15_c2_TCTGAGATCTTGACGA,NK
B15_c2,,,NK,B15_c2_TCTTCGGGTAAGTAGT,NK
B15_c2,,,NK,B15_c2_TGAAAGAAGCGATCCC,NK
B15_c2,HMN171227,NI,NK,B15_c2_TGAAAGATCGGTTAAC,NK
B15_c2,,,NK,B15_c2_TGAGAGGAGCTACCTA,NK
B15_c2,,,NK,B15_c2_TGCCCTATCCCAAGTA,NK
B15_c2,,,NK,B15_c2_TGGCCAGTCAGCTGGC,NK
B15_c2,HMN171241,NI,NK,B15_c2_TGTCCCAAGTGGTCCC,NK
B15_c2,,,NK,B15_c2_TTAGGCATCCAGTATG,NK
B15_c2,,,NK,B15_c2_TTATGCTTCACGCGGT,NK
B15_c2,HMN171241,NI,NK,B15_c2_TTCGAAGTCGGCGCAT,NK
B15_c2,,,NK,B15_c2_TTCGGTCAGGAACTGC,NK
B15_c2,,,NK,B15_c2_TTCTACATCTGCAGTA,NK
B15_c2,HMN171241,NI,NK,B15_c2_TTCTCCTCAGTATGCT,NK
B15_c2,,,NK,B15_c2_TTGCGTCTCCTTTACA,NK
B15_c2,,,NK,B15_c2_TTGGCAACACATCTTT,NK
B15_c2,,,NK,B15_c2_TTTGGTTCAAACGTGG,NK
B1_c1,HMN83559,flu,NK,B1_c1_AAAGATGAGTCCGGTC,NK
B1_c1,,,NK,B1_c1_AAATGCCGTGCTCTTC,NK
B1_c1,HMN83559,flu,NK,B1_c1_AACACGTCAGTGAGTG,NK
B1_c1,,,NK,B1_c1_AACCGCGAGGCTAGCA,NK
B1_c1,,,NK,B1_c1_AACTCTTTCACTTCAT,NK
B1_c1,HMN83554,flu,NK,B1_c1_AACTTTCAGACACGAC,NK
B1_c1,,,NK,B1_c1_AAGGCAGAGAACAATC,NK
B1_c1,HMN83559,flu,NK,B1_c1_ACGATGTGTAGGCATG,NK
B1_c1,HMN83554,flu,NK,B1_c1_ACGGCCAAGCAAATCA,NK
B1_c1,HMN83554,flu,NK,B1_c1_ACTGAGTCATTGGGCC,NK
B1_c1,,,NK,B1_c1_ACTGATGCACCTGGTG,NK
B1_c1,HMN83553,flu,NK,B1_c1_ACTGCTCGTTCCACGG,NK
B1_c1,HMN83554,flu,NK,B1_c1_ACTGTCCAGTCGATAA,NK
B1_c1,,,NK,B1_c1_AGAATAGTCAGCATGT,NK
B1_c1,,,NK,B1_c1_AGCCTAAGTCTAGGTT,NK
B1_c1,HMN83559,flu,NK,B1_c1_AGCGGTCGTCCGCTGA,NK
B1_c1,,,NK,B1_c1_AGCTCCTAGACTACAA,NK
B1_c1,,,NK,B1_c1_AGCTTGATCTAAGCCA,NK
B1_c1,HMN83553,flu,NK,B1_c1_AGGCCACAGGCAATTA,NK
B1_c1,HMN83553,flu,NK,B1_c1_AGGCCACGTGTATGGG,NK
B1_c1,HMN83559,flu,NK,B1_c1_AGGGAGTTCAGTTTGG,NK
B1_c1,HMN83559,flu,NK,B1_c1_AGGGTGATCGTAGGAG,NK
B1_c1,HMN83553,flu,NK,B1_c1_AGTGTCAGTCCGAGTC,NK
B1_c1,HMN83554,flu,NK,B1_c1_ATCTACTGTTCGTGAT,NK
B1_c1,,,NK,B1_c1_ATCTACTTCTTAACCT,NK
B1_c1,,,NK,B1_c1_ATTTCTGTCCGCGCAA,NK
B1_c1,,,NK,B1_c1_CAACCAAGTTACTGAC,NK
B1_c1,HMN83553,flu,NK,B1_c1_CAACCAATCAATCTCT,NK
B1_c1,HMN83554,flu,NK,B1_c1_CAAGTTGTCCTGCCAT,NK
B1_c1,HMN83559,flu,NK,B1_c1_CACACCTTCATTATCC,NK
B1_c1,HMN83559,flu,NK,B1_c1_CACAGTAAGATGTGTA,NK
B1_c1,,,NK,B1_c1_CACAGTAAGTTAAGTG,NK
B1_c1,,,NK,B1_c1_CAGCATAGTGTGTGCC,NK
B1_c1,HMN83554,flu,NK,B1_c1_CAGCTAACAATCACAC,NK
B1_c1,HMN83559,flu,NK,B1_c1_CAGCTAATCATCTGTT,NK
B1_c1,HMN83554,flu,NK,B1_c1_CAGCTAATCCGCGTTT,NK
B1_c1,HMN83553,flu,NK,B1_c1_CATCAAGAGCGATAGC,NK
B1_c1,HMN83554,flu,NK,B1_c1_CATCCACTCGCCATAA,NK
B1_c1,HMN83554,flu,NK,B1_c1_CATCGAACATCCTTGC,NK
B1_c1,,,NK,B1_c1_CATCGGGGTACAGCAG,NK
B1_c1,HMN83554,flu,NK,B1_c1_CATGGCGGTAGCGCAA,NK
B1_c1,HMN83559,flu,NK,B1_c1_CCAATCCGTTCCAACA,NK
B1_c1,HMN83553,flu,NK,B1_c1_CCACTACTCAAACAAG,NK
B1_c1,HMN83559,flu,NK,B1_c1_CCACTACTCAGGTTCA,NK
B1_c1,HMN83559,flu,NK,B1_c1_CCATTCGGTACTTCTT,NK
B1_c1,HMN83553,flu,NK,B1_c1_CCCAGTTAGTTAACGA,NK
B1_c1,HMN83554,flu,NK,B1_c1_CCCATACCAATGGAGC,NK
B1_c1,HMN83559,flu,NK,B1_c1_CCCTCCTGTCGCATCG,NK
B1_c1,HMN83553,flu,NK,B1_c1_CCTAAAGTCACATGCA,NK
B1_c1,HMN83553,flu,NK,B1_c1_CCTACACCAAGGACAC,NK
B1_c1,,,NK,B1_c1_CCTACCAGTCAAACTC,NK
B1_c1,HMN83553,flu,NK,B1_c1_CCTAGCTCATCTACGA,NK
B1_c1,HMN83553,flu,NK,B1_c1_CCTTCCCCAGTCCTTC,NK
B1_c1,,,NK,B1_c1_CGAACATAGTCGCCGT,NK
B1_c1,HMN83559,flu,NK,B1_c1_CGAATGTCAATCTACG,NK
B1_c1,HMN83559,flu,NK,B1_c1_CGATTGACATCGGTTA,NK
B1_c1,,,NK,B1_c1_CGCGGTAGTCGAAAGC,NK
B1_c1,HMN83553,flu,NK,B1_c1_CGGCTAGCACCACCAG,NK
B1_c1,HMN83559,flu,NK,B1_c1_CGGTTAATCTTGACGA,NK
B1_c1,,,NK,B1_c1_CGTAGCGTCCTAGTGA,NK
B1_c1,HMN83559,flu,NK,B1_c1_CGTCTACCAGTAGAGC,NK
B1_c1,HMN83559,flu,NK,B1_c1_CGTCTACTCTTATCTG,NK
B1_c1,HMN83554,flu,NK,B1_c1_CGTGTCTCACAGGTTT,NK
B1_c1,HMN83559,flu,NK,B1_c1_CTAACTTGTAGGGTAC,NK
B1_c1,HMN83554,flu,NK,B1_c1_CTAAGACGTACTCGCG,NK
B1_c1,HMN83554,flu,NK,B1_c1_CTAATGGCAAGAGGCT,NK
B1_c1,HMN83559,flu,NK,B1_c1_CTACACCTCTGCGACG,NK
B1_c1,,,NK,B1_c1_CTCGAAAAGGACTGGT,NK
B1_c1,HMN83559,flu,NK,B1_c1_CTGATCCAGCTCTCGG,NK
B1_c1,,,NK,B1_c1_CTGATCCAGTACCGGA,NK
B1_c1,,,NK,B1_c1_CTGCTGTTCGGAGCAA,NK
B1_c1,HMN83554,flu,NK,B1_c1_CTGTGCTCACGCATCG,NK
B1_c1,HMN83553,flu,NK,B1_c1_GAAACTCAGTTGTAGA,NK
B1_c1,HMN83553,flu,NK,B1_c1_GAACGGACACAGATTC,NK
B1_c1,,,NK,B1_c1_GAATAAGTCCCTAATT,NK
B1_c1,HMN83559,flu,NK,B1_c1_GACAGAGAGTTATCGC,NK
B1_c1,,,NK,B1_c1_GACCAATAGACAATAC,NK
B1_c1,HMN83553,flu,NK,B1_c1_GACCAATGTCAACTGT,NK
B1_c1,HMN83553,flu,NK,B1_c1_GACGGCTCAATAGCGG,NK
B1_c1,HMN83559,flu,NK,B1_c1_GACTAACCATGTCCTC,NK
B1_c1,HMN83553,flu,NK,B1_c1_GACTGCGCATCAGTAC,NK
B1_c1,HMN83559,flu,NK,B1_c1_GAGCAGACACAGTCGC,NK
B1_c1,,,NK,B1_c1_GATCGTACAAGTTGTC,NK
B1_c1,HMN83553,flu,NK,B1_c1_GATGAAAGTGCATCTA,NK
B1_c1,HMN83554,flu,NK,B1_c1_GATGAAATCGGTTCGG,NK
B1_c1,HMN83559,flu,NK,B1_c1_GATGAGGGTAGCGCAA,NK
B1_c1,HMN83553,flu,NK,B1_c1_GATGCTACAAAGTCAA,NK
B1_c1,HMN83553,flu,NK,B1_c1_GCAAACTAGTAGCCGA,NK
B1_c1,HMN83553,flu,NK,B1_c1_GCACTCTAGACAATAC,NK
B1_c1,HMN83559,flu,NK,B1_c1_GCATACACACCGTTGG,NK
B1_c1,,,NK,B1_c1_GCATGTAAGTACCGGA,NK
B1_c1,HMN83554,flu,NK,B1_c1_GCCTCTACAGGGAGAG,NK
B1_c1,,,NK,B1_c1_GCGAGAACAATTCCTT,NK
B1_c1,,,NK,B1_c1_GCGCAGTTCGCGATCG,NK
B1_c1,,,NK,B1_c1_GCGCGATTCCTGCTTG,NK
B1_c1,HMN83553,flu,NK,B1_c1_GCTGCGACAGGGATTG,NK
B1_c1,HMN83554,flu,NK,B1_c1_GCTGCGAGTCTCTCGT,NK
B1_c1,,,NK,B1_c1_GCTGGGTGTAAAGGAG,NK
B1_c1,HMN83553,flu,NK,B1_c1_GCTGGGTGTTAGTGGG,NK
B1_c1,HMN83553,flu,NK,B1_c1_GCTTGAACAGACGCAA,NK
B1_c1,,,NK,B1_c1_GGAAAGCCACTACAGT,NK
B1_c1,HMN83554,flu,NK,B1_c1_GGACATTTCTGGGCCA,NK
B1_c1,HMN83559,flu,NK,B1_c1_GGATTACCATGGAATA,NK
B1_c1,,,NK,B1_c1_GGCCGATAGCCTTGAT,NK
B1_c1,HMN83553,flu,NK,B1_c1_GGCGTGTCACCTGGTG,NK
B1_c1,HMN83554,flu,NK,B1_c1_GGCGTGTTCCACGTTC,NK
B1_c1,,,NK,B1_c1_GGCTCGATCAATCACG,NK
B1_c1,HMN83559,flu,NK,B1_c1_GGGAATGAGTTATCGC,NK
B1_c1,,,NK,B1_c1_GGGAGATCACATCTTT,NK
B1_c1,HMN83559,flu,NK,B1_c1_GGGCATCGTCAGTGGA,NK
B1_c1,,,NK,B1_c1_GGTGCGTTCTTAACCT,NK
B1_c1,HMN83559,flu,NK,B1_c1_GTACTCCAGTGAACAT,NK
B1_c1,HMN83559,flu,NK,B1_c1_GTAGGCCCATCGACGC,NK
B1_c1,HMN83553,flu,NK,B1_c1_GTATTCTTCCCAAGAT,NK
B1_c1,HMN83554,flu,NK,B1_c1_GTCATTTAGTTAGGTA,NK
B1_c1,,,NK,B1_c1_GTCATTTGTGAGCGAT,NK
B1_c1,HMN83559,flu,NK,B1_c1_GTCCTCAAGCGCTCCA,NK
B1_c1,,,NK,B1_c1_GTGCAGCAGCTCTCGG,NK
B1_c1,HMN83559,flu,NK,B1_c1_GTGCATATCGTACCGG,NK
B1_c1,,,NK,B1_c1_GTTAAGCGTCAAGCGA,NK
B1_c1,,,NK,B1_c1_GTTCATTTCGAATGGG,NK
B1_c1,,,NK,B1_c1_TACAGTGTCTAACTTC,NK
B1_c1,HMN83554,flu,NK,B1_c1_TACTCGCAGAACTGTA,NK
B1_c1,HMN83559,flu,NK,B1_c1_TACTTGTAGGGATACC,NK
B1_c1,HMN83554,flu,NK,B1_c1_TACTTGTGTCATCGGC,NK
B1_c1,,,NK,B1_c1_TAGGCATGTCCATGAT,NK
B1_c1,,,NK,B1_c1_TAGTGGTAGCACGCCT,NK
B1_c1,HMN83554,flu,NK,B1_c1_TCACAAGAGGATCGCA,NK
B1_c1,HMN83554,flu,NK,B1_c1_TCAGCAACATCGATTG,NK
B1_c1,HMN83553,flu,NK,B1_c1_TCAGGTACACCCATGG,NK
B1_c1,,,NK,B1_c1_TCATTACTCAGTGCAT,NK
B1_c1,HMN83559,flu,NK,B1_c1_TCGGTAAGTGGGTCAA,NK
B1_c1,HMN83559,flu,NK,B1_c1_TCGTAGAGTAGTACCT,NK
B1_c1,,,NK,B1_c1_TCTATTGAGTCCTCCT,NK
B1_c1,HMN83554,flu,NK,B1_c1_TCTGAGAAGTACTTGC,NK
B1_c1,,,NK,B1_c1_TGAAAGAAGGCAGGTT,NK
B1_c1,,,NK,B1_c1_TGACTTTAGTGCCAGA,NK
B1_c1,HMN83559,flu,NK,B1_c1_TGACTTTCATGCTAGT,NK
B1_c1,,,NK,B1_c1_TGAGAGGGTTGACGTT,NK
B1_c1,,,NK,B1_c1_TGAGCATCAGCTGTAT,NK
B1_c1,HMN83559,flu,NK,B1_c1_TGCCCATTCACCGTAA,NK
B1_c1,,,NK,B1_c1_TGCGGGTTCCGGCACA,NK
B1_c1,,,NK,B1_c1_TGCTGCTAGGCGTACA,NK
B1_c1,HMN83553,flu,NK,B1_c1_TGGCTGGAGTGTACTC,NK
B1_c1,,,NK,B1_c1_TGGTTAGTCTAACGGT,NK
B1_c1,HMN83553,flu,NK,B1_c1_TGGTTCCAGCTAAACA,NK
B1_c1,HMN83553,flu,NK,B1_c1_TGTATTCCAATAGCGG,NK
B1_c1,,,NK,B1_c1_TGTATTCGTACATGTC,NK
B1_c1,,,NK,B1_c1_TGTCCCAAGCAGATCG,NK
B1_c1,,,NK,B1_c1_TGTTCCGCACACGCTG,NK
B1_c1,HMN83559,flu,NK,B1_c1_TTAGGCACATCGGAAG,NK
B1_c1,,,NK,B1_c1_TTCGAAGTCTATCCTA,NK
B1_c1,,,NK,B1_c1_TTCTTAGCACCTCGTT,NK
B1_c1,,,NK,B1_c1_TTGAACGAGGAATTAC,NK
B1_c1,HMN83559,flu,NK,B1_c1_TTGACTTCATTGGTAC,NK
B1_c1,,,NK,B1_c1_TTGCCGTCAAATTGCC,NK
B1_c1,HMN83553,flu,NK,B1_c1_TTTACTGTCTGCTGTC,NK
B1_c2,,,NK,B1_c2_AAAGATGCATCGGTTA,NK
B1_c2,,,NK,B1_c2_AAAGTAGCAATCTACG,NK
B1_c2,,,NK,B1_c2_AAAGTAGCATCGATTG,NK
B1_c2,,,NK,B1_c2_AACGTTGAGAAGGACA,NK
B1_c2,,,NK,B1_c2_AACGTTGTCTTCTGGC,NK
B1_c2,HMN83552,flu,NK,B1_c2_AACTCCCGTTCAACCA,NK
B1_c2,,,NK,B1_c2_AAGGCAGCACGCTTTC,NK
B1_c2,HMN83552,flu,NK,B1_c2_ACACCGGGTCCGTGAC,NK
B1_c2,HMN83552,flu,NK,B1_c2_ACACTGACATGATCCA,NK
B1_c2,HMN83552,flu,NK,B1_c2_ACATACGCAGCTTCGG,NK
B1_c2,,,NK,B1_c2_ACATGGTAGAACTCGG,NK
B1_c2,HMN83552,flu,NK,B1_c2_ACATGGTAGGGTCGAT,NK
B1_c2,HMN83552,flu,NK,B1_c2_ACGAGGAAGCCAGAAC,NK
B1_c2,HMN83551,flu,NK,B1_c2_ACGATGTCATCCGGGT,NK
B1_c2,HMN83552,flu,NK,B1_c2_ACGCCGAAGGTTACCT,NK
B1_c2,,,NK,B1_c2_ACGTCAACAAAGGCGT,NK
B1_c2,HMN83552,flu,NK,B1_c2_ACTATCTGTTCCACGG,NK
B1_c2,HMN83552,flu,NK,B1_c2_ACTGATGAGCTAAGAT,NK
B1_c2,,,NK,B1_c2_ACTGTCCTCTATCGCC,NK
B1_c2,HMN83552,flu,NK,B1_c2_ACTTGTTAGTCGTTTG,NK
B1_c2,HMN83558,flu,NK,B1_c2_AGAATAGAGCGTTCCG,NK
B1_c2,HMN83552,flu,NK,B1_c2_AGAGTGGCACTTACGA,NK
B1_c2,,,NK,B1_c2_AGCAGCCAGCTGATAA,NK
B1_c2,,,NK,B1_c2_AGCAGCCAGGCGACAT,NK
B1_c2,HMN83552,flu,NK,B1_c2_AGCATACGTGCCTGCA,NK
B1_c2,HMN83552,flu,NK,B1_c2_AGCCTAACACTTGGAT,NK
B1_c2,,,NK,B1_c2_AGCGTCGAGGAATTAC,NK
B1_c2,,,NK,B1_c2_AGGGAGTTCTTCTGGC,NK
B1_c2,HMN83552,flu,NK,B1_c2_AGGGATGCATCACGTA,NK
B1_c2,,,NK,B1_c2_AGTCTTTGTAACGACG,NK
B1_c2,,,NK,B1_c2_AGTGAGGAGATACACA,NK
B1_c2,HMN83552,flu,NK,B1_c2_AGTGAGGAGGTAGCCA,NK
B1_c2,HMN83552,flu,NK,B1_c2_AGTGTCAAGAGGTTAT,NK
B1_c2,HMN83558,flu,NK,B1_c2_AGTGTCATCTGGGCCA,NK
B1_c2,HMN83552,flu,NK,B1_c2_ATAACGCCAATCCGAT,NK
B1_c2,HMN83558,flu,NK,B1_c2_ATAAGAGGTTTCCACC,NK
B1_c2,HMN83552,flu,NK,B1_c2_ATCACGAAGTGCAAGC,NK
B1_c2,,,NK,B1_c2_ATCACGATCACATGCA,NK
B1_c2,,,NK,B1_c2_ATCATGGCATGTCCTC,NK
B1_c2,,,NK,B1_c2_ATCGAGTTCTTGAGGT,NK
B1_c2,HMN83552,flu,NK,B1_c2_ATCTACTTCGGTTCGG,NK
B1_c2,HMN83558,flu,NK,B1_c2_ATGAGGGTCTCATTCA,NK
B1_c2,HMN83552,flu,NK,B1_c2_ATGGGAGGTTTGTGTG,NK
B1_c2,,,NK,B1_c2_ATGTGTGAGCAACGGT,NK
B1_c2,,,NK,B1_c2_ATGTGTGCAGCCTTGG,NK
B1_c2,,,NK,B1_c2_ATTTCTGAGAGGGCTT,NK
B1_c2,HMN83552,flu,NK,B1_c2_CAACTAGCAGCCTTGG,NK
B1_c2,HMN83552,flu,NK,B1_c2_CAAGATCAGTTTGCGT,NK
B1_c2,HMN83554,NI,NK,B1_c2_CAAGATCGTCGAAAGC,NK
B1_c2,HMN83552,flu,NK,B1_c2_CAAGATCGTGGGTCAA,NK
B1_c2,,,NK,B1_c2_CACATAGGTATTCGTG,NK
B1_c2,HMN83552,flu,NK,B1_c2_CACCTTGCATTTCACT,NK
B1_c2,HMN83552,flu,NK,B1_c2_CACTCCAGTTGCCTCT,NK
B1_c2,,,NK,B1_c2_CAGAGAGCATGGTCAT,NK
B1_c2,HMN83552,flu,NK,B1_c2_CAGGTGCCAGTGGAGT,NK
B1_c2,HMN83552,flu,NK,B1_c2_CAGTCCTAGAAAGTGG,NK
B1_c2,HMN83559,NI,NK,B1_c2_CATATGGAGAGTAAGG,NK
B1_c2,,,NK,B1_c2_CATATTCCACCTATCC,NK
B1_c2,HMN83552,flu,NK,B1_c2_CATCCACAGATGTTAG,NK
B1_c2,HMN83558,flu,NK,B1_c2_CATGACATCACGCATA,NK
B1_c2,HMN83552,flu,NK,B1_c2_CATGCCTGTGTATGGG,NK
B1_c2,,,NK,B1_c2_CATGGCGTCGGCCGAT,NK
B1_c2,HMN83558,flu,NK,B1_c2_CCACCTAAGCGAGAAA,NK
B1_c2,HMN83552,flu,NK,B1_c2_CCCTCCTGTTCCGTCT,NK
B1_c2,HMN83551,flu,NK,B1_c2_CCGTACTTCGTTTGCC,NK
B1_c2,,,NK,B1_c2_CCGTGGATCTGATTCT,NK
B1_c2,HMN83552,flu,NK,B1_c2_CCGTTCACACACCGCA,NK
B1_c2,HMN83552,flu,NK,B1_c2_CCTACACAGACAATAC,NK
B1_c2,,,NK,B1_c2_CCTAGCTGTCAAGCGA,NK
B1_c2,,,NK,B1_c2_CCTCAGTAGGGAGTAA,NK
B1_c2,,,NK,B1_c2_CCTTTCTAGATAGCAT,NK
B1_c2,HMN83554,NI,NK,B1_c2_CGAACATAGCTGCAAG,NK
B1_c2,,,NK,B1_c2_CGACCTTCATTGGGCC,NK
B1_c2,,,NK,B1_c2_CGAGCCACAGGGAGAG,NK
B1_c2,HMN83552,flu,NK,B1_c2_CGATGGCCATACGCTA,NK
B1_c2,HMN83552,flu,NK,B1_c2_CGCCAAGAGGCCCGTT,NK
B1_c2,,,NK,B1_c2_CGCGGTAAGCAGCGTA,NK
B1_c2,,,NK,B1_c2_CGCGTTTTCAGTCCCT,NK
B1_c2,HMN83558,flu,NK,B1_c2_CGGACACGTCTCCATC,NK
B1_c2,HMN83552,flu,NK,B1_c2_CGGACGTCACCCATTC,NK
B1_c2,HMN83552,flu,NK,B1_c2_CGGACTGCAGAGCCAA,NK
B1_c2,HMN83552,flu,NK,B1_c2_CGGACTGGTGAAATCA,NK
B1_c2,HMN83558,flu,NK,B1_c2_CGGACTGTCTGTCCGT,NK
B1_c2,,,NK,B1_c2_CGGGTCATCTAACGGT,NK
B1_c2,,,NK,B1_c2_CGGTTAACATATACCG,NK
B1_c2,HMN83552,flu,NK,B1_c2_CGGTTAATCTGCAGTA,NK
B1_c2,HMN83552,flu,NK,B1_c2_CGTCCATAGACAGACC,NK
B1_c2,HMN83552,flu,NK,B1_c2_CGTCCATTCACGCATA,NK
B1_c2,,,NK,B1_c2_CGTGAGCAGGGCTTCC,NK
B1_c2,,,NK,B1_c2_CGTTAGACATGGATGG,NK
B1_c2,HMN83552,flu,NK,B1_c2_CGTTGGGAGCAAATCA,NK
B1_c2,,,NK,B1_c2_CTAAGACCATGATCCA,NK
B1_c2,HMN83552,flu,NK,B1_c2_CTACGTCTCCGCGCAA,NK
B1_c2,,,NK,B1_c2_CTCACACTCTACGAGT,NK
B1_c2,,,NK,B1_c2_CTCAGAACATAGGATA,NK
B1_c2,,,NK,B1_c2_CTCAGAAGTCTTGCGG,NK
B1_c2,HMN83552,flu,NK,B1_c2_CTCATTATCCACTCCA,NK
B1_c2,HMN83552,flu,NK,B1_c2_CTCCTAGCATGGATGG,NK
B1_c2,,,NK,B1_c2_CTCTAATGTATCGCAT,NK
B1_c2,HMN83558,flu,NK,B1_c2_CTCTGGTAGGGAACGG,NK
B1_c2,HMN83551,flu,NK,B1_c2_CTCTGGTTCCGAGCCA,NK
B1_c2,HMN83559,NI,NK,B1_c2_CTGAAACCATGTTGAC,NK
B1_c2,,,NK,B1_c2_CTGATAGCAGAAGCAC,NK
B1_c2,HMN83552,flu,NK,B1_c2_CTGCGGAGTCGAAAGC,NK
B1_c2,HMN83553,NI,NK,B1_c2_CTGCGGATCCCGACTT,NK
B1_c2,HMN83558,flu,NK,B1_c2_CTGGTCTCACACGCTG,NK
B1_c2,,,NK,B1_c2_CTGTGCTAGAAGGCCT,NK
B1_c2,,,NK,B1_c2_CTGTTTACAATAGCGG,NK
B1_c2,,,NK,B1_c2_CTTAACTGTTAAGATG,NK
B1_c2,,,NK,B1_c2_CTTAACTTCCACGAAT,NK
B1_c2,,,NK,B1_c2_CTTAACTTCTTGAGAC,NK
B1_c2,,,NK,B1_c2_CTTAGGAGTCATATGC,NK
B1_c2,,,NK,B1_c2_CTTCTCTCAATGGAGC,NK
B1_c2,HMN83552,flu,NK,B1_c2_GAAACTCTCTACTCAT,NK
B1_c2,HMN83552,flu,NK,B1_c2_GAACATCAGACACGAC,NK
B1_c2,HMN83552,flu,NK,B1_c2_GAACATCGTTGTACAC,NK
B1_c2,,,NK,B1_c2_GAACCTATCGACAGCC,NK
B1_c2,HMN83551,flu,NK,B1_c2_GAACGGACAAAGGCGT,NK
B1_c2,HMN83552,flu,NK,B1_c2_GAACGGATCCAGAAGG,NK
B1_c2,,,NK,B1_c2_GACGTTATCAGAGCTT,NK
B1_c2,,,NK,B1_c2_GACTAACGTAAATGTG,NK
B1_c2,HMN83552,flu,NK,B1_c2_GACTACAAGATGCCTT,NK
B1_c2,HMN83552,flu,NK,B1_c2_GACTGCGGTGGGTCAA,NK
B1_c2,,,NK,B1_c2_GAGCAGAGTCCATGAT,NK
B1_c2,HMN83552,flu,NK,B1_c2_GAGTCCGGTGGTGTAG,NK
B1_c2,HMN83552,flu,NK,B1_c2_GATCAGTGTCAGGACA,NK
B1_c2,,,NK,B1_c2_GATCGATTCAGCTGGC,NK
B1_c2,,,NK,B1_c2_GATCGTATCAGCGACC,NK
B1_c2,HMN83559,NI,NK,B1_c2_GATGAAACAGATGGCA,NK
B1_c2,HMN83552,flu,NK,B1_c2_GCAAACTTCTTATCTG,NK
B1_c2,,,NK,B1_c2_GCACTCTGTCCATCCT,NK
B1_c2,HMN83552,flu,NK,B1_c2_GCATACAGTTTCGCTC,NK
B1_c2,,,NK,B1_c2_GCATGATAGTGTCTCA,NK
B1_c2,HMN83558,flu,NK,B1_c2_GCATGCGGTGAGGCTA,NK
B1_c2,,,NK,B1_c2_GCATGTATCTCCTATA,NK
B1_c2,HMN83558,flu,NK,B1_c2_GCCAAATTCTAACTTC,NK
B1_c2,,,NK,B1_c2_GCCTCTATCTCGCTTG,NK
B1_c2,HMN83552,flu,NK,B1_c2_GCGACCAGTCTCCACT,NK
B1_c2,HMN83552,flu,NK,B1_c2_GCGGGTTCACCACGTG,NK
B1_c2,HMN83551,flu,NK,B1_c2_GCGGGTTGTGCAACGA,NK
B1_c2,HMN83552,flu,NK,B1_c2_GCGGGTTTCTCGCTTG,NK
B1_c2,,,NK,B1_c2_GCTGCGAAGTTAGGTA,NK
B1_c2,HMN83558,flu,NK,B1_c2_GCTGGGTTCATTATCC,NK
B1_c2,HMN83559,NI,NK,B1_c2_GCTTGAATCGGAATCT,NK
B1_c2,HMN83551,flu,NK,B1_c2_GGAAAGCAGTCAAGCG,NK
B1_c2,,,NK,B1_c2_GGAATAAGTACCATCA,NK
B1_c2,HMN83558,flu,NK,B1_c2_GGACAAGAGGATGGAA,NK
B1_c2,,,NK,B1_c2_GGACAGATCCACTGGG,NK
B1_c2,HMN83552,flu,NK,B1_c2_GGACGTCAGGCAGGTT,NK
B1_c2,,,NK,B1_c2_GGACGTCGTGTGCCTG,NK
B1_c2,HMN83551,flu,NK,B1_c2_GGACGTCTCGCGGATC,NK
B1_c2,HMN83554,NI,NK,B1_c2_GGAGCAACAATAGCGG,NK
B1_c2,,,NK,B1_c2_GGCGTGTTCTTAGAGC,NK
B1_c2,HMN83552,flu,NK,B1_c2_GGCTCGACACTGTCGG,NK
B1_c2,HMN83552,flu,NK,B1_c2_GGCTCGACAGACAGGT,NK
B1_c2,,,NK,B1_c2_GGCTCGATCGTATCAG,NK
B1_c2,,,NK,B1_c2_GGCTGGTTCAGAGACG,NK
B1_c2,HMN83552,flu,NK,B1_c2_GGGAATGTCCGCGCAA,NK
B1_c2,HMN83552,flu,NK,B1_c2_GGTGAAGAGGGTATCG,NK
B1_c2,HMN83552,flu,NK,B1_c2_GGTGTTACAGACTCGC,NK
B1_c2,,,NK,B1_c2_GGTGTTACATTAGGCT,NK
B1_c2,HMN83552,flu,NK,B1_c2_GTACTTTAGGACAGAA,NK
B1_c2,,,NK,B1_c2_GTAGGCCCAGCTCGCA,NK
B1_c2,HMN83551,flu,NK,B1_c2_GTAGTCAGTATTCGTG,NK
B1_c2,,,NK,B1_c2_GTATTCTCAGTTCATG,NK
B1_c2,,,NK,B1_c2_GTCAAGTAGACGCACA,NK
B1_c2,,,NK,B1_c2_GTCAAGTAGTCATCCA,NK
B1_c2,HMN83552,flu,NK,B1_c2_GTCAAGTGTAAGAGGA,NK
B1_c2,HMN83552,flu,NK,B1_c2_GTCAAGTGTCTTCAAG,NK
B1_c2,HMN83552,flu,NK,B1_c2_GTCTTCGCATCACGAT,NK
B1_c2,,,NK,B1_c2_GTGCATAGTACTTCTT,NK
B1_c2,,,NK,B1_c2_GTGCGGTCACAGTCGC,NK
B1_c2,HMN83552,flu,NK,B1_c2_GTGTGCGTCCTTAATC,NK
B1_c2,HMN83552,flu,NK,B1_c2_GTTAAGCGTCACAAGG,NK
B1_c2,,,NK,B1_c2_GTTAAGCTCTACCTGC,NK
B1_c2,HMN83552,flu,NK,B1_c2_GTTCGGGTCACTTCAT,NK
B1_c2,HMN83552,flu,NK,B1_c2_TAAGCGTGTGAAAGAG,NK
B1_c2,,,NK,B1_c2_TACCTTATCGGGAGTA,NK
B1_c2,HMN83552,flu,NK,B1_c2_TACGGATAGTATCTCG,NK
B1_c2,,,NK,B1_c2_TACTCATGTATCGCAT,NK
B1_c2,HMN83552,flu,NK,B1_c2_TACTTGTTCGTTTAGG,NK
B1_c2,HMN83558,flu,NK,B1_c2_TAGAGCTCACGAGGTA,NK
B1_c2,,,NK,B1_c2_TAGAGCTGTACAGCAG,NK
B1_c2,HMN83552,flu,NK,B1_c2_TAGGCATGTGTCGCTG,NK
B1_c2,HMN83552,flu,NK,B1_c2_TATCAGGAGTGTACGG,NK
B1_c2,HMN83552,flu,NK,B1_c2_TATCTCATCATATCGG,NK
B1_c2,HMN83552,flu,NK,B1_c2_TCAACGACAGTCCTTC,NK
B1_c2,,,NK,B1_c2_TCAGGTAAGGTCGGAT,NK
B1_c2,HMN83552,flu,NK,B1_c2_TCAGGTACAGCCTGTG,NK
B1_c2,,,NK,B1_c2_TCATTTGCAGTCAGCC,NK
B1_c2,HMN83552,flu,NK,B1_c2_TCCACACGTTCACCTC,NK
B1_c2,HMN83552,flu,NK,B1_c2_TCGCGAGCACAACGTT,NK
B1_c2,HMN83552,flu,NK,B1_c2_TCGTAGAGTTTGGCGC,NK
B1_c2,HMN83551,flu,NK,B1_c2_TCGTAGATCTTCGAGA,NK
B1_c2,,,NK,B1_c2_TCTATTGTCCACGTTC,NK
B1_c2,HMN83558,flu,NK,B1_c2_TCTCATACAAAGGCGT,NK
B1_c2,HMN83552,flu,NK,B1_c2_TCTCATATCTCCCTGA,NK
B1_c2,HMN83552,flu,NK,B1_c2_TCTGGAACACCGGAAA,NK
B1_c2,,,NK,B1_c2_TGAAAGATCATCGGAT,NK
B1_c2,HMN83552,flu,NK,B1_c2_TGACAACAGAGACTTA,NK
B1_c2,,,NK,B1_c2_TGACAACTCAAGCCTA,NK
B1_c2,HMN83552,flu,NK,B1_c2_TGACGGCAGGGAAACA,NK
B1_c2,HMN83552,flu,NK,B1_c2_TGACGGCGTTCGGGCT,NK
B1_c2,,,NK,B1_c2_TGACGGCTCAGGCAAG,NK
B1_c2,,,NK,B1_c2_TGAGAGGAGGAGTACC,NK
B1_c2,HMN83558,flu,NK,B1_c2_TGAGAGGCAATGGTCT,NK
B1_c2,,,NK,B1_c2_TGAGCATTCGCGCCAA,NK
B1_c2,,,NK,B1_c2_TGAGCCGGTCTAGTCA,NK
B1_c2,HMN83552,flu,NK,B1_c2_TGATTTCGTTATCGGT,NK
B1_c2,,,NK,B1_c2_TGCACCTAGAAGGCCT,NK
B1_c2,HMN83558,flu,NK,B1_c2_TGCGGGTGTTATCCGA,NK
B1_c2,,,NK,B1_c2_TGCGGGTTCGTCCGTT,NK
B1_c2,,,NK,B1_c2_TGCGTGGTCATACGGT,NK
B1_c2,HMN83551,flu,NK,B1_c2_TGCTACCCATCACGAT,NK
B1_c2,,,NK,B1_c2_TGGCGCAGTCTGATTG,NK
B1_c2,HMN83552,flu,NK,B1_c2_TGGCGCAGTTAGAACA,NK
B1_c2,,,NK,B1_c2_TGTATTCCAGGTCGTC,NK
B1_c2,HMN83552,flu,NK,B1_c2_TGTCCCAAGGGTCTCC,NK
B1_c2,,,NK,B1_c2_TGTCCCAAGTCGTACT,NK
B1_c2,,,NK,B1_c2_TGTTCCGCAGATGGCA,NK
B1_c2,,,NK,B1_c2_TTAACTCCAAACAACA,NK
B1_c2,,,NK,B1_c2_TTAGGCACATGGGACA,NK
B1_c2,HMN83552,flu,NK,B1_c2_TTAGGCATCAGCAACT,NK
B1_c2,,,NK,B1_c2_TTATGCTGTCAGGACA,NK
B1_c2,,,NK,B1_c2_TTATGCTGTCCATGAT,NK
B1_c2,,,NK,B1_c2_TTCCCAGAGTTGAGAT,NK
B1_c2,,,NK,B1_c2_TTCGAAGAGAATTCCC,NK
B1_c2,,,NK,B1_c2_TTCTACAGTGAAAGAG,NK
B1_c2,,,NK,B1_c2_TTCTACAGTTCCAACA,NK
B1_c2,HMN83552,flu,NK,B1_c2_TTCTCAAAGCTGAACG,NK
B1_c2,,,NK,B1_c2_TTCTCAATCCCAGGTG,NK
B1_c2,,,NK,B1_c2_TTGCCGTTCGTGGGAA,NK
B1_c2,,,NK,B1_c2_TTGCGTCAGCATGGCA,NK
B1_c2,HMN83552,flu,NK,B1_c2_TTGGAACTCTAAGCCA,NK
B1_c2,,,NK,B1_c2_TTGTAGGTCCTAGTGA,NK
B1_c2,,,NK,B1_c2_TTTACTGAGAACTGTA,NK
B1_c2,HMN83558,flu,NK,B1_c2_TTTACTGGTATGAATG,NK
B1_c2,HMN83552,flu,NK,B1_c2_TTTATGCGTAGCTGCC,NK
B1_c2,HMN83551,flu,NK,B1_c2_TTTGGTTAGGCCCGTT,NK
B2_c1,HMN83557,flu,NK,B2_c1_AAAGCAATCCTCGCAT,NK
B2_c1,HMN83561,flu,NK,B2_c1_AAATGCCGTACTCTCC,NK
B2_c1,HMN83557,flu,NK,B2_c1_AACCATGAGGAATCGC,NK
B2_c1,,,NK,B2_c1_AACCATGTCTGATTCT,NK
B2_c1,HMN83557,flu,NK,B2_c1_AACTCAGAGTTCGCGC,NK
B2_c1,HMN83557,flu,NK,B2_c1_AACTCCCGTGTCGCTG,NK
B2_c1,,,NK,B2_c1_AACTGGTAGTTCGCAT,NK
B2_c1,,,NK,B2_c1_AAGGTTCCACAGAGGT,NK
B2_c1,HMN83561,flu,NK,B2_c1_ACACTGATCGTTACGA,NK
B2_c1,HMN83557,flu,NK,B2_c1_ACAGCCGTCTTTACAC,NK
B2_c1,HMN83557,flu,NK,B2_c1_ACCGTAAGTTCCGGCA,NK
B2_c1,,,NK,B2_c1_ACGATGTAGCTCCCAG,NK
B2_c1,,,NK,B2_c1_ACGTCAACAATACGCT,NK
B2_c1,,,NK,B2_c1_ACTATCTAGCGCCTCA,NK
B2_c1,,,NK,B2_c1_ACTGTCCGTCCTCTTG,NK
B2_c1,HMN83560,NI,NK,B2_c1_AGCATACCACCAGGTC,NK
B2_c1,,,NK,B2_c1_AGCGTATGTCATGCCG,NK
B2_c1,,,NK,B2_c1_AGGCCACAGAGTGACC,NK
B2_c1,HMN83561,flu,NK,B2_c1_AGGGATGGTATTCTCT,NK
B2_c1,HMN83557,flu,NK,B2_c1_AGGGTGAAGAGTAATC,NK
B2_c1,HMN83557,flu,NK,B2_c1_AGTGAGGTCTTACCGC,NK
B2_c1,,,NK,B2_c1_AGTGGGACATGAGCGA,NK
B2_c1,HMN83561,flu,NK,B2_c1_AGTTGGTAGAGTGAGA,NK
B2_c1,,,NK,B2_c1_AGTTGGTCATATGAGA,NK
B2_c1,,,NK,B2_c1_ATAGACCGTCTTCTCG,NK
B2_c1,HMN83561,flu,NK,B2_c1_ATCACGACAATCCGAT,NK
B2_c1,,,NK,B2_c1_ATCCACCAGCCACTAT,NK
B2_c1,,,NK,B2_c1_ATCGAGTGTGGGTATG,NK
B2_c1,HMN83561,flu,NK,B2_c1_ATTATCCCATCACAAC,NK
B2_c1,,,NK,B2_c1_ATTTCTGAGTACATGA,NK
B2_c1,,,NK,B2_c1_ATTTCTGGTCCGTCAG,NK
B2_c1,,,NK,B2_c1_CAACCAAAGCTAGTCT,NK
B2_c1,HMN83561,flu,NK,B2_c1_CAACCAAGTCTGATCA,NK
B2_c1,HMN83561,flu,NK,B2_c1_CAACCAAGTGGTCTCG,NK
B2_c1,HMN83561,flu,NK,B2_c1_CAACCTCTCGCAAACT,NK
B2_c1,HMN83562,flu,NK,B2_c1_CAACTAGGTTCGGCAC,NK
B2_c1,HMN83561,flu,NK,B2_c1_CACACTCTCATATCGG,NK
B2_c1,,,NK,B2_c1_CACAGGCAGAGCTATA,NK
B2_c1,,,NK,B2_c1_CAGAATCTCCTCTAGC,NK
B2_c1,,,NK,B2_c1_CAGATCACACAGACAG,NK
B2_c1,,,NK,B2_c1_CAGCAGCGTCAATGTC,NK
B2_c1,HMN83557,flu,NK,B2_c1_CAGCCGAAGGTCATCT,NK
B2_c1,HMN83561,flu,NK,B2_c1_CAGTAACTCGTAGGAG,NK
B2_c1,HMN83561,flu,NK,B2_c1_CATATTCCACCAGGCT,NK
B2_c1,HMN83561,flu,NK,B2_c1_CATCGGGGTGTGGTTT,NK
B2_c1,HMN83561,flu,NK,B2_c1_CATTATCCACACATGT,NK
B2_c1,HMN83561,flu,NK,B2_c1_CCATGTCAGATATGGT,NK
B2_c1,HMN83557,flu,NK,B2_c1_CCATGTCCAGCTGTAT,NK
B2_c1,HMN83562,flu,NK,B2_c1_CCCAATCCAGTACACT,NK
B2_c1,HMN83561,flu,NK,B2_c1_CCGTACTGTGCACCAC,NK
B2_c1,HMN83561,flu,NK,B2_c1_CCGTACTTCGCTAGCG,NK
B2_c1,HMN83561,flu,NK,B2_c1_CCGTTCACACTTGGAT,NK
B2_c1,HMN83561,flu,NK,B2_c1_CCGTTCACATCCTAGA,NK
B2_c1,HMN83562,flu,NK,B2_c1_CCTAGCTAGGGCATGT,NK
B2_c1,HMN83557,flu,NK,B2_c1_CCTTCCCTCCTCGCAT,NK
B2_c1,,,NK,B2_c1_CGACTTCAGTACTTGC,NK
B2_c1,HMN83561,flu,NK,B2_c1_CGAGCACAGTTCGATC,NK
B2_c1,HMN83561,flu,NK,B2_c1_CGATGGCCAATGAATG,NK
B2_c1,HMN83557,flu,NK,B2_c1_CGCGTTTTCAAGCCTA,NK
B2_c1,HMN83561,flu,NK,B2_c1_CGCTGGACAGTATAAG,NK
B2_c1,HMN83557,flu,NK,B2_c1_CGCTGGAGTACTTAGC,NK
B2_c1,,,NK,B2_c1_CGGTTAAAGAATGTTG,NK
B2_c1,HMN83557,flu,NK,B2_c1_CGTAGCGAGTACGTAA,NK
B2_c1,,,NK,B2_c1_CGTCCATCAATAACGA,NK
B2_c1,,,NK,B2_c1_CGTGTCTGTTCGGCAC,NK
B2_c1,HMN83557,flu,NK,B2_c1_CTAATGGAGGTGACCA,NK
B2_c1,HMN83557,flu,NK,B2_c1_CTAATGGGTTCCTCCA,NK
B2_c1,HMN83562,flu,NK,B2_c1_CTAGTGAAGCTCAACT,NK
B2_c1,,,NK,B2_c1_CTCGAGGTCTCTAGGA,NK
B2_c1,,,NK,B2_c1_CTGCCTAAGTCCGTAT,NK
B2_c1,HMN83561,flu,NK,B2_c1_CTGTGCTCACGTTGGC,NK
B2_c1,HMN83561,flu,NK,B2_c1_CTTACCGCAGCCAATT,NK
B2_c1,HMN83561,flu,NK,B2_c1_CTTTGCGGTGATGTCT,NK
B2_c1,,,NK,B2_c1_GAACATCAGCCACGTC,NK
B2_c1,HMN83562,flu,NK,B2_c1_GAACCTAAGTACGACG,NK
B2_c1,,,NK,B2_c1_GACAGAGGTTATCGGT,NK
B2_c1,,,NK,B2_c1_GACCAATGTAAACACA,NK
B2_c1,HMN83556,NI,NK,B2_c1_GACGTGCCAACGCACC,NK
B2_c1,,,NK,B2_c1_GACGTTAAGTGCGTGA,NK
B2_c1,HMN83561,flu,NK,B2_c1_GAGTCCGAGATCACGG,NK
B2_c1,,,NK,B2_c1_GAGTCCGAGCAGCCTC,NK
B2_c1,,,NK,B2_c1_GAGTCCGTCCATGAGT,NK
B2_c1,,,NK,B2_c1_GATCAGTCAGCGAACA,NK
B2_c1,,,NK,B2_c1_GATCGATGTCGCGTGT,NK
B2_c1,HMN83561,flu,NK,B2_c1_GATGAAACAACACCCG,NK
B2_c1,,,NK,B2_c1_GCATGCGTCGCCTGAG,NK
B2_c1,,,NK,B2_c1_GCGAGAATCACAACGT,NK
B2_c1,HMN83561,flu,NK,B2_c1_GCGCCAATCAAACCAC,NK
B2_c1,HMN83557,flu,NK,B2_c1_GCGGGTTCACCCATGG,NK
B2_c1,HMN83561,flu,NK,B2_c1_GCTCCTATCACGATGT,NK
B2_c1,HMN83561,flu,NK,B2_c1_GCTCCTATCTCGATGA,NK
B2_c1,,,NK,B2_c1_GCTGGGTTCCTCATTA,NK
B2_c1,,,NK,B2_c1_GCTTGAAAGACGACGT,NK
B2_c1,HMN83561,flu,NK,B2_c1_GGAACTTGTCCATGAT,NK
B2_c1,HMN83562,flu,NK,B2_c1_GGAACTTTCTGAGTGT,NK
B2_c1,HMN83560,NI,NK,B2_c1_GGAATAAAGCTGTTCA,NK
B2_c1,,,NK,B2_c1_GGACAAGCATCCTAGA,NK
B2_c1,HMN83561,flu,NK,B2_c1_GGAGCAACAAGCTGTT,NK
B2_c1,,,NK,B2_c1_GGATGTTGTCGGCATC,NK
B2_c1,HMN83561,flu,NK,B2_c1_GGATTACTCAAGCCTA,NK
B2_c1,HMN83561,flu,NK,B2_c1_GGGAATGCAACGATGG,NK
B2_c1,,,NK,B2_c1_GGGCACTCAGGTCTCG,NK
B2_c1,HMN83561,flu,NK,B2_c1_GTAACGTAGCCACTAT,NK
B2_c1,HMN83557,flu,NK,B2_c1_GTAACTGCAGCCTGTG,NK
B2_c1,,,NK,B2_c1_GTACTTTCACGAAAGC,NK
B2_c1,,,NK,B2_c1_GTACTTTGTAGCTCCG,NK
B2_c1,HMN83561,flu,NK,B2_c1_GTACTTTTCTCGATGA,NK
B2_c1,HMN83561,flu,NK,B2_c1_GTCGTAATCCAGGGCT,NK
B2_c1,HMN83561,flu,NK,B2_c1_GTGCAGCGTGAGGGTT,NK
B2_c1,HMN83557,flu,NK,B2_c1_GTGCATAAGGTGCAAC,NK
B2_c1,HMN83557,flu,NK,B2_c1_GTGCGGTTCAGATAAG,NK
B2_c1,HMN83560,NI,NK,B2_c1_GTGCGGTTCGCCTGTT,NK
B2_c1,,,NK,B2_c1_GTGCTTCCACGGCTAC,NK
B2_c1,,,NK,B2_c1_GTTCATTAGATCCGAG,NK
B2_c1,HMN83561,flu,NK,B2_c1_GTTTCTAGTGATAAGT,NK
B2_c1,HMN83561,flu,NK,B2_c1_TAAACCGTCAGAAATG,NK
B2_c1,,,NK,B2_c1_TAAGAGAAGAATGTTG,NK
B2_c1,,,NK,B2_c1_TACACGAGTGCCTGCA,NK
B2_c1,,,NK,B2_c1_TACGGGCAGACAGGCT,NK
B2_c1,HMN83561,flu,NK,B2_c1_TACTCGCAGTCAAGCG,NK
B2_c1,HMN83562,flu,NK,B2_c1_TACTTACTCCATGAGT,NK
B2_c1,HMN83557,flu,NK,B2_c1_TAGAGCTGTGCTAGCC,NK
B2_c1,,,NK,B2_c1_TAGTGGTTCCGAATGT,NK
B2_c1,,,NK,B2_c1_TAGTTGGGTTAAGTAG,NK
B2_c1,HMN83561,flu,NK,B2_c1_TATCTCAAGATGGGTC,NK
B2_c1,HMN83561,flu,NK,B2_c1_TATCTCATCCGGCACA,NK
B2_c1,HMN83561,flu,NK,B2_c1_TCACAAGCAACTGCGC,NK
B2_c1,,,NK,B2_c1_TCAGGTAAGAGTAAGG,NK
B2_c1,HMN83561,flu,NK,B2_c1_TCATTTGCAGGGTATG,NK
B2_c1,,,NK,B2_c1_TCGAGGCCATGGGAAC,NK
B2_c1,,,NK,B2_c1_TCGCGTTTCTGAAAGA,NK
B2_c1,HMN83561,flu,NK,B2_c1_TCGTACCCAGGACGTA,NK
B2_c1,,,NK,B2_c1_TCTATTGTCAAGGCTT,NK
B2_c1,HMN83557,flu,NK,B2_c1_TCTCTAATCAACTCTT,NK
B2_c1,,,NK,B2_c1_TGACAACAGCGCTTAT,NK
B2_c1,,,NK,B2_c1_TGAGGGATCAGCACAT,NK
B2_c1,HMN83561,flu,NK,B2_c1_TGATTTCGTGCTTCTC,NK
B2_c1,,,NK,B2_c1_TGATTTCTCGGAATCT,NK
B2_c1,HMN83562,flu,NK,B2_c1_TGCCCTATCCTACAGA,NK
B2_c1,,,NK,B2_c1_TGCGTGGCATCGATTG,NK
B2_c1,HMN83561,flu,NK,B2_c1_TGCGTGGTCTCTGAGA,NK
B2_c1,HMN83561,flu,NK,B2_c1_TGTATTCAGCTGAACG,NK
B2_c1,HMN83561,flu,NK,B2_c1_TTAGGCATCAAACAAG,NK
B2_c1,HMN83557,flu,NK,B2_c1_TTCGAAGAGCGACGTA,NK
B2_c1,,,NK,B2_c1_TTCTACAGTTTACTCT,NK
B2_c1,HMN83561,flu,NK,B2_c1_TTCTTAGAGACTAGAT,NK
B2_c1,,,NK,B2_c1_TTCTTAGCATGTCGAT,NK
B2_c1,HMN83561,flu,NK,B2_c1_TTGAACGGTCTCCACT,NK
B2_c1,HMN83561,flu,NK,B2_c1_TTGCGTCAGAACAACT,NK
B2_c1,HMN83562,flu,NK,B2_c1_TTTCCTCGTCTGCCAG,NK
B2_c2,HMN83555,flu,NK,B2_c2_AAACCTGTCTTGTCAT,NK
B2_c2,,,NK,B2_c2_AAACGGGTCAATAAGG,NK
B2_c2,,,NK,B2_c2_AAAGTAGCAGGGTACA,NK
B2_c2,,,NK,B2_c2_AAAGTAGGTGACGGTA,NK
B2_c2,,,NK,B2_c2_AAAGTAGGTGTTGGGA,NK
B2_c2,HMN83560,flu,NK,B2_c2_AAAGTAGTCAGTCCCT,NK
B2_c2,HMN83560,flu,NK,B2_c2_AAAGTAGTCGCCCTTA,NK
B2_c2,HMN83555,flu,NK,B2_c2_AAAGTAGTCTGATACG,NK
B2_c2,,,NK,B2_c2_AACTGGTAGTCATCCA,NK
B2_c2,,,NK,B2_c2_AAGACCTTCAAACCAC,NK
B2_c2,HMN83555,flu,NK,B2_c2_AAGGCAGTCGGTGTTA,NK
B2_c2,,,NK,B2_c2_AATCCAGTCAGGCGAA,NK
B2_c2,,,NK,B2_c2_ACACCAAGTGTGGCTC,NK
B2_c2,HMN83560,flu,NK,B2_c2_ACACCGGCAATCTGCA,NK
B2_c2,HMN83560,flu,NK,B2_c2_ACACTGAAGTTTCCTT,NK
B2_c2,,,NK,B2_c2_ACACTGAGTAAATGTG,NK
B2_c2,HMN83555,flu,NK,B2_c2_ACACTGATCGCCCTTA,NK
B2_c2,,,NK,B2_c2_ACACTGATCTTGAGAC,NK
B2_c2,,,NK,B2_c2_ACATACGAGTCAATAG,NK
B2_c2,HMN83555,flu,NK,B2_c2_ACATCAGAGCAATCTC,NK
B2_c2,HMN83560,flu,NK,B2_c2_ACATCAGGTACCGAGA,NK
B2_c2,HMN83560,flu,NK,B2_c2_ACATGGTCACTCGACG,NK
B2_c2,,,NK,B2_c2_ACATGGTGTCTCTTAT,NK
B2_c2,,,NK,B2_c2_ACCAGTATCGTTTGCC,NK
B2_c2,HMN83555,flu,NK,B2_c2_ACCAGTATCTGAGGGA,NK
B2_c2,,,NK,B2_c2_ACCCACTGTCTGCAAT,NK
B2_c2,,,NK,B2_c2_ACCGTAACACATCCAA,NK
B2_c2,HMN83555,flu,NK,B2_c2_ACCGTAATCAATCTCT,NK
B2_c2,,,NK,B2_c2_ACGAGGACACTCTGTC,NK
B2_c2,HMN83560,flu,NK,B2_c2_ACGATACAGCTGCGAA,NK
B2_c2,,,NK,B2_c2_ACGATACTCCACGTGG,NK
B2_c2,HMN83555,flu,NK,B2_c2_ACGATGTAGATCCTGT,NK
B2_c2,,,NK,B2_c2_ACGATGTAGCTGTTCA,NK
B2_c2,,,NK,B2_c2_ACGCAGCGTAGCCTAT,NK
B2_c2,,,NK,B2_c2_ACGGCCACACCTATCC,NK
B2_c2,HMN83555,flu,NK,B2_c2_ACGTCAACACCAGGTC,NK
B2_c2,HMN83560,flu,NK,B2_c2_ACTATCTGTATGCTTG,NK
B2_c2,,,NK,B2_c2_ACTGAACTCACATGCA,NK
B2_c2,HMN83560,flu,NK,B2_c2_ACTGAGTGTGAAATCA,NK
B2_c2,,,NK,B2_c2_ACTGTCCCATGCCTTC,NK
B2_c2,HMN83560,flu,NK,B2_c2_ACTTACTGTAAGGATT,NK
B2_c2,HMN83560,flu,NK,B2_c2_ACTTGTTAGTCTTGCA,NK
B2_c2,,,NK,B2_c2_ACTTGTTGTTACAGAA,NK
B2_c2,,,NK,B2_c2_ACTTGTTGTTCCCTTG,NK
B2_c2,,,NK,B2_c2_AGAATAGCATTCTTAC,NK
B2_c2,,,NK,B2_c2_AGAATAGTCAAAGTAG,NK
B2_c2,,,NK,B2_c2_AGACGTTCATCACCCT,NK
B2_c2,HMN83556,flu,NK,B2_c2_AGATCTGTCCACGAAT,NK
B2_c2,,,NK,B2_c2_AGATTGCAGCTAACAA,NK
B2_c2,,,NK,B2_c2_AGCAGCCAGACGCACA,NK
B2_c2,,,NK,B2_c2_AGCAGCCAGTTCCACA,NK
B2_c2,,,NK,B2_c2_AGCATACCACTTAAGC,NK
B2_c2,HMN83560,flu,NK,B2_c2_AGCATACGTGTGCCTG,NK
B2_c2,,,NK,B2_c2_AGCATACTCTGTTGAG,NK
B2_c2,HMN83560,flu,NK,B2_c2_AGCCTAAAGAAGGTTT,NK
B2_c2,HMN83555,flu,NK,B2_c2_AGCCTAACAGCGAACA,NK
B2_c2,HMN83555,flu,NK,B2_c2_AGCGGTCTCATGCTCC,NK
B2_c2,,,NK,B2_c2_AGCGTATTCAGTTCGA,NK
B2_c2,,,NK,B2_c2_AGCGTCGTCCCTCAGT,NK
B2_c2,HMN83555,flu,NK,B2_c2_AGCTTGATCACCCTCA,NK
B2_c2,HMN83560,flu,NK,B2_c2_AGGCCACGTCGCTTCT,NK
B2_c2,,,NK,B2_c2_AGGCCACGTCTGATTG,NK
B2_c2,,,NK,B2_c2_AGGGAGTTCATGCATG,NK
B2_c2,,,NK,B2_c2_AGGGAGTTCCTCAATT,NK
B2_c2,,,NK,B2_c2_AGGGATGAGAATTGTG,NK
B2_c2,HMN83556,flu,NK,B2_c2_AGGTCATTCCTCCTAG,NK
B2_c2,HMN83560,flu,NK,B2_c2_AGTAGTCCATCCCATC,NK
B2_c2,HMN83555,flu,NK,B2_c2_AGTCTTTCATCGATGT,NK
B2_c2,,,NK,B2_c2_AGTGAGGGTACTTCTT,NK
B2_c2,,,NK,B2_c2_AGTGTCACAAGCTGAG,NK
B2_c2,HMN83555,flu,NK,B2_c2_AGTGTCAGTCCGAAGA,NK
B2_c2,HMN83555,flu,NK,B2_c2_ATAGACCAGTGTACTC,NK
B2_c2,,,NK,B2_c2_ATAGACCCATCGGAAG,NK
B2_c2,HMN83555,flu,NK,B2_c2_ATAGACCTCAGCTCGG,NK
B2_c2,HMN83555,flu,NK,B2_c2_ATCACGACACGAAACG,NK
B2_c2,HMN83560,flu,NK,B2_c2_ATCATGGCAAGGTTCT,NK
B2_c2,HMN83556,flu,NK,B2_c2_ATCCACCAGAACAACT,NK
B2_c2,,,NK,B2_c2_ATCTACTCACAACGTT,NK
B2_c2,HMN83555,flu,NK,B2_c2_ATCTACTCATATGGTC,NK
B2_c2,,,NK,B2_c2_ATGCGATGTCATGCCG,NK
B2_c2,HMN83555,flu,NK,B2_c2_ATGGGAGAGGTGCTTT,NK
B2_c2,,,NK,B2_c2_ATGTGTGTCCTGTACC,NK
B2_c2,HMN83555,flu,NK,B2_c2_ATTACTCAGGCTAGCA,NK
B2_c2,,,NK,B2_c2_ATTACTCAGTCTCCTC,NK
B2_c2,,,NK,B2_c2_ATTACTCGTGCGATAG,NK
B2_c2,,,NK,B2_c2_ATTATCCCATTCTCAT,NK
B2_c2,,,NK,B2_c2_ATTCTACAGTGTCCCG,NK
B2_c2,,,NK,B2_c2_ATTGGACCATCCGCGA,NK
B2_c2,HMN83560,flu,NK,B2_c2_ATTGGTGGTGAACCTT,NK
B2_c2,,,NK,B2_c2_CAACCTCCATTGGTAC,NK
B2_c2,HMN83555,flu,NK,B2_c2_CAAGGCCCAAAGCGGT,NK
B2_c2,,,NK,B2_c2_CACACAAAGTCCATAC,NK
B2_c2,,,NK,B2_c2_CACAGGCGTCATATCG,NK
B2_c2,HMN83560,flu,NK,B2_c2_CACAGTAGTAGCCTCG,NK
B2_c2,,,NK,B2_c2_CACAGTATCCCTCTTT,NK
B2_c2,,,NK,B2_c2_CACATTTAGAGTCTGG,NK
B2_c2,HMN83555,flu,NK,B2_c2_CACCAGGAGATAGGAG,NK
B2_c2,HMN83560,flu,NK,B2_c2_CACCAGGGTCAAAGCG,NK
B2_c2,,,NK,B2_c2_CAGAATCAGGGTTCCC,NK
B2_c2,,,NK,B2_c2_CAGAATCGTACTCGCG,NK
B2_c2,,,NK,B2_c2_CAGAATCTCACGATGT,NK
B2_c2,,,NK,B2_c2_CAGAGAGTCAGCGACC,NK
B2_c2,HMN83560,flu,NK,B2_c2_CAGATCAAGTCAATAG,NK
B2_c2,HMN83555,flu,NK,B2_c2_CAGATCATCTCGTATT,NK
B2_c2,,,NK,B2_c2_CAGCAGCAGACGACGT,NK
B2_c2,HMN83560,flu,NK,B2_c2_CAGCAGCTCGGAGGTA,NK
B2_c2,,,NK,B2_c2_CAGCTAAGTAAGGATT,NK
B2_c2,HMN83557,NI,NK,B2_c2_CAGCTAATCAGAGCTT,NK
B2_c2,HMN83556,flu,NK,B2_c2_CAGCTGGTCGTAGATC,NK
B2_c2,HMN83560,flu,NK,B2_c2_CATATGGAGGTGCTTT,NK
B2_c2,HMN83556,flu,NK,B2_c2_CATATGGTCTCTGTCG,NK
B2_c2,HMN83562,NI,NK,B2_c2_CATCAGAAGAGGACGG,NK
B2_c2,HMN83555,flu,NK,B2_c2_CATCCACCAAGACACG,NK
B2_c2,,,NK,B2_c2_CATCGGGAGTCAAGGC,NK
B2_c2,,,NK,B2_c2_CATCGGGCATCCAACA,NK
B2_c2,,,NK,B2_c2_CATGACATCAGGTTCA,NK
B2_c2,HMN83560,flu,NK,B2_c2_CATGGCGTCATCGATG,NK
B2_c2,HMN83555,flu,NK,B2_c2_CATGGCGTCGCACTCT,NK
B2_c2,,,NK,B2_c2_CATTCGCCAGAGTGTG,NK
B2_c2,HMN83555,flu,NK,B2_c2_CATTCGCTCGAGGTAG,NK
B2_c2,HMN83560,flu,NK,B2_c2_CCACCTAAGATCCCGC,NK
B2_c2,,,NK,B2_c2_CCACCTAAGTACGTAA,NK
B2_c2,,,NK,B2_c2_CCACTACAGTGTCCCG,NK
B2_c2,HMN83560,flu,NK,B2_c2_CCACTACCAATGGATA,NK
B2_c2,,,NK,B2_c2_CCACTACGTTCGCGAC,NK
B2_c2,HMN83555,flu,NK,B2_c2_CCAGCGAAGTGGGCTA,NK
B2_c2,HMN83556,flu,NK,B2_c2_CCATGTCAGGAATTAC,NK
B2_c2,HMN83555,flu,NK,B2_c2_CCATGTCGTCGCGGTT,NK
B2_c2,,,NK,B2_c2_CCATGTCTCGTGTAGT,NK
B2_c2,HMN83560,flu,NK,B2_c2_CCATTCGTCTTAGCCC,NK
B2_c2,,,NK,B2_c2_CCGGGATAGTTTGCGT,NK
B2_c2,,,NK,B2_c2_CCGGTAGAGCACCGCT,NK
B2_c2,HMN83555,flu,NK,B2_c2_CCGGTAGAGTTGTAGA,NK
B2_c2,,,NK,B2_c2_CCGTTCAGTAGCCTCG,NK
B2_c2,HMN83555,flu,NK,B2_c2_CCGTTCAGTTAAGATG,NK
B2_c2,,,NK,B2_c2_CCTAAAGCAGTGACAG,NK
B2_c2,,,NK,B2_c2_CCTACACTCGTCTGAA,NK
B2_c2,,,NK,B2_c2_CCTTCCCTCAACACCA,NK
B2_c2,HMN83555,flu,NK,B2_c2_CCTTCGAGTTTGACAC,NK
B2_c2,HMN83556,flu,NK,B2_c2_CGAATGTTCCCAAGTA,NK
B2_c2,,,NK,B2_c2_CGACCTTCACCAGCAC,NK
B2_c2,,,NK,B2_c2_CGACTTCCACGAAACG,NK
B2_c2,,,NK,B2_c2_CGAGCACCAGACGCTC,NK
B2_c2,HMN83555,flu,NK,B2_c2_CGATGGCAGCACCGTC,NK
B2_c2,,,NK,B2_c2_CGCTATCCATTCTTAC,NK
B2_c2,HMN83555,flu,NK,B2_c2_CGGACACGTACCAGTT,NK
B2_c2,,,NK,B2_c2_CGGAGCTTCACATACG,NK
B2_c2,,,NK,B2_c2_CGGTTAATCTCTGCTG,NK
B2_c2,HMN83555,flu,NK,B2_c2_CGTCACTTCCAAAGTC,NK
B2_c2,HMN83555,flu,NK,B2_c2_CGTCAGGGTACATCCA,NK
B2_c2,,,NK,B2_c2_CGTCCATCAGGTGGAT,NK
B2_c2,,,NK,B2_c2_CGTGTAACAGTCCTTC,NK
B2_c2,,,NK,B2_c2_CGTGTCTTCACGATGT,NK
B2_c2,HMN83560,flu,NK,B2_c2_CGTTAGAGTCTACCTC,NK
B2_c2,HMN83556,flu,NK,B2_c2_CGTTAGAGTTCAACCA,NK
B2_c2,,,NK,B2_c2_CGTTGGGGTCGAGTTT,NK
B2_c2,,,NK,B2_c2_CGTTGGGGTTGATTCG,NK
B2_c2,HMN83560,flu,NK,B2_c2_CTAATGGAGCCGTCGT,NK
B2_c2,,,NK,B2_c2_CTAATGGCAACACCCG,NK
B2_c2,,,NK,B2_c2_CTAATGGGTTATTCTC,NK
B2_c2,,,NK,B2_c2_CTACACCGTTTCCACC,NK
B2_c2,HMN83555,flu,NK,B2_c2_CTACATTAGTGAACAT,NK
B2_c2,HMN83555,flu,NK,B2_c2_CTACGTCCAATCTGCA,NK
B2_c2,,,NK,B2_c2_CTACGTCGTTAAGACA,NK
B2_c2,,,NK,B2_c2_CTAGAGTTCTCCGGTT,NK
B2_c2,,,NK,B2_c2_CTCACACAGCCGTCGT,NK
B2_c2,,,NK,B2_c2_CTCAGAAAGCTAGCCC,NK
B2_c2,HMN83556,flu,NK,B2_c2_CTCGAGGTCTCGTATT,NK
B2_c2,,,NK,B2_c2_CTCGGAGAGTCATCCA,NK
B2_c2,,,NK,B2_c2_CTCGTACTCTATCCTA,NK
B2_c2,HMN83556,flu,NK,B2_c2_CTCTAATGTACAGCAG,NK
B2_c2,,,NK,B2_c2_CTCTAATGTTGCGCAC,NK
B2_c2,,,NK,B2_c2_CTGATCCAGCTAGTCT,NK
B2_c2,,,NK,B2_c2_CTGATCCTCGTATCAG,NK
B2_c2,,,NK,B2_c2_CTGCCTATCACGAAGG,NK
B2_c2,,,NK,B2_c2_CTGTGCTAGCCTCGTG,NK
B2_c2,HMN83556,flu,NK,B2_c2_CTTACCGCAAGCTGGA,NK
B2_c2,,,NK,B2_c2_CTTAGGAAGTGGCACA,NK
B2_c2,,,NK,B2_c2_CTTGGCTTCCAGATCA,NK
B2_c2,,,NK,B2_c2_GAAACTCCACTAAGTC,NK
B2_c2,,,NK,B2_c2_GAACGGACAATACGCT,NK
B2_c2,,,NK,B2_c2_GAAGCAGAGCTGAAAT,NK
B2_c2,HMN83561,NI,NK,B2_c2_GAATAAGAGTATTGGA,NK
B2_c2,,,NK,B2_c2_GACACGCAGTACATGA,NK
B2_c2,,,NK,B2_c2_GACACGCGTCTCTCGT,NK
B2_c2,HMN83560,flu,NK,B2_c2_GACCAATTCGATCCCT,NK
B2_c2,,,NK,B2_c2_GACGCGTCAGCGATCC,NK
B2_c2,HMN83556,flu,NK,B2_c2_GACGCGTGTCGCGAAA,NK
B2_c2,,,NK,B2_c2_GACGTTACATGTCTCC,NK
B2_c2,,,NK,B2_c2_GACTGCGGTGCTCTTC,NK
B2_c2,,,NK,B2_c2_GAGCAGATCTGGTATG,NK
B2_c2,HMN83560,flu,NK,B2_c2_GAGGTGACACATTTCT,NK
B2_c2,HMN83560,flu,NK,B2_c2_GAGTCCGCATCCCATC,NK
B2_c2,HMN83560,flu,NK,B2_c2_GATCAGTTCACAAACC,NK
B2_c2,,,NK,B2_c2_GATCAGTTCGAATGGG,NK
B2_c2,,,NK,B2_c2_GATCGATCACACAGAG,NK
B2_c2,HMN83555,flu,NK,B2_c2_GATCGTATCAACCATG,NK
B2_c2,,,NK,B2_c2_GATCTAGAGACAGAGA,NK
B2_c2,HMN83560,flu,NK,B2_c2_GATGAAATCGACCAGC,NK
B2_c2,HMN83555,flu,NK,B2_c2_GATGAGGCAATCCGAT,NK
B2_c2,,,NK,B2_c2_GATTCAGAGTAAGTAC,NK
B2_c2,,,NK,B2_c2_GATTCAGTCGAGAGCA,NK
B2_c2,,,NK,B2_c2_GATTCAGTCTTACCGC,NK
B2_c2,,,NK,B2_c2_GCAAACTAGCCCTAAT,NK
B2_c2,,,NK,B2_c2_GCAATCAAGCTTCGCG,NK
B2_c2,HMN83555,flu,NK,B2_c2_GCACTCTGTAAATACG,NK
B2_c2,,,NK,B2_c2_GCAGTTATCAGGTTCA,NK
B2_c2,HMN83556,flu,NK,B2_c2_GCATGCGAGCTAACTC,NK
B2_c2,HMN83555,flu,NK,B2_c2_GCATGTAAGGCTAGCA,NK
B2_c2,,,NK,B2_c2_GCGACCACAAGTTCTG,NK
B2_c2,,,NK,B2_c2_GCGACCATCTCTTATG,NK
B2_c2,HMN83555,flu,NK,B2_c2_GCGAGAAGTGATGTCT,NK
B2_c2,,,NK,B2_c2_GCGCAACGTATCACCA,NK
B2_c2,,,NK,B2_c2_GCGCAGTCAATTGCTG,NK
B2_c2,HMN83555,flu,NK,B2_c2_GCGCGATTCGAGCCCA,NK
B2_c2,HMN83555,flu,NK,B2_c2_GCTGGGTGTAATTGGA,NK
B2_c2,,,NK,B2_c2_GGAACTTGTCAACTGT,NK
B2_c2,HMN83556,flu,NK,B2_c2_GGAATAACAGATCGGA,NK
B2_c2,HMN83560,flu,NK,B2_c2_GGACAAGTCAGCATGT,NK
B2_c2,,,NK,B2_c2_GGACGTCGTTCGTCTC,NK
B2_c2,,,NK,B2_c2_GGCGTGTAGCTGCCCA,NK
B2_c2,,,NK,B2_c2_GGCGTGTGTCCGAAGA,NK
B2_c2,HMN83555,flu,NK,B2_c2_GGCTGGTGTCTGCAAT,NK
B2_c2,,,NK,B2_c2_GGGACCTAGATAGGAG,NK
B2_c2,,,NK,B2_c2_GGGAGATAGTGAAGAG,NK
B2_c2,,,NK,B2_c2_GGGAGATCACGTGAGA,NK
B2_c2,,,NK,B2_c2_GGGAGATCATTTGCCC,NK
B2_c2,,,NK,B2_c2_GGGCACTGTGTGCGTC,NK
B2_c2,HMN83560,flu,NK,B2_c2_GGGCATCAGTTAAGTG,NK
B2_c2,HMN83556,flu,NK,B2_c2_GGGTTGCAGCTGTCTA,NK
B2_c2,HMN83560,flu,NK,B2_c2_GGTGAAGTCCTTTCTC,NK
B2_c2,,,NK,B2_c2_GTAACTGAGTTAACGA,NK
B2_c2,HMN83555,flu,NK,B2_c2_GTACGTATCCTGTACC,NK
B2_c2,,,NK,B2_c2_GTACGTATCTTACCGC,NK
B2_c2,HMN83561,NI,NK,B2_c2_GTACTCCCATCCTTGC,NK
B2_c2,HMN83555,flu,NK,B2_c2_GTACTCCTCGCGTTTC,NK
B2_c2,HMN83560,flu,NK,B2_c2_GTAGGCCGTTCACGGC,NK
B2_c2,,,NK,B2_c2_GTAGGCCGTTGATTCG,NK
B2_c2,HMN83560,flu,NK,B2_c2_GTAGTCAAGCCTATGT,NK
B2_c2,HMN83560,flu,NK,B2_c2_GTATCTTTCCGTAGTA,NK
B2_c2,HMN83560,flu,NK,B2_c2_GTCGGGTCATGAACCT,NK
B2_c2,,,NK,B2_c2_GTGCAGCGTCTAGCGC,NK
B2_c2,HMN83560,flu,NK,B2_c2_GTGCATAAGTGCAAGC,NK
B2_c2,HMN83560,flu,NK,B2_c2_GTGCGGTAGAGCTGCA,NK
B2_c2,HMN83556,flu,NK,B2_c2_GTGCGGTTCCCTAACC,NK
B2_c2,HMN83560,flu,NK,B2_c2_GTGCTTCAGTATTGGA,NK
B2_c2,HMN83555,flu,NK,B2_c2_GTGCTTCCACAGGAGT,NK
B2_c2,,,NK,B2_c2_GTGGGTCAGTTGTCGT,NK
B2_c2,HMN83560,flu,NK,B2_c2_GTGTTAGCACGCATCG,NK
B2_c2,HMN83557,NI,NK,B2_c2_GTTACAGGTGAAATCA,NK
B2_c2,HMN83555,flu,NK,B2_c2_GTTCGGGAGGACACCA,NK
B2_c2,,,NK,B2_c2_GTTCTCGTCAGCACAT,NK
B2_c2,,,NK,B2_c2_TAAGAGAAGCAATCTC,NK
B2_c2,HMN83555,flu,NK,B2_c2_TAAGTGCAGGGCATGT,NK
B2_c2,HMN83560,flu,NK,B2_c2_TACAGTGCAGTGGGAT,NK
B2_c2,HMN83560,flu,NK,B2_c2_TACAGTGTCCAGTAGT,NK
B2_c2,HMN83555,flu,NK,B2_c2_TACGGATCAGATGAGC,NK
B2_c2,HMN83555,flu,NK,B2_c2_TACTTGTGTAATTGGA,NK
B2_c2,HMN83555,flu,NK,B2_c2_TACTTGTTCTGGTTCC,NK
B2_c2,HMN83560,flu,NK,B2_c2_TAGACCACAGATCTGT,NK
B2_c2,HMN83556,flu,NK,B2_c2_TAGCCGGGTCCAGTGC,NK
B2_c2,,,NK,B2_c2_TAGGCATCAGCTATTG,NK
B2_c2,,,NK,B2_c2_TAGGCATTCCTTTCGG,NK
B2_c2,,,NK,B2_c2_TAGGCATTCGTTGACA,NK
B2_c2,HMN83555,flu,NK,B2_c2_TAGTGGTTCGCCATAA,NK
B2_c2,,,NK,B2_c2_TATCAGGGTCTAAACC,NK
B2_c2,HMN83555,flu,NK,B2_c2_TATCTCAGTGACAAAT,NK
B2_c2,,,NK,B2_c2_TATGCCCTCTGGCGAC,NK
B2_c2,,,NK,B2_c2_TATTACCTCCGAAGAG,NK
B2_c2,HMN83555,flu,NK,B2_c2_TCAATCTCAGCTGTTA,NK
B2_c2,HMN83555,flu,NK,B2_c2_TCAATCTCAGTCGATT,NK
B2_c2,,,NK,B2_c2_TCACAAGTCTCAAGTG,NK
B2_c2,,,NK,B2_c2_TCAGATGCAGAAGCAC,NK
B2_c2,,,NK,B2_c2_TCAGATGTCTGTTGAG,NK
B2_c2,HMN83555,flu,NK,B2_c2_TCAGCAATCGCTTAGA,NK
B2_c2,,,NK,B2_c2_TCATTACCAGTACACT,NK
B2_c2,HMN83556,flu,NK,B2_c2_TCATTTGGTGTGAATA,NK
B2_c2,,,NK,B2_c2_TCCCGATCATCTCGCT,NK
B2_c2,HMN83555,flu,NK,B2_c2_TCGCGTTCAGACGCTC,NK
B2_c2,HMN83560,flu,NK,B2_c2_TCTCTAAGTCTCGTTC,NK
B2_c2,,,NK,B2_c2_TCTGAGACATCCTAGA,NK
B2_c2,,,NK,B2_c2_TCTGAGAGTTCCGTCT,NK
B2_c2,,,NK,B2_c2_TCTTCGGTCAACACGT,NK
B2_c2,,,NK,B2_c2_TGAAAGAAGCGTAGTG,NK
B2_c2,,,NK,B2_c2_TGACAACCAGCCAATT,NK
B2_c2,HMN83555,flu,NK,B2_c2_TGACGGCGTTGTTTGG,NK
B2_c2,,,NK,B2_c2_TGACTAGCACGGTAGA,NK
B2_c2,HMN83556,flu,NK,B2_c2_TGCCCATGTCCCGACA,NK
B2_c2,HMN83555,flu,NK,B2_c2_TGCCCTACAACGCACC,NK
B2_c2,,,NK,B2_c2_TGCCCTAGTCCAAGTT,NK
B2_c2,,,NK,B2_c2_TGCCCTATCGTAGGTT,NK
B2_c2,,,NK,B2_c2_TGCGCAGCAGCTCGCA,NK
B2_c2,HMN83560,flu,NK,B2_c2_TGCGGGTCAGCTTCGG,NK
B2_c2,HMN83555,flu,NK,B2_c2_TGCGTGGAGCTGTTCA,NK
B2_c2,,,NK,B2_c2_TGCTGCTGTATCTGCA,NK
B2_c2,,,NK,B2_c2_TGGACGCCATGCTGGC,NK
B2_c2,HMN83562,NI,NK,B2_c2_TGGCTGGAGGTGCTTT,NK
B2_c2,,,NK,B2_c2_TGGCTGGCACGGCCAT,NK
B2_c2,HMN83555,flu,NK,B2_c2_TGGCTGGTCATGTAGC,NK
B2_c2,,,NK,B2_c2_TGGGCGTCAGACGCTC,NK
B2_c2,HMN83555,flu,NK,B2_c2_TGTATTCAGGCTCATT,NK
B2_c2,,,NK,B2_c2_TGTATTCGTAGCGTAG,NK
B2_c2,,,NK,B2_c2_TGTCCCAAGATACACA,NK
B2_c2,HMN83555,flu,NK,B2_c2_TGTCCCAAGTTACCCA,NK
B2_c2,,,NK,B2_c2_TGTGGTAAGATCGGGT,NK
B2_c2,HMN83555,flu,NK,B2_c2_TTAACTCAGAGTACAT,NK
B2_c2,,,NK,B2_c2_TTAGGCAAGATGTCGG,NK
B2_c2,,,NK,B2_c2_TTAGGCAAGCACACAG,NK
B2_c2,HMN83555,flu,NK,B2_c2_TTCCCAGAGATGAGAG,NK
B2_c2,,,NK,B2_c2_TTCGAAGTCTGGTGTA,NK
B2_c2,HMN83555,flu,NK,B2_c2_TTCTACAAGGAGTCTG,NK
B2_c2,,,NK,B2_c2_TTCTACAGTATGCTTG,NK
B2_c2,,,NK,B2_c2_TTCTACATCCACGTGG,NK
B2_c2,HMN83555,flu,NK,B2_c2_TTCTCAAAGGCTCATT,NK
B2_c2,HMN83560,flu,NK,B2_c2_TTCTCAACACGGCGTT,NK
B2_c2,,,NK,B2_c2_TTCTCCTAGCGGATCA,NK
B2_c2,,,NK,B2_c2_TTGAACGGTCGTGGCT,NK
B2_c2,HMN83555,flu,NK,B2_c2_TTGAACGGTGACCAAG,NK
B2_c2,,,NK,B2_c2_TTGAACGGTTCAACCA,NK
B2_c2,,,NK,B2_c2_TTGACTTGTAACGTTC,NK
B2_c2,,,NK,B2_c2_TTGTAGGTCTGGTATG,NK
B2_c2,HMN83560,flu,NK,B2_c2_TTTATGCAGCTCAACT,NK
B2_c2,,,NK,B2_c2_TTTCCTCGTAATCACC,NK
B2_c2,,,NK,B2_c2_TTTGCGCAGACGCAAC,NK
B2_c2,,,NK,B2_c2_TTTGGTTTCGAGCCCA,NK
B3_c1,HMN83569,flu,NK,B3_c1_AAACGGGGTTATCGGT,NK
B3_c1,HMN83569,flu,NK,B3_c1_AAAGCAAAGGCTAGAC,NK
B3_c1,HMN83564,NI,NK,B3_c1_AACACGTTCGAGAACG,NK
B3_c1,,,NK,B3_c1_AACCATGAGCCACGCT,NK
B3_c1,,,NK,B3_c1_AACCGCGTCTTTCCTC,NK
B3_c1,HMN83569,flu,NK,B3_c1_AACTCCCTCAGGTTCA,NK
B3_c1,HMN83569,flu,NK,B3_c1_AACTGGTAGTGCGATG,NK
B3_c1,HMN83570,flu,NK,B3_c1_AACTGGTGTCATACTG,NK
B3_c1,HMN83569,flu,NK,B3_c1_AAGGCAGAGTTCGATC,NK
B3_c1,HMN83569,flu,NK,B3_c1_AAGTCTGTCAAAGTAG,NK
B3_c1,HMN83570,flu,NK,B3_c1_AATCCAGAGTGCTGCC,NK
B3_c1,HMN83569,flu,NK,B3_c1_ACACCAAAGAATCTCC,NK
B3_c1,HMN83570,flu,NK,B3_c1_ACACCAATCACTATTC,NK
B3_c1,,,NK,B3_c1_ACACCGGCAGAAGCAC,NK
B3_c1,HMN83570,flu,NK,B3_c1_ACACCGGCATACCATG,NK
B3_c1,,,NK,B3_c1_ACACTGATCTCCTATA,NK
B3_c1,,,NK,B3_c1_ACAGCTAGTTAGAACA,NK
B3_c1,,,NK,B3_c1_ACATACGCAGATGGGT,NK
B3_c1,HMN83569,flu,NK,B3_c1_ACATGGTAGGACGAAA,NK
B3_c1,HMN83569,flu,NK,B3_c1_ACCGTAAGTTGAGTTC,NK
B3_c1,HMN83570,flu,NK,B3_c1_ACGAGCCCAGGTCTCG,NK
B3_c1,HMN83569,flu,NK,B3_c1_ACGGAGAGTCGAGATG,NK
B3_c1,,,NK,B3_c1_ACGGGTCGTGCGATAG,NK
B3_c1,HMN83567,flu,NK,B3_c1_ACGTCAAGTGCACCAC,NK
B3_c1,HMN83569,flu,NK,B3_c1_ACTATCTCACTTGGAT,NK
B3_c1,,,NK,B3_c1_ACTGAACGTCAACTGT,NK
B3_c1,,,NK,B3_c1_ACTGAGTTCGTTACAG,NK
B3_c1,HMN83570,flu,NK,B3_c1_ACTGCTCAGGGCTTGA,NK
B3_c1,HMN83568,NI,NK,B3_c1_AGACGTTCATTCACTT,NK
B3_c1,,,NK,B3_c1_AGAGCGACACTTAAGC,NK
B3_c1,HMN83567,flu,NK,B3_c1_AGATTGCCAGACGTAG,NK
B3_c1,HMN83569,flu,NK,B3_c1_AGCTCCTTCAACGAAA,NK
B3_c1,,,NK,B3_c1_AGCTCTCGTGTTTGGT,NK
B3_c1,,,NK,B3_c1_AGCTTGATCAACACGT,NK
B3_c1,,,NK,B3_c1_AGGCCGTGTCTAGTGT,NK
B3_c1,HMN83570,flu,NK,B3_c1_AGGGAGTCACCAGGTC,NK
B3_c1,HMN83567,flu,NK,B3_c1_AGGGATGTCGTGGACC,NK
B3_c1,,,NK,B3_c1_AGGTCCGGTGATGTGG,NK
B3_c1,HMN83569,flu,NK,B3_c1_AGTAGTCTCATGCATG,NK
B3_c1,,,NK,B3_c1_AGTCTTTCACCATGTA,NK
B3_c1,HMN83569,flu,NK,B3_c1_AGTGAGGTCCTCAACC,NK
B3_c1,HMN83570,flu,NK,B3_c1_AGTTGGTGTAGTAGTA,NK
B3_c1,HMN83567,flu,NK,B3_c1_ATAAGAGTCTTCATGT,NK
B3_c1,,,NK,B3_c1_ATCACGAAGTTGCAGG,NK
B3_c1,HMN83567,flu,NK,B3_c1_ATCATGGCAAGTAGTA,NK
B3_c1,,,NK,B3_c1_ATCATGGTCTGCTTGC,NK
B3_c1,HMN83569,flu,NK,B3_c1_ATCGAGTTCTTCATGT,NK
B3_c1,,,NK,B3_c1_ATCTGCCAGACGCAAC,NK
B3_c1,HMN83567,flu,NK,B3_c1_ATGCGATAGGCTATCT,NK
B3_c1,,,NK,B3_c1_ATGCGATCAAGACGTG,NK
B3_c1,HMN83569,flu,NK,B3_c1_ATGGGAGCAGTACACT,NK
B3_c1,HMN83567,flu,NK,B3_c1_ATTATCCGTAGTAGTA,NK
B3_c1,HMN83569,flu,NK,B3_c1_ATTCTACAGACTTGAA,NK
B3_c1,,,NK,B3_c1_ATTCTACGTTTAGGAA,NK
B3_c1,,,NK,B3_c1_ATTGGACGTAGCGCAA,NK
B3_c1,HMN83569,flu,NK,B3_c1_ATTGGACGTCCAGTGC,NK
B3_c1,,,NK,B3_c1_ATTGGACTCTGGTTCC,NK
B3_c1,HMN83570,flu,NK,B3_c1_ATTTCTGTCCAAAGTC,NK
B3_c1,,,NK,B3_c1_CAACCTCGTCATCCCT,NK
B3_c1,,,NK,B3_c1_CAAGAAACACGGTAGA,NK
B3_c1,HMN83567,flu,NK,B3_c1_CAAGAAAGTGAAGGCT,NK
B3_c1,,,NK,B3_c1_CAAGTTGTCGTATCAG,NK
B3_c1,HMN83567,flu,NK,B3_c1_CACACAACAAGCGTAG,NK
B3_c1,,,NK,B3_c1_CACACTCAGCACGCCT,NK
B3_c1,,,NK,B3_c1_CACAGGCAGACGCACA,NK
B3_c1,HMN83570,flu,NK,B3_c1_CACAGTAAGTGGGCTA,NK
B3_c1,HMN83567,flu,NK,B3_c1_CACATAGTCCTATGTT,NK
B3_c1,,,NK,B3_c1_CACCACTTCTTGCATT,NK
B3_c1,HMN83570,flu,NK,B3_c1_CACCAGGAGGTGACCA,NK
B3_c1,,,NK,B3_c1_CACCAGGGTGACTACT,NK
B3_c1,HMN83567,flu,NK,B3_c1_CACCTTGGTACGAAAT,NK
B3_c1,HMN83567,flu,NK,B3_c1_CAGAATCCAATTCCTT,NK
B3_c1,HMN83570,flu,NK,B3_c1_CAGCGACTCCAATGGT,NK
B3_c1,HMN83569,flu,NK,B3_c1_CAGCTGGTCCCTCTTT,NK
B3_c1,HMN83569,flu,NK,B3_c1_CAGGTGCAGAAACCGC,NK
B3_c1,,,NK,B3_c1_CAGGTGCCACACGCTG,NK
B3_c1,HMN83570,flu,NK,B3_c1_CATATTCAGTTAAGTG,NK
B3_c1,,,NK,B3_c1_CATATTCTCACGCATA,NK
B3_c1,HMN83565,NI,NK,B3_c1_CATATTCTCTTCTGGC,NK
B3_c1,,,NK,B3_c1_CATCAAGAGGGCATGT,NK
B3_c1,HMN83569,flu,NK,B3_c1_CATCAAGGTAAGTGGC,NK
B3_c1,HMN83567,flu,NK,B3_c1_CATCAAGTCGACGGAA,NK
B3_c1,HMN83569,flu,NK,B3_c1_CATCGAAAGAGTAAGG,NK
B3_c1,HMN83570,flu,NK,B3_c1_CATCGAACATTGAGCT,NK
B3_c1,HMN83570,flu,NK,B3_c1_CATCGGGGTTCAGTAC,NK
B3_c1,HMN83569,flu,NK,B3_c1_CATGACACAACGATCT,NK
B3_c1,HMN83567,flu,NK,B3_c1_CATGACAGTAGAAAGG,NK
B3_c1,HMN83569,flu,NK,B3_c1_CATGGCGGTTAAGACA,NK
B3_c1,HMN83570,flu,NK,B3_c1_CATGGCGTCTCTTGAT,NK
B3_c1,,,NK,B3_c1_CATTATCAGAAACGCC,NK
B3_c1,HMN83570,flu,NK,B3_c1_CCGTACTAGACCTAGG,NK
B3_c1,,,NK,B3_c1_CCGTTCAAGAGACTTA,NK
B3_c1,HMN83567,flu,NK,B3_c1_CCGTTCATCGTTTGCC,NK
B3_c1,,,NK,B3_c1_CCTAGCTAGCTGCCCA,NK
B3_c1,HMN83567,flu,NK,B3_c1_CCTAGCTCATCGATTG,NK
B3_c1,HMN83569,flu,NK,B3_c1_CCTATTACATGCCACG,NK
B3_c1,,,NK,B3_c1_CCTCTGAAGCTATGCT,NK
B3_c1,,,NK,B3_c1_CCTTCGAAGACTCGGA,NK
B3_c1,,,NK,B3_c1_CCTTTCTCACAGGCCT,NK
B3_c1,HMN83570,flu,NK,B3_c1_CGACTTCCAAGGGTCA,NK
B3_c1,HMN83567,flu,NK,B3_c1_CGAGAAGGTACGAAAT,NK
B3_c1,HMN83567,flu,NK,B3_c1_CGAGCACCAACTTGAC,NK
B3_c1,HMN83569,flu,NK,B3_c1_CGAGCACCATGAACCT,NK
B3_c1,,,NK,B3_c1_CGAGCCATCCCATTTA,NK
B3_c1,HMN83569,flu,NK,B3_c1_CGCGGTATCTAACTCT,NK
B3_c1,,,NK,B3_c1_CGCTATCTCCGCATAA,NK
B3_c1,HMN83569,flu,NK,B3_c1_CGCTGGATCCACTGGG,NK
B3_c1,,,NK,B3_c1_CGGACACAGTGCAAGC,NK
B3_c1,HMN83569,flu,NK,B3_c1_CGGACACGTACTCGCG,NK
B3_c1,HMN83567,flu,NK,B3_c1_CGGACTGAGAGAACAG,NK
B3_c1,HMN83569,flu,NK,B3_c1_CGGACTGCATACTCTT,NK
B3_c1,HMN83569,flu,NK,B3_c1_CGGAGTCAGGACATTA,NK
B3_c1,HMN83569,flu,NK,B3_c1_CGGGTCATCCGGCACA,NK
B3_c1,HMN83567,flu,NK,B3_c1_CGTAGCGGTAAGTGTA,NK
B3_c1,,,NK,B3_c1_CGTGTAAAGTGGGATC,NK
B3_c1,,,NK,B3_c1_CGTTGGGCATTCTCAT,NK
B3_c1,,,NK,B3_c1_CTAAGACGTTAGGGTG,NK
B3_c1,HMN83567,flu,NK,B3_c1_CTAATGGCAATACGCT,NK
B3_c1,,,NK,B3_c1_CTAATGGTCAAGCCTA,NK
B3_c1,HMN83570,flu,NK,B3_c1_CTACACCAGGTGTGGT,NK
B3_c1,,,NK,B3_c1_CTACACCGTGCGATAG,NK
B3_c1,HMN83569,flu,NK,B3_c1_CTACATTGTAGGAGTC,NK
B3_c1,,,NK,B3_c1_CTACATTGTCATACTG,NK
B3_c1,HMN83569,flu,NK,B3_c1_CTACGTCCATGCAATC,NK
B3_c1,HMN83567,flu,NK,B3_c1_CTAGCCTGTTCAGTAC,NK
B3_c1,HMN83569,flu,NK,B3_c1_CTAGTGAAGGTGACCA,NK
B3_c1,,,NK,B3_c1_CTAGTGAGTGAAATCA,NK
B3_c1,,,NK,B3_c1_CTCATTATCAGAAATG,NK
B3_c1,HMN83569,flu,NK,B3_c1_CTCGTCAAGATGTGGC,NK
B3_c1,,,NK,B3_c1_CTCTAATCATACGCTA,NK
B3_c1,,,NK,B3_c1_CTCTACGGTCTTCGTC,NK
B3_c1,HMN83567,flu,NK,B3_c1_CTCTACGTCTTACCGC,NK
B3_c1,HMN83569,flu,NK,B3_c1_CTCTGGTTCACAACGT,NK
B3_c1,HMN83569,flu,NK,B3_c1_CTGAAACCACTCTGTC,NK
B3_c1,,,NK,B3_c1_CTGAAGTCACGTCAGC,NK
B3_c1,HMN83569,flu,NK,B3_c1_CTGAAGTGTGGGTCAA,NK
B3_c1,,,NK,B3_c1_CTGATAGAGCTGGAAC,NK
B3_c1,,,NK,B3_c1_CTGATCCCAAGAGTCG,NK
B3_c1,HMN83570,flu,NK,B3_c1_CTGCCTACATAACCTG,NK
B3_c1,HMN83570,flu,NK,B3_c1_CTGCTGTGTTCGGGCT,NK
B3_c1,HMN83567,flu,NK,B3_c1_CTGCTGTTCGGAATCT,NK
B3_c1,HMN83568,NI,NK,B3_c1_CTGTGCTCACTCTGTC,NK
B3_c1,,,NK,B3_c1_CTTAACTGTCTCAACA,NK
B3_c1,HMN83569,flu,NK,B3_c1_CTTACCGGTAGCCTAT,NK
B3_c1,HMN83567,flu,NK,B3_c1_CTTCTCTGTCTCACCT,NK
B3_c1,HMN83570,flu,NK,B3_c1_CTTCTCTGTCTCCATC,NK
B3_c1,HMN83570,flu,NK,B3_c1_CTTGGCTAGAGTAATC,NK
B3_c1,HMN83569,flu,NK,B3_c1_CTTTGCGGTACGCTGC,NK
B3_c1,HMN83569,flu,NK,B3_c1_GAAACTCTCCTGTAGA,NK
B3_c1,,,NK,B3_c1_GAACCTAAGCTCCTTC,NK
B3_c1,,,NK,B3_c1_GAAGCAGAGGTAGCCA,NK
B3_c1,HMN83569,flu,NK,B3_c1_GAAGCAGCATCGTCGG,NK
B3_c1,HMN83567,flu,NK,B3_c1_GAAGCAGTCAGTCAGT,NK
B3_c1,HMN83569,flu,NK,B3_c1_GAATAAGCAGGGCATA,NK
B3_c1,,,NK,B3_c1_GACACGCAGCGTTCCG,NK
B3_c1,HMN83567,flu,NK,B3_c1_GACAGAGCACCAGATT,NK
B3_c1,,,NK,B3_c1_GACTAACAGAGTCTGG,NK
B3_c1,,,NK,B3_c1_GAGCAGAAGGCTAGGT,NK
B3_c1,HMN83570,flu,NK,B3_c1_GATCAGTCACGAGGTA,NK
B3_c1,HMN83570,flu,NK,B3_c1_GATCAGTCAGCGTAAG,NK
B3_c1,,,NK,B3_c1_GATCGCGCAGCTCCGA,NK
B3_c1,,,NK,B3_c1_GATCTAGCATATGGTC,NK
B3_c1,,,NK,B3_c1_GATGAGGCATATACCG,NK
B3_c1,,,NK,B3_c1_GATGAGGGTATTAGCC,NK
B3_c1,HMN83569,flu,NK,B3_c1_GATGAGGTCGGACAAG,NK
B3_c1,HMN83569,flu,NK,B3_c1_GCAATCACATCCTTGC,NK
B3_c1,HMN83569,flu,NK,B3_c1_GCAGCCACACCTCGTT,NK
B3_c1,,,NK,B3_c1_GCAGCCAGTCAAAGCG,NK
B3_c1,HMN83567,flu,NK,B3_c1_GCAGTTAAGCTAGTCT,NK
B3_c1,,,NK,B3_c1_GCATGCGCAGTAAGCG,NK
B3_c1,HMN83569,flu,NK,B3_c1_GCCAAATTCGCCTGAG,NK
B3_c1,HMN83567,flu,NK,B3_c1_GCGACCAAGGAGTCTG,NK
B3_c1,HMN83567,flu,NK,B3_c1_GCGGGTTGTCACTGGC,NK
B3_c1,HMN83570,flu,NK,B3_c1_GCTCCTATCAACCAAC,NK
B3_c1,,,NK,B3_c1_GCTGCAGGTGTTCTTT,NK
B3_c1,HMN83570,flu,NK,B3_c1_GCTGGGTAGTTATCGC,NK
B3_c1,HMN83570,flu,NK,B3_c1_GCTGGGTCACTCTGTC,NK
B3_c1,HMN83569,flu,NK,B3_c1_GCTGGGTGTACAGTTC,NK
B3_c1,HMN83567,flu,NK,B3_c1_GGAAAGCGTTGCGTTA,NK
B3_c1,HMN83567,flu,NK,B3_c1_GGATGTTAGACTTTCG,NK
B3_c1,HMN83565,NI,NK,B3_c1_GGATTACCAGTTAACC,NK
B3_c1,,,NK,B3_c1_GGCCGATTCGGATGGA,NK
B3_c1,HMN83569,flu,NK,B3_c1_GGCTCGATCCGCGTTT,NK
B3_c1,,,NK,B3_c1_GGGAGATTCACAGTAC,NK
B3_c1,,,NK,B3_c1_GGGCACTCAATACGCT,NK
B3_c1,HMN83569,flu,NK,B3_c1_GGTGTTAGTGCAACTT,NK
B3_c1,,,NK,B3_c1_GGTGTTAGTTCTGTTT,NK
B3_c1,HMN83570,flu,NK,B3_c1_GTAACTGGTCTTCTCG,NK
B3_c1,HMN83567,flu,NK,B3_c1_GTACGTAGTCGGCTCA,NK
B3_c1,HMN83569,flu,NK,B3_c1_GTACGTATCCACGTTC,NK
B3_c1,HMN83569,flu,NK,B3_c1_GTATCTTAGAATCTCC,NK
B3_c1,HMN83569,flu,NK,B3_c1_GTATCTTAGCCACGCT,NK
B3_c1,HMN83569,flu,NK,B3_c1_GTATTCTAGCGAGAAA,NK
B3_c1,,,NK,B3_c1_GTCAAGTAGAGACTTA,NK
B3_c1,HMN83569,flu,NK,B3_c1_GTCATTTCAATGACCT,NK
B3_c1,HMN83569,flu,NK,B3_c1_GTCATTTCATGCCTTC,NK
B3_c1,HMN83569,flu,NK,B3_c1_GTCATTTTCTCGCATC,NK
B3_c1,HMN83570,flu,NK,B3_c1_GTCGTAAAGCCCAGCT,NK
B3_c1,,,NK,B3_c1_GTGAAGGGTGACAAAT,NK
B3_c1,HMN83569,flu,NK,B3_c1_GTGCAGCAGCGATGAC,NK
B3_c1,HMN83570,flu,NK,B3_c1_GTGCATACATTAGGCT,NK
B3_c1,HMN83569,flu,NK,B3_c1_GTGCTTCGTCTAGTGT,NK
B3_c1,HMN83569,flu,NK,B3_c1_GTGCTTCTCCAGGGCT,NK
B3_c1,HMN83570,flu,NK,B3_c1_GTGTTAGGTCCGACGT,NK
B3_c1,HMN83570,flu,NK,B3_c1_GTTACAGGTGTATGGG,NK
B3_c1,,,NK,B3_c1_GTTCATTCAGTACACT,NK
B3_c1,HMN83570,flu,NK,B3_c1_GTTCATTGTTTGTTGG,NK
B3_c1,,,NK,B3_c1_GTTCTCGAGAACTCGG,NK
B3_c1,HMN83570,flu,NK,B3_c1_TAAACCGTCTAACTCT,NK
B3_c1,HMN83569,flu,NK,B3_c1_TAAGAGAAGATGCGAC,NK
B3_c1,HMN83569,flu,NK,B3_c1_TAAGAGATCCTAAGTG,NK
B3_c1,HMN83569,flu,NK,B3_c1_TAAGAGATCGAACTGT,NK
B3_c1,HMN83567,flu,NK,B3_c1_TAAGCGTTCGCCGTGA,NK
B3_c1,HMN83570,flu,NK,B3_c1_TACACGAAGTCCGGTC,NK
B3_c1,,,NK,B3_c1_TACAGTGCACGAGAGT,NK
B3_c1,,,NK,B3_c1_TACCTATAGGCATGTG,NK
B3_c1,,,NK,B3_c1_TACCTATTCTTGTTTG,NK
B3_c1,,,NK,B3_c1_TACCTTAAGACGACGT,NK
B3_c1,HMN83569,flu,NK,B3_c1_TACCTTAAGCACCGTC,NK
B3_c1,HMN83569,flu,NK,B3_c1_TACCTTAAGTGGAGTC,NK
B3_c1,HMN83567,flu,NK,B3_c1_TACCTTATCCTACAGA,NK
B3_c1,HMN83569,flu,NK,B3_c1_TACGGATGTCTACCTC,NK
B3_c1,,,NK,B3_c1_TACGGATGTTGGACCC,NK
B3_c1,,,NK,B3_c1_TACGGATTCTACTCAT,NK
B3_c1,HMN83567,flu,NK,B3_c1_TACGGTACAAGACGTG,NK
B3_c1,HMN83570,flu,NK,B3_c1_TACTTACAGCGATCCC,NK
B3_c1,HMN83569,flu,NK,B3_c1_TACTTGTCAGATGAGC,NK
B3_c1,,,NK,B3_c1_TATCAGGCAATAACGA,NK
B3_c1,HMN83570,flu,NK,B3_c1_TATCTCATCACCTTAT,NK
B3_c1,HMN83569,flu,NK,B3_c1_TCAACGAGTTGACGTT,NK
B3_c1,HMN83569,flu,NK,B3_c1_TCACAAGGTAGCTCCG,NK
B3_c1,HMN83569,flu,NK,B3_c1_TCACGAACAAGACACG,NK
B3_c1,HMN83569,flu,NK,B3_c1_TCACGAATCAAACCAC,NK
B3_c1,HMN83570,flu,NK,B3_c1_TCACGAATCAATCTCT,NK
B3_c1,HMN83567,flu,NK,B3_c1_TCAGATGGTTGGTAAA,NK
B3_c1,HMN83569,flu,NK,B3_c1_TCAGCTCAGACTAGGC,NK
B3_c1,,,NK,B3_c1_TCAGCTCCAGTGGGAT,NK
B3_c1,,,NK,B3_c1_TCATTACAGCCCGAAA,NK
B3_c1,HMN83569,flu,NK,B3_c1_TCCACACAGTCAATAG,NK
B3_c1,HMN83570,flu,NK,B3_c1_TCCACACTCACGCGGT,NK
B3_c1,,,NK,B3_c1_TCGAGGCGTATTCTCT,NK
B3_c1,HMN83567,flu,NK,B3_c1_TCGAGGCTCATGTCCC,NK
B3_c1,HMN83567,flu,NK,B3_c1_TCGCGAGTCACAGTAC,NK
B3_c1,,,NK,B3_c1_TCTCTAATCGTATCAG,NK
B3_c1,HMN83569,flu,NK,B3_c1_TGACAACAGAAGGTGA,NK
B3_c1,HMN83569,flu,NK,B3_c1_TGACAACAGCGATGAC,NK
B3_c1,HMN83567,flu,NK,B3_c1_TGAGAGGCATCACAAC,NK
B3_c1,HMN83570,flu,NK,B3_c1_TGAGCCGTCCTTGGTC,NK
B3_c1,,,NK,B3_c1_TGAGGGATCGCACTCT,NK
B3_c1,HMN83567,flu,NK,B3_c1_TGCACCTGTGGTGTAG,NK
B3_c1,HMN83569,flu,NK,B3_c1_TGCCAAATCCGTAGGC,NK
B3_c1,HMN83567,flu,NK,B3_c1_TGCCCATCACCAGTTA,NK
B3_c1,HMN83569,flu,NK,B3_c1_TGCGGGTTCAGAGACG,NK
B3_c1,HMN83569,flu,NK,B3_c1_TGCTACCAGTACGACG,NK
B3_c1,HMN83569,flu,NK,B3_c1_TGGCCAGGTCCAGTAT,NK
B3_c1,HMN83567,flu,NK,B3_c1_TGGCGCACACCTGGTG,NK
B3_c1,,,NK,B3_c1_TGGCTGGCAATCGAAA,NK
B3_c1,HMN83570,flu,NK,B3_c1_TGGCTGGGTACCCAAT,NK
B3_c1,,,NK,B3_c1_TGGGCGTCACTAGTAC,NK
B3_c1,,,NK,B3_c1_TGGTTCCGTGCTAGCC,NK
B3_c1,,,NK,B3_c1_TGTTCCGAGCGAGAAA,NK
B3_c1,HMN83564,NI,NK,B3_c1_TTAACTCGTCAACTGT,NK
B3_c1,HMN83569,flu,NK,B3_c1_TTAGGCAGTCGCTTTC,NK
B3_c1,,,NK,B3_c1_TTAGTTCAGATACACA,NK
B3_c1,HMN83569,flu,NK,B3_c1_TTAGTTCGTTATCCGA,NK
B3_c1,HMN83569,flu,NK,B3_c1_TTATGCTTCCAGGGCT,NK
B3_c1,HMN83569,flu,NK,B3_c1_TTCGGTCCAATGGTCT,NK
B3_c1,HMN83567,flu,NK,B3_c1_TTCGGTCGTACCTACA,NK
B3_c1,HMN83567,flu,NK,B3_c1_TTCGGTCGTTCAGACT,NK
B3_c1,HMN83570,flu,NK,B3_c1_TTCTTAGCAGCGTCCA,NK
B3_c1,,,NK,B3_c1_TTGAACGAGCTAACAA,NK
B3_c1,HMN83569,flu,NK,B3_c1_TTGACTTTCCTGTAGA,NK
B3_c1,HMN83567,flu,NK,B3_c1_TTGCCGTTCTAACCGA,NK
B3_c1,HMN83564,NI,NK,B3_c1_TTGCGTCAGAGGGCTT,NK
B3_c1,HMN83569,flu,NK,B3_c1_TTGGAACAGCGTCTAT,NK
B3_c1,HMN83569,flu,NK,B3_c1_TTGGCAACACCGTTGG,NK
B3_c1,HMN83567,flu,NK,B3_c1_TTGGCAATCTTACCGC,NK
B3_c1,HMN83569,flu,NK,B3_c1_TTGTAGGCAGGGTACA,NK
B3_c1,,,NK,B3_c1_TTTATGCTCACGATGT,NK
B3_c1,HMN83567,flu,NK,B3_c1_TTTGGTTTCAGCGACC,NK
B3_c1,,,NK,B3_c1_TTTGGTTTCTTTAGGG,NK
B3_c1,HMN83570,flu,NK,B3_c1_TTTGTCATCAGAGACG,NK
B3_c2,,,NK,B3_c2_AAACCTGTCAGTCAGT,NK
B3_c2,HMN83565,flu,NK,B3_c2_AAAGATGCAACTGCGC,NK
B3_c2,,,NK,B3_c2_AATCCAGTCCAAATGC,NK
B3_c2,,,NK,B3_c2_ACACCAATCAGAGGTG,NK
B3_c2,HMN83565,flu,NK,B3_c2_ACAGCCGGTGTCGCTG,NK
B3_c2,,,NK,B3_c2_ACATACGAGCGCTCCA,NK
B3_c2,,,NK,B3_c2_ACCAGTAGTCTTGCGG,NK
B3_c2,HMN83564,flu,NK,B3_c2_ACCCACTCATTCTTAC,NK
B3_c2,,,NK,B3_c2_ACCTTTATCCACGTTC,NK
B3_c2,,,NK,B3_c2_ACGAGGAAGTCAAGGC,NK
B3_c2,,,NK,B3_c2_ACGCCGAAGAAGGTGA,NK
B3_c2,,,NK,B3_c2_ACGCCGACAACTGCGC,NK
B3_c2,HMN83565,flu,NK,B3_c2_ACGGCCAGTCTTGCGG,NK
B3_c2,,,NK,B3_c2_ACGTCAATCTATGTGG,NK
B3_c2,HMN83568,flu,NK,B3_c2_ACTGAGTAGGTGATTA,NK
B3_c2,HMN83567,NI,NK,B3_c2_ACTGCTCCACCAGATT,NK
B3_c2,HMN83568,flu,NK,B3_c2_ACTGCTCCATATACGC,NK
B3_c2,HMN83565,flu,NK,B3_c2_ACTGTCCCATCACAAC,NK
B3_c2,,,NK,B3_c2_ACTGTCCTCTCAAGTG,NK
B3_c2,,,NK,B3_c2_ACTTACTTCTACGAGT,NK
B3_c2,HMN83564,flu,NK,B3_c2_AGAGCGACACTATCTT,NK
B3_c2,HMN83564,flu,NK,B3_c2_AGAGCTTCAATCCAAC,NK
B3_c2,,,NK,B3_c2_AGATCTGCAGCGAACA,NK
B3_c2,HMN83565,flu,NK,B3_c2_AGCGGTCAGTGGGATC,NK
B3_c2,HMN83565,flu,NK,B3_c2_AGCGTATGTCGGCATC,NK
B3_c2,,,NK,B3_c2_AGCTCCTGTCATATGC,NK
B3_c2,,,NK,B3_c2_AGGGAGTAGACAGAGA,NK
B3_c2,HMN83565,flu,NK,B3_c2_AGGTCCGTCCGAACGC,NK
B3_c2,HMN83565,flu,NK,B3_c2_AGTGTCAGTCCGTGAC,NK
B3_c2,HMN83564,flu,NK,B3_c2_ATCCACCGTACTCTCC,NK
B3_c2,HMN83564,flu,NK,B3_c2_ATGTGTGAGACTGTAA,NK
B3_c2,,,NK,B3_c2_ATGTGTGCACTGCCAG,NK
B3_c2,,,NK,B3_c2_ATTATCCAGAGTGACC,NK
B3_c2,,,NK,B3_c2_ATTATCCCAATGGAAT,NK
B3_c2,HMN83570,NI,NK,B3_c2_CAACTAGAGGCTCTTA,NK
B3_c2,HMN83564,flu,NK,B3_c2_CACAAACAGTATCGAA,NK
B3_c2,,,NK,B3_c2_CACACAAAGAATGTGT,NK
B3_c2,,,NK,B3_c2_CACACAATCTGTACGA,NK
B3_c2,,,NK,B3_c2_CACACCTCACCAGGCT,NK
B3_c2,HMN83565,flu,NK,B3_c2_CACACCTTCGTCGTTC,NK
B3_c2,HMN83564,flu,NK,B3_c2_CACATTTGTCGATTGT,NK
B3_c2,,,NK,B3_c2_CACCAGGCACGTGAGA,NK
B3_c2,HMN83565,flu,NK,B3_c2_CAGAATCCACAGGAGT,NK
B3_c2,,,NK,B3_c2_CAGATCATCAGGATCT,NK
B3_c2,HMN83570,NI,NK,B3_c2_CAGCCGACATTAGCCA,NK
B3_c2,HMN83565,flu,NK,B3_c2_CAGGTGCAGAAACCGC,NK
B3_c2,,,NK,B3_c2_CAGTCCTCACACCGCA,NK
B3_c2,,,NK,B3_c2_CATCGAAAGGGCACTA,NK
B3_c2,,,NK,B3_c2_CATTCGCGTTCGTGAT,NK
B3_c2,,,NK,B3_c2_CCATGTCGTCCAGTTA,NK
B3_c2,,,NK,B3_c2_CCGTACTAGGCAGGTT,NK
B3_c2,,,NK,B3_c2_CCGTACTCATACCATG,NK
B3_c2,,,NK,B3_c2_CCGTACTGTAAGAGGA,NK
B3_c2,HMN83565,flu,NK,B3_c2_CCTACCACAAAGCAAT,NK
B3_c2,,,NK,B3_c2_CCTATTACAAAGGAAG,NK
B3_c2,,,NK,B3_c2_CCTTCGAAGATAGTCA,NK
B3_c2,,,NK,B3_c2_CGAACATAGGTAGCTG,NK
B3_c2,HMN83564,flu,NK,B3_c2_CGAATGTTCAACTCTT,NK
B3_c2,HMN83570,NI,NK,B3_c2_CGACTTCGTCTCTTTA,NK
B3_c2,HMN83564,flu,NK,B3_c2_CGAGCACTCTCGTTTA,NK
B3_c2,HMN83568,flu,NK,B3_c2_CGCGGTATCTTGACGA,NK
B3_c2,,,NK,B3_c2_CGCTGGATCTTCGGTC,NK
B3_c2,,,NK,B3_c2_CGCTTCATCAGGCGAA,NK
B3_c2,,,NK,B3_c2_CGGAGCTGTCGATTGT,NK
B3_c2,HMN83568,flu,NK,B3_c2_CGGAGTCCACAGGAGT,NK
B3_c2,HMN83568,flu,NK,B3_c2_CGGGTCAGTTTGACTG,NK
B3_c2,HMN83564,flu,NK,B3_c2_CGGTTAATCACCACCT,NK
B3_c2,HMN83564,flu,NK,B3_c2_CGTCAGGCACAAGCCC,NK
B3_c2,HMN83565,flu,NK,B3_c2_CGTGTCTAGCCCGAAA,NK
B3_c2,HMN83565,flu,NK,B3_c2_CGTTAGAGTGTAACGG,NK
B3_c2,,,NK,B3_c2_CTAACTTTCTAACCGA,NK
B3_c2,HMN83564,flu,NK,B3_c2_CTACATTGTTACTGAC,NK
B3_c2,HMN83565,flu,NK,B3_c2_CTAGCCTTCCTGCCAT,NK
B3_c2,HMN83565,flu,NK,B3_c2_CTCACACGTGTGCCTG,NK
B3_c2,HMN83568,flu,NK,B3_c2_CTCACACTCAACACAC,NK
B3_c2,,,NK,B3_c2_CTCATTAGTCAAGCGA,NK
B3_c2,HMN83568,flu,NK,B3_c2_CTCCTAGTCTTAACCT,NK
B3_c2,HMN83565,flu,NK,B3_c2_CTCGTACTCAAAGTAG,NK
B3_c2,,,NK,B3_c2_CTCTAATCAAGTCTGT,NK
B3_c2,,,NK,B3_c2_CTGAAGTTCACTTATC,NK
B3_c2,,,NK,B3_c2_CTGATAGTCTGCGTAA,NK
B3_c2,,,NK,B3_c2_CTGCGGACAAGCGCTC,NK
B3_c2,HMN83564,flu,NK,B3_c2_CTTAACTTCTGTACGA,NK
B3_c2,,,NK,B3_c2_CTTACCGAGACAAGCC,NK
B3_c2,HMN83565,flu,NK,B3_c2_CTTCTCTTCCGGCACA,NK
B3_c2,,,NK,B3_c2_CTTGGCTCACATTTCT,NK
B3_c2,HMN83570,NI,NK,B3_c2_CTTGGCTGTCACCTAA,NK
B3_c2,HMN83565,flu,NK,B3_c2_GAACATCCATGTTCCC,NK
B3_c2,,,NK,B3_c2_GAACCTAAGGAATCGC,NK
B3_c2,,,NK,B3_c2_GAATAAGAGTTAAGTG,NK
B3_c2,HMN83570,NI,NK,B3_c2_GACACGCTCCGTCAAA,NK
B3_c2,,,NK,B3_c2_GACCAATAGAAACCTA,NK
B3_c2,HMN83565,flu,NK,B3_c2_GACGTTACATCAGTCA,NK
B3_c2,,,NK,B3_c2_GACTACACACCGTTGG,NK
B3_c2,HMN83564,flu,NK,B3_c2_GACTACATCGGTCTAA,NK
B3_c2,,,NK,B3_c2_GACTGCGGTGATGTCT,NK
B3_c2,HMN83565,flu,NK,B3_c2_GACTGCGTCTCTTGAT,NK
B3_c2,HMN83565,flu,NK,B3_c2_GAGCAGAGTCTCTCGT,NK
B3_c2,HMN83568,flu,NK,B3_c2_GATCAGTAGTATTGGA,NK
B3_c2,HMN83565,flu,NK,B3_c2_GATCGATCAGCTTCGG,NK
B3_c2,HMN83565,flu,NK,B3_c2_GATCGATGTAAGTGTA,NK
B3_c2,,,NK,B3_c2_GATCTAGAGGCATGTG,NK
B3_c2,HMN83565,flu,NK,B3_c2_GCACATAAGTAGCCGA,NK
B3_c2,,,NK,B3_c2_GCACATAGTATCACCA,NK
B3_c2,HMN83565,flu,NK,B3_c2_GCACTCTTCGGATGTT,NK
B3_c2,,,NK,B3_c2_GCAGTTACAATAGCAA,NK
B3_c2,HMN83565,flu,NK,B3_c2_GCGAGAAGTTAAGTAG,NK
B3_c2,,,NK,B3_c2_GCGCAGTTCGCCTGTT,NK
B3_c2,HMN83565,flu,NK,B3_c2_GCGGGTTTCCTATGTT,NK
B3_c2,,,NK,B3_c2_GCTCCTAAGCTATGCT,NK
B3_c2,HMN83568,flu,NK,B3_c2_GCTCCTAGTCGCGAAA,NK
B3_c2,HMN83568,flu,NK,B3_c2_GGAAAGCGTACTCGCG,NK
B3_c2,HMN83568,flu,NK,B3_c2_GGAATAAGTGCACCAC,NK
B3_c2,HMN83564,flu,NK,B3_c2_GGAATAAGTTCATGGT,NK
B3_c2,HMN83568,flu,NK,B3_c2_GGACATTAGGCACATG,NK
B3_c2,HMN83568,flu,NK,B3_c2_GGAGCAACACCACCAG,NK
B3_c2,HMN83565,flu,NK,B3_c2_GGCCGATAGCACCGTC,NK
B3_c2,HMN83564,flu,NK,B3_c2_GGCGACTCATGAACCT,NK
B3_c2,HMN83565,flu,NK,B3_c2_GGCGACTTCTGTACGA,NK
B3_c2,,,NK,B3_c2_GGCTGGTCAATGAATG,NK
B3_c2,HMN83564,flu,NK,B3_c2_GGCTGGTCATAAGACA,NK
B3_c2,,,NK,B3_c2_GGGTCTGAGTACGACG,NK
B3_c2,HMN83564,flu,NK,B3_c2_GGGTCTGGTAAGGATT,NK
B3_c2,HMN83564,flu,NK,B3_c2_GGGTTGCGTATTCTCT,NK
B3_c2,HMN83564,flu,NK,B3_c2_GGTATTGCACGGTGTC,NK
B3_c2,HMN83570,NI,NK,B3_c2_GGTGAAGGTGCGATAG,NK
B3_c2,HMN83568,flu,NK,B3_c2_GTATCTTGTGCCTGGT,NK
B3_c2,,,NK,B3_c2_GTATTCTAGCTGTTCA,NK
B3_c2,,,NK,B3_c2_GTATTCTTCCCAAGAT,NK
B3_c2,HMN83564,flu,NK,B3_c2_GTCGGGTCAGCGTTCG,NK
B3_c2,,,NK,B3_c2_GTTAAGCCATTGTGCA,NK
B3_c2,,,NK,B3_c2_GTTCATTAGGTTCCTA,NK
B3_c2,HMN83565,flu,NK,B3_c2_GTTCATTTCAACACCA,NK
B3_c2,HMN83565,flu,NK,B3_c2_GTTCGGGTCCAGTATG,NK
B3_c2,HMN83565,flu,NK,B3_c2_TAAGTGCTCCTCCTAG,NK
B3_c2,,,NK,B3_c2_TACAGTGTCGTTTAGG,NK
B3_c2,,,NK,B3_c2_TACGGGCGTTAAGACA,NK
B3_c2,HMN83568,flu,NK,B3_c2_TAGACCAGTACTCTCC,NK
B3_c2,,,NK,B3_c2_TAGCCGGTCTGTACGA,NK
B3_c2,,,NK,B3_c2_TATCAGGCACCCATGG,NK
B3_c2,,,NK,B3_c2_TATCAGGTCAGAGACG,NK
B3_c2,,,NK,B3_c2_TATGCCCCACATTTCT,NK
B3_c2,,,NK,B3_c2_TCAACGACAAACGCGA,NK
B3_c2,,,NK,B3_c2_TCAACGACAGGGATTG,NK
B3_c2,HMN83565,flu,NK,B3_c2_TCAATCTCACCTATCC,NK
B3_c2,,,NK,B3_c2_TCAGCAAAGCTGAAAT,NK
B3_c2,,,NK,B3_c2_TCAGGTAAGTCTTGCA,NK
B3_c2,HMN83565,flu,NK,B3_c2_TCCACACAGCCACGTC,NK
B3_c2,,,NK,B3_c2_TCCACACGTTAAGTAG,NK
B3_c2,,,NK,B3_c2_TCCCGATCACGCATCG,NK
B3_c2,,,NK,B3_c2_TCGGGACGTTCCGTCT,NK
B3_c2,HMN83568,flu,NK,B3_c2_TCGGTAAAGTGCGTGA,NK
B3_c2,,,NK,B3_c2_TCTCATAGTGACTCAT,NK
B3_c2,,,NK,B3_c2_TCTGGAAAGATGGCGT,NK
B3_c2,,,NK,B3_c2_TCTGGAATCCGTAGGC,NK
B3_c2,HMN83564,flu,NK,B3_c2_TCTTTCCGTCAAGCGA,NK
B3_c2,HMN83568,flu,NK,B3_c2_TGACAACCAAGGGTCA,NK
B3_c2,,,NK,B3_c2_TGACTTTTCTCGTATT,NK
B3_c2,HMN83564,flu,NK,B3_c2_TGAGGGACATTCTCAT,NK
B3_c2,,,NK,B3_c2_TGCCAAAGTGGCAAAC,NK
B3_c2,,,NK,B3_c2_TGCGGGTAGCCGGTAA,NK
B3_c2,,,NK,B3_c2_TGCGTGGCAATCGGTT,NK
B3_c2,HMN83565,flu,NK,B3_c2_TGCGTGGGTTATCCGA,NK
B3_c2,HMN83565,flu,NK,B3_c2_TGGCCAGCATGCCTTC,NK
B3_c2,,,NK,B3_c2_TGGCCAGGTCTCAACA,NK
B3_c2,,,NK,B3_c2_TGGCTGGAGAAGGCCT,NK
B3_c2,HMN83565,flu,NK,B3_c2_TGGCTGGTCGATAGAA,NK
B3_c2,HMN83564,flu,NK,B3_c2_TGGGCGTCAAGGCTCC,NK
B3_c2,,,NK,B3_c2_TGTATTCCAGCTCGAC,NK
B3_c2,HMN83565,flu,NK,B3_c2_TGTATTCCAGTACACT,NK
B3_c2,HMN83564,flu,NK,B3_c2_TGTCCCACAGGGCATA,NK
B3_c2,HMN83568,flu,NK,B3_c2_TGTCCCATCCTAGAAC,NK
B3_c2,,,NK,B3_c2_TTAACTCCACACCGAC,NK
B3_c2,,,NK,B3_c2_TTAACTCGTCGACTAT,NK
B3_c2,,,NK,B3_c2_TTAGGACAGGAATTAC,NK
B3_c2,,,NK,B3_c2_TTAGGCAAGCACCGCT,NK
B3_c2,HMN83564,flu,NK,B3_c2_TTAGGCACACCATGTA,NK
B3_c2,,,NK,B3_c2_TTAGTTCAGCTACCGC,NK
B3_c2,HMN83568,flu,NK,B3_c2_TTCTTAGAGCTAACAA,NK
B3_c2,,,NK,B3_c2_TTGAACGGTAGTGAAT,NK
B3_c2,,,NK,B3_c2_TTTATGCTCGAGAGCA,NK
B3_c2,,,NK,B3_c2_TTTGCGCCAGTTCCCT,NK
B4_c1,HMN83576,flu,NK,B4_c1_AAAGTAGCAATCGGTT,NK
B4_c1,HMN83571,flu,NK,B4_c1_AAATGCCGTAGCGCTC,NK
B4_c1,,,NK,B4_c1_AACACGTCAAGTCTAC,NK
B4_c1,,,NK,B4_c1_AACGTTGAGCTCAACT,NK
B4_c1,HMN83571,flu,NK,B4_c1_AACTCTTAGGCGACAT,NK
B4_c1,,,NK,B4_c1_AAGCCGCTCACCGGGT,NK
B4_c1,HMN83571,flu,NK,B4_c1_AAGGAGCCAAGCCGCT,NK
B4_c1,HMN83571,flu,NK,B4_c1_ACAGCTATCACATACG,NK
B4_c1,,,NK,B4_c1_ACATGGTTCGCCTGTT,NK
B4_c1,,,NK,B4_c1_ACATGGTTCGTCCGTT,NK
B4_c1,,,NK,B4_c1_ACCGTAACAACCGCCA,NK
B4_c1,HMN83571,flu,NK,B4_c1_ACGATACCAGACGTAG,NK
B4_c1,,,NK,B4_c1_ACGCAGCCATCCAACA,NK
B4_c1,,,NK,B4_c1_ACGCCAGTCATTTGGG,NK
B4_c1,HMN83571,flu,NK,B4_c1_ACGGAGACACACAGAG,NK
B4_c1,HMN83571,flu,NK,B4_c1_ACGGAGACACCAGGCT,NK
B4_c1,,,NK,B4_c1_ACGGCCACATTATCTC,NK
B4_c1,HMN83571,flu,NK,B4_c1_ACTGCTCAGTGGTCCC,NK
B4_c1,,,NK,B4_c1_ACTTTCACAATAGAGT,NK
B4_c1,HMN83571,flu,NK,B4_c1_ACTTTCACAGCTATTG,NK
B4_c1,HMN83571,flu,NK,B4_c1_ACTTTCATCTAACTTC,NK
B4_c1,HMN83572,flu,NK,B4_c1_AGCAGCCGTATTACCG,NK
B4_c1,HMN83571,flu,NK,B4_c1_AGCATACGTACTTCTT,NK
B4_c1,HMN83571,flu,NK,B4_c1_AGCGTATTCTTGAGAC,NK
B4_c1,HMN83571,flu,NK,B4_c1_AGCTCTCGTTGTCGCG,NK
B4_c1,HMN83571,flu,NK,B4_c1_AGCTTGAAGGGCTCTC,NK
B4_c1,,,NK,B4_c1_AGCTTGAGTCATCGGC,NK
B4_c1,HMN83571,flu,NK,B4_c1_AGCTTGATCTGACCTC,NK
B4_c1,HMN83572,flu,NK,B4_c1_AGGCCGTTCACAGGCC,NK
B4_c1,HMN83571,flu,NK,B4_c1_AGGGTGACAATGAAAC,NK
B4_c1,,,NK,B4_c1_ATAAGAGCATCACGTA,NK
B4_c1,HMN83571,flu,NK,B4_c1_ATCATCTTCCCACTTG,NK
B4_c1,,,NK,B4_c1_ATCATCTTCCGCGGTA,NK
B4_c1,,,NK,B4_c1_ATCATGGAGTGAACAT,NK
B4_c1,HMN83566,NI,NK,B4_c1_ATCCGAAAGTCGTTTG,NK
B4_c1,,,NK,B4_c1_ATCCGAATCGGAGCAA,NK
B4_c1,,,NK,B4_c1_ATCTGCCCAAACGTGG,NK
B4_c1,,,NK,B4_c1_ATGAGGGCAAGTAATG,NK
B4_c1,,,NK,B4_c1_ATGGGAGGTACTCTCC,NK
B4_c1,HMN83566,NI,NK,B4_c1_ATTGGTGCAGTTCATG,NK
B4_c1,,,NK,B4_c1_CAACCAAGTATCACCA,NK
B4_c1,,,NK,B4_c1_CAACTAGGTAGCTCCG,NK
B4_c1,HMN83571,flu,NK,B4_c1_CACAAACGTCAGATAA,NK
B4_c1,HMN83576,flu,NK,B4_c1_CACACTCGTCATGCAT,NK
B4_c1,HMN83571,flu,NK,B4_c1_CACAGGCTCGTCTGCT,NK
B4_c1,,,NK,B4_c1_CACATTTAGAATAGGG,NK
B4_c1,HMN83571,flu,NK,B4_c1_CACCAGGCAGATCGGA,NK
B4_c1,,,NK,B4_c1_CAGCCGATCAACACGT,NK
B4_c1,HMN83571,flu,NK,B4_c1_CAGCCGATCACGAAGG,NK
B4_c1,HMN83571,flu,NK,B4_c1_CAGCGACAGTTCGCGC,NK
B4_c1,HMN83571,flu,NK,B4_c1_CAGTAACTCTAACGGT,NK
B4_c1,HMN83571,flu,NK,B4_c1_CCACCTATCAACACTG,NK
B4_c1,HMN83571,flu,NK,B4_c1_CCACTACTCAGGCGAA,NK
B4_c1,HMN83576,flu,NK,B4_c1_CCGTACTAGGCCATAG,NK
B4_c1,,,NK,B4_c1_CCTAAAGGTGATGTCT,NK
B4_c1,HMN83572,flu,NK,B4_c1_CCTACCATCCTAGAAC,NK
B4_c1,,,NK,B4_c1_CCTTTCTCACGGCTAC,NK
B4_c1,HMN83571,flu,NK,B4_c1_CGAACATCACCCAGTG,NK
B4_c1,,,NK,B4_c1_CGACTTCCAACTGCGC,NK
B4_c1,HMN83571,flu,NK,B4_c1_CGACTTCCATCACGAT,NK
B4_c1,HMN83572,flu,NK,B4_c1_CGAGCACCAGTGGGAT,NK
B4_c1,,,NK,B4_c1_CGAGCCAAGGATTCGG,NK
B4_c1,,,NK,B4_c1_CGATGGCGTTTGTTGG,NK
B4_c1,,,NK,B4_c1_CGATGTATCGCCAAAT,NK
B4_c1,,,NK,B4_c1_CGATTGAAGCCTATGT,NK
B4_c1,,,NK,B4_c1_CGCCAAGGTCAGCTAT,NK
B4_c1,HMN83572,flu,NK,B4_c1_CGCCAAGGTGTTGAGG,NK
B4_c1,HMN83576,flu,NK,B4_c1_CGGAGTCCAATCAGAA,NK
B4_c1,HMN83576,flu,NK,B4_c1_CGTAGGCTCATGCTCC,NK
B4_c1,,,NK,B4_c1_CGTCCATTCTTTACAC,NK
B4_c1,,,NK,B4_c1_CGTGTAAAGGGTCGAT,NK
B4_c1,HMN83576,flu,NK,B4_c1_CGTGTCTAGGATGGTC,NK
B4_c1,,,NK,B4_c1_CGTGTCTAGTACGTTC,NK
B4_c1,,,NK,B4_c1_CGTGTCTTCGAATGGG,NK
B4_c1,HMN83572,flu,NK,B4_c1_CGTTAGATCATCATTC,NK
B4_c1,HMN83572,flu,NK,B4_c1_CTACGTCAGTACGACG,NK
B4_c1,,,NK,B4_c1_CTAGCCTCAAGAAAGG,NK
B4_c1,,,NK,B4_c1_CTCAGAACACTTAACG,NK
B4_c1,,,NK,B4_c1_CTCGAAACATCGGGTC,NK
B4_c1,,,NK,B4_c1_CTCGTCATCAAGGCTT,NK
B4_c1,HMN83571,flu,NK,B4_c1_CTCTGGTTCAACGAAA,NK
B4_c1,HMN83571,flu,NK,B4_c1_CTCTGGTTCCCGACTT,NK
B4_c1,HMN83571,flu,NK,B4_c1_CTGAAACCATTAACCG,NK
B4_c1,,,NK,B4_c1_CTTAACTAGACTTTCG,NK
B4_c1,HMN83572,flu,NK,B4_c1_CTTAGGAGTTACGACT,NK
B4_c1,,,NK,B4_c1_GAAATGACAGGGCATA,NK
B4_c1,,,NK,B4_c1_GAATGAAGTTAAAGTG,NK
B4_c1,HMN83571,flu,NK,B4_c1_GACGTTATCTGTTGAG,NK
B4_c1,HMN83571,flu,NK,B4_c1_GACTACAGTCTCTCTG,NK
B4_c1,HMN83576,flu,NK,B4_c1_GAGGTGAAGGTACTCT,NK
B4_c1,,,NK,B4_c1_GATCAGTGTCATTAGC,NK
B4_c1,HMN83575,NI,NK,B4_c1_GATCGATGTGTGCGTC,NK
B4_c1,,,NK,B4_c1_GATCGATTCCTTAATC,NK
B4_c1,,,NK,B4_c1_GATCTAGTCTCGTATT,NK
B4_c1,HMN83571,flu,NK,B4_c1_GATGAGGAGACTCGGA,NK
B4_c1,,,NK,B4_c1_GCAAACTTCAGTCAGT,NK
B4_c1,HMN83571,flu,NK,B4_c1_GCAGCCAGTATATGGA,NK
B4_c1,,,NK,B4_c1_GCAGCCAGTGTGGTTT,NK
B4_c1,,,NK,B4_c1_GCATACACAAAGCAAT,NK
B4_c1,HMN83576,flu,NK,B4_c1_GCATGCGTCGATCCCT,NK
B4_c1,,,NK,B4_c1_GCCTCTATCCGCAAGC,NK
B4_c1,,,NK,B4_c1_GCGACCAAGTGGGATC,NK
B4_c1,,,NK,B4_c1_GCTGCAGAGAGACTAT,NK
B4_c1,HMN83571,flu,NK,B4_c1_GCTGCAGAGGACGAAA,NK
B4_c1,,,NK,B4_c1_GCTGCAGGTATAGGGC,NK
B4_c1,HMN83571,flu,NK,B4_c1_GCTTGAAAGATGCCAG,NK
B4_c1,,,NK,B4_c1_GGAATAAGTAAATGAC,NK
B4_c1,HMN83571,flu,NK,B4_c1_GGACAGACATGTTCCC,NK
B4_c1,,,NK,B4_c1_GGACAGAGTTCAGACT,NK
B4_c1,,,NK,B4_c1_GGATGTTAGCCGCCTA,NK
B4_c1,HMN83571,flu,NK,B4_c1_GGCCGATAGTCCGTAT,NK
B4_c1,HMN83572,flu,NK,B4_c1_GGCGTGTGTTGTGGCC,NK
B4_c1,,,NK,B4_c1_GGCTCGACAGATGGCA,NK
B4_c1,HMN83571,flu,NK,B4_c1_GGTGAAGTCATAACCG,NK
B4_c1,,,NK,B4_c1_GGTGTTAGTGACTACT,NK
B4_c1,,,NK,B4_c1_GTAACTGCAGTCCTTC,NK
B4_c1,HMN83571,flu,NK,B4_c1_GTACGTAAGCCTTGAT,NK
B4_c1,HMN83572,flu,NK,B4_c1_GTACTCCAGGTGATTA,NK
B4_c1,,,NK,B4_c1_GTACTTTGTAGGAGTC,NK
B4_c1,,,NK,B4_c1_GTATCTTAGGACGAAA,NK
B4_c1,,,NK,B4_c1_GTATCTTGTTTAAGCC,NK
B4_c1,,,NK,B4_c1_GTATTCTAGTCGATAA,NK
B4_c1,,,NK,B4_c1_GTCAAGTGTGCAGACA,NK
B4_c1,,,NK,B4_c1_GTCACGGCAGTATAAG,NK
B4_c1,,,NK,B4_c1_GTCACGGGTGAAGGCT,NK
B4_c1,,,NK,B4_c1_GTCGGGTCAAAGGTGC,NK
B4_c1,,,NK,B4_c1_GTCGTAAAGCGATATA,NK
B4_c1,,,NK,B4_c1_GTTAAGCCAGTGACAG,NK
B4_c1,HMN83571,flu,NK,B4_c1_GTTACAGCATCTCCCA,NK
B4_c1,,,NK,B4_c1_TACGGGCCACTCAGGC,NK
B4_c1,,,NK,B4_c1_TACGGTATCTGGCGTG,NK
B4_c1,HMN83571,flu,NK,B4_c1_TACTCGCCAACACCCG,NK
B4_c1,,,NK,B4_c1_TAGGCATAGTTGAGAT,NK
B4_c1,,,NK,B4_c1_TAGTTGGCACAGCGTC,NK
B4_c1,HMN83571,flu,NK,B4_c1_TCACAAGGTAAACGCG,NK
B4_c1,HMN83566,NI,NK,B4_c1_TCAGCAATCCTTGGTC,NK
B4_c1,,,NK,B4_c1_TCAGGTAGTGTTTGGT,NK
B4_c1,HMN83576,flu,NK,B4_c1_TCGTAGATCTGAGGGA,NK
B4_c1,,,NK,B4_c1_TCTGAGAGTGACAAAT,NK
B4_c1,,,NK,B4_c1_TCTGGAACATTCGACA,NK
B4_c1,,,NK,B4_c1_TGACTTTTCCGAGCCA,NK
B4_c1,,,NK,B4_c1_TGCCAAAGTCCGCTGA,NK
B4_c1,HMN83576,flu,NK,B4_c1_TGCCCATTCCCTTGTG,NK
B4_c1,HMN83572,flu,NK,B4_c1_TGCGTGGGTGTTTGTG,NK
B4_c1,,,NK,B4_c1_TGGTTCCAGGCGATAC,NK
B4_c1,HMN83571,flu,NK,B4_c1_TGTATTCGTCGACTGC,NK
B4_c1,HMN83572,flu,NK,B4_c1_TGTTCCGTCTATCGCC,NK
B4_c1,HMN83571,flu,NK,B4_c1_TGTTCCGTCTTTCCTC,NK
B4_c1,HMN83572,flu,NK,B4_c1_TTAGGCATCCGCGGTA,NK
B4_c1,HMN83566,NI,NK,B4_c1_TTAGTTCAGAGACTAT,NK
B4_c1,,,NK,B4_c1_TTAGTTCCAGGTCTCG,NK
B4_c1,,,NK,B4_c1_TTGAACGCACTGTTAG,NK
B4_c1,,,NK,B4_c1_TTGCGTCCATAACCTG,NK
B4_c1,,,NK,B4_c1_TTTGTCACAAAGGTGC,NK
B4_c1,HMN83571,flu,NK,B4_c1_TTTGTCAGTAAAGTCA,NK
B4_c2,,,NK,B4_c2_AAACGGGCAGGTGCCT,NK
B4_c2,,,NK,B4_c2_AAAGATGCACTGTCGG,NK
B4_c2,,,NK,B4_c2_AACACGTAGGGTCTCC,NK
B4_c2,,,NK,B4_c2_AACCGCGGTAAGGGAA,NK
B4_c2,HMN83563,flu,NK,B4_c2_AACTGGTTCACGGTTA,NK
B4_c2,,,NK,B4_c2_AAGGCAGCAGTGACAG,NK
B4_c2,HMN83563,flu,NK,B4_c2_AAGGCAGTCAGCAACT,NK
B4_c2,,,NK,B4_c2_AATCCAGAGCGCTCCA,NK
B4_c2,HMN83563,flu,NK,B4_c2_AATCCAGTCCCTAATT,NK
B4_c2,,,NK,B4_c2_AATCCAGTCCTTTACA,NK
B4_c2,,,NK,B4_c2_ACATCAGAGCCGCCTA,NK
B4_c2,,,NK,B4_c2_ACATCAGGTTACGCGC,NK
B4_c2,HMN83563,flu,NK,B4_c2_ACCCACTTCGTTGCCT,NK
B4_c2,,,NK,B4_c2_ACCTTTATCATGCATG,NK
B4_c2,,,NK,B4_c2_ACGAGGATCTCTTATG,NK
B4_c2,,,NK,B4_c2_ACGCAGCAGGTAGCTG,NK
B4_c2,,,NK,B4_c2_ACGCAGCTCGCCAGCA,NK
B4_c2,,,NK,B4_c2_ACGCCAGGTGAAAGAG,NK
B4_c2,HMN83566,flu,NK,B4_c2_ACGCCGACACGGTGTC,NK
B4_c2,HMN83566,flu,NK,B4_c2_ACGGGCTCAAGTCATC,NK
B4_c2,,,NK,B4_c2_ACGGGCTTCATGGTCA,NK
B4_c2,HMN83563,flu,NK,B4_c2_ACGTCAATCATGGTCA,NK
B4_c2,,,NK,B4_c2_ACTGAACCAAGCGTAG,NK
B4_c2,HMN83571,NI,NK,B4_c2_ACTGATGAGAGCAATT,NK
B4_c2,,,NK,B4_c2_ACTGATGTCAGAAATG,NK
B4_c2,,,NK,B4_c2_ACTGCTCGTCGGCATC,NK
B4_c2,,,NK,B4_c2_AGAGCTTCATGAGCGA,NK
B4_c2,HMN83575,flu,NK,B4_c2_AGAGTGGCAACGATCT,NK
B4_c2,HMN83563,flu,NK,B4_c2_AGAGTGGTCTTGTACT,NK
B4_c2,HMN83572,NI,NK,B4_c2_AGCGGTCAGCAAATCA,NK
B4_c2,HMN83575,flu,NK,B4_c2_AGCGGTCGTGTGTGCC,NK
B4_c2,,,NK,B4_c2_AGCGTATCAATTCCTT,NK
B4_c2,,,NK,B4_c2_AGCGTCGTCGGTCCGA,NK
B4_c2,,,NK,B4_c2_AGCTCCTTCAGAGCTT,NK
B4_c2,HMN83576,NI,NK,B4_c2_AGGCCACAGATAGCAT,NK
B4_c2,HMN83572,NI,NK,B4_c2_AGGCCGTTCGGCGGTT,NK
B4_c2,,,NK,B4_c2_AGGTCCGTCAGGCGAA,NK
B4_c2,,,NK,B4_c2_AGTCTTTGTTCGGGCT,NK
B4_c2,,,NK,B4_c2_AGTGGGACACAGTCGC,NK
B4_c2,,,NK,B4_c2_AGTGTCACACGAGAGT,NK
B4_c2,,,NK,B4_c2_ATAACGCCATGAAGTA,NK
B4_c2,,,NK,B4_c2_ATCGAGTAGAGCTGCA,NK
B4_c2,,,NK,B4_c2_ATCTACTTCATCATTC,NK
B4_c2,HMN83563,flu,NK,B4_c2_ATGAGGGGTCAGCTAT,NK
B4_c2,,,NK,B4_c2_ATGGGAGAGAAACGCC,NK
B4_c2,,,NK,B4_c2_ATTACTCAGGAACTGC,NK
B4_c2,,,NK,B4_c2_ATTACTCGTCAAAGAT,NK
B4_c2,,,NK,B4_c2_ATTTCTGGTCCGTTAA,NK
B4_c2,HMN83575,flu,NK,B4_c2_CAACCAATCCCAGGTG,NK
B4_c2,,,NK,B4_c2_CAACTAGAGGCGTACA,NK
B4_c2,HMN83563,flu,NK,B4_c2_CAAGAAAGTCACCTAA,NK
B4_c2,,,NK,B4_c2_CAAGAAAGTTACGACT,NK
B4_c2,,,NK,B4_c2_CAAGAAATCAGGCCCA,NK
B4_c2,HMN83563,flu,NK,B4_c2_CAAGAAATCGATAGAA,NK
B4_c2,,,NK,B4_c2_CACAAACTCGAACGGA,NK
B4_c2,,,NK,B4_c2_CACATAGAGCGCTTAT,NK
B4_c2,HMN83566,flu,NK,B4_c2_CACATTTTCTTGACGA,NK
B4_c2,,,NK,B4_c2_CACTCCAGTAACGTTC,NK
B4_c2,HMN83563,flu,NK,B4_c2_CAGAATCTCCAGAGGA,NK
B4_c2,,,NK,B4_c2_CAGATCACACACCGAC,NK
B4_c2,,,NK,B4_c2_CAGCATACATGTCGAT,NK
B4_c2,,,NK,B4_c2_CAGCATATCACCACCT,NK
B4_c2,HMN83566,flu,NK,B4_c2_CAGGTGCGTACAGCAG,NK
B4_c2,,,NK,B4_c2_CATGACAAGCTACCTA,NK
B4_c2,,,NK,B4_c2_CCAATCCAGGCGACAT,NK
B4_c2,,,NK,B4_c2_CCAATCCTCCTCAACC,NK
B4_c2,,,NK,B4_c2_CCATTCGAGGATATAC,NK
B4_c2,,,NK,B4_c2_CCCAGTTCAGCATGAG,NK
B4_c2,,,NK,B4_c2_CCCATACAGCTGCCCA,NK
B4_c2,HMN83575,flu,NK,B4_c2_CCCTCCTGTTCACCTC,NK
B4_c2,,,NK,B4_c2_CCGGTAGCATGCCCGA,NK
B4_c2,HMN83571,NI,NK,B4_c2_CCGTACTGTTCGTGAT,NK
B4_c2,,,NK,B4_c2_CCGTTCATCGTGTAGT,NK
B4_c2,,,NK,B4_c2_CCTACACCAAACCCAT,NK
B4_c2,,,NK,B4_c2_CCTACCACACTGTTAG,NK
B4_c2,,,NK,B4_c2_CCTATTACATCACCCT,NK
B4_c2,,,NK,B4_c2_CGACCTTTCGTGTAGT,NK
B4_c2,HMN83575,flu,NK,B4_c2_CGAGCACCAATCTACG,NK
B4_c2,,,NK,B4_c2_CGATGGCGTCGGCATC,NK
B4_c2,HMN83575,flu,NK,B4_c2_CGATGTACAGGTGGAT,NK
B4_c2,,,NK,B4_c2_CGCCAAGAGTCGTTTG,NK
B4_c2,,,NK,B4_c2_CGCGGTAGTATTACCG,NK
B4_c2,,,NK,B4_c2_CGCGTTTAGCCGATTT,NK
B4_c2,,,NK,B4_c2_CGCGTTTCAAGTAATG,NK
B4_c2,HMN83563,flu,NK,B4_c2_CGCGTTTCACTTGGAT,NK
B4_c2,,,NK,B4_c2_CGCGTTTGTTGACGTT,NK
B4_c2,,,NK,B4_c2_CGGACACGTTGTTTGG,NK
B4_c2,,,NK,B4_c2_CGGACTGAGAGTAAGG,NK
B4_c2,,,NK,B4_c2_CGGAGCTTCCTCCTAG,NK
B4_c2,,,NK,B4_c2_CGGTTAAGTGCCTGGT,NK
B4_c2,,,NK,B4_c2_CGTCCATAGACTTGAA,NK
B4_c2,,,NK,B4_c2_CGTCCATTCTGCAGTA,NK
B4_c2,,,NK,B4_c2_CGTGAGCCACGAAAGC,NK
B4_c2,,,NK,B4_c2_CGTGTAACAGTCCTTC,NK
B4_c2,,,NK,B4_c2_CGTGTCTAGAATTGTG,NK
B4_c2,,,NK,B4_c2_CGTGTCTTCTTCTGGC,NK
B4_c2,HMN83566,flu,NK,B4_c2_CTACATTCACGGTTTA,NK
B4_c2,,,NK,B4_c2_CTCGGAGGTTAGTGGG,NK
B4_c2,,,NK,B4_c2_CTCGGGATCAACGCTA,NK
B4_c2,HMN83566,flu,NK,B4_c2_CTCGTACCACATAACC,NK
B4_c2,,,NK,B4_c2_CTCGTCACATGCCTTC,NK
B4_c2,HMN83572,NI,NK,B4_c2_CTCTAATAGTCGTACT,NK
B4_c2,HMN83563,flu,NK,B4_c2_CTCTGGTTCGGTGTTA,NK
B4_c2,,,NK,B4_c2_CTGAAGTCATGCCACG,NK
B4_c2,,,NK,B4_c2_CTGATAGAGGTAAACT,NK
B4_c2,HMN83563,flu,NK,B4_c2_CTGCGGAGTCTGGAGA,NK
B4_c2,,,NK,B4_c2_CTGTGCTAGTGCTGCC,NK
B4_c2,,,NK,B4_c2_CTTAACTAGATATACG,NK
B4_c2,,,NK,B4_c2_CTTAACTCATGCTAGT,NK
B4_c2,,,NK,B4_c2_CTTAACTTCTGTACGA,NK
B4_c2,,,NK,B4_c2_GAACCTAGTAGTACCT,NK
B4_c2,,,NK,B4_c2_GAATAAGTCGACGGAA,NK
B4_c2,,,NK,B4_c2_GAATAAGTCTTGCATT,NK
B4_c2,,,NK,B4_c2_GAATGAACAATGTTGC,NK
B4_c2,,,NK,B4_c2_GAGTCCGTCGGTCCGA,NK
B4_c2,,,NK,B4_c2_GCAAACTCAATCACAC,NK
B4_c2,HMN83571,NI,NK,B4_c2_GCACATAGTAGCACGA,NK
B4_c2,,,NK,B4_c2_GCAGTTACACTCAGGC,NK
B4_c2,,,NK,B4_c2_GCATACACAGTTCCCT,NK
B4_c2,,,NK,B4_c2_GCATGATTCAAGGTAA,NK
B4_c2,,,NK,B4_c2_GCATGCGAGGCTCTTA,NK
B4_c2,,,NK,B4_c2_GCGACCACAGACACTT,NK
B4_c2,HMN83575,flu,NK,B4_c2_GCGCAACAGGTTACCT,NK
B4_c2,HMN83566,flu,NK,B4_c2_GCTCTGTAGTGAACGC,NK
B4_c2,HMN83571,NI,NK,B4_c2_GCTGCGACAAGCGAGT,NK
B4_c2,,,NK,B4_c2_GCTTCCAGTAAGTGGC,NK
B4_c2,,,NK,B4_c2_GGACAGATCGCCGTGA,NK
B4_c2,,,NK,B4_c2_GGCAATTCAACTTGAC,NK
B4_c2,,,NK,B4_c2_GGCGACTGTCTAGTGT,NK
B4_c2,,,NK,B4_c2_GGGATGAAGATCCGAG,NK
B4_c2,,,NK,B4_c2_GGGATGAGTTAAGAAC,NK
B4_c2,,,NK,B4_c2_GGTGAAGCAAGGCTCC,NK
B4_c2,HMN83572,NI,NK,B4_c2_GGTGTTACACCTCGTT,NK
B4_c2,HMN83563,flu,NK,B4_c2_GGTGTTACACGAAACG,NK
B4_c2,,,NK,B4_c2_GTACGTAGTGACCAAG,NK
B4_c2,,,NK,B4_c2_GTACTCCTCCTTTCTC,NK
B4_c2,,,NK,B4_c2_GTAGTCATCCGTTGTC,NK
B4_c2,,,NK,B4_c2_GTCATTTAGACCCACC,NK
B4_c2,,,NK,B4_c2_GTCTTCGTCGGTGTCG,NK
B4_c2,HMN83572,NI,NK,B4_c2_GTGCAGCCAAGTAGTA,NK
B4_c2,HMN83572,NI,NK,B4_c2_GTGCATATCGCCTGAG,NK
B4_c2,,,NK,B4_c2_GTGGGTCGTTGATTGC,NK
B4_c2,HMN83572,NI,NK,B4_c2_GTGTGCGGTCTAGTCA,NK
B4_c2,HMN83572,NI,NK,B4_c2_GTGTTAGGTCTGATCA,NK
B4_c2,,,NK,B4_c2_GTGTTAGTCCGTCAAA,NK
B4_c2,,,NK,B4_c2_GTTCATTTCTGCTGCT,NK
B4_c2,,,NK,B4_c2_GTTCGGGCAATGGATA,NK
B4_c2,HMN83576,NI,NK,B4_c2_GTTCGGGTCGTTTATC,NK
B4_c2,,,NK,B4_c2_GTTTCTAAGTGCAAGC,NK
B4_c2,HMN83572,NI,NK,B4_c2_TAAGTGCCACGAAAGC,NK
B4_c2,HMN83572,NI,NK,B4_c2_TACCTTATCAGTTAGC,NK
B4_c2,,,NK,B4_c2_TACGGTAAGCGCTCCA,NK
B4_c2,,,NK,B4_c2_TACGGTACATCCTAGA,NK
B4_c2,,,NK,B4_c2_TACTCATCACCAACCG,NK
B4_c2,HMN83575,flu,NK,B4_c2_TACTCGCTCGTTTGCC,NK
B4_c2,,,NK,B4_c2_TACTTGTCACCGATAT,NK
B4_c2,,,NK,B4_c2_TAGTGGTCAAAGGAAG,NK
B4_c2,,,NK,B4_c2_TATCTCACACCCTATC,NK
B4_c2,,,NK,B4_c2_TCAGGTAAGTCATCCA,NK
B4_c2,,,NK,B4_c2_TCGTAGAGTATATCCG,NK
B4_c2,,,NK,B4_c2_TCGTAGATCAGCACAT,NK
B4_c2,,,NK,B4_c2_TCTATTGAGCCCAGCT,NK
B4_c2,HMN83563,flu,NK,B4_c2_TCTATTGAGCGTAGTG,NK
B4_c2,HMN83566,flu,NK,B4_c2_TCTCATACAAAGCAAT,NK
B4_c2,,,NK,B4_c2_TCTCTAAGTAGAAAGG,NK
B4_c2,,,NK,B4_c2_TCTTCGGAGGTGCAAC,NK
B4_c2,,,NK,B4_c2_TCTTTCCAGAGCTTCT,NK
B4_c2,,,NK,B4_c2_TGACTAGCATGCCTAA,NK
B4_c2,,,NK,B4_c2_TGACTTTGTATGCTTG,NK
B4_c2,HMN83575,flu,NK,B4_c2_TGAGAGGGTACAAGTA,NK
B4_c2,HMN83563,flu,NK,B4_c2_TGAGAGGGTATCTGCA,NK
B4_c2,HMN83566,flu,NK,B4_c2_TGAGCCGGTGATGTGG,NK
B4_c2,,,NK,B4_c2_TGAGGGACAAGTTGTC,NK
B4_c2,,,NK,B4_c2_TGATTTCGTCTAGCCG,NK
B4_c2,,,NK,B4_c2_TGCACCTCACAAGTAA,NK
B4_c2,HMN83563,flu,NK,B4_c2_TGCGCAGAGTCATCCA,NK
B4_c2,HMN83566,flu,NK,B4_c2_TGCGGGTTCGTCCGTT,NK
B4_c2,,,NK,B4_c2_TGCTGCTAGGCTAGGT,NK
B4_c2,HMN83563,flu,NK,B4_c2_TGGACGCCACAGGAGT,NK
B4_c2,HMN83566,flu,NK,B4_c2_TGGACGCCACGCCAGT,NK
B4_c2,,,NK,B4_c2_TGGGAAGTCGCCATAA,NK
B4_c2,,,NK,B4_c2_TGGTTAGAGCCTCGTG,NK
B4_c2,,,NK,B4_c2_TGGTTAGAGTTAAGTG,NK
B4_c2,HMN83566,flu,NK,B4_c2_TGGTTAGGTACCATCA,NK
B4_c2,,,NK,B4_c2_TGTATTCGTAAGAGAG,NK
B4_c2,HMN83566,flu,NK,B4_c2_TGTGGTAAGGCAAAGA,NK
B4_c2,,,NK,B4_c2_TGTGGTATCGAGGTAG,NK
B4_c2,,,NK,B4_c2_TGTTCCGCACAGCCCA,NK
B4_c2,,,NK,B4_c2_TGTTCCGGTAGGGACT,NK
B4_c2,,,NK,B4_c2_TTAACTCTCACGCGGT,NK
B4_c2,HMN83566,flu,NK,B4_c2_TTAGGACTCCCAAGAT,NK
B4_c2,,,NK,B4_c2_TTAGGCAAGGCAAAGA,NK
B4_c2,HMN83563,flu,NK,B4_c2_TTAGGCACAAAGTGCG,NK
B4_c2,,,NK,B4_c2_TTATGCTCAGCCTTGG,NK
B4_c2,HMN83563,flu,NK,B4_c2_TTCCCAGTCTATCCCG,NK
B4_c2,,,NK,B4_c2_TTGAACGAGAAACGCC,NK
B4_c2,,,NK,B4_c2_TTGGAACGTCATGCCG,NK
B4_c2,HMN83572,NI,NK,B4_c2_TTGGCAACACATTTCT,NK
B4_c2,,,NK,B4_c2_TTTCCTCCACTTAAGC,NK
B4_c2,,,NK,B4_c2_TTTGCGCAGGTGTTAA,NK
B4_c2,,,NK,B4_c2_TTTGTCACATCGGTTA,NK
B5_c1,,,NK,B5_c1_AAACGGGCAAGTCATC,NK
B5_c1,HMN52532,flu,NK,B5_c1_AAACGGGTCTCTGAGA,NK
B5_c1,,,NK,B5_c1_AAAGTAGAGCCACGCT,NK
B5_c1,HMN52532,flu,NK,B5_c1_AACCGCGTCTAAGCCA,NK
B5_c1,HMN52532,flu,NK,B5_c1_AACTCCCGTAGGCATG,NK
B5_c1,,,NK,B5_c1_AACTGGTTCTAACCGA,NK
B5_c1,,,NK,B5_c1_AACTTTCCAAGAGTCG,NK
B5_c1,,,NK,B5_c1_AAGCCGCTCGTCGTTC,NK
B5_c1,HMN52532,flu,NK,B5_c1_AAGGAGCAGCGTGAAC,NK
B5_c1,,,NK,B5_c1_AAGGCAGAGTGCGATG,NK
B5_c1,,,NK,B5_c1_AAGGTTCAGTACGTAA,NK
B5_c1,,,NK,B5_c1_AATCGGTTCCCTTGCA,NK
B5_c1,,,NK,B5_c1_ACACCCTCAAACAACA,NK
B5_c1,,,NK,B5_c1_ACACCGGAGGGCTTGA,NK
B5_c1,,,NK,B5_c1_ACACCGGTCGTGGTCG,NK
B5_c1,HMN83577,NI,NK,B5_c1_ACAGCTAAGGCTCTTA,NK
B5_c1,HMN83579,flu,NK,B5_c1_ACATACGCAAATACAG,NK
B5_c1,HMN52532,flu,NK,B5_c1_ACATGGTAGGAATTAC,NK
B5_c1,,,NK,B5_c1_ACCAGTAGTAGCTTGT,NK
B5_c1,HMN83579,flu,NK,B5_c1_ACCTTTAAGCTAGTTC,NK
B5_c1,HMN52532,flu,NK,B5_c1_ACGATACCAGCATACT,NK
B5_c1,HMN83579,flu,NK,B5_c1_ACGCAGCCATCGGGTC,NK
B5_c1,HMN83579,flu,NK,B5_c1_ACGCCGAGTGATGCCC,NK
B5_c1,,,NK,B5_c1_ACTATCTGTCAGAGGT,NK
B5_c1,HMN83579,flu,NK,B5_c1_ACTGAACCAAGCGAGT,NK
B5_c1,HMN83579,flu,NK,B5_c1_ACTGAGTTCCAGAAGG,NK
B5_c1,,,NK,B5_c1_ACTGATGGTACAGCAG,NK
B5_c1,,,NK,B5_c1_ACTGTCCCATCCCATC,NK
B5_c1,HMN52532,flu,NK,B5_c1_ACTTACTAGAACAATC,NK
B5_c1,HMN52532,flu,NK,B5_c1_ACTTACTGTAAGCACG,NK
B5_c1,HMN52532,flu,NK,B5_c1_ACTTTCATCCTAGAAC,NK
B5_c1,HMN52532,flu,NK,B5_c1_AGAATAGCAGCATGAG,NK
B5_c1,HMN52532,flu,NK,B5_c1_AGACGTTAGATCCTGT,NK
B5_c1,HMN52532,flu,NK,B5_c1_AGAGCTTCAGACGCCT,NK
B5_c1,HMN83579,flu,NK,B5_c1_AGATCTGAGCCTATGT,NK
B5_c1,,,NK,B5_c1_AGATTGCCATTTGCTT,NK
B5_c1,,,NK,B5_c1_AGCATACGTAAGAGGA,NK
B5_c1,HMN83579,flu,NK,B5_c1_AGCCTAACACAGCGTC,NK
B5_c1,,,NK,B5_c1_AGCGGTCTCCTACAGA,NK
B5_c1,,,NK,B5_c1_AGCTCCTGTATAGGTA,NK
B5_c1,HMN83579,flu,NK,B5_c1_AGCTCTCGTGACGGTA,NK
B5_c1,HMN52532,flu,NK,B5_c1_AGCTTGACACCAGATT,NK
B5_c1,,,NK,B5_c1_AGGGATGGTCGAATCT,NK
B5_c1,,,NK,B5_c1_AGGGATGGTCTCACCT,NK
B5_c1,,,NK,B5_c1_AGTCTTTAGTCGTTTG,NK
B5_c1,,,NK,B5_c1_AGTTGGTCAGTAACGG,NK
B5_c1,HMN52532,flu,NK,B5_c1_ATCACGAGTGTGTGCC,NK
B5_c1,,,NK,B5_c1_ATCACGATCGTTGACA,NK
B5_c1,HMN83579,flu,NK,B5_c1_ATCCACCGTCTCATCC,NK
B5_c1,,,NK,B5_c1_ATCCACCTCTGTGCAA,NK
B5_c1,,,NK,B5_c1_ATCCGAATCAACCATG,NK
B5_c1,,,NK,B5_c1_ATGAGGGCACCGTTGG,NK
B5_c1,,,NK,B5_c1_ATTACTCGTAATCACC,NK
B5_c1,HMN52532,flu,NK,B5_c1_ATTGGTGAGACAAGCC,NK
B5_c1,,,NK,B5_c1_CAACCAACAGTCGATT,NK
B5_c1,,,NK,B5_c1_CAACTAGGTGTATGGG,NK
B5_c1,HMN52532,flu,NK,B5_c1_CAAGATCGTACGAAAT,NK
B5_c1,,,NK,B5_c1_CACAAACCAGAAGCAC,NK
B5_c1,HMN83579,flu,NK,B5_c1_CACACAATCCAAACAC,NK
B5_c1,HMN83579,flu,NK,B5_c1_CACACTCCAAGAAGAG,NK
B5_c1,HMN83574,NI,NK,B5_c1_CACAGTACACTCAGGC,NK
B5_c1,,,NK,B5_c1_CACAGTATCCGGGTGT,NK
B5_c1,,,NK,B5_c1_CACATTTCACGGTGTC,NK
B5_c1,HMN52532,flu,NK,B5_c1_CACATTTCATGCGCAC,NK
B5_c1,HMN52532,flu,NK,B5_c1_CACCACTAGTGCGTGA,NK
B5_c1,HMN52532,flu,NK,B5_c1_CACCACTGTTCCACGG,NK
B5_c1,,,NK,B5_c1_CAGAATCGTACCTACA,NK
B5_c1,,,NK,B5_c1_CAGCATAAGCCACGTC,NK
B5_c1,HMN52532,flu,NK,B5_c1_CAGCGACAGGATGCGT,NK
B5_c1,,,NK,B5_c1_CAGTAACGTACCAGTT,NK
B5_c1,,,NK,B5_c1_CATATTCTCAACACCA,NK
B5_c1,HMN83579,flu,NK,B5_c1_CATCAGAAGTGAAGAG,NK
B5_c1,HMN52532,flu,NK,B5_c1_CATCGAACAAGCGATG,NK
B5_c1,,,NK,B5_c1_CATCGGGGTTCTGTTT,NK
B5_c1,HMN83573,flu,NK,B5_c1_CATCGGGTCAGCAACT,NK
B5_c1,,,NK,B5_c1_CATGCCTTCCAAACAC,NK
B5_c1,HMN83577,NI,NK,B5_c1_CATGGCGCAGTAAGCG,NK
B5_c1,,,NK,B5_c1_CATTATCAGATAGTCA,NK
B5_c1,HMN83579,flu,NK,B5_c1_CCACTACCACGCATCG,NK
B5_c1,HMN83579,flu,NK,B5_c1_CCGGGATGTCAGAATA,NK
B5_c1,HMN83579,flu,NK,B5_c1_CCGTACTTCAGCCTAA,NK
B5_c1,HMN83573,flu,NK,B5_c1_CCGTTCACAATGGAGC,NK
B5_c1,,,NK,B5_c1_CCTACCACACGAAACG,NK
B5_c1,HMN52532,flu,NK,B5_c1_CCTCTGACAGAGCCAA,NK
B5_c1,HMN52532,flu,NK,B5_c1_CCTTACGCAGTTAACC,NK
B5_c1,HMN83579,flu,NK,B5_c1_CGACTTCTCCTCTAGC,NK
B5_c1,HMN83574,NI,NK,B5_c1_CGAGAAGAGAAGGTGA,NK
B5_c1,,,NK,B5_c1_CGATGGCCAGATTGCT,NK
B5_c1,,,NK,B5_c1_CGATGGCTCGCCGTGA,NK
B5_c1,HMN83579,flu,NK,B5_c1_CGATGTATCGTAGGTT,NK
B5_c1,HMN52532,flu,NK,B5_c1_CGGCTAGCACTTCTGC,NK
B5_c1,HMN52532,flu,NK,B5_c1_CGGGTCAAGGGTGTTG,NK
B5_c1,HMN52532,flu,NK,B5_c1_CGGTTAAAGAATTGTG,NK
B5_c1,HMN52532,flu,NK,B5_c1_CGGTTAACAACAACCT,NK
B5_c1,HMN83579,flu,NK,B5_c1_CGTAGGCAGGGTGTTG,NK
B5_c1,,,NK,B5_c1_CGTTGGGAGGTGATTA,NK
B5_c1,HMN52532,flu,NK,B5_c1_CTAAGACAGAATTGTG,NK
B5_c1,,,NK,B5_c1_CTACATTTCGCAAGCC,NK
B5_c1,,,NK,B5_c1_CTCCTAGTCACGGTTA,NK
B5_c1,HMN83579,flu,NK,B5_c1_CTCGAGGCACGCATCG,NK
B5_c1,HMN83573,flu,NK,B5_c1_CTCGGAGGTGTGACCC,NK
B5_c1,,,NK,B5_c1_CTCGTACGTAAACGCG,NK
B5_c1,HMN83579,flu,NK,B5_c1_CTCTACGGTCTGATCA,NK
B5_c1,,,NK,B5_c1_CTGAAACTCTGCTGCT,NK
B5_c1,HMN83573,flu,NK,B5_c1_CTGAAGTCACGGCGTT,NK
B5_c1,,,NK,B5_c1_CTGATCCCAGCTGGCT,NK
B5_c1,,,NK,B5_c1_CTGCGGAAGGATATAC,NK
B5_c1,HMN83573,flu,NK,B5_c1_CTGGTCTTCTCAAGTG,NK
B5_c1,,,NK,B5_c1_CTTAACTTCTGCGACG,NK
B5_c1,,,NK,B5_c1_CTTCTCTCAGTATCTG,NK
B5_c1,HMN52532,flu,NK,B5_c1_CTTCTCTGTTAGGGTG,NK
B5_c1,,,NK,B5_c1_CTTCTCTGTTCACGGC,NK
B5_c1,,,NK,B5_c1_CTTGGCTGTTCCACAA,NK
B5_c1,,,NK,B5_c1_GAAGCAGTCGACGGAA,NK
B5_c1,,,NK,B5_c1_GAATGAAGTGGCGAAT,NK
B5_c1,,,NK,B5_c1_GAATGAATCTAACTCT,NK
B5_c1,,,NK,B5_c1_GACACGCCAAGGTGTG,NK
B5_c1,HMN52532,flu,NK,B5_c1_GACACGCTCCGTAGTA,NK
B5_c1,HMN52532,flu,NK,B5_c1_GACAGAGGTGTGAATA,NK
B5_c1,HMN83579,flu,NK,B5_c1_GACGCGTTCCGCATAA,NK
B5_c1,HMN52532,flu,NK,B5_c1_GACTAACAGGAGTACC,NK
B5_c1,,,NK,B5_c1_GAGGTGAGTTCTGGTA,NK
B5_c1,HMN83573,flu,NK,B5_c1_GAGGTGATCCCTTGCA,NK
B5_c1,HMN83573,flu,NK,B5_c1_GATCGCGCACAGACAG,NK
B5_c1,,,NK,B5_c1_GATCTAGGTAACGCGA,NK
B5_c1,,,NK,B5_c1_GATCTAGGTGACTACT,NK
B5_c1,HMN83579,flu,NK,B5_c1_GATGAGGAGCTCCTCT,NK
B5_c1,,,NK,B5_c1_GCAAACTAGCTCCTTC,NK
B5_c1,,,NK,B5_c1_GCATGATAGCTGTTCA,NK
B5_c1,HMN52532,flu,NK,B5_c1_GCCAAATAGCGCCTTG,NK
B5_c1,HMN52532,flu,NK,B5_c1_GCGACCAAGCGCCTCA,NK
B5_c1,HMN83579,flu,NK,B5_c1_GCGACCATCAATAAGG,NK
B5_c1,HMN52532,flu,NK,B5_c1_GCGCGATTCCGTTGTC,NK
B5_c1,HMN52532,flu,NK,B5_c1_GCTGCAGAGAGCTGCA,NK
B5_c1,,,NK,B5_c1_GCTTCCACAGATCGGA,NK
B5_c1,,,NK,B5_c1_GGACAAGAGTTCGATC,NK
B5_c1,HMN52532,flu,NK,B5_c1_GGCAATTCAAGCTGGA,NK
B5_c1,HMN83579,flu,NK,B5_c1_GGGCATCGTCAAAGAT,NK
B5_c1,,,NK,B5_c1_GGTATTGGTACTCAAC,NK
B5_c1,HMN83573,flu,NK,B5_c1_GGTATTGGTTGATTCG,NK
B5_c1,,,NK,B5_c1_GGTGAAGGTTGTACAC,NK
B5_c1,HMN83579,flu,NK,B5_c1_GGTGTTATCGGCGGTT,NK
B5_c1,HMN52532,flu,NK,B5_c1_GTCAAGTCAAGCCGTC,NK
B5_c1,,,NK,B5_c1_GTCAAGTGTCAGGACA,NK
B5_c1,,,NK,B5_c1_GTCATTTGTGTCTGAT,NK
B5_c1,,,NK,B5_c1_GTCGGGTTCCTTGCCA,NK
B5_c1,HMN83578,NI,NK,B5_c1_GTCGTAACACCGTTGG,NK
B5_c1,,,NK,B5_c1_GTGCGGTCATGGTCTA,NK
B5_c1,HMN83573,flu,NK,B5_c1_GTGTGCGCAGTAAGCG,NK
B5_c1,,,NK,B5_c1_GTTAAGCAGAATGTGT,NK
B5_c1,HMN83573,flu,NK,B5_c1_GTTAAGCAGAGACTTA,NK
B5_c1,HMN52532,flu,NK,B5_c1_GTTCGGGCATCTCGCT,NK
B5_c1,,,NK,B5_c1_TACAGTGAGATCGGGT,NK
B5_c1,,,NK,B5_c1_TACGGGCCATCACAAC,NK
B5_c1,,,NK,B5_c1_TACTCATTCCTGTAGA,NK
B5_c1,HMN83579,flu,NK,B5_c1_TACTCGCGTATGAAAC,NK
B5_c1,HMN83579,flu,NK,B5_c1_TACTTACAGTAGTGCG,NK
B5_c1,HMN52532,flu,NK,B5_c1_TAGACCAAGGGATCTG,NK
B5_c1,,,NK,B5_c1_TAGACCACAATGGTCT,NK
B5_c1,,,NK,B5_c1_TAGAGCTCACCGTTGG,NK
B5_c1,,,NK,B5_c1_TAGCCGGTCCAACCAA,NK
B5_c1,,,NK,B5_c1_TAGGCATCATAGGATA,NK
B5_c1,HMN83573,flu,NK,B5_c1_TATGCCCGTTCCACGG,NK
B5_c1,,,NK,B5_c1_TCAATCTGTAAACACA,NK
B5_c1,HMN83579,flu,NK,B5_c1_TCACGAACAGGAATGC,NK
B5_c1,,,NK,B5_c1_TCAGCTCGTCAGCTAT,NK
B5_c1,HMN83579,flu,NK,B5_c1_TCAGGTATCGTACCGG,NK
B5_c1,,,NK,B5_c1_TCATTTGCATGAACCT,NK
B5_c1,HMN83579,flu,NK,B5_c1_TCGTACCCAGCGTTCG,NK
B5_c1,,,NK,B5_c1_TCTCTAACAGGAATCG,NK
B5_c1,,,NK,B5_c1_TCTCTAACATGCAATC,NK
B5_c1,,,NK,B5_c1_TGGCCAGCAAGGCTCC,NK
B5_c1,HMN83573,flu,NK,B5_c1_TGGCCAGTCTTCTGGC,NK
B5_c1,HMN83573,flu,NK,B5_c1_TGTGGTAGTCATACTG,NK
B5_c1,HMN52532,flu,NK,B5_c1_TGTTCCGGTCCATGAT,NK
B5_c1,HMN83579,flu,NK,B5_c1_TTCTACACACTTAAGC,NK
B5_c1,,,NK,B5_c1_TTGGAACCATGGGAAC,NK
B5_c1,HMN83579,flu,NK,B5_c1_TTGGAACTCCAAATGC,NK
B5_c1,HMN52532,flu,NK,B5_c1_TTGGCAAGTCGGATCC,NK
B5_c1,,,NK,B5_c1_TTGGCAATCCAAGTAC,NK
B5_c1,,,NK,B5_c1_TTGTAGGAGCCCTAAT,NK
B5_c2,,,NK,B5_c2_AAAGATGGTACCCAAT,NK
B5_c2,HMN83577,flu,NK,B5_c2_AAAGATGTCGCCTGAG,NK
B5_c2,,,NK,B5_c2_AAAGTAGGTTTGTTTC,NK
B5_c2,,,NK,B5_c2_AACACGTAGGAGTAGA,NK
B5_c2,,,NK,B5_c2_AACCGCGAGGCCCTTG,NK
B5_c2,HMN83577,flu,NK,B5_c2_AACGTTGCAGCTGTAT,NK
B5_c2,,,NK,B5_c2_AACGTTGCAGGCAGTA,NK
B5_c2,HMN83574,flu,NK,B5_c2_AAGGAGCCAGGTGGAT,NK
B5_c2,HMN83577,flu,NK,B5_c2_AAGTCTGAGTAGCCGA,NK
B5_c2,HMN83574,flu,NK,B5_c2_AATCCAGAGATTACCC,NK
B5_c2,,,NK,B5_c2_ACACTGACAGTAAGCG,NK
B5_c2,HMN83574,flu,NK,B5_c2_ACATGGTAGGTCATCT,NK
B5_c2,HMN83574,flu,NK,B5_c2_ACGAGCCTCAGGTAAA,NK
B5_c2,,,NK,B5_c2_ACGAGCCTCTCTTATG,NK
B5_c2,HMN83578,flu,NK,B5_c2_ACGAGGACAGGGTACA,NK
B5_c2,,,NK,B5_c2_ACGAGGAGTGTTCTTT,NK
B5_c2,HMN83578,flu,NK,B5_c2_ACGATACCAAGAGGCT,NK
B5_c2,HMN83577,flu,NK,B5_c2_ACGCAGCCACCACCAG,NK
B5_c2,HMN83578,flu,NK,B5_c2_ACGCCGAAGGACTGGT,NK
B5_c2,,,NK,B5_c2_ACGGAGATCATAGCAC,NK
B5_c2,,,NK,B5_c2_ACGGGCTAGCCCTAAT,NK
B5_c2,HMN83574,flu,NK,B5_c2_ACGGGCTAGCCTATGT,NK
B5_c2,,,NK,B5_c2_ACGGGCTCATGACATC,NK
B5_c2,,,NK,B5_c2_ACGGGTCAGCCTTGAT,NK
B5_c2,,,NK,B5_c2_ACTGAACTCAACACTG,NK
B5_c2,,,NK,B5_c2_ACTGAGTCAAGAAAGG,NK
B5_c2,HMN83577,flu,NK,B5_c2_ACTGAGTCAATAACGA,NK
B5_c2,HMN83574,flu,NK,B5_c2_ACTTGTTTCTAGCACA,NK
B5_c2,HMN83577,flu,NK,B5_c2_ACTTTCACAATTGCTG,NK
B5_c2,,,NK,B5_c2_AGATCTGCAATGGATA,NK
B5_c2,,,NK,B5_c2_AGATCTGTCTATCCCG,NK
B5_c2,,,NK,B5_c2_AGCATACAGAGGTTAT,NK
B5_c2,HMN83577,flu,NK,B5_c2_AGCGTATAGGCAAAGA,NK
B5_c2,HMN83574,flu,NK,B5_c2_AGGGAGTCACCAGGCT,NK
B5_c2,,,NK,B5_c2_AGGGTGAGTCTAGCCG,NK
B5_c2,HMN83574,flu,NK,B5_c2_AGTCTTTCACAACTGT,NK
B5_c2,,,NK,B5_c2_AGTGGGAGTAAGAGGA,NK
B5_c2,HMN83577,flu,NK,B5_c2_AGTTGGTCAAGACGTG,NK
B5_c2,,,NK,B5_c2_ATAAGAGAGTGGAGTC,NK
B5_c2,,,NK,B5_c2_ATCACGATCTGATTCT,NK
B5_c2,HMN83577,flu,NK,B5_c2_ATCCACCGTTATGTGC,NK
B5_c2,,,NK,B5_c2_ATGCGATTCAGTTTGG,NK
B5_c2,HMN52532,NI,NK,B5_c2_ATTATCCAGTGTCCCG,NK
B5_c2,,,NK,B5_c2_ATTCTACAGTGCGATG,NK
B5_c2,,,NK,B5_c2_ATTCTACGTTGTCGCG,NK
B5_c2,HMN83574,flu,NK,B5_c2_ATTTCTGAGTCCATAC,NK
B5_c2,HMN83577,flu,NK,B5_c2_ATTTCTGGTCAGATAA,NK
B5_c2,,,NK,B5_c2_ATTTCTGTCTTTAGGG,NK
B5_c2,HMN83574,flu,NK,B5_c2_CAACCAATCCGGCACA,NK
B5_c2,,,NK,B5_c2_CAACCTCTCTCGTTTA,NK
B5_c2,HMN83577,flu,NK,B5_c2_CAAGTTGGTCTGGAGA,NK
B5_c2,HMN83574,flu,NK,B5_c2_CAAGTTGGTGTGCGTC,NK
B5_c2,HMN83578,flu,NK,B5_c2_CACAAACGTCTTTCAT,NK
B5_c2,,,NK,B5_c2_CACAGTAAGAATAGGG,NK
B5_c2,HMN83574,flu,NK,B5_c2_CACAGTAGTTGATTCG,NK
B5_c2,,,NK,B5_c2_CACAGTATCACGCATA,NK
B5_c2,,,NK,B5_c2_CACCACTGTGTGCCTG,NK
B5_c2,,,NK,B5_c2_CAGAATCCATATACGC,NK
B5_c2,,,NK,B5_c2_CAGATCACATCGGTTA,NK
B5_c2,HMN83577,flu,NK,B5_c2_CAGATCAGTCGCTTCT,NK
B5_c2,,,NK,B5_c2_CAGCAGCAGAATTCCC,NK
B5_c2,,,NK,B5_c2_CAGCGACGTTGGTGGA,NK
B5_c2,HMN83577,flu,NK,B5_c2_CAGTAACCAGGATCGA,NK
B5_c2,HMN83574,flu,NK,B5_c2_CAGTAACGTCCGCTGA,NK
B5_c2,HMN83574,flu,NK,B5_c2_CATATGGTCTAACTCT,NK
B5_c2,HMN83574,flu,NK,B5_c2_CATCAAGTCTGCTTGC,NK
B5_c2,HMN83577,flu,NK,B5_c2_CATCAGAAGCTGGAAC,NK
B5_c2,HMN83574,flu,NK,B5_c2_CATCAGACAGACGTAG,NK
B5_c2,HMN83574,flu,NK,B5_c2_CATCCACAGCCACGCT,NK
B5_c2,,,NK,B5_c2_CATCGAATCGGATGGA,NK
B5_c2,,,NK,B5_c2_CATCGGGGTACAAGTA,NK
B5_c2,,,NK,B5_c2_CATGACAAGCTCCCAG,NK
B5_c2,,,NK,B5_c2_CATGCCTCACAGATTC,NK
B5_c2,HMN83574,flu,NK,B5_c2_CATGGCGGTGGAAAGA,NK
B5_c2,HMN83574,flu,NK,B5_c2_CATTATCGTTACGTCA,NK
B5_c2,,,NK,B5_c2_CATTATCTCAATACCG,NK
B5_c2,,,NK,B5_c2_CATTCGCTCTTGTCAT,NK
B5_c2,,,NK,B5_c2_CCAATCCCACTAAGTC,NK
B5_c2,HMN83577,flu,NK,B5_c2_CCATGTCTCGCATGGC,NK
B5_c2,,,NK,B5_c2_CCATTCGGTGTTCGAT,NK
B5_c2,HMN83577,flu,NK,B5_c2_CCCAATCAGCTAGTTC,NK
B5_c2,,,NK,B5_c2_CCCAGTTGTTACGTCA,NK
B5_c2,,,NK,B5_c2_CCCAGTTGTTATCCGA,NK
B5_c2,,,NK,B5_c2_CCGGTAGTCGGCTTGG,NK
B5_c2,,,NK,B5_c2_CCGTACTAGGACACCA,NK
B5_c2,HMN83574,flu,NK,B5_c2_CCGTACTCAAGTCATC,NK
B5_c2,,,NK,B5_c2_CCGTACTTCACAGGCC,NK
B5_c2,HMN83574,flu,NK,B5_c2_CCTAGCTCACCGCTAG,NK
B5_c2,,,NK,B5_c2_CCTAGCTTCCCGACTT,NK
B5_c2,,,NK,B5_c2_CCTATTAGTAAGGGAA,NK
B5_c2,HMN83574,flu,NK,B5_c2_CCTCAGTGTGAACCTT,NK
B5_c2,HMN83574,flu,NK,B5_c2_CCTTACGGTAAGAGGA,NK
B5_c2,HMN83574,flu,NK,B5_c2_CCTTCCCCATAACCTG,NK
B5_c2,,,NK,B5_c2_CCTTCGACATTAGCCA,NK
B5_c2,HMN83577,flu,NK,B5_c2_CCTTCGAGTACGCACC,NK
B5_c2,,,NK,B5_c2_CCTTCGATCTTGTCAT,NK
B5_c2,,,NK,B5_c2_CGAATGTAGAAGGCCT,NK
B5_c2,,,NK,B5_c2_CGAATGTGTCTGATTG,NK
B5_c2,,,NK,B5_c2_CGACCTTTCGCTTGTC,NK
B5_c2,HMN83574,flu,NK,B5_c2_CGACTTCAGGTAGCCA,NK
B5_c2,HMN83574,flu,NK,B5_c2_CGAGAAGCAACTTGAC,NK
B5_c2,,,NK,B5_c2_CGAGCCATCCGAGCCA,NK
B5_c2,,,NK,B5_c2_CGATCGGCACATTAGC,NK
B5_c2,HMN83574,flu,NK,B5_c2_CGATGGCCAGGGATTG,NK
B5_c2,HMN83574,flu,NK,B5_c2_CGATGTACAATAGCAA,NK
B5_c2,,,NK,B5_c2_CGCTGGAGTCCGAGTC,NK
B5_c2,,,NK,B5_c2_CGGAGTCCAAGCGCTC,NK
B5_c2,,,NK,B5_c2_CGTAGCGTCGAGCCCA,NK
B5_c2,,,NK,B5_c2_CGTCACTAGAATCTCC,NK
B5_c2,,,NK,B5_c2_CGTCAGGTCCAGTAGT,NK
B5_c2,HMN83574,flu,NK,B5_c2_CGTCTACGTCCATGAT,NK
B5_c2,,,NK,B5_c2_CGTGAGCCAATCACAC,NK
B5_c2,,,NK,B5_c2_CGTGTCTGTGCACTTA,NK
B5_c2,,,NK,B5_c2_CGTTGGGTCCCTTGCA,NK
B5_c2,HMN83577,flu,NK,B5_c2_CTAAGACAGCACCGTC,NK
B5_c2,,,NK,B5_c2_CTACGTCTCGGAATCT,NK
B5_c2,,,NK,B5_c2_CTCACACGTTAGGGTG,NK
B5_c2,,,NK,B5_c2_CTCGAAAAGGCGCTCT,NK
B5_c2,,,NK,B5_c2_CTCGAAACAGGAATCG,NK
B5_c2,,,NK,B5_c2_CTCGAGGGTACGACCC,NK
B5_c2,HMN83578,flu,NK,B5_c2_CTCGGAGAGCCGTCGT,NK
B5_c2,,,NK,B5_c2_CTCGTACCATTAACCG,NK
B5_c2,HMN83574,flu,NK,B5_c2_CTCTAATAGTGAAGAG,NK
B5_c2,,,NK,B5_c2_CTCTAATGTGAGCGAT,NK
B5_c2,HMN83579,NI,NK,B5_c2_CTCTAATGTTCTGTTT,NK
B5_c2,,,NK,B5_c2_CTCTGGTAGATGTCGG,NK
B5_c2,HMN83577,flu,NK,B5_c2_CTCTGGTAGGTAGCTG,NK
B5_c2,HMN83574,flu,NK,B5_c2_CTGAAACGTGCGAAAC,NK
B5_c2,HMN83577,flu,NK,B5_c2_CTGATAGAGAAAGTGG,NK
B5_c2,,,NK,B5_c2_CTGCCTAGTCCAGTTA,NK
B5_c2,,,NK,B5_c2_CTGCGGAGTACTTGAC,NK
B5_c2,,,NK,B5_c2_CTGCGGAGTGTAACGG,NK
B5_c2,,,NK,B5_c2_CTGCTGTAGAGATGAG,NK
B5_c2,,,NK,B5_c2_CTGTTTAAGTTATCGC,NK
B5_c2,,,NK,B5_c2_CTTAACTTCAACGGCC,NK
B5_c2,HMN83577,flu,NK,B5_c2_CTTACCGCATGAAGTA,NK
B5_c2,,,NK,B5_c2_CTTAGGATCGTTGACA,NK
B5_c2,HMN83574,flu,NK,B5_c2_CTTCTCTCATAGACTC,NK
B5_c2,HMN83577,flu,NK,B5_c2_GAAGCAGAGACAGGCT,NK
B5_c2,HMN83578,flu,NK,B5_c2_GAAGCAGGTAAAGTCA,NK
B5_c2,,,NK,B5_c2_GAATAAGAGGCTAGGT,NK
B5_c2,,,NK,B5_c2_GAATAAGGTGCCTGCA,NK
B5_c2,HMN83574,flu,NK,B5_c2_GACACGCCAACACCTA,NK
B5_c2,,,NK,B5_c2_GACACGCTCAAACCGT,NK
B5_c2,HMN83574,flu,NK,B5_c2_GACCAATAGGAGTACC,NK
B5_c2,,,NK,B5_c2_GACCAATAGTCTTGCA,NK
B5_c2,,,NK,B5_c2_GACCAATTCTGACCTC,NK
B5_c2,,,NK,B5_c2_GACTAACAGGTGATTA,NK
B5_c2,,,NK,B5_c2_GACTACAGTCTCCACT,NK
B5_c2,HMN83574,flu,NK,B5_c2_GAGGTGATCCTCAACC,NK
B5_c2,,,NK,B5_c2_GAGTCCGGTCAGAATA,NK
B5_c2,,,NK,B5_c2_GATCGATGTACGCACC,NK
B5_c2,HMN83574,flu,NK,B5_c2_GATCGATTCGCGTAGC,NK
B5_c2,,,NK,B5_c2_GATCGCGGTGAAGGCT,NK
B5_c2,,,NK,B5_c2_GATCTAGAGTATCGAA,NK
B5_c2,HMN83574,flu,NK,B5_c2_GATGAAAAGGACACCA,NK
B5_c2,HMN83574,flu,NK,B5_c2_GATGAGGCAAACTGTC,NK
B5_c2,HMN83577,flu,NK,B5_c2_GATGAGGTCAAACGGG,NK
B5_c2,HMN83577,flu,NK,B5_c2_GCAATCACAGACACTT,NK
B5_c2,,,NK,B5_c2_GCACATACAGTGAGTG,NK
B5_c2,HMN83577,flu,NK,B5_c2_GCAGCCACAATGGATA,NK
B5_c2,,,NK,B5_c2_GCATGATCATCAGTAC,NK
B5_c2,HMN83577,flu,NK,B5_c2_GCCAAATAGGGTATCG,NK
B5_c2,,,NK,B5_c2_GCCTCTACAATGTAAG,NK
B5_c2,,,NK,B5_c2_GCGACCAGTAGCGTCC,NK
B5_c2,,,NK,B5_c2_GCGCAGTCAGGGAGAG,NK
B5_c2,,,NK,B5_c2_GCGCGATGTACACCGC,NK
B5_c2,HMN83574,flu,NK,B5_c2_GCTCCTAGTCCAGTGC,NK
B5_c2,,,NK,B5_c2_GCTCTGTCAAGCCATT,NK
B5_c2,,,NK,B5_c2_GCTGCGACATCACGAT,NK
B5_c2,,,NK,B5_c2_GCTGCGAGTTGGGACA,NK
B5_c2,HMN83574,flu,NK,B5_c2_GCTTCCAAGGATTCGG,NK
B5_c2,HMN83574,flu,NK,B5_c2_GCTTCCAAGGCTAGCA,NK
B5_c2,HMN83574,flu,NK,B5_c2_GCTTGAAGTAGGGTAC,NK
B5_c2,,,NK,B5_c2_GGAATAACATCGATTG,NK
B5_c2,,,NK,B5_c2_GGACAGACATGTTCCC,NK
B5_c2,,,NK,B5_c2_GGACGTCTCGCATGAT,NK
B5_c2,HMN83577,flu,NK,B5_c2_GGACGTCTCGCATGGC,NK
B5_c2,HMN83574,flu,NK,B5_c2_GGAGCAAGTCCAGTTA,NK
B5_c2,,,NK,B5_c2_GGATGTTCACCTCGTT,NK
B5_c2,,,NK,B5_c2_GGCGTGTAGCAGGTCA,NK
B5_c2,,,NK,B5_c2_GGGAGATCATTCGACA,NK
B5_c2,HMN83574,flu,NK,B5_c2_GGGTCTGGTACAAGTA,NK
B5_c2,HMN83574,flu,NK,B5_c2_GGGTTGCCAGCAGTTT,NK
B5_c2,,,NK,B5_c2_GTAACGTAGGCAGGTT,NK
B5_c2,HMN83577,flu,NK,B5_c2_GTACGTAAGATGAGAG,NK
B5_c2,,,NK,B5_c2_GTACGTAAGGAACTGC,NK
B5_c2,HMN83574,flu,NK,B5_c2_GTAGGCCAGTGCGTGA,NK
B5_c2,,,NK,B5_c2_GTAGGCCCAAGCCATT,NK
B5_c2,,,NK,B5_c2_GTATCTTCAGCTCGCA,NK
B5_c2,,,NK,B5_c2_GTATCTTCAGTATCTG,NK
B5_c2,,,NK,B5_c2_GTATTCTGTATAGGTA,NK
B5_c2,,,NK,B5_c2_GTCAAGTCAATCGAAA,NK
B5_c2,,,NK,B5_c2_GTCAAGTGTCATACTG,NK
B5_c2,,,NK,B5_c2_GTCACGGAGTGGACGT,NK
B5_c2,,,NK,B5_c2_GTCCTCACATGTAGTC,NK
B5_c2,HMN83574,flu,NK,B5_c2_GTCCTCATCCGTAGTA,NK
B5_c2,,,NK,B5_c2_GTCGGGTAGCACCGCT,NK
B5_c2,HMN83577,flu,NK,B5_c2_GTCGGGTGTTCAACCA,NK
B5_c2,,,NK,B5_c2_GTCTCGTAGGAACTGC,NK
B5_c2,HMN83574,flu,NK,B5_c2_GTCTCGTAGTACGCCC,NK
B5_c2,HMN83574,flu,NK,B5_c2_GTGAAGGGTCTCCACT,NK
B5_c2,HMN83577,flu,NK,B5_c2_GTGCATACAGGAATCG,NK
B5_c2,HMN83577,flu,NK,B5_c2_GTGGGTCCACGGCGTT,NK
B5_c2,,,NK,B5_c2_GTGGGTCTCAATCTCT,NK
B5_c2,HMN83578,flu,NK,B5_c2_GTTACAGTCTCTGAGA,NK
B5_c2,HMN83574,flu,NK,B5_c2_GTTCTCGGTTTGACTG,NK
B5_c2,HMN83574,flu,NK,B5_c2_TAAGCGTGTACGAAAT,NK
B5_c2,HMN83574,flu,NK,B5_c2_TAAGCGTGTCATCGGC,NK
B5_c2,,,NK,B5_c2_TAAGTGCAGTAGATGT,NK
B5_c2,HMN83574,flu,NK,B5_c2_TACCTTAGTCGCGGTT,NK
B5_c2,,,NK,B5_c2_TACGGGCTCTTGCATT,NK
B5_c2,HMN83574,flu,NK,B5_c2_TAGAGCTTCTAACTGG,NK
B5_c2,,,NK,B5_c2_TAGGCATAGCAATCTC,NK
B5_c2,,,NK,B5_c2_TAGTGGTTCGAATGCT,NK
B5_c2,,,NK,B5_c2_TAGTGGTTCTAAGCCA,NK
B5_c2,,,NK,B5_c2_TATCTCAAGTCCCACG,NK
B5_c2,,,NK,B5_c2_TATGCCCAGAATTCCC,NK
B5_c2,HMN83578,flu,NK,B5_c2_TATGCCCGTTGGAGGT,NK
B5_c2,HMN83574,flu,NK,B5_c2_TATTACCAGCTGTTCA,NK
B5_c2,,,NK,B5_c2_TCACAAGTCAACCAAC,NK
B5_c2,,,NK,B5_c2_TCACGAAAGATGCCTT,NK
B5_c2,,,NK,B5_c2_TCACGAATCTCACATT,NK
B5_c2,,,NK,B5_c2_TCAGCAACAAGCGAGT,NK
B5_c2,,,NK,B5_c2_TCAGCTCGTCTTGATG,NK
B5_c2,,,NK,B5_c2_TCAGGATAGTGTACGG,NK
B5_c2,,,NK,B5_c2_TCAGGATGTTCGCGAC,NK
B5_c2,,,NK,B5_c2_TCATTACAGTGTACTC,NK
B5_c2,HMN83577,flu,NK,B5_c2_TCGAGGCGTCGGCTCA,NK
B5_c2,HMN83574,flu,NK,B5_c2_TCGCGTTTCCAGTATG,NK
B5_c2,HMN83578,flu,NK,B5_c2_TGAAAGAAGAGCTATA,NK
B5_c2,,,NK,B5_c2_TGATTTCAGAAGGCCT,NK
B5_c2,,,NK,B5_c2_TGCCCATCATGCCCGA,NK
B5_c2,,,NK,B5_c2_TGCGCAGGTCAGAAGC,NK
B5_c2,HMN83577,flu,NK,B5_c2_TGGCCAGTCTCTGTCG,NK
B5_c2,,,NK,B5_c2_TGGCCAGTCTTCGAGA,NK
B5_c2,,,NK,B5_c2_TGGCGCACACGGCTAC,NK
B5_c2,,,NK,B5_c2_TGGGAAGGTACCTACA,NK
B5_c2,,,NK,B5_c2_TGTCCCACAACTGCTA,NK
B5_c2,,,NK,B5_c2_TGTGGTATCGTGGGAA,NK
B5_c2,HMN83574,flu,NK,B5_c2_TGTTCCGAGGCACATG,NK
B5_c2,HMN83579,NI,NK,B5_c2_TGTTCCGTCAATCACG,NK
B5_c2,,,NK,B5_c2_TTAGGACTCTAAGCCA,NK
B5_c2,,,NK,B5_c2_TTAGGCACAGACGTAG,NK
B5_c2,,,NK,B5_c2_TTAGTTCGTATAGTAG,NK
B5_c2,,,NK,B5_c2_TTCTCAAGTCTGATTG,NK
B5_c2,HMN83574,flu,NK,B5_c2_TTCTCCTTCCTTAATC,NK
B5_c2,,,NK,B5_c2_TTGAACGAGGCTAGGT,NK
B5_c2,HMN83578,flu,NK,B5_c2_TTTATGCGTTAAAGTG,NK
B5_c2,,,NK,B5_c2_TTTATGCTCTTGCAAG,NK
B5_c2,,,NK,B5_c2_TTTGGTTTCGACGGAA,NK
B6_c1,,,NK,B6_c1_AAACCTGCAGACGTAG,NK
B6_c1,HMN52534,flu,NK,B6_c1_AAACGGGAGGCTAGAC,NK
B6_c1,HMN52536,flu,NK,B6_c1_AAAGATGCACCTTGTC,NK
B6_c1,HMN52537,flu,NK,B6_c1_AAAGTAGTCAGCCTAA,NK
B6_c1,HMN52534,flu,NK,B6_c1_AAATGCCAGTTGAGAT,NK
B6_c1,,,NK,B6_c1_AAATGCCCATATGAGA,NK
B6_c1,,,NK,B6_c1_AACACGTCAATCCGAT,NK
B6_c1,,,NK,B6_c1_AACTTTCAGAGACTAT,NK
B6_c1,,,NK,B6_c1_AACTTTCGTTCGTTGA,NK
B6_c1,HMN52537,flu,NK,B6_c1_AAGACCTGTCAACTGT,NK
B6_c1,,,NK,B6_c1_AAGTCTGGTATAGGTA,NK
B6_c1,,,NK,B6_c1_AATCGGTCACATTAGC,NK
B6_c1,HMN52534,flu,NK,B6_c1_ACACCAACAAACGCGA,NK
B6_c1,,,NK,B6_c1_ACACCAATCTCGCATC,NK
B6_c1,,,NK,B6_c1_ACATACGTCTACCAGA,NK
B6_c1,HMN83580,NI,NK,B6_c1_ACATCAGGTTCGCGAC,NK
B6_c1,,,NK,B6_c1_ACATGGTGTGAAAGAG,NK
B6_c1,,,NK,B6_c1_ACATGGTGTTAGAACA,NK
B6_c1,HMN52536,flu,NK,B6_c1_ACCGTAATCCACGACG,NK
B6_c1,,,NK,B6_c1_ACGATGTGTTGTTTGG,NK
B6_c1,HMN52536,flu,NK,B6_c1_ACGCCGAGTAGCGATG,NK
B6_c1,,,NK,B6_c1_ACGGCCAAGATCACGG,NK
B6_c1,HMN52536,flu,NK,B6_c1_ACGGCCAAGCGACGTA,NK
B6_c1,HMN52536,flu,NK,B6_c1_ACGGGCTAGGGTCTCC,NK
B6_c1,HMN52534,flu,NK,B6_c1_ACGGGTCAGCGTTTAC,NK
B6_c1,HMN52534,flu,NK,B6_c1_ACGGGTCCATGCCTAA,NK
B6_c1,,,NK,B6_c1_ACGGGTCTCACTATTC,NK
B6_c1,HMN52534,flu,NK,B6_c1_ACTGAGTTCCAGAGGA,NK
B6_c1,,,NK,B6_c1_ACTGTCCTCATTTGGG,NK
B6_c1,HMN52536,flu,NK,B6_c1_ACTTACTAGAGAACAG,NK
B6_c1,,,NK,B6_c1_ACTTGTTCACATCTTT,NK
B6_c1,HMN52536,flu,NK,B6_c1_ACTTGTTGTGGTTTCA,NK
B6_c1,HMN52536,flu,NK,B6_c1_ACTTGTTTCAACGAAA,NK
B6_c1,HMN52534,flu,NK,B6_c1_AGACGTTTCAAACGGG,NK
B6_c1,,,NK,B6_c1_AGATTGCCAGTCGTGC,NK
B6_c1,,,NK,B6_c1_AGCAGCCAGTACATGA,NK
B6_c1,HMN52537,flu,NK,B6_c1_AGCAGCCCAAAGCAAT,NK
B6_c1,HMN52537,flu,NK,B6_c1_AGCCTAAGTATGCTTG,NK
B6_c1,,,NK,B6_c1_AGGCCACCAGATGAGC,NK
B6_c1,,,NK,B6_c1_AGGCCACGTACCCAAT,NK
B6_c1,HMN52537,flu,NK,B6_c1_AGGCCACGTCTGCCAG,NK
B6_c1,HMN52536,flu,NK,B6_c1_AGGGAGTAGAAGGTGA,NK
B6_c1,HMN52536,flu,NK,B6_c1_AGGGAGTGTGCACCAC,NK
B6_c1,,,NK,B6_c1_AGGTCATAGGTGATTA,NK
B6_c1,HMN52534,flu,NK,B6_c1_AGGTCATGTCTCTTTA,NK
B6_c1,,,NK,B6_c1_AGGTCCGAGCCTCGTG,NK
B6_c1,HMN52534,flu,NK,B6_c1_AGTAGTCCACAGCGTC,NK
B6_c1,,,NK,B6_c1_AGTGGGAAGTTAAGTG,NK
B6_c1,HMN52537,flu,NK,B6_c1_AGTGGGACATATACGC,NK
B6_c1,HMN52536,flu,NK,B6_c1_AGTGGGAGTAAATGTG,NK
B6_c1,,,NK,B6_c1_ATAGACCAGCGGCTTC,NK
B6_c1,,,NK,B6_c1_ATAGACCGTGTTCTTT,NK
B6_c1,HMN83580,NI,NK,B6_c1_ATCACGATCACTTCAT,NK
B6_c1,HMN52536,flu,NK,B6_c1_ATCATCTCAATGTTGC,NK
B6_c1,HMN52534,flu,NK,B6_c1_ATCCGAAAGAGGTAGA,NK
B6_c1,HMN83580,NI,NK,B6_c1_ATGGGAGAGCTGTTCA,NK
B6_c1,,,NK,B6_c1_ATTATCCAGTGAACAT,NK
B6_c1,,,NK,B6_c1_CAACCAACATCCTTGC,NK
B6_c1,,,NK,B6_c1_CAACCAATCCTTTACA,NK
B6_c1,HMN52534,flu,NK,B6_c1_CAACTAGAGGGCTCTC,NK
B6_c1,HMN52534,flu,NK,B6_c1_CAACTAGGTATTACCG,NK
B6_c1,,,NK,B6_c1_CAAGGCCTCTGCGGCA,NK
B6_c1,HMN52534,flu,NK,B6_c1_CAAGTTGAGTATCTCG,NK
B6_c1,,,NK,B6_c1_CACACAAGTTATCGGT,NK
B6_c1,,,NK,B6_c1_CACATTTAGCCCTAAT,NK
B6_c1,,,NK,B6_c1_CACCACTTCTTGTCAT,NK
B6_c1,,,NK,B6_c1_CACCAGGCAGACGCAA,NK
B6_c1,HMN52537,flu,NK,B6_c1_CAGCGACGTGCGAAAC,NK
B6_c1,HMN52534,flu,NK,B6_c1_CATATGGAGAGGTTGC,NK
B6_c1,,,NK,B6_c1_CATCAAGCAACACGCC,NK
B6_c1,,,NK,B6_c1_CATCAGAGTTATTCTC,NK
B6_c1,,,NK,B6_c1_CCAATCCGTTCCACGG,NK
B6_c1,HMN52534,flu,NK,B6_c1_CCACCTAGTGTTCTTT,NK
B6_c1,HMN52536,flu,NK,B6_c1_CCACTACCACTGCCAG,NK
B6_c1,,,NK,B6_c1_CCACTACGTCTAGCGC,NK
B6_c1,HMN52534,flu,NK,B6_c1_CCAGCGAAGCGATATA,NK
B6_c1,,,NK,B6_c1_CCAGCGAGTAAGGGAA,NK
B6_c1,,,NK,B6_c1_CCGTACTAGAAAGTGG,NK
B6_c1,,,NK,B6_c1_CCGTTCAAGATGTCGG,NK
B6_c1,HMN52537,flu,NK,B6_c1_CCGTTCAGTCGAGATG,NK
B6_c1,,,NK,B6_c1_CCTACACGTCGCATCG,NK
B6_c1,HMN52534,flu,NK,B6_c1_CCTACCAGTCCATGAT,NK
B6_c1,,,NK,B6_c1_CCTAGCTGTGTCGCTG,NK
B6_c1,HMN83580,NI,NK,B6_c1_CCTAGCTTCAGTGCAT,NK
B6_c1,,,NK,B6_c1_CCTAGCTTCTCGGACG,NK
B6_c1,,,NK,B6_c1_CCTCAGTGTATCTGCA,NK
B6_c1,HMN52536,flu,NK,B6_c1_CCTTCCCGTAGGGACT,NK
B6_c1,HMN52536,flu,NK,B6_c1_CCTTTCTTCCTGCCAT,NK
B6_c1,HMN52534,flu,NK,B6_c1_CGAACATGTTACAGAA,NK
B6_c1,HMN83580,NI,NK,B6_c1_CGACTTCAGGTGCAAC,NK
B6_c1,,,NK,B6_c1_CGAGAAGGTTGCGTTA,NK
B6_c1,,,NK,B6_c1_CGATGTACAGCCAATT,NK
B6_c1,,,NK,B6_c1_CGATTGACAGTGGAGT,NK
B6_c1,,,NK,B6_c1_CGCGTTTGTGCTAGCC,NK
B6_c1,HMN52538,NI,NK,B6_c1_CGCTGGATCCGCATAA,NK
B6_c1,,,NK,B6_c1_CGGACACCAGCTCCGA,NK
B6_c1,,,NK,B6_c1_CGGGTCACAGCATGAG,NK
B6_c1,HMN52534,flu,NK,B6_c1_CGTAGCGAGGCGACAT,NK
B6_c1,HMN52534,flu,NK,B6_c1_CGTCCATCAGGTCGTC,NK
B6_c1,,,NK,B6_c1_CGTCCATTCTACTATC,NK
B6_c1,,,NK,B6_c1_CGTGTCTTCTCAAGTG,NK
B6_c1,HMN83580,NI,NK,B6_c1_CTACACCTCTGGTTCC,NK
B6_c1,,,NK,B6_c1_CTACCCACATACGCTA,NK
B6_c1,,,NK,B6_c1_CTACGTCAGCTAAACA,NK
B6_c1,HMN52537,flu,NK,B6_c1_CTACGTCTCAGCTGGC,NK
B6_c1,,,NK,B6_c1_CTCAGAACATGAGCGA,NK
B6_c1,HMN52534,flu,NK,B6_c1_CTCGGAGGTACAGTGG,NK
B6_c1,HMN52536,flu,NK,B6_c1_CTCGGAGTCCCACTTG,NK
B6_c1,HMN52536,flu,NK,B6_c1_CTCGGGACAATAGCGG,NK
B6_c1,HMN52534,flu,NK,B6_c1_CTGCGGAGTCTAGGTT,NK
B6_c1,,,NK,B6_c1_CTGCTGTTCTTGACGA,NK
B6_c1,,,NK,B6_c1_CTGTGCTAGATATGGT,NK
B6_c1,HMN83580,NI,NK,B6_c1_CTTACCGTCCTGTACC,NK
B6_c1,,,NK,B6_c1_CTTAGGAGTGGCGAAT,NK
B6_c1,HMN52534,flu,NK,B6_c1_CTTTGCGGTGACGGTA,NK
B6_c1,,,NK,B6_c1_CTTTGCGTCCCGACTT,NK
B6_c1,HMN52534,flu,NK,B6_c1_GAAACTCCAGCCAGAA,NK
B6_c1,HMN83580,NI,NK,B6_c1_GAAATGAAGGTACTCT,NK
B6_c1,,,NK,B6_c1_GAAATGATCTCAAACG,NK
B6_c1,HMN52538,NI,NK,B6_c1_GACACGCGTCTAGCCG,NK
B6_c1,,,NK,B6_c1_GACAGAGGTAAGGGAA,NK
B6_c1,,,NK,B6_c1_GACCTGGAGTGACATA,NK
B6_c1,,,NK,B6_c1_GACGGCTCAATTCCTT,NK
B6_c1,,,NK,B6_c1_GACGTGCAGGCAATTA,NK
B6_c1,,,NK,B6_c1_GACGTGCCAATAGAGT,NK
B6_c1,HMN52534,flu,NK,B6_c1_GACTACATCAAGAAGT,NK
B6_c1,,,NK,B6_c1_GACTACATCTCCAACC,NK
B6_c1,,,NK,B6_c1_GACTGCGGTGTCAATC,NK
B6_c1,,,NK,B6_c1_GAGTCCGTCTTACCGC,NK
B6_c1,,,NK,B6_c1_GATCGTACAATTGCTG,NK
B6_c1,,,NK,B6_c1_GATGAAAAGTGCAAGC,NK
B6_c1,HMN52537,flu,NK,B6_c1_GATGCTAGTTACAGAA,NK
B6_c1,,,NK,B6_c1_GCAATCAAGGCAAAGA,NK
B6_c1,HMN52536,flu,NK,B6_c1_GCACATACATCAGTCA,NK
B6_c1,,,NK,B6_c1_GCACTCTGTGCACTTA,NK
B6_c1,,,NK,B6_c1_GCATACATCGACAGCC,NK
B6_c1,HMN52534,flu,NK,B6_c1_GCATGCGTCGAACTGT,NK
B6_c1,HMN52536,flu,NK,B6_c1_GCCAAATAGAAACCTA,NK
B6_c1,,,NK,B6_c1_GCCAAATAGATCGATA,NK
B6_c1,,,NK,B6_c1_GCCAAATGTGTTCGAT,NK
B6_c1,,,NK,B6_c1_GCGCAGTGTACGCTGC,NK
B6_c1,,,NK,B6_c1_GCTCCTAAGCGAAGGG,NK
B6_c1,HMN52536,flu,NK,B6_c1_GCTCCTATCAGCTCGG,NK
B6_c1,,,NK,B6_c1_GCTCTGTCAGCAGTTT,NK
B6_c1,HMN52534,flu,NK,B6_c1_GCTGCAGCAGGATTGG,NK
B6_c1,HMN52537,flu,NK,B6_c1_GCTTGAATCCATGCTC,NK
B6_c1,HMN52534,flu,NK,B6_c1_GCTTGAATCCCTTGCA,NK
B6_c1,HMN52538,NI,NK,B6_c1_GGAAAGCTCCTCAACC,NK
B6_c1,HMN83580,NI,NK,B6_c1_GGACAAGAGGCATTGG,NK
B6_c1,HMN52536,flu,NK,B6_c1_GGACGTCAGCGGATCA,NK
B6_c1,,,NK,B6_c1_GGATGTTGTTGTTTGG,NK
B6_c1,,,NK,B6_c1_GGCCGATAGATGCCTT,NK
B6_c1,HMN83580,NI,NK,B6_c1_GGCCGATCAGTACACT,NK
B6_c1,HMN52534,flu,NK,B6_c1_GGCTCGAGTCGGCACT,NK
B6_c1,HMN52534,flu,NK,B6_c1_GGGAGATAGCTCCTTC,NK
B6_c1,,,NK,B6_c1_GGGTTGCTCACGGTTA,NK
B6_c1,HMN52536,flu,NK,B6_c1_GGTGAAGTCATTCACT,NK
B6_c1,HMN52536,flu,NK,B6_c1_GTACTTTTCAGTTGAC,NK
B6_c1,,,NK,B6_c1_GTCACGGGTATCGCAT,NK
B6_c1,,,NK,B6_c1_GTCATTTAGCTAACTC,NK
B6_c1,,,NK,B6_c1_GTCCTCATCCAGTAGT,NK
B6_c1,,,NK,B6_c1_GTCGGGTAGGCTAGAC,NK
B6_c1,HMN52537,flu,NK,B6_c1_GTCGGGTCAGGCAGTA,NK
B6_c1,HMN52537,flu,NK,B6_c1_GTCGGGTCATCTACGA,NK
B6_c1,,,NK,B6_c1_GTCGTAACAAAGCAAT,NK
B6_c1,,,NK,B6_c1_GTCTCGTAGATGTAAC,NK
B6_c1,HMN52537,flu,NK,B6_c1_GTCTTCGCATACCATG,NK
B6_c1,HMN52536,flu,NK,B6_c1_GTGCAGCAGTTAACGA,NK
B6_c1,,,NK,B6_c1_GTGGGTCGTCGCGGTT,NK
B6_c1,HMN52537,flu,NK,B6_c1_GTGTGCGGTCTAAACC,NK
B6_c1,,,NK,B6_c1_GTTACAGAGCTGGAAC,NK
B6_c1,,,NK,B6_c1_GTTCATTAGGCAAAGA,NK
B6_c1,,,NK,B6_c1_GTTCATTGTCTCTTAT,NK
B6_c1,,,NK,B6_c1_GTTCTCGCATTAGCCA,NK
B6_c1,,,NK,B6_c1_TAAACCGTCAGTGCAT,NK
B6_c1,HMN52534,flu,NK,B6_c1_TAAGAGATCTAGCACA,NK
B6_c1,HMN52536,flu,NK,B6_c1_TACACGAAGGCCATAG,NK
B6_c1,,,NK,B6_c1_TACAGTGCATAGTAAG,NK
B6_c1,,,NK,B6_c1_TACCTATGTAAACCTC,NK
B6_c1,HMN52534,flu,NK,B6_c1_TACTTACCAGCGTTCG,NK
B6_c1,,,NK,B6_c1_TAGAGCTCAGCTCGCA,NK
B6_c1,HMN52534,flu,NK,B6_c1_TAGCCGGGTCAGAATA,NK
B6_c1,,,NK,B6_c1_TAGGCATCAAATCCGT,NK
B6_c1,HMN83580,NI,NK,B6_c1_TCAATCTAGAGCTATA,NK
B6_c1,,,NK,B6_c1_TCACAAGAGCAATCTC,NK
B6_c1,,,NK,B6_c1_TCACAAGGTCTAGCGC,NK
B6_c1,,,NK,B6_c1_TCACGAAGTACTTGAC,NK
B6_c1,HMN52537,flu,NK,B6_c1_TCAGCAACATGACGGA,NK
B6_c1,HMN52534,flu,NK,B6_c1_TCAGCTCTCCGCGCAA,NK
B6_c1,HMN52537,flu,NK,B6_c1_TCATTACTCGGGAGTA,NK
B6_c1,,,NK,B6_c1_TCCACACAGTCGTACT,NK
B6_c1,,,NK,B6_c1_TCGGTAAGTTGATTCG,NK
B6_c1,HMN52536,flu,NK,B6_c1_TCTCATACAATGTAAG,NK
B6_c1,,,NK,B6_c1_TCTCATACAGGGCATA,NK
B6_c1,,,NK,B6_c1_TCTCTAATCTTGTACT,NK
B6_c1,,,NK,B6_c1_TCTGGAATCTGTACGA,NK
B6_c1,HMN52534,flu,NK,B6_c1_TGAAAGACAATGGAAT,NK
B6_c1,HMN52537,flu,NK,B6_c1_TGACAACAGACTACAA,NK
B6_c1,,,NK,B6_c1_TGAGCATAGATAGGAG,NK
B6_c1,HMN52534,flu,NK,B6_c1_TGAGGGATCATCTGTT,NK
B6_c1,HMN52534,flu,NK,B6_c1_TGCCAAACAGTACACT,NK
B6_c1,,,NK,B6_c1_TGCCCATGTTAAAGAC,NK
B6_c1,,,NK,B6_c1_TGCCCATTCATCATTC,NK
B6_c1,,,NK,B6_c1_TGCGGGTCATAGGATA,NK
B6_c1,,,NK,B6_c1_TGGCGCACACCTCGGA,NK
B6_c1,,,NK,B6_c1_TGGGAAGAGTAACCCT,NK
B6_c1,,,NK,B6_c1_TGGGCGTTCTAGCACA,NK
B6_c1,HMN52536,flu,NK,B6_c1_TTAACTCGTCCCGACA,NK
B6_c1,,,NK,B6_c1_TTAGGACGTGACCAAG,NK
B6_c1,,,NK,B6_c1_TTAGGACGTTCAGTAC,NK
B6_c1,,,NK,B6_c1_TTAGGCATCGCAAACT,NK
B6_c1,HMN52537,flu,NK,B6_c1_TTCGGTCGTCACACGC,NK
B6_c1,,,NK,B6_c1_TTGCCGTCAAAGCGGT,NK
B6_c1,HMN52534,flu,NK,B6_c1_TTGCGTCAGCCACTAT,NK
B6_c1,HMN52534,flu,NK,B6_c1_TTTGCGCTCGCAAACT,NK
B6_c1,,,NK,B6_c1_TTTGGTTGTTAAAGTG,NK
B6_c1,,,NK,B6_c1_TTTGTCAAGTTGTAGA,NK
B6_c1,,,NK,B6_c1_TTTGTCACAATCACAC,NK
B6_c1,,,NK,B6_c1_TTTGTCACATGAAGTA,NK
B6_c2,,,NK,B6_c2_AAACGGGTCACAGTAC,NK
B6_c2,,,NK,B6_c2_AAAGTAGAGCATCATC,NK
B6_c2,HMN52538,flu,NK,B6_c2_AACCGCGAGAAGATTC,NK
B6_c2,HMN52534,NI,NK,B6_c2_AAGGAGCAGCTACCGC,NK
B6_c2,HMN52538,flu,NK,B6_c2_AATCCAGTCAACACTG,NK
B6_c2,HMN83580,flu,NK,B6_c2_ACAGCCGAGGCTCTTA,NK
B6_c2,,,NK,B6_c2_ACATCAGAGTACGACG,NK
B6_c2,,,NK,B6_c2_ACCCACTAGCGATGAC,NK
B6_c2,,,NK,B6_c2_ACGGAGATCCGTCATC,NK
B6_c2,HMN52538,flu,NK,B6_c2_ACTATCTGTCATGCCG,NK
B6_c2,HMN52538,flu,NK,B6_c2_ACTGATGTCGATCCCT,NK
B6_c2,,,NK,B6_c2_ACTGATGTCTGGTGTA,NK
B6_c2,HMN52533,flu,NK,B6_c2_AGAATAGGTAGCTGCC,NK
B6_c2,HMN83580,flu,NK,B6_c2_AGAGCTTCAGATGGCA,NK
B6_c2,,,NK,B6_c2_AGATCTGCAAGCCATT,NK
B6_c2,HMN52533,flu,NK,B6_c2_AGATTGCGTCACACGC,NK
B6_c2,HMN52538,flu,NK,B6_c2_AGCTTGATCTATCCTA,NK
B6_c2,HMN83580,flu,NK,B6_c2_AGGGAGTAGGTAGCTG,NK
B6_c2,,,NK,B6_c2_AGGTCCGGTGGTACAG,NK
B6_c2,,,NK,B6_c2_AGTGAGGCATATGCTG,NK
B6_c2,,,NK,B6_c2_ATCACGAAGGAGCGTT,NK
B6_c2,HMN52533,flu,NK,B6_c2_ATCATCTCAGACAAGC,NK
B6_c2,HMN52533,flu,NK,B6_c2_ATCATGGGTGAGCGAT,NK
B6_c2,,,NK,B6_c2_ATCCGAAAGATACACA,NK
B6_c2,HMN52533,flu,NK,B6_c2_ATGTGTGTCTGCTTGC,NK
B6_c2,HMN52533,flu,NK,B6_c2_CAACCTCGTGCAACGA,NK
B6_c2,HMN52538,flu,NK,B6_c2_CAACTAGTCTTAGAGC,NK
B6_c2,HMN52537,NI,NK,B6_c2_CAAGATCCATGTCTCC,NK
B6_c2,HMN52538,flu,NK,B6_c2_CACAGTAGTCCGCTGA,NK
B6_c2,,,NK,B6_c2_CACATTTTCCAGAGGA,NK
B6_c2,,,NK,B6_c2_CACATTTTCGAACTGT,NK
B6_c2,HMN52538,flu,NK,B6_c2_CAGCATACAGCGATCC,NK
B6_c2,HMN52533,flu,NK,B6_c2_CAGCCGATCGTAGATC,NK
B6_c2,HMN52538,flu,NK,B6_c2_CAGCGACCAAACGCGA,NK
B6_c2,HMN83580,flu,NK,B6_c2_CAGCGACCAATGACCT,NK
B6_c2,HMN52533,flu,NK,B6_c2_CATCAGAAGCGCTCCA,NK
B6_c2,HMN52533,flu,NK,B6_c2_CATCCACTCACATAGC,NK
B6_c2,HMN83580,flu,NK,B6_c2_CCATTCGTCTGCCCTA,NK
B6_c2,,,NK,B6_c2_CCCAGTTAGCAATCTC,NK
B6_c2,HMN52538,flu,NK,B6_c2_CCGTTCAAGGCAGTCA,NK
B6_c2,HMN52538,flu,NK,B6_c2_CCTACACGTACGACCC,NK
B6_c2,,,NK,B6_c2_CCTACCAAGATGAGAG,NK
B6_c2,,,NK,B6_c2_CCTATTAAGTTCGCGC,NK
B6_c2,HMN52538,flu,NK,B6_c2_CCTTACGCACTACAGT,NK
B6_c2,,,NK,B6_c2_CGAACATAGCTGTTCA,NK
B6_c2,HMN83580,flu,NK,B6_c2_CGACTTCGTATATGAG,NK
B6_c2,HMN52533,flu,NK,B6_c2_CGATGTATCCACTCCA,NK
B6_c2,,,NK,B6_c2_CGATTGACAGGACCCT,NK
B6_c2,,,NK,B6_c2_CGCTGGACAAATTGCC,NK
B6_c2,HMN52538,flu,NK,B6_c2_CGCTTCACAGGGATTG,NK
B6_c2,,,NK,B6_c2_CGGACTGTCACGACTA,NK
B6_c2,,,NK,B6_c2_CGGAGCTGTGCCTGTG,NK
B6_c2,,,NK,B6_c2_CGGCTAGGTTCCCTTG,NK
B6_c2,,,NK,B6_c2_CGTCACTTCTCATTCA,NK
B6_c2,,,NK,B6_c2_CGTCAGGGTTGTCTTT,NK
B6_c2,,,NK,B6_c2_CGTGTAATCTTGACGA,NK
B6_c2,,,NK,B6_c2_CGTTCTGGTTGCGCAC,NK
B6_c2,HMN83580,flu,NK,B6_c2_CTACACCTCTACGAGT,NK
B6_c2,HMN83580,flu,NK,B6_c2_CTACATTCAGATCGGA,NK
B6_c2,HMN83580,flu,NK,B6_c2_CTCGGGAAGTCGCCGT,NK
B6_c2,,,NK,B6_c2_CTCTAATTCTGACCTC,NK
B6_c2,HMN83580,flu,NK,B6_c2_CTCTGGTAGGCGACAT,NK
B6_c2,,,NK,B6_c2_CTGATCCAGCGTGAGT,NK
B6_c2,HMN52533,flu,NK,B6_c2_CTGATCCTCGGCTACG,NK
B6_c2,,,NK,B6_c2_CTGCCTACACTGAAGG,NK
B6_c2,HMN83580,flu,NK,B6_c2_CTGCTGTAGCGTCAAG,NK
B6_c2,,,NK,B6_c2_CTGTTTATCTGCTGTC,NK
B6_c2,,,NK,B6_c2_CTTAGGAGTCTCCATC,NK
B6_c2,HMN52538,flu,NK,B6_c2_CTTTGCGCACGGTTTA,NK
B6_c2,,,NK,B6_c2_GAAACTCCATCCGTGG,NK
B6_c2,HMN52533,flu,NK,B6_c2_GAATAAGGTCATGCAT,NK
B6_c2,,,NK,B6_c2_GAATAAGTCCTATGTT,NK
B6_c2,,,NK,B6_c2_GACAGAGTCTACTATC,NK
B6_c2,,,NK,B6_c2_GACCAATAGTAAGTAC,NK
B6_c2,HMN52533,flu,NK,B6_c2_GACCTGGGTCCTCTTG,NK
B6_c2,HMN52536,NI,NK,B6_c2_GACGTGCAGACTGGGT,NK
B6_c2,,,NK,B6_c2_GACTACATCCTAGAAC,NK
B6_c2,HMN52538,flu,NK,B6_c2_GAGGTGAAGACGCAAC,NK
B6_c2,,,NK,B6_c2_GAGGTGACATCCGGGT,NK
B6_c2,,,NK,B6_c2_GATCAGTCACGAGAGT,NK
B6_c2,,,NK,B6_c2_GCAAACTGTCGAGATG,NK
B6_c2,HMN52538,flu,NK,B6_c2_GCGAGAAAGAAGGTGA,NK
B6_c2,HMN83580,flu,NK,B6_c2_GCGCAGTCAAGCCGTC,NK
B6_c2,,,NK,B6_c2_GGAAAGCAGGTAGCTG,NK
B6_c2,HMN52538,flu,NK,B6_c2_GGCCGATTCCGAATGT,NK
B6_c2,,,NK,B6_c2_GGCTGGTAGAAGGCCT,NK
B6_c2,HMN83580,flu,NK,B6_c2_GGGATGAAGGCAGGTT,NK
B6_c2,,,NK,B6_c2_GGGTTGCGTGTATGGG,NK
B6_c2,,,NK,B6_c2_GTAGGCCCACACTGCG,NK
B6_c2,HMN83580,flu,NK,B6_c2_GTATCTTAGACTGTAA,NK
B6_c2,HMN52533,flu,NK,B6_c2_GTCAAGTTCCTCGCAT,NK
B6_c2,,,NK,B6_c2_GTCACGGGTTCAGACT,NK
B6_c2,HMN52533,flu,NK,B6_c2_GTCATTTGTCTGCAAT,NK
B6_c2,HMN52538,flu,NK,B6_c2_GTCCTCATCAACACCA,NK
B6_c2,HMN52538,flu,NK,B6_c2_GTGTGCGCATTACGAC,NK
B6_c2,,,NK,B6_c2_TAAGCGTAGAGACTTA,NK
B6_c2,HMN83580,flu,NK,B6_c2_TACCTATCACTGAAGG,NK
B6_c2,,,NK,B6_c2_TACCTTAAGAACTGTA,NK
B6_c2,,,NK,B6_c2_TACGGGCGTGAGGCTA,NK
B6_c2,HMN83580,flu,NK,B6_c2_TACGGTACAAGTTCTG,NK
B6_c2,HMN52533,flu,NK,B6_c2_TACTTACCATTACGAC,NK
B6_c2,HMN52538,flu,NK,B6_c2_TAGAGCTTCGTGGTCG,NK
B6_c2,HMN52533,flu,NK,B6_c2_TAGCCGGTCGGTGTCG,NK
B6_c2,,,NK,B6_c2_TAGTTGGTCACCGTAA,NK
B6_c2,HMN52533,flu,NK,B6_c2_TATTACCTCACAGTAC,NK
B6_c2,,,NK,B6_c2_TCAGATGAGGCGATAC,NK
B6_c2,HMN52533,flu,NK,B6_c2_TCGCGTTTCAACCATG,NK
B6_c2,HMN83580,flu,NK,B6_c2_TCGTACCTCTGCGGCA,NK
B6_c2,,,NK,B6_c2_TCTCATATCGTCACGG,NK
B6_c2,HMN52533,flu,NK,B6_c2_TCTGAGACAATAACGA,NK
B6_c2,,,NK,B6_c2_TCTGGAAAGTGGAGTC,NK
B6_c2,,,NK,B6_c2_TGAAAGATCTCAAACG,NK
B6_c2,HMN52538,flu,NK,B6_c2_TGACAACCATGCCTTC,NK
B6_c2,,,NK,B6_c2_TGACTTTTCATGTGGT,NK
B6_c2,HMN83580,flu,NK,B6_c2_TGACTTTTCCGAATGT,NK
B6_c2,,,NK,B6_c2_TGAGAGGGTTAAGACA,NK
B6_c2,HMN52538,flu,NK,B6_c2_TGAGCCGTCGACCAGC,NK
B6_c2,HMN83580,flu,NK,B6_c2_TGAGGGAAGTGCGTGA,NK
B6_c2,HMN83580,flu,NK,B6_c2_TGATTTCTCTATCCTA,NK
B6_c2,HMN83580,flu,NK,B6_c2_TGCACCTAGTAAGTAC,NK
B6_c2,HMN52538,flu,NK,B6_c2_TGGCTGGGTAAACCTC,NK
B6_c2,,,NK,B6_c2_TGGCTGGGTAGCTAAA,NK
B6_c2,HMN83580,flu,NK,B6_c2_TGGTTAGAGTGAAGAG,NK
B6_c2,,,NK,B6_c2_TGGTTCCAGTTCGCGC,NK
B6_c2,,,NK,B6_c2_TGTCCCATCCTTCAAT,NK
B6_c2,HMN83580,flu,NK,B6_c2_TTAGTTCTCTTGAGGT,NK
B6_c2,HMN52538,flu,NK,B6_c2_TTGCCGTCACGGTGTC,NK
B6_c2,,,NK,B6_c2_TTGGAACAGTTAAGTG,NK
B6_c2,,,NK,B6_c2_TTGGAACGTACAGTGG,NK
B6_c2,HMN52538,flu,NK,B6_c2_TTGTAGGAGTATGACA,NK
B6_c2,HMN83580,flu,NK,B6_c2_TTTGCGCAGAAACGAG,NK
B7_c1,,,NK,B7_c1_AAACGGGGTCAACATC,NK
B7_c1,,,NK,B7_c1_AAAGCAATCCAGATCA,NK
B7_c1,,,NK,B7_c1_AAATGCCTCGTCTGAA,NK
B7_c1,HMN52543,flu,NK,B7_c1_AAATGCCTCTGGTGTA,NK
B7_c1,HMN52544,NI,NK,B7_c1_AACACGTGTGCCTGCA,NK
B7_c1,,,NK,B7_c1_AACTGGTGTCATATGC,NK
B7_c1,,,NK,B7_c1_AAGCCGCCAGTATCTG,NK
B7_c1,HMN52558,flu,NK,B7_c1_AAGGCAGGTCGACTAT,NK
B7_c1,,,NK,B7_c1_AAGGTTCAGGCTCTTA,NK
B7_c1,HMN52543,flu,NK,B7_c1_ACACTGATCACTATTC,NK
B7_c1,,,NK,B7_c1_ACAGCCGGTTCGTTGA,NK
B7_c1,,,NK,B7_c1_ACAGCTAAGGCGATAC,NK
B7_c1,HMN52552,flu,NK,B7_c1_ACATACGCACAACGCC,NK
B7_c1,,,NK,B7_c1_ACGGCCAAGCAACGGT,NK
B7_c1,,,NK,B7_c1_ACTTGTTAGGTAGCTG,NK
B7_c1,HMN52558,flu,NK,B7_c1_ACTTGTTGTCTACCTC,NK
B7_c1,HMN52558,flu,NK,B7_c1_AGAGCTTCAGATGGCA,NK
B7_c1,HMN52558,flu,NK,B7_c1_AGATCTGAGCCGCCTA,NK
B7_c1,HMN52535,NI,NK,B7_c1_AGCGTCGTCCACTGGG,NK
B7_c1,,,NK,B7_c1_AGTGTCAAGCGAAGGG,NK
B7_c1,,,NK,B7_c1_ATCACGACAGTATGCT,NK
B7_c1,,,NK,B7_c1_ATCTACTCACCGAAAG,NK
B7_c1,,,NK,B7_c1_ATGTGTGAGCGCCTCA,NK
B7_c1,,,NK,B7_c1_ATGTGTGGTGTGAAAT,NK
B7_c1,HMN52552,flu,NK,B7_c1_CACACAATCGGCCGAT,NK
B7_c1,,,NK,B7_c1_CACATTTAGGGCTTCC,NK
B7_c1,HMN52558,flu,NK,B7_c1_CACTCCACAGTAAGCG,NK
B7_c1,HMN52558,flu,NK,B7_c1_CAGCATAAGGGCTTCC,NK
B7_c1,,,NK,B7_c1_CAGCTAAGTCTGCGGT,NK
B7_c1,,,NK,B7_c1_CATATTCTCACAACGT,NK
B7_c1,,,NK,B7_c1_CATCAGATCACATACG,NK
B7_c1,,,NK,B7_c1_CATTATCCAAGAGTCG,NK
B7_c1,,,NK,B7_c1_CATTCGCCAAGTTCTG,NK
B7_c1,,,NK,B7_c1_CCACCTAGTAGGCATG,NK
B7_c1,,,NK,B7_c1_CCACGGATCAACGAAA,NK
B7_c1,,,NK,B7_c1_CCGTTCAAGAAGGCCT,NK
B7_c1,,,NK,B7_c1_CCGTTCATCGACCAGC,NK
B7_c1,,,NK,B7_c1_CCTAAAGAGTACGACG,NK
B7_c1,HMN52552,flu,NK,B7_c1_CCTAGCTTCGCGGATC,NK
B7_c1,HMN52558,flu,NK,B7_c1_CCTTTCTGTGTGACGA,NK
B7_c1,,,NK,B7_c1_CGAATGTTCAACGGGA,NK
B7_c1,,,NK,B7_c1_CGAGCCAGTAGCGTGA,NK
B7_c1,,,NK,B7_c1_CGAGCCATCGAGCCCA,NK
B7_c1,HMN52558,flu,NK,B7_c1_CGCCAAGCAAGGACTG,NK
B7_c1,,,NK,B7_c1_CGCGGTACAAGCCTAT,NK
B7_c1,,,NK,B7_c1_CGGACGTGTACCCAAT,NK
B7_c1,,,NK,B7_c1_CGGCTAGAGCTAGTTC,NK
B7_c1,,,NK,B7_c1_CGGCTAGCAATGGACG,NK
B7_c1,,,NK,B7_c1_CGTCAGGCATATACCG,NK
B7_c1,,,NK,B7_c1_CGTCTACGTCCCTTGT,NK
B7_c1,,,NK,B7_c1_CGTTGGGCACTATCTT,NK
B7_c1,,,NK,B7_c1_CTACACCGTACCGCTG,NK
B7_c1,HMN52552,flu,NK,B7_c1_CTCCTAGCAAGTAATG,NK
B7_c1,HMN52544,NI,NK,B7_c1_CTCGAAAGTAGCGCTC,NK
B7_c1,HMN52558,flu,NK,B7_c1_CTCGTCAAGGCAAAGA,NK
B7_c1,HMN52558,flu,NK,B7_c1_CTCTAATGTGGGTATG,NK
B7_c1,HMN52558,flu,NK,B7_c1_CTCTACGGTATAGGTA,NK
B7_c1,HMN52535,NI,NK,B7_c1_CTGATAGAGCTCCTTC,NK
B7_c1,,,NK,B7_c1_CTGCTGTGTAGCTGCC,NK
B7_c1,HMN52558,flu,NK,B7_c1_CTTCTCTAGGTGGGTT,NK
B7_c1,,,NK,B7_c1_GAAACTCGTTAAGACA,NK
B7_c1,,,NK,B7_c1_GAACGGATCCTATGTT,NK
B7_c1,HMN52543,flu,NK,B7_c1_GAATAAGGTTCGTGAT,NK
B7_c1,,,NK,B7_c1_GAATGAAAGAGATGAG,NK
B7_c1,,,NK,B7_c1_GACAGAGTCTGACCTC,NK
B7_c1,,,NK,B7_c1_GACCAATTCGAATGCT,NK
B7_c1,,,NK,B7_c1_GACCTGGCATTCCTGC,NK
B7_c1,,,NK,B7_c1_GACTGCGAGCTAGGCA,NK
B7_c1,,,NK,B7_c1_GACTGCGGTCCGTTAA,NK
B7_c1,HMN52558,flu,NK,B7_c1_GACTGCGTCGTCGTTC,NK
B7_c1,,,NK,B7_c1_GATCGATCAATAGCAA,NK
B7_c1,HMN52558,flu,NK,B7_c1_GATCGATTCAGTACGT,NK
B7_c1,HMN52558,flu,NK,B7_c1_GATCTAGCAAGTCTAC,NK
B7_c1,,,NK,B7_c1_GATCTAGGTGTTAAGA,NK
B7_c1,,,NK,B7_c1_GATGAAACACAGATTC,NK
B7_c1,HMN52545,NI,NK,B7_c1_GCACTCTGTTGTCTTT,NK
B7_c1,HMN52558,flu,NK,B7_c1_GGAACTTAGACCTAGG,NK
B7_c1,,,NK,B7_c1_GGACATTAGCACGCCT,NK
B7_c1,HMN52558,flu,NK,B7_c1_GGATTACGTTCACCTC,NK
B7_c1,,,NK,B7_c1_GGCAATTCATTATCTC,NK
B7_c1,,,NK,B7_c1_GGGTCTGCACTTCGAA,NK
B7_c1,HMN52552,flu,NK,B7_c1_GGGTCTGCATTCTTAC,NK
B7_c1,HMN52544,NI,NK,B7_c1_GGTATTGAGCAATATG,NK
B7_c1,,,NK,B7_c1_GGTATTGAGGGTTCCC,NK
B7_c1,,,NK,B7_c1_GGTGTTACAGTCGATT,NK
B7_c1,,,NK,B7_c1_GTACGTAAGTACGATA,NK
B7_c1,HMN52558,flu,NK,B7_c1_GTACTCCGTTGATTCG,NK
B7_c1,HMN52558,flu,NK,B7_c1_GTACTTTAGACTCGGA,NK
B7_c1,HMN52543,flu,NK,B7_c1_GTACTTTTCAACCAAC,NK
B7_c1,,,NK,B7_c1_GTACTTTTCGTCGTTC,NK
B7_c1,HMN52558,flu,NK,B7_c1_GTCAAGTCAATCTACG,NK
B7_c1,,,NK,B7_c1_GTCCTCATCACCAGGC,NK
B7_c1,,,NK,B7_c1_GTCGGGTAGCTGAACG,NK
B7_c1,HMN52545,NI,NK,B7_c1_GTCTCGTTCGCCATAA,NK
B7_c1,,,NK,B7_c1_GTGAAGGCACAGACTT,NK
B7_c1,HMN52558,flu,NK,B7_c1_GTGTTAGCAAGGACAC,NK
B7_c1,,,NK,B7_c1_GTGTTAGTCATCGATG,NK
B7_c1,,,NK,B7_c1_GTTAAGCAGAGATGAG,NK
B7_c1,HMN52558,flu,NK,B7_c1_GTTCATTTCCCAGGTG,NK
B7_c1,HMN52558,flu,NK,B7_c1_GTTCGGGAGATATGGT,NK
B7_c1,,,NK,B7_c1_TAAACCGTCCAAACAC,NK
B7_c1,,,NK,B7_c1_TAAGAGACACCAGCAC,NK
B7_c1,,,NK,B7_c1_TAAGCGTAGCTGCAAG,NK
B7_c1,HMN52552,flu,NK,B7_c1_TACACGACATAGAAAC,NK
B7_c1,HMN52558,flu,NK,B7_c1_TACACGAGTCTCTCTG,NK
B7_c1,,,NK,B7_c1_TACGGATGTCATATGC,NK
B7_c1,,,NK,B7_c1_TACGGATTCGATCCCT,NK
B7_c1,HMN52552,flu,NK,B7_c1_TACGGGCCATGTAAGA,NK
B7_c1,,,NK,B7_c1_TACTTGTTCTCGAGTA,NK
B7_c1,,,NK,B7_c1_TAGTGGTTCACTTATC,NK
B7_c1,,,NK,B7_c1_TCAACGATCGGCATCG,NK
B7_c1,HMN52543,flu,NK,B7_c1_TCACAAGGTGATGATA,NK
B7_c1,,,NK,B7_c1_TCATTACAGAAGGTGA,NK
B7_c1,,,NK,B7_c1_TCATTACTCTTTACAC,NK
B7_c1,,,NK,B7_c1_TCGGTAAGTAGCGTGA,NK
B7_c1,HMN52543,flu,NK,B7_c1_TCGTAGATCAACACCA,NK
B7_c1,,,NK,B7_c1_TCTTTCCCATCACGAT,NK
B7_c1,,,NK,B7_c1_TGCGCAGAGATCGGGT,NK
B7_c1,,,NK,B7_c1_TGCGTGGAGTGGGCTA,NK
B7_c1,,,NK,B7_c1_TGCTACCCAGGAATGC,NK
B7_c1,HMN52545,NI,NK,B7_c1_TGTCCCATCTGACCTC,NK
B7_c1,,,NK,B7_c1_TGTGGTATCACAACGT,NK
B7_c1,,,NK,B7_c1_TTAGGCATCGCGCCAA,NK
B7_c1,,,NK,B7_c1_TTAGTTCAGCTAACTC,NK
B7_c1,HMN52558,flu,NK,B7_c1_TTCGAAGAGACAGACC,NK
B7_c1,HMN52543,flu,NK,B7_c1_TTCTACATCAAAGACA,NK
B7_c1,HMN52552,flu,NK,B7_c1_TTGACTTCATGCAATC,NK
B7_c1,HMN52552,flu,NK,B7_c1_TTTCCTCCAGCTGCAC,NK
B7_c1,,,NK,B7_c1_TTTGCGCCAACCGCCA,NK
B7_c2,HMN52535,flu,NK,B7_c2_AAATGCCTCACTTATC,NK
B7_c2,,,NK,B7_c2_AACACGTCAGGGTTAG,NK
B7_c2,,,NK,B7_c2_AACCATGAGTGAACGC,NK
B7_c2,HMN52545,flu,NK,B7_c2_AACCGCGTCCAAATGC,NK
B7_c2,,,NK,B7_c2_AACCGCGTCGCACTCT,NK
B7_c2,HMN52535,flu,NK,B7_c2_AACTCTTCAGGACGTA,NK
B7_c2,HMN52535,flu,NK,B7_c2_AAGACCTGTCTGATTG,NK
B7_c2,,,NK,B7_c2_AAGGAGCTCTGATTCT,NK
B7_c2,,,NK,B7_c2_AAGGCAGAGGACAGAA,NK
B7_c2,,,NK,B7_c2_AAGGTTCAGTTAGCGG,NK
B7_c2,,,NK,B7_c2_AAGTCTGTCTCAAGTG,NK
B7_c2,,,NK,B7_c2_ACATGGTTCTTTCCTC,NK
B7_c2,,,NK,B7_c2_ACCCACTGTACGAAAT,NK
B7_c2,HMN52544,flu,NK,B7_c2_ACCGTAAAGATCCCAT,NK
B7_c2,,,NK,B7_c2_ACCGTAACAATTGCTG,NK
B7_c2,HMN52544,flu,NK,B7_c2_ACCTTTAGTCACTGGC,NK
B7_c2,,,NK,B7_c2_ACGAGCCCACCAGGCT,NK
B7_c2,,,NK,B7_c2_ACGATACTCTCCAGGG,NK
B7_c2,,,NK,B7_c2_ACGATGTCAATCTGCA,NK
B7_c2,,,NK,B7_c2_ACGATGTGTCACCCAG,NK
B7_c2,,,NK,B7_c2_ACGGCCAAGTGGTAAT,NK
B7_c2,HMN52545,flu,NK,B7_c2_ACGGCCATCCGTCATC,NK
B7_c2,,,NK,B7_c2_ACGTCAACAAACCTAC,NK
B7_c2,,,NK,B7_c2_ACTGAACGTCCATGAT,NK
B7_c2,HMN52545,flu,NK,B7_c2_ACTTACTGTCTGCAAT,NK
B7_c2,HMN52535,flu,NK,B7_c2_AGACGTTCATTTGCCC,NK
B7_c2,,,NK,B7_c2_AGCAGCCTCTAACTCT,NK
B7_c2,HMN52535,flu,NK,B7_c2_AGCGTATTCCAGTAGT,NK
B7_c2,,,NK,B7_c2_AGCGTCGCACTACAGT,NK
B7_c2,HMN52545,flu,NK,B7_c2_AGGGATGGTTACGACT,NK
B7_c2,,,NK,B7_c2_AGGTCCGGTCCTCTTG,NK
B7_c2,,,NK,B7_c2_AGTCTTTTCCAGAAGG,NK
B7_c2,,,NK,B7_c2_ATAACGCTCCACGTGG,NK
B7_c2,,,NK,B7_c2_ATAAGAGGTATCTGCA,NK
B7_c2,,,NK,B7_c2_ATAGACCCACCTGGTG,NK
B7_c2,,,NK,B7_c2_ATCCGAACATACGCTA,NK
B7_c2,,,NK,B7_c2_ATCTACTGTAGCGTAG,NK
B7_c2,,,NK,B7_c2_ATCTGCCTCGACAGCC,NK
B7_c2,HMN52545,flu,NK,B7_c2_ATGAGGGCATCAGTCA,NK
B7_c2,,,NK,B7_c2_ATGCGATAGAAGGTGA,NK
B7_c2,,,NK,B7_c2_ATGCGATTCGGAATCT,NK
B7_c2,HMN52545,flu,NK,B7_c2_ATGGGAGTCAAGCCTA,NK
B7_c2,,,NK,B7_c2_ATGTGTGAGCGATTCT,NK
B7_c2,HMN52535,flu,NK,B7_c2_ATTATCCCACTGAAGG,NK
B7_c2,HMN52535,flu,NK,B7_c2_ATTCTACAGTCCATAC,NK
B7_c2,,,NK,B7_c2_CAAGGCCCAAGCTGAG,NK
B7_c2,HMN52535,flu,NK,B7_c2_CAAGGCCCAATAACGA,NK
B7_c2,,,NK,B7_c2_CACACAAGTGTTAAGA,NK
B7_c2,,,NK,B7_c2_CACCACTCAGACGCTC,NK
B7_c2,,,NK,B7_c2_CACCAGGGTATTCTCT,NK
B7_c2,,,NK,B7_c2_CACCAGGTCGGTTCGG,NK
B7_c2,,,NK,B7_c2_CACCTTGGTACCAGTT,NK
B7_c2,HMN52545,flu,NK,B7_c2_CACTCCACAGTGACAG,NK
B7_c2,HMN52544,flu,NK,B7_c2_CACTCCATCTTGTATC,NK
B7_c2,HMN52558,NI,NK,B7_c2_CAGAGAGAGTTGTAGA,NK
B7_c2,,,NK,B7_c2_CAGCGACGTAGAAAGG,NK
B7_c2,HMN52558,NI,NK,B7_c2_CAGCGACGTCGAGTTT,NK
B7_c2,,,NK,B7_c2_CAGCTGGCACGTCAGC,NK
B7_c2,HMN52545,flu,NK,B7_c2_CAGTAACCAGACAGGT,NK
B7_c2,,,NK,B7_c2_CATATTCAGGTCATCT,NK
B7_c2,HMN52545,flu,NK,B7_c2_CATCAGAAGATAGCAT,NK
B7_c2,HMN52545,flu,NK,B7_c2_CATCCACAGGAGCGAG,NK
B7_c2,,,NK,B7_c2_CATCGGGTCCATTCTA,NK
B7_c2,HMN52544,flu,NK,B7_c2_CATGACAGTTAAAGAC,NK
B7_c2,,,NK,B7_c2_CATGACATCCGTAGGC,NK
B7_c2,HMN52535,flu,NK,B7_c2_CATGCCTGTCCGAACC,NK
B7_c2,,,NK,B7_c2_CATGGCGGTAGCTTGT,NK
B7_c2,,,NK,B7_c2_CATTATCTCGTGGGAA,NK
B7_c2,HMN52544,flu,NK,B7_c2_CCAATCCCACGGACAA,NK
B7_c2,,,NK,B7_c2_CCAATCCCAGCTGCTG,NK
B7_c2,HMN52545,flu,NK,B7_c2_CCATGTCGTATTCGTG,NK
B7_c2,HMN52535,flu,NK,B7_c2_CCATGTCTCGACCAGC,NK
B7_c2,HMN52544,flu,NK,B7_c2_CCCATACTCAAGATCC,NK
B7_c2,HMN52545,flu,NK,B7_c2_CCCTCCTAGCTGCAAG,NK
B7_c2,,,NK,B7_c2_CCGGGATTCGAGAGCA,NK
B7_c2,HMN52545,flu,NK,B7_c2_CCGTACTAGCACGCCT,NK
B7_c2,HMN52535,flu,NK,B7_c2_CCGTACTAGCTCAACT,NK
B7_c2,,,NK,B7_c2_CCGTGGAAGTACGCCC,NK
B7_c2,,,NK,B7_c2_CCGTTCAAGCACAGGT,NK
B7_c2,HMN52543,NI,NK,B7_c2_CCGTTCACATCTACGA,NK
B7_c2,,,NK,B7_c2_CCTACACAGCCAGTAG,NK
B7_c2,HMN52545,flu,NK,B7_c2_CCTACCACAAATACAG,NK
B7_c2,HMN52544,flu,NK,B7_c2_CCTAGCTTCGCCAAAT,NK
B7_c2,,,NK,B7_c2_CCTCAGTTCCACTCCA,NK
B7_c2,HMN52535,flu,NK,B7_c2_CCTTCCCAGATCCCGC,NK
B7_c2,,,NK,B7_c2_CGAACATGTGGCTCCA,NK
B7_c2,HMN52535,flu,NK,B7_c2_CGACCTTCAAACTGTC,NK
B7_c2,HMN52544,flu,NK,B7_c2_CGAGAAGAGCAGCCTC,NK
B7_c2,,,NK,B7_c2_CGATCGGAGGTACTCT,NK
B7_c2,HMN52535,flu,NK,B7_c2_CGATGGCAGCACCGCT,NK
B7_c2,,,NK,B7_c2_CGATGGCGTCCTCTTG,NK
B7_c2,HMN52544,flu,NK,B7_c2_CGCCAAGTCTGGCGAC,NK
B7_c2,,,NK,B7_c2_CGCGGTAAGGGATGGG,NK
B7_c2,,,NK,B7_c2_CGCGGTAAGGTACTCT,NK
B7_c2,HMN52545,flu,NK,B7_c2_CGCGTTTCACAACTGT,NK
B7_c2,,,NK,B7_c2_CGCTATCGTGGCTCCA,NK
B7_c2,HMN52545,flu,NK,B7_c2_CGCTGGACAAGAAGAG,NK
B7_c2,,,NK,B7_c2_CGGAGCTTCTTGTCAT,NK
B7_c2,,,NK,B7_c2_CGGTTAATCAAGATCC,NK
B7_c2,,,NK,B7_c2_CGTAGGCCACAGCGTC,NK
B7_c2,HMN52535,flu,NK,B7_c2_CGTGTAAAGAGGGCTT,NK
B7_c2,,,NK,B7_c2_CGTGTAAAGAGTAAGG,NK
B7_c2,,,NK,B7_c2_CGTTAGATCACTTATC,NK
B7_c2,,,NK,B7_c2_CTAATGGCATGAAGTA,NK
B7_c2,,,NK,B7_c2_CTACATTTCGTGGGAA,NK
B7_c2,HMN52535,flu,NK,B7_c2_CTACGTCCACTGTTAG,NK
B7_c2,,,NK,B7_c2_CTAGAGTAGTCCAGGA,NK
B7_c2,,,NK,B7_c2_CTAGCCTGTACACCGC,NK
B7_c2,,,NK,B7_c2_CTCACACCACCGTTGG,NK
B7_c2,,,NK,B7_c2_CTCAGAATCTTTCCTC,NK
B7_c2,HMN52545,flu,NK,B7_c2_CTCGAGGTCGACCAGC,NK
B7_c2,,,NK,B7_c2_CTCGGGATCACAGTAC,NK
B7_c2,HMN52535,flu,NK,B7_c2_CTCTAATCACGTGAGA,NK
B7_c2,,,NK,B7_c2_CTCTAATTCAACTCTT,NK
B7_c2,HMN52545,flu,NK,B7_c2_CTGAAACCAAGGTTTC,NK
B7_c2,,,NK,B7_c2_CTGCCTATCTTGAGGT,NK
B7_c2,,,NK,B7_c2_CTGCTGTCAGTGGGAT,NK
B7_c2,HMN52535,flu,NK,B7_c2_CTGGTCTGTACATCCA,NK
B7_c2,HMN52545,flu,NK,B7_c2_CTGTGCTGTGTGACGA,NK
B7_c2,,,NK,B7_c2_CTGTTTATCGGTGTTA,NK
B7_c2,,,NK,B7_c2_CTTAGGAGTACTCTCC,NK
B7_c2,HMN52535,flu,NK,B7_c2_CTTCTCTAGTCTCGGC,NK
B7_c2,,,NK,B7_c2_GAACGGAAGAGATGAG,NK
B7_c2,,,NK,B7_c2_GAATGAAGTCTTCAAG,NK
B7_c2,HMN52544,flu,NK,B7_c2_GAATGAAGTGAAGGCT,NK
B7_c2,HMN52545,flu,NK,B7_c2_GACACGCCAGCGTTCG,NK
B7_c2,HMN52545,flu,NK,B7_c2_GACAGAGAGCGTAGTG,NK
B7_c2,HMN52535,flu,NK,B7_c2_GACCAATAGTCTCCTC,NK
B7_c2,HMN52544,flu,NK,B7_c2_GACCTGGTCAAACGGG,NK
B7_c2,,,NK,B7_c2_GACGCGTAGGCGCTCT,NK
B7_c2,,,NK,B7_c2_GACGCGTCATCTCCCA,NK
B7_c2,HMN52535,flu,NK,B7_c2_GACGCGTGTAAGTAGT,NK
B7_c2,,,NK,B7_c2_GACGGCTGTTCCATGA,NK
B7_c2,,,NK,B7_c2_GACGTGCTCTCTGCTG,NK
B7_c2,,,NK,B7_c2_GACTACAGTTGTACAC,NK
B7_c2,HMN52535,flu,NK,B7_c2_GATCGATAGATCCCAT,NK
B7_c2,,,NK,B7_c2_GATCTAGGTTTAGGAA,NK
B7_c2,,,NK,B7_c2_GATGCTAAGAAGCCCA,NK
B7_c2,,,NK,B7_c2_GATGCTAGTGTGACCC,NK
B7_c2,HMN52544,flu,NK,B7_c2_GCAAACTAGGGATACC,NK
B7_c2,HMN52544,flu,NK,B7_c2_GCAAACTGTCGTGGCT,NK
B7_c2,,,NK,B7_c2_GCACATAAGACAGAGA,NK
B7_c2,HMN52545,flu,NK,B7_c2_GCACATAAGCTAAGAT,NK
B7_c2,,,NK,B7_c2_GCACTCTCAATGGATA,NK
B7_c2,HMN52535,flu,NK,B7_c2_GCAGCCATCGCGATCG,NK
B7_c2,,,NK,B7_c2_GCATGTAAGGAGTCTG,NK
B7_c2,HMN52535,flu,NK,B7_c2_GCCAAATAGATCCCGC,NK
B7_c2,,,NK,B7_c2_GCGCAACTCCAGAGGA,NK
B7_c2,HMN52535,flu,NK,B7_c2_GCGCAACTCTCTGTCG,NK
B7_c2,,,NK,B7_c2_GCGCCAACACAGTCGC,NK
B7_c2,,,NK,B7_c2_GCGGGTTAGCGAAGGG,NK
B7_c2,HMN52545,flu,NK,B7_c2_GCTCCTAAGTTACGGG,NK
B7_c2,HMN52545,flu,NK,B7_c2_GCTGCAGCAATAGAGT,NK
B7_c2,HMN52543,NI,NK,B7_c2_GCTGCAGCAATGGATA,NK
B7_c2,,,NK,B7_c2_GCTGCGACATGGTAGG,NK
B7_c2,HMN52544,flu,NK,B7_c2_GCTGGGTCAATGGACG,NK
B7_c2,HMN52544,flu,NK,B7_c2_GCTGGGTCACTCGACG,NK
B7_c2,,,NK,B7_c2_GCTTCCAGTAGGGTAC,NK
B7_c2,HMN52535,flu,NK,B7_c2_GCTTGAATCCGGGTGT,NK
B7_c2,HMN52545,flu,NK,B7_c2_GGAAAGCTCCGTCAAA,NK
B7_c2,,,NK,B7_c2_GGACGTCTCCTTTCGG,NK
B7_c2,,,NK,B7_c2_GGAGCAACACTGTTAG,NK
B7_c2,,,NK,B7_c2_GGAGCAATCTTGCAAG,NK
B7_c2,,,NK,B7_c2_GGATGTTAGTTAGGTA,NK
B7_c2,,,NK,B7_c2_GGCCGATGTCTAAACC,NK
B7_c2,,,NK,B7_c2_GGCTGGTCAGCTGGCT,NK
B7_c2,,,NK,B7_c2_GGGCACTCACAACTGT,NK
B7_c2,,,NK,B7_c2_GGGTCTGTCCGCGGTA,NK
B7_c2,,,NK,B7_c2_GGTATTGGTGTTGGGA,NK
B7_c2,HMN52543,NI,NK,B7_c2_GGTGCGTGTATCGCAT,NK
B7_c2,,,NK,B7_c2_GGTGTTAGTATATGGA,NK
B7_c2,HMN52535,flu,NK,B7_c2_GGTGTTATCACTCCTG,NK
B7_c2,,,NK,B7_c2_GTAACTGTCTAACTGG,NK
B7_c2,,,NK,B7_c2_GTACTTTCATACGCCG,NK
B7_c2,,,NK,B7_c2_GTCACGGCATCACCCT,NK
B7_c2,,,NK,B7_c2_GTCACGGTCACAATGC,NK
B7_c2,,,NK,B7_c2_GTCTCGTCATGGATGG,NK
B7_c2,,,NK,B7_c2_GTGAAGGGTTATCCGA,NK
B7_c2,,,NK,B7_c2_GTGCAGCGTTACGGAG,NK
B7_c2,,,NK,B7_c2_GTGCTTCTCCAGGGCT,NK
B7_c2,,,NK,B7_c2_GTGTGCGAGAATCTCC,NK
B7_c2,,,NK,B7_c2_GTTACAGGTAAGTGTA,NK
B7_c2,,,NK,B7_c2_GTTCATTCATGGTCTA,NK
B7_c2,HMN52544,flu,NK,B7_c2_GTTCGGGGTAGAAGGA,NK
B7_c2,,,NK,B7_c2_GTTCTCGAGCCCGAAA,NK
B7_c2,,,NK,B7_c2_GTTTCTAAGCACAGGT,NK
B7_c2,HMN52535,flu,NK,B7_c2_GTTTCTAGTTAGTGGG,NK
B7_c2,,,NK,B7_c2_TAAACCGAGCATGGCA,NK
B7_c2,HMN52535,flu,NK,B7_c2_TAAGAGACACATTCGA,NK
B7_c2,HMN52558,NI,NK,B7_c2_TACACGAGTCATCCCT,NK
B7_c2,HMN52535,flu,NK,B7_c2_TACCTTAAGTTATCGC,NK
B7_c2,,,NK,B7_c2_TACGGATTCAGTCCCT,NK
B7_c2,HMN52544,flu,NK,B7_c2_TACGGGCAGATGTTAG,NK
B7_c2,HMN52535,flu,NK,B7_c2_TACGGGCCAAGGTTTC,NK
B7_c2,,,NK,B7_c2_TACGGTAAGTACCGGA,NK
B7_c2,,,NK,B7_c2_TACTTACGTACTCGCG,NK
B7_c2,,,NK,B7_c2_TAGACCAAGATCGATA,NK
B7_c2,,,NK,B7_c2_TAGCCGGAGTGTTAGA,NK
B7_c2,HMN52545,flu,NK,B7_c2_TATGCCCAGAAACGCC,NK
B7_c2,HMN52545,flu,NK,B7_c2_TCAACGAGTCGAATCT,NK
B7_c2,HMN52535,flu,NK,B7_c2_TCACAAGCAGAGCCAA,NK
B7_c2,,,NK,B7_c2_TCAGATGGTACCGCTG,NK
B7_c2,,,NK,B7_c2_TCAGCAAGTTAAGGGC,NK
B7_c2,,,NK,B7_c2_TCAGGATGTGGTAACG,NK
B7_c2,HMN52543,NI,NK,B7_c2_TCGGTAACAAGGTGTG,NK
B7_c2,,,NK,B7_c2_TCGTAGAGTCTAGCGC,NK
B7_c2,HMN52535,flu,NK,B7_c2_TCTATTGCAGGATTGG,NK
B7_c2,,,NK,B7_c2_TCTATTGCAGTAAGAT,NK
B7_c2,,,NK,B7_c2_TCTCATACAGACAAAT,NK
B7_c2,,,NK,B7_c2_TCTCTAAAGTAGGTGC,NK
B7_c2,,,NK,B7_c2_TCTGGAATCGCCATAA,NK
B7_c2,HMN52535,flu,NK,B7_c2_TGAAAGAAGCTGTTCA,NK
B7_c2,,,NK,B7_c2_TGACGGCCATCGATTG,NK
B7_c2,,,NK,B7_c2_TGACTTTCAATCACAC,NK
B7_c2,,,NK,B7_c2_TGAGCCGGTGAAATCA,NK
B7_c2,HMN52545,flu,NK,B7_c2_TGCCCATCACAGCCCA,NK
B7_c2,,,NK,B7_c2_TGCCCTACAAGGTTTC,NK
B7_c2,HMN52535,flu,NK,B7_c2_TGCCCTAGTCATACTG,NK
B7_c2,HMN52535,flu,NK,B7_c2_TGCGCAGGTTGTCTTT,NK
B7_c2,HMN52545,flu,NK,B7_c2_TGCGGGTTCTATCGCC,NK
B7_c2,,,NK,B7_c2_TGCGTGGAGTGAACAT,NK
B7_c2,,,NK,B7_c2_TGCGTGGAGTTGAGTA,NK
B7_c2,,,NK,B7_c2_TGGTTCCTCAACTCTT,NK
B7_c2,,,NK,B7_c2_TGTATTCCATGGAATA,NK
B7_c2,,,NK,B7_c2_TGTCCCACAAGAAGAG,NK
B7_c2,,,NK,B7_c2_TTAGGCACAGCCACCA,NK
B7_c2,,,NK,B7_c2_TTATGCTTCGATCCCT,NK
B7_c2,HMN52535,flu,NK,B7_c2_TTCCCAGGTACGAAAT,NK
B7_c2,,,NK,B7_c2_TTCGAAGGTCTGCGGT,NK
B7_c2,,,NK,B7_c2_TTCTTAGTCATCGATG,NK
B7_c2,,,NK,B7_c2_TTGAACGAGCCCTAAT,NK
B7_c2,,,NK,B7_c2_TTGAACGGTCCTGCTT,NK
B7_c2,HMN52545,flu,NK,B7_c2_TTGCGTCAGTGAACAT,NK
B7_c2,,,NK,B7_c2_TTGGAACCATTAACCG,NK
B7_c2,HMN52545,flu,NK,B7_c2_TTGGCAACAGATGGGT,NK
B7_c2,HMN52545,flu,NK,B7_c2_TTGGCAACAGTAAGCG,NK
B7_c2,,,NK,B7_c2_TTGGCAAGTCCAAGTT,NK
B7_c2,,,NK,B7_c2_TTTACTGGTATTCTCT,NK
B8_c1,,,NK,B8_c1_AAACGGGAGCACCGTC,NK
B8_c1,HMN52553,flu,NK,B8_c1_AAACGGGTCACGATGT,NK
B8_c1,HMN52553,flu,NK,B8_c1_AAAGATGAGTAGCCGA,NK
B8_c1,HMN52539,flu,NK,B8_c1_AAAGCAATCTATCCCG,NK
B8_c1,HMN52539,flu,NK,B8_c1_AAATGCCGTTCCTCCA,NK
B8_c1,,,NK,B8_c1_AACGTTGGTCTCAACA,NK
B8_c1,HMN52539,flu,NK,B8_c1_AACGTTGGTTATTCTC,NK
B8_c1,,,NK,B8_c1_AATCCAGGTATGAAAC,NK
B8_c1,HMN52540,NI,NK,B8_c1_AATCGGTAGCCAGAAC,NK
B8_c1,HMN52539,flu,NK,B8_c1_ACACCCTAGAATAGGG,NK
B8_c1,HMN52540,NI,NK,B8_c1_ACCTTTAGTAGGCATG,NK
B8_c1,,,NK,B8_c1_ACCTTTATCGCGCCAA,NK
B8_c1,,,NK,B8_c1_ACGAGCCCACGTCAGC,NK
B8_c1,HMN52542,NI,NK,B8_c1_ACGCCAGGTCTGCGGT,NK
B8_c1,,,NK,B8_c1_ACGGGCTGTCTCACCT,NK
B8_c1,,,NK,B8_c1_ACGGGTCCACGAAAGC,NK
B8_c1,,,NK,B8_c1_ACTGCTCTCCAAGTAC,NK
B8_c1,,,NK,B8_c1_ACTGCTCTCGTCACGG,NK
B8_c1,,,NK,B8_c1_ACTGTCCTCATGCAAC,NK
B8_c1,,,NK,B8_c1_AGAGCGATCGCCTGTT,NK
B8_c1,HMN52553,flu,NK,B8_c1_AGAGCTTCACTTGGAT,NK
B8_c1,HMN52553,flu,NK,B8_c1_AGATTGCAGGCAGTCA,NK
B8_c1,,,NK,B8_c1_AGCTCTCCAGGCGATA,NK
B8_c1,,,NK,B8_c1_AGGCCGTAGATCCCGC,NK
B8_c1,,,NK,B8_c1_AGGCCGTTCACCACCT,NK
B8_c1,,,NK,B8_c1_AGGTCCGTCTTGTATC,NK
B8_c1,,,NK,B8_c1_AGTGGGACATACTCTT,NK
B8_c1,HMN52539,flu,NK,B8_c1_ATAAGAGAGAGTGAGA,NK
B8_c1,HMN52539,flu,NK,B8_c1_ATAAGAGAGCCCAGCT,NK
B8_c1,,,NK,B8_c1_ATAAGAGGTTCCACGG,NK
B8_c1,,,NK,B8_c1_ATCATCTTCCCTAACC,NK
B8_c1,HMN52539,flu,NK,B8_c1_ATCCACCAGAGCTGCA,NK
B8_c1,HMN52553,flu,NK,B8_c1_ATCCACCAGATCTGCT,NK
B8_c1,,,NK,B8_c1_ATCCGAACATTCCTCG,NK
B8_c1,HMN52539,flu,NK,B8_c1_ATCTACTTCAGTGTTG,NK
B8_c1,,,NK,B8_c1_ATCTGCCCATGCCTTC,NK
B8_c1,,,NK,B8_c1_ATGAGGGAGTTACCCA,NK
B8_c1,HMN52553,flu,NK,B8_c1_ATGAGGGGTCAACTGT,NK
B8_c1,HMN52539,flu,NK,B8_c1_ATGCGATCAGGTGCCT,NK
B8_c1,,,NK,B8_c1_ATGGGAGCATCACCCT,NK
B8_c1,HMN52539,flu,NK,B8_c1_ATTACTCAGACTGTAA,NK
B8_c1,,,NK,B8_c1_ATTACTCGTGTGCCTG,NK
B8_c1,HMN52541,flu,NK,B8_c1_ATTATCCAGCTTATCG,NK
B8_c1,,,NK,B8_c1_ATTATCCCAAATCCGT,NK
B8_c1,HMN52541,flu,NK,B8_c1_ATTCTACCAAAGCGGT,NK
B8_c1,,,NK,B8_c1_ATTCTACGTTGTCGCG,NK
B8_c1,HMN52553,flu,NK,B8_c1_ATTGGTGGTGCACCAC,NK
B8_c1,HMN52539,flu,NK,B8_c1_CACACTCAGAGGTTGC,NK
B8_c1,,,NK,B8_c1_CACAGTAAGCAATCTC,NK
B8_c1,HMN52539,flu,NK,B8_c1_CACCTTGCATGTTCCC,NK
B8_c1,HMN52539,flu,NK,B8_c1_CACCTTGTCTCGTTTA,NK
B8_c1,,,NK,B8_c1_CAGATCAGTTTGTTGG,NK
B8_c1,,,NK,B8_c1_CAGCATAAGAATGTTG,NK
B8_c1,HMN52539,flu,NK,B8_c1_CAGCTAAAGTAACCCT,NK
B8_c1,HMN52539,flu,NK,B8_c1_CAGCTAATCCGCGGTA,NK
B8_c1,HMN52539,flu,NK,B8_c1_CATATTCAGGGAACGG,NK
B8_c1,,,NK,B8_c1_CATATTCGTGATGATA,NK
B8_c1,HMN52539,flu,NK,B8_c1_CATCGAAAGCCGATTT,NK
B8_c1,HMN52553,flu,NK,B8_c1_CATGACACACCGATAT,NK
B8_c1,,,NK,B8_c1_CATGACAGTATATCCG,NK
B8_c1,,,NK,B8_c1_CATGCCTTCTGCGTAA,NK
B8_c1,,,NK,B8_c1_CCATTCGCAAACTGTC,NK
B8_c1,HMN52539,flu,NK,B8_c1_CCATTCGCATCTGGTA,NK
B8_c1,,,NK,B8_c1_CCCAATCTCAACGAAA,NK
B8_c1,,,NK,B8_c1_CCCAGTTGTTTCGCTC,NK
B8_c1,,,NK,B8_c1_CCCATACGTCGCGAAA,NK
B8_c1,,,NK,B8_c1_CCCTCCTAGGATTCGG,NK
B8_c1,,,NK,B8_c1_CCGGTAGGTCTCCACT,NK
B8_c1,,,NK,B8_c1_CCGTACTTCTACCAGA,NK
B8_c1,,,NK,B8_c1_CCGTGGACAGTACACT,NK
B8_c1,HMN52539,flu,NK,B8_c1_CCGTTCATCTTGTACT,NK
B8_c1,HMN52539,flu,NK,B8_c1_CCTAAAGCAATCCGAT,NK
B8_c1,,,NK,B8_c1_CCTACACGTCCCGACA,NK
B8_c1,,,NK,B8_c1_CCTACCAGTCTTCAAG,NK
B8_c1,HMN52553,flu,NK,B8_c1_CCTACCATCCCATTAT,NK
B8_c1,HMN52553,flu,NK,B8_c1_CCTCAGTTCACGGTTA,NK
B8_c1,HMN52541,flu,NK,B8_c1_CCTTACGAGGTGTTAA,NK
B8_c1,,,NK,B8_c1_CGAGCACAGAAGGTTT,NK
B8_c1,HMN52539,flu,NK,B8_c1_CGAGCACGTTGGACCC,NK
B8_c1,,,NK,B8_c1_CGATCGGCAGACTCGC,NK
B8_c1,HMN52539,flu,NK,B8_c1_CGATGTAAGAAAGTGG,NK
B8_c1,,,NK,B8_c1_CGATGTAAGTGGCACA,NK
B8_c1,,,NK,B8_c1_CGATGTAGTTTGGCGC,NK
B8_c1,,,NK,B8_c1_CGATTGAAGCACCGCT,NK
B8_c1,HMN52541,flu,NK,B8_c1_CGCTATCTCACAGTAC,NK
B8_c1,,,NK,B8_c1_CGCTTCAAGACTGGGT,NK
B8_c1,HMN52540,NI,NK,B8_c1_CGGACTGTCACGACTA,NK
B8_c1,HMN52539,flu,NK,B8_c1_CGGAGTCGTCAGCTAT,NK
B8_c1,,,NK,B8_c1_CGTCACTGTTCGTGAT,NK
B8_c1,,,NK,B8_c1_CGTCCATAGACTACAA,NK
B8_c1,HMN52539,flu,NK,B8_c1_CGTCCATTCTTCTGGC,NK
B8_c1,,,NK,B8_c1_CGTCTACAGACACGAC,NK
B8_c1,,,NK,B8_c1_CGTCTACTCCCGGATG,NK
B8_c1,,,NK,B8_c1_CGTGAGCGTGTCGCTG,NK
B8_c1,HMN52539,flu,NK,B8_c1_CGTTCTGTCTGCAAGT,NK
B8_c1,HMN52539,flu,NK,B8_c1_CGTTGGGCATGGGAAC,NK
B8_c1,,,NK,B8_c1_CTAACTTAGCATCATC,NK
B8_c1,HMN52539,flu,NK,B8_c1_CTAACTTGTTGCGTTA,NK
B8_c1,HMN52539,flu,NK,B8_c1_CTAATGGCACTTAACG,NK
B8_c1,HMN52539,flu,NK,B8_c1_CTAATGGCATCCTTGC,NK
B8_c1,HMN52539,flu,NK,B8_c1_CTACACCGTAGCTAAA,NK
B8_c1,,,NK,B8_c1_CTACCCAAGGCCGAAT,NK
B8_c1,HMN52539,flu,NK,B8_c1_CTAGAGTAGTTAGGTA,NK
B8_c1,,,NK,B8_c1_CTAGAGTTCTCTGAGA,NK
B8_c1,,,NK,B8_c1_CTCACACCATTATCTC,NK
B8_c1,HMN52553,flu,NK,B8_c1_CTCGGGAAGTGGACGT,NK
B8_c1,,,NK,B8_c1_CTCTGGTCATGCATGT,NK
B8_c1,HMN52539,flu,NK,B8_c1_CTCTGGTGTATATGGA,NK
B8_c1,,,NK,B8_c1_CTGAAACGTACACCGC,NK
B8_c1,HMN52539,flu,NK,B8_c1_CTGAAGTCATTCCTCG,NK
B8_c1,HMN52553,flu,NK,B8_c1_CTGATCCAGACATAAC,NK
B8_c1,,,NK,B8_c1_CTGGTCTTCTGCTGCT,NK
B8_c1,,,NK,B8_c1_CTGTGCTCACATTAGC,NK
B8_c1,,,NK,B8_c1_GAACATCCAGCTATTG,NK
B8_c1,,,NK,B8_c1_GAACATCGTCAGAAGC,NK
B8_c1,HMN52553,flu,NK,B8_c1_GAACGGAAGAGTGAGA,NK
B8_c1,HMN52551,NI,NK,B8_c1_GAAGCAGTCCTATGTT,NK
B8_c1,HMN52539,flu,NK,B8_c1_GAATAAGTCGAGAGCA,NK
B8_c1,,,NK,B8_c1_GACACGCCAACGATCT,NK
B8_c1,HMN52553,flu,NK,B8_c1_GACGGCTCAAATACAG,NK
B8_c1,HMN52541,flu,NK,B8_c1_GACTACAGTAGAGCTG,NK
B8_c1,HMN52539,flu,NK,B8_c1_GATCGATGTTGAACTC,NK
B8_c1,HMN52540,NI,NK,B8_c1_GATCGCGGTAGTACCT,NK
B8_c1,,,NK,B8_c1_GCACTCTGTTCAGCGC,NK
B8_c1,HMN52539,flu,NK,B8_c1_GCAGTTAAGGACCACA,NK
B8_c1,HMN52539,flu,NK,B8_c1_GCATGCGTCACCAGGC,NK
B8_c1,HMN52539,flu,NK,B8_c1_GCCAAATCATCGATGT,NK
B8_c1,,,NK,B8_c1_GCCTCTACAGCCTTGG,NK
B8_c1,,,NK,B8_c1_GCGCAACAGTGTCTCA,NK
B8_c1,HMN52541,flu,NK,B8_c1_GCTTCCAGTACGACCC,NK
B8_c1,,,NK,B8_c1_GGAACTTCACGAAAGC,NK
B8_c1,,,NK,B8_c1_GGAACTTCACTTCGAA,NK
B8_c1,HMN52539,flu,NK,B8_c1_GGAATAAGTTCGGGCT,NK
B8_c1,,,NK,B8_c1_GGAATAATCAGTGTTG,NK
B8_c1,,,NK,B8_c1_GGACATTGTACCATCA,NK
B8_c1,,,NK,B8_c1_GGAGCAAAGACAGGCT,NK
B8_c1,,,NK,B8_c1_GGCTCGATCACAGTAC,NK
B8_c1,HMN52540,NI,NK,B8_c1_GGCTCGATCGGTGTTA,NK
B8_c1,HMN52541,flu,NK,B8_c1_GGCTGGTTCTTTAGTC,NK
B8_c1,,,NK,B8_c1_GGGAATGGTACCGCTG,NK
B8_c1,,,NK,B8_c1_GGGAGATGTCGCGGTT,NK
B8_c1,,,NK,B8_c1_GGGATGATCGACCAGC,NK
B8_c1,HMN52539,flu,NK,B8_c1_GGTATTGCAAATTGCC,NK
B8_c1,HMN52539,flu,NK,B8_c1_GGTGCGTGTGTGGCTC,NK
B8_c1,,,NK,B8_c1_GTAACTGAGATGGCGT,NK
B8_c1,,,NK,B8_c1_GTACTCCAGGCCCTCA,NK
B8_c1,HMN52553,flu,NK,B8_c1_GTATCTTAGGCATTGG,NK
B8_c1,HMN52539,flu,NK,B8_c1_GTCATTTGTGCGCTTG,NK
B8_c1,,,NK,B8_c1_GTCATTTTCCAGAAGG,NK
B8_c1,,,NK,B8_c1_GTCGGGTAGAACTGTA,NK
B8_c1,,,NK,B8_c1_GTCTTCGCAGCTGTGC,NK
B8_c1,,,NK,B8_c1_GTGGGTCCATTGCGGC,NK
B8_c1,,,NK,B8_c1_GTGTGCGCACCACCAG,NK
B8_c1,HMN52539,flu,NK,B8_c1_GTTAAGCCACCCATTC,NK
B8_c1,,,NK,B8_c1_GTTCATTGTCAACATC,NK
B8_c1,,,NK,B8_c1_TAAGCGTAGTGGTCCC,NK
B8_c1,HMN52539,flu,NK,B8_c1_TAAGCGTCATACTCTT,NK
B8_c1,,,NK,B8_c1_TACACGAGTCCGACGT,NK
B8_c1,HMN52540,NI,NK,B8_c1_TACAGTGCATAGAAAC,NK
B8_c1,HMN52539,flu,NK,B8_c1_TACGGGCAGGTGCTTT,NK
B8_c1,HMN52553,flu,NK,B8_c1_TACGGTACAACAACCT,NK
B8_c1,,,NK,B8_c1_TACTCATGTGTCTGAT,NK
B8_c1,,,NK,B8_c1_TACTTACAGCGTAGTG,NK
B8_c1,,,NK,B8_c1_TACTTGTGTAATAGCA,NK
B8_c1,HMN52539,flu,NK,B8_c1_TAGACCATCCTGCCAT,NK
B8_c1,HMN52539,flu,NK,B8_c1_TAGTGGTGTCATGCAT,NK
B8_c1,HMN52539,flu,NK,B8_c1_TATCAGGAGGAACTGC,NK
B8_c1,HMN52553,flu,NK,B8_c1_TCAGCTCTCCCAAGAT,NK
B8_c1,,,NK,B8_c1_TCCCGATGTCTAGCCG,NK
B8_c1,HMN52541,flu,NK,B8_c1_TCGCGAGTCTCGTATT,NK
B8_c1,,,NK,B8_c1_TCGGGACGTTTAAGCC,NK
B8_c1,,,NK,B8_c1_TCTCATATCTCTGCTG,NK
B8_c1,,,NK,B8_c1_TCTCTAACACTCGACG,NK
B8_c1,,,NK,B8_c1_TCTCTAAGTCAGAGGT,NK
B8_c1,HMN52539,flu,NK,B8_c1_TCTGGAACATGCATGT,NK
B8_c1,,,NK,B8_c1_TGAAAGAAGTGAACAT,NK
B8_c1,HMN52541,flu,NK,B8_c1_TGACAACCAAGCGTAG,NK
B8_c1,,,NK,B8_c1_TGACAACCACATGTGT,NK
B8_c1,,,NK,B8_c1_TGACTAGGTGTGGTTT,NK
B8_c1,HMN52539,flu,NK,B8_c1_TGAGAGGTCCACGAAT,NK
B8_c1,,,NK,B8_c1_TGCCCTAAGTCCCACG,NK
B8_c1,HMN52540,NI,NK,B8_c1_TGCGTGGTCCGAGCCA,NK
B8_c1,,,NK,B8_c1_TGCGTGGTCTATCCTA,NK
B8_c1,HMN52539,flu,NK,B8_c1_TGGCCAGCATATACCG,NK
B8_c1,,,NK,B8_c1_TGGCGCAGTTGGTAAA,NK
B8_c1,,,NK,B8_c1_TGGCTGGGTCTCTTAT,NK
B8_c1,HMN52539,flu,NK,B8_c1_TGTCCCAAGGCTAGGT,NK
B8_c1,HMN52539,flu,NK,B8_c1_TGTGTTTTCGGATGGA,NK
B8_c1,HMN52541,flu,NK,B8_c1_TGTTCCGGTCCGTTAA,NK
B8_c1,,,NK,B8_c1_TTAGGACAGCTCCCAG,NK
B8_c1,HMN52539,flu,NK,B8_c1_TTATGCTTCCGTACAA,NK
B8_c1,HMN52553,flu,NK,B8_c1_TTCTCAAAGCCACGCT,NK
B8_c1,,,NK,B8_c1_TTCTTAGTCTTGTCAT,NK
B8_c1,,,NK,B8_c1_TTGCCGTTCTTAGAGC,NK
B8_c1,,,NK,B8_c1_TTTCCTCAGCTCCCAG,NK
B8_c2,,,NK,B8_c2_AAACCTGAGTATCTCG,NK
B8_c2,,,NK,B8_c2_AACTCCCAGACTCGGA,NK
B8_c2,,,NK,B8_c2_AACTCCCGTCGGATCC,NK
B8_c2,,,NK,B8_c2_AACTTTCCACGTCTCT,NK
B8_c2,HMN52551,flu,NK,B8_c2_ACACCGGAGGTGATAT,NK
B8_c2,HMN52540,flu,NK,B8_c2_ACCCACTTCTTTAGGG,NK
B8_c2,,,NK,B8_c2_ACGAGCCCATCACCCT,NK
B8_c2,HMN52540,flu,NK,B8_c2_ACGAGGAGTACGCACC,NK
B8_c2,,,NK,B8_c2_ACGATGTAGGGCTTCC,NK
B8_c2,HMN52551,flu,NK,B8_c2_ACGCCGATCAACCAAC,NK
B8_c2,,,NK,B8_c2_AGCCTAAGTGTTGGGA,NK
B8_c2,,,NK,B8_c2_AGCGTATTCGTGACAT,NK
B8_c2,HMN52551,flu,NK,B8_c2_AGCTTGACAAAGGCGT,NK
B8_c2,,,NK,B8_c2_AGGCCGTTCCTAAGTG,NK
B8_c2,,,NK,B8_c2_AGTGTCACAGGTCGTC,NK
B8_c2,,,NK,B8_c2_ATCACGAGTACAAGTA,NK
B8_c2,,,NK,B8_c2_ATCATCTAGTACTTGC,NK
B8_c2,,,NK,B8_c2_ATCATCTGTCTAGCGC,NK
B8_c2,,,NK,B8_c2_ATCATGGCAGCTCCGA,NK
B8_c2,,,NK,B8_c2_ATGAGGGAGCTAGTGG,NK
B8_c2,,,NK,B8_c2_ATGCGATTCAGCTGGC,NK
B8_c2,,,NK,B8_c2_ATGTGTGAGACCTAGG,NK
B8_c2,,,NK,B8_c2_ATGTGTGCATTCACTT,NK
B8_c2,HMN52551,flu,NK,B8_c2_ATTGGACCAATGTTGC,NK
B8_c2,,,NK,B8_c2_CAACCTCGTTTGACTG,NK
B8_c2,HMN52541,NI,NK,B8_c2_CACAAACAGAAACCGC,NK
B8_c2,,,NK,B8_c2_CACAAACTCTCCAACC,NK
B8_c2,,,NK,B8_c2_CACACAATCGATGAGG,NK
B8_c2,HMN52551,flu,NK,B8_c2_CACACTCCACTGAAGG,NK
B8_c2,,,NK,B8_c2_CACAGGCCATATACGC,NK
B8_c2,,,NK,B8_c2_CACCACTTCCTCCTAG,NK
B8_c2,,,NK,B8_c2_CACCTTGCAGGTCTCG,NK
B8_c2,,,NK,B8_c2_CAGCCGAGTGGCTCCA,NK
B8_c2,,,NK,B8_c2_CAGGTGCGTAGGCATG,NK
B8_c2,HMN52542,flu,NK,B8_c2_CATCCACCATCCGGGT,NK
B8_c2,HMN52542,flu,NK,B8_c2_CATGACAGTCTCGTTC,NK
B8_c2,HMN52551,flu,NK,B8_c2_CATGACAGTCTCTCTG,NK
B8_c2,,,NK,B8_c2_CATGCCTCAAGTTCTG,NK
B8_c2,,,NK,B8_c2_CCACTACTCGAGCCCA,NK
B8_c2,HMN52551,flu,NK,B8_c2_CCCAGTTTCAGTCCCT,NK
B8_c2,,,NK,B8_c2_CCCATACGTTATGTGC,NK
B8_c2,HMN52551,flu,NK,B8_c2_CCGGGATAGAGCCCAA,NK
B8_c2,,,NK,B8_c2_CCTACCAGTGTTCGAT,NK
B8_c2,,,NK,B8_c2_CCTCTGAGTAATCGTC,NK
B8_c2,HMN52551,flu,NK,B8_c2_CCTTACGGTCGGCTCA,NK
B8_c2,HMN52542,flu,NK,B8_c2_CGAATGTCACAAGTAA,NK
B8_c2,HMN52551,flu,NK,B8_c2_CGAGAAGGTCAAGCGA,NK
B8_c2,HMN52551,flu,NK,B8_c2_CGAGCACGTAAGTTCC,NK
B8_c2,HMN52540,flu,NK,B8_c2_CGCGTTTCATGTAAGA,NK
B8_c2,,,NK,B8_c2_CGCGTTTGTCTAAAGA,NK
B8_c2,,,NK,B8_c2_CGCGTTTTCTGCGGCA,NK
B8_c2,,,NK,B8_c2_CGCTGGACAATTGCTG,NK
B8_c2,HMN52540,flu,NK,B8_c2_CGCTTCAAGGATGGAA,NK
B8_c2,,,NK,B8_c2_CGGACTGGTTACAGAA,NK
B8_c2,,,NK,B8_c2_CGTAGGCAGACTTGAA,NK
B8_c2,HMN52551,flu,NK,B8_c2_CTACCCAAGCGGCTTC,NK
B8_c2,,,NK,B8_c2_CTAGCCTGTCGCGGTT,NK
B8_c2,,,NK,B8_c2_CTAGTGAAGCCACTAT,NK
B8_c2,HMN52551,flu,NK,B8_c2_CTAGTGATCAACGGCC,NK
B8_c2,,,NK,B8_c2_CTGCCTAGTGAGCGAT,NK
B8_c2,HMN52540,flu,NK,B8_c2_CTGCTGTTCATTGCCC,NK
B8_c2,,,NK,B8_c2_CTTAACTGTTAAGACA,NK
B8_c2,HMN52551,flu,NK,B8_c2_GAATAAGGTTCACGGC,NK
B8_c2,,,NK,B8_c2_GATCGATTCTAACTCT,NK
B8_c2,,,NK,B8_c2_GATCGTAAGAAGAAGC,NK
B8_c2,,,NK,B8_c2_GATGAGGTCCTACAGA,NK
B8_c2,,,NK,B8_c2_GATGCTAAGTACCGGA,NK
B8_c2,HMN52551,flu,NK,B8_c2_GCAATCACACTGTTAG,NK
B8_c2,,,NK,B8_c2_GCATGATCACGGCGTT,NK
B8_c2,,,NK,B8_c2_GCCTCTAAGTTGAGTA,NK
B8_c2,HMN52551,flu,NK,B8_c2_GCGACCAAGGATGTAT,NK
B8_c2,HMN52540,flu,NK,B8_c2_GCGAGAAAGGATGCGT,NK
B8_c2,HMN52551,flu,NK,B8_c2_GCTGGGTGTGGCAAAC,NK
B8_c2,,,NK,B8_c2_GGAACTTGTCATGCCG,NK
B8_c2,HMN52542,flu,NK,B8_c2_GGACGTCCATGCTAGT,NK
B8_c2,,,NK,B8_c2_GGCAATTCAAGCTGTT,NK
B8_c2,HMN52540,flu,NK,B8_c2_GGGATGAAGACCGGAT,NK
B8_c2,,,NK,B8_c2_GGGTCTGTCATCGATG,NK
B8_c2,,,NK,B8_c2_GGTGAAGCAGTCCTTC,NK
B8_c2,HMN52540,flu,NK,B8_c2_GTAACGTCAATCAGAA,NK
B8_c2,HMN52551,flu,NK,B8_c2_GTAGTCAAGATGTTAG,NK
B8_c2,,,NK,B8_c2_GTATTCTTCCTTTCTC,NK
B8_c2,,,NK,B8_c2_GTCACAATCAGCTCGG,NK
B8_c2,,,NK,B8_c2_GTCACAATCTCTAAGG,NK
B8_c2,HMN52540,flu,NK,B8_c2_GTCATTTCAATGCCAT,NK
B8_c2,,,NK,B8_c2_GTCTTCGGTATCTGCA,NK
B8_c2,,,NK,B8_c2_GTGAAGGAGTACACCT,NK
B8_c2,HMN52542,flu,NK,B8_c2_GTGCGGTTCTTGCCGT,NK
B8_c2,HMN52540,flu,NK,B8_c2_GTTACAGTCACAAACC,NK
B8_c2,HMN52551,flu,NK,B8_c2_GTTCGGGTCCAAATGC,NK
B8_c2,,,NK,B8_c2_GTTCTCGAGGCTCATT,NK
B8_c2,HMN52542,flu,NK,B8_c2_TAAGAGAAGCTGATAA,NK
B8_c2,,,NK,B8_c2_TAAGAGAGTTGAACTC,NK
B8_c2,,,NK,B8_c2_TAAGCGTGTCAGAAGC,NK
B8_c2,HMN52542,flu,NK,B8_c2_TACGGATTCACCACCT,NK
B8_c2,,,NK,B8_c2_TACTCATTCCTAGAAC,NK
B8_c2,HMN52539,NI,NK,B8_c2_TACTTACAGATCTGAA,NK
B8_c2,,,NK,B8_c2_TATCAGGGTCTCACCT,NK
B8_c2,,,NK,B8_c2_TATCTCAGTCTTGCGG,NK
B8_c2,HMN52553,NI,NK,B8_c2_TATCTCAGTGCGATAG,NK
B8_c2,,,NK,B8_c2_TATGCCCTCGGAATCT,NK
B8_c2,HMN52551,flu,NK,B8_c2_TCAATCTAGGAATCGC,NK
B8_c2,,,NK,B8_c2_TCAGATGGTCCCTACT,NK
B8_c2,,,NK,B8_c2_TCAGATGTCACATAGC,NK
B8_c2,HMN52540,flu,NK,B8_c2_TCGCGAGGTAGCGTCC,NK
B8_c2,HMN52551,flu,NK,B8_c2_TCGTACCGTAGCTAAA,NK
B8_c2,HMN52540,flu,NK,B8_c2_TGACTTTGTCTCGTTC,NK
B8_c2,HMN52551,flu,NK,B8_c2_TGAGAGGAGACAGAGA,NK
B8_c2,,,NK,B8_c2_TGAGAGGCAACTGCTA,NK
B8_c2,,,NK,B8_c2_TGCCAAAAGTGTCTCA,NK
B8_c2,HMN52551,flu,NK,B8_c2_TGCCAAACAGGTCCAC,NK
B8_c2,HMN52540,flu,NK,B8_c2_TGCTACCCAAGCCGCT,NK
B8_c2,HMN52540,flu,NK,B8_c2_TGCTGCTAGTTCCACA,NK
B8_c2,HMN52551,flu,NK,B8_c2_TGGGAAGTCGATAGAA,NK
B8_c2,HMN52540,flu,NK,B8_c2_TGTATTCTCGGAATCT,NK
B8_c2,,,NK,B8_c2_TTAGGACGTGCCTGGT,NK
B8_c2,HMN52551,flu,NK,B8_c2_TTCTTAGAGCTGGAAC,NK
B8_c2,HMN52540,flu,NK,B8_c2_TTTGGTTTCTATCCTA,NK
B9_c1,HMN52556,NI,NK,B9_c1_AAACGGGCATGCGCAC,NK
B9_c1,HMN52560,flu,NK,B9_c1_AAAGTAGCATGTAGTC,NK
B9_c1,HMN52560,flu,NK,B9_c1_AAAGTAGTCTCTGTCG,NK
B9_c1,HMN52560,flu,NK,B9_c1_AAATGCCTCCCACTTG,NK
B9_c1,HMN52560,flu,NK,B9_c1_AACCATGGTCGAAAGC,NK
B9_c1,HMN52560,flu,NK,B9_c1_AACTCCCAGAGCTGGT,NK
B9_c1,HMN52560,flu,NK,B9_c1_AACTCTTGTATGGTTC,NK
B9_c1,,,NK,B9_c1_AACTGGTAGAGGTTGC,NK
B9_c1,,,NK,B9_c1_AAGACCTTCTTATCTG,NK
B9_c1,HMN52560,flu,NK,B9_c1_AAGCCGCAGTATTGGA,NK
B9_c1,HMN52560,flu,NK,B9_c1_AAGTCTGAGCTAGGCA,NK
B9_c1,HMN52560,flu,NK,B9_c1_AAGTCTGGTCAATGTC,NK
B9_c1,,,NK,B9_c1_AATCGGTCAGATTGCT,NK
B9_c1,HMN52560,flu,NK,B9_c1_ACACCAACAGCCAATT,NK
B9_c1,,,NK,B9_c1_ACACCGGAGTGTACCT,NK
B9_c1,HMN52560,flu,NK,B9_c1_ACAGCCGAGGATGGTC,NK
B9_c1,,,NK,B9_c1_ACAGCTAAGGCAAAGA,NK
B9_c1,,,NK,B9_c1_ACATCAGTCAGTTAGC,NK
B9_c1,,,NK,B9_c1_ACATGGTAGTCTCAAC,NK
B9_c1,HMN52560,flu,NK,B9_c1_ACATGGTCAGTCTTCC,NK
B9_c1,,,NK,B9_c1_ACATGGTGTCAAAGAT,NK
B9_c1,HMN52560,flu,NK,B9_c1_ACCAGTATCCCGACTT,NK
B9_c1,HMN52560,flu,NK,B9_c1_ACCGTAAAGAACTCGG,NK
B9_c1,,,NK,B9_c1_ACGAGCCCAAGGCTCC,NK
B9_c1,HMN52560,flu,NK,B9_c1_ACGCCAGAGCCACGTC,NK
B9_c1,HMN52549,flu,NK,B9_c1_ACGCCAGCAATGGACG,NK
B9_c1,HMN52560,flu,NK,B9_c1_ACGGGCTAGCGTGAGT,NK
B9_c1,,,NK,B9_c1_ACGGGCTCATAAGACA,NK
B9_c1,HMN52560,flu,NK,B9_c1_ACTGAGTTCTTACCGC,NK
B9_c1,HMN52560,flu,NK,B9_c1_ACTGATGAGTAAGTAC,NK
B9_c1,,,NK,B9_c1_ACTGCTCTCATTATCC,NK
B9_c1,HMN52560,flu,NK,B9_c1_ACTGTCCTCTACTATC,NK
B9_c1,HMN52560,flu,NK,B9_c1_ACTTTCAAGTGACTCT,NK
B9_c1,,,NK,B9_c1_AGACGTTCAGGACCCT,NK
B9_c1,,,NK,B9_c1_AGAGCGAAGGATGCGT,NK
B9_c1,,,NK,B9_c1_AGATCTGGTAAGTAGT,NK
B9_c1,HMN52560,flu,NK,B9_c1_AGCAGCCCACCAACCG,NK
B9_c1,,,NK,B9_c1_AGCCTAACAAGCTGTT,NK
B9_c1,HMN52560,flu,NK,B9_c1_AGCGGTCAGACAAAGG,NK
B9_c1,,,NK,B9_c1_AGCGTATCACAACTGT,NK
B9_c1,,,NK,B9_c1_AGCTCCTCAGCCTTTC,NK
B9_c1,HMN52560,flu,NK,B9_c1_AGGCCACCATGTTGAC,NK
B9_c1,,,NK,B9_c1_AGGCCACTCAGCATGT,NK
B9_c1,HMN52549,flu,NK,B9_c1_AGGCCGTTCGCCATAA,NK
B9_c1,HMN52560,flu,NK,B9_c1_AGGTCATCAATGGACG,NK
B9_c1,HMN52560,flu,NK,B9_c1_AGGTCCGGTGATGTGG,NK
B9_c1,,,NK,B9_c1_AGGTCCGTCAGCCTAA,NK
B9_c1,,,NK,B9_c1_AGTGAGGTCCGAGCCA,NK
B9_c1,HMN52549,flu,NK,B9_c1_AGTGTCAGTCCGAACC,NK
B9_c1,HMN52560,flu,NK,B9_c1_ATAACGCGTTAAGATG,NK
B9_c1,HMN52549,flu,NK,B9_c1_ATCACGAAGGGTTTCT,NK
B9_c1,HMN52560,flu,NK,B9_c1_ATCACGATCTGGCGAC,NK
B9_c1,HMN52560,flu,NK,B9_c1_ATCGAGTTCCGTCAAA,NK
B9_c1,,,NK,B9_c1_ATCTGCCCAAGTTCTG,NK
B9_c1,,,NK,B9_c1_ATGGGAGCAAGCCCAC,NK
B9_c1,,,NK,B9_c1_ATGGGAGGTCAGAATA,NK
B9_c1,HMN52560,flu,NK,B9_c1_ATGTGTGTCTACGAGT,NK
B9_c1,,,NK,B9_c1_ATTTCTGAGAATAGGG,NK
B9_c1,,,NK,B9_c1_CAACCAATCCGCAGTG,NK
B9_c1,HMN52560,flu,NK,B9_c1_CAACCTCGTCTCAACA,NK
B9_c1,HMN52557,flu,NK,B9_c1_CAAGGCCGTTGGTGGA,NK
B9_c1,HMN52560,flu,NK,B9_c1_CAAGTTGAGTGTTAGA,NK
B9_c1,HMN52560,flu,NK,B9_c1_CACAAACAGGGTCGAT,NK
B9_c1,,,NK,B9_c1_CACACAAGTGGTCCGT,NK
B9_c1,HMN52560,flu,NK,B9_c1_CACACAATCAGCAACT,NK
B9_c1,HMN52560,flu,NK,B9_c1_CACACCTAGCCCAGCT,NK
B9_c1,,,NK,B9_c1_CACATAGCAGTCAGAG,NK
B9_c1,HMN52560,flu,NK,B9_c1_CACATAGTCTCTTATG,NK
B9_c1,HMN52560,flu,NK,B9_c1_CACATTTTCACCACCT,NK
B9_c1,HMN52560,flu,NK,B9_c1_CACCACTTCCTCTAGC,NK
B9_c1,HMN52560,flu,NK,B9_c1_CAGAATCCACAACGCC,NK
B9_c1,HMN52560,flu,NK,B9_c1_CAGCATACACAACGTT,NK
B9_c1,,,NK,B9_c1_CAGCTGGGTCCAACTA,NK
B9_c1,HMN52560,flu,NK,B9_c1_CAGTAACTCAAACAAG,NK
B9_c1,,,NK,B9_c1_CAGTAACTCCGCATCT,NK
B9_c1,HMN52560,flu,NK,B9_c1_CAGTAACTCGCTTAGA,NK
B9_c1,HMN52560,flu,NK,B9_c1_CAGTCCTAGTTATCGC,NK
B9_c1,,,NK,B9_c1_CATATTCGTGTCCTCT,NK
B9_c1,HMN52560,flu,NK,B9_c1_CATCAGACATCCGGGT,NK
B9_c1,,,NK,B9_c1_CATCCACAGGTAGCTG,NK
B9_c1,HMN52560,flu,NK,B9_c1_CATCGGGTCGTTGACA,NK
B9_c1,,,NK,B9_c1_CCAGCGACACAAGCCC,NK
B9_c1,HMN52560,flu,NK,B9_c1_CCATGTCTCTTAGCCC,NK
B9_c1,,,NK,B9_c1_CCATTCGCAGACGCTC,NK
B9_c1,HMN52560,flu,NK,B9_c1_CCCAATCAGCCGCCTA,NK
B9_c1,HMN52557,flu,NK,B9_c1_CCCATACAGTGGGCTA,NK
B9_c1,HMN52560,flu,NK,B9_c1_CCCTCCTAGCCTATGT,NK
B9_c1,,,NK,B9_c1_CCCTCCTAGTACATGA,NK
B9_c1,,,NK,B9_c1_CCCTCCTGTGAACCTT,NK
B9_c1,HMN52560,flu,NK,B9_c1_CCGGTAGCAATGAATG,NK
B9_c1,HMN52549,flu,NK,B9_c1_CCGTTCATCGGAGGTA,NK
B9_c1,HMN52557,flu,NK,B9_c1_CCTAAAGCATTACCTT,NK
B9_c1,HMN52557,flu,NK,B9_c1_CCTCAGTAGATGCGAC,NK
B9_c1,,,NK,B9_c1_CCTTACGCATCTCGCT,NK
B9_c1,HMN52560,flu,NK,B9_c1_CCTTCCCTCCTGCTTG,NK
B9_c1,,,NK,B9_c1_CGAATGTTCAGATAAG,NK
B9_c1,,,NK,B9_c1_CGAGAAGAGTTGTCGT,NK
B9_c1,,,NK,B9_c1_CGAGCACGTGGGTATG,NK
B9_c1,HMN52549,flu,NK,B9_c1_CGAGCCAAGTATGACA,NK
B9_c1,,,NK,B9_c1_CGAGCCACATGGAATA,NK
B9_c1,,,NK,B9_c1_CGATCGGGTTACGTCA,NK
B9_c1,HMN52560,flu,NK,B9_c1_CGATGGCCACGCATCG,NK
B9_c1,,,NK,B9_c1_CGCCAAGCAAGCGTAG,NK
B9_c1,HMN52560,flu,NK,B9_c1_CGCCAAGGTTGAGTTC,NK
B9_c1,HMN52560,flu,NK,B9_c1_CGCGGTACAGTAGAGC,NK
B9_c1,HMN52560,flu,NK,B9_c1_CGCTATCAGGAATTAC,NK
B9_c1,HMN52560,flu,NK,B9_c1_CGCTGGAAGATTACCC,NK
B9_c1,HMN52560,flu,NK,B9_c1_CGCTGGACAGATGGCA,NK
B9_c1,HMN52560,flu,NK,B9_c1_CGCTGGAGTCCTCCAT,NK
B9_c1,HMN52560,flu,NK,B9_c1_CGGACACCACTTCGAA,NK
B9_c1,HMN52560,flu,NK,B9_c1_CGGCTAGAGTTGCAGG,NK
B9_c1,,,NK,B9_c1_CGGGTCACACCAACCG,NK
B9_c1,HMN52560,flu,NK,B9_c1_CGGTTAAAGCGAGAAA,NK
B9_c1,HMN52557,flu,NK,B9_c1_CGTCACTCACACGCTG,NK
B9_c1,HMN52560,flu,NK,B9_c1_CGTCACTGTTCCAACA,NK
B9_c1,HMN52560,flu,NK,B9_c1_CGTCCATCAGGATTGG,NK
B9_c1,HMN52560,flu,NK,B9_c1_CGTCTACGTTGAGGTG,NK
B9_c1,HMN52560,flu,NK,B9_c1_CGTGAGCCAGTAAGCG,NK
B9_c1,HMN52560,flu,NK,B9_c1_CGTTGGGCACTTGGAT,NK
B9_c1,,,NK,B9_c1_CTAACTTAGGCTCAGA,NK
B9_c1,,,NK,B9_c1_CTAACTTCACGTCAGC,NK
B9_c1,HMN52560,flu,NK,B9_c1_CTACACCGTTGATTCG,NK
B9_c1,HMN52560,flu,NK,B9_c1_CTACATTAGATATACG,NK
B9_c1,HMN52560,flu,NK,B9_c1_CTAGAGTTCTTACCTA,NK
B9_c1,HMN52560,flu,NK,B9_c1_CTCAGAACATGATCCA,NK
B9_c1,,,NK,B9_c1_CTCATTAAGACTACAA,NK
B9_c1,,,NK,B9_c1_CTCCTAGCAAATACAG,NK
B9_c1,,,NK,B9_c1_CTCGAGGCACAAGACG,NK
B9_c1,HMN52560,flu,NK,B9_c1_CTCGGGACAGCTGGCT,NK
B9_c1,HMN52560,flu,NK,B9_c1_CTCTACGTCAATAAGG,NK
B9_c1,HMN52560,flu,NK,B9_c1_CTGATAGTCCTTTCTC,NK
B9_c1,,,NK,B9_c1_CTGCGGACAAGCTGTT,NK
B9_c1,HMN52560,flu,NK,B9_c1_CTTAGGACATGTTGAC,NK
B9_c1,HMN52560,flu,NK,B9_c1_CTTAGGAGTAGCCTAT,NK
B9_c1,HMN52560,flu,NK,B9_c1_CTTAGGAGTCTCTTTA,NK
B9_c1,HMN52560,flu,NK,B9_c1_CTTCTCTAGATGCCTT,NK
B9_c1,HMN52560,flu,NK,B9_c1_CTTCTCTGTAATAGCA,NK
B9_c1,,,NK,B9_c1_CTTCTCTGTAGCAAAT,NK
B9_c1,HMN52560,flu,NK,B9_c1_CTTTGCGGTGTCTGAT,NK
B9_c1,,,NK,B9_c1_GAAATGATCCTCTAGC,NK
B9_c1,HMN52560,flu,NK,B9_c1_GAACATCAGCAGGCTA,NK
B9_c1,HMN52560,flu,NK,B9_c1_GAACCTATCCGAACGC,NK
B9_c1,HMN52560,flu,NK,B9_c1_GAACCTATCTATCCCG,NK
B9_c1,HMN52560,flu,NK,B9_c1_GAACGGACATGCCACG,NK
B9_c1,HMN52560,flu,NK,B9_c1_GAACGGAGTATGGTTC,NK
B9_c1,,,NK,B9_c1_GACGGCTCAGGTCCAC,NK
B9_c1,HMN52560,flu,NK,B9_c1_GATCGCGCACTAAGTC,NK
B9_c1,HMN52560,flu,NK,B9_c1_GATCGTACATATGGTC,NK
B9_c1,,,NK,B9_c1_GCACTCTAGGAATGGA,NK
B9_c1,HMN52560,flu,NK,B9_c1_GCACTCTCACGGTTTA,NK
B9_c1,HMN52560,flu,NK,B9_c1_GCAGCCACAGTTCATG,NK
B9_c1,HMN52560,flu,NK,B9_c1_GCAGCCATCCGCGGTA,NK
B9_c1,HMN52560,flu,NK,B9_c1_GCATGCGTCAGCTCTC,NK
B9_c1,,,NK,B9_c1_GCCTCTAAGCTGCGAA,NK
B9_c1,HMN52560,flu,NK,B9_c1_GCGACCAAGAGGGCTT,NK
B9_c1,,,NK,B9_c1_GCGCCAAAGTCAAGCG,NK
B9_c1,,,NK,B9_c1_GCGCGATTCTGTGCAA,NK
B9_c1,HMN52560,flu,NK,B9_c1_GCGGGTTTCCAGAGGA,NK
B9_c1,,,NK,B9_c1_GCTCCTAAGGTGTTAA,NK
B9_c1,,,NK,B9_c1_GCTCTGTCAAGACGTG,NK
B9_c1,,,NK,B9_c1_GCTGCTTGTACCAGTT,NK
B9_c1,HMN52560,flu,NK,B9_c1_GCTGGGTCACCAACCG,NK
B9_c1,HMN52560,flu,NK,B9_c1_GGAACTTAGTGCCAGA,NK
B9_c1,,,NK,B9_c1_GGACAGAGTATGAATG,NK
B9_c1,HMN52560,flu,NK,B9_c1_GGATGTTGTGTCCTCT,NK
B9_c1,HMN52560,flu,NK,B9_c1_GGATGTTTCCAATGGT,NK
B9_c1,HMN52560,flu,NK,B9_c1_GGATTACAGAGTACCG,NK
B9_c1,HMN52560,flu,NK,B9_c1_GGCGTGTGTCCAACTA,NK
B9_c1,,,NK,B9_c1_GGGCACTAGCCGATTT,NK
B9_c1,HMN52560,flu,NK,B9_c1_GGGCACTCATGCCCGA,NK
B9_c1,HMN52560,flu,NK,B9_c1_GGGCACTGTCACTTCC,NK
B9_c1,,,NK,B9_c1_GGGCACTTCATTCACT,NK
B9_c1,HMN52560,flu,NK,B9_c1_GGGCATCCAGCGTTCG,NK
B9_c1,HMN52560,flu,NK,B9_c1_GGTGTTATCAGCGACC,NK
B9_c1,,,NK,B9_c1_GGTGTTATCTTGACGA,NK
B9_c1,HMN52560,flu,NK,B9_c1_GTACTCCCATGAACCT,NK
B9_c1,HMN52560,flu,NK,B9_c1_GTATCTTAGGAATTAC,NK
B9_c1,,,NK,B9_c1_GTCAAGTTCTCTGTCG,NK
B9_c1,HMN52560,flu,NK,B9_c1_GTCGGGTGTGAAGGCT,NK
B9_c1,,,NK,B9_c1_GTCGTAAAGCAATATG,NK
B9_c1,,,NK,B9_c1_GTCTTCGTCGGTCTAA,NK
B9_c1,HMN52560,flu,NK,B9_c1_GTGCAGCCAGGGATTG,NK
B9_c1,,,NK,B9_c1_GTGGGTCTCTTCATGT,NK
B9_c1,,,NK,B9_c1_GTGTGCGCACATGACT,NK
B9_c1,,,NK,B9_c1_GTTAAGCGTATGCTTG,NK
B9_c1,HMN52560,flu,NK,B9_c1_GTTACAGGTTCACCTC,NK
B9_c1,HMN52560,flu,NK,B9_c1_GTTTCTAAGGAATGGA,NK
B9_c1,HMN52560,flu,NK,B9_c1_TAAGAGATCATCGGAT,NK
B9_c1,HMN52560,flu,NK,B9_c1_TACACGACATATGGTC,NK
B9_c1,HMN52560,flu,NK,B9_c1_TACCTTAGTCAAAGCG,NK
B9_c1,HMN52560,flu,NK,B9_c1_TACGGATTCCCAACGG,NK
B9_c1,HMN52560,flu,NK,B9_c1_TACTCATGTGGCGAAT,NK
B9_c1,HMN52560,flu,NK,B9_c1_TACTCATTCAACACTG,NK
B9_c1,,,NK,B9_c1_TACTCGCAGTCGCCGT,NK
B9_c1,HMN52560,flu,NK,B9_c1_TACTTACAGTAACCCT,NK
B9_c1,HMN52560,flu,NK,B9_c1_TAGACCATCGGCTACG,NK
B9_c1,,,NK,B9_c1_TAGGCATGTCGAATCT,NK
B9_c1,HMN52560,flu,NK,B9_c1_TAGGCATGTCGCCATG,NK
B9_c1,HMN52560,flu,NK,B9_c1_TATCTCATCTGATTCT,NK
B9_c1,,,NK,B9_c1_TATGCCCTCACTCCTG,NK
B9_c1,,,NK,B9_c1_TATGCCCTCTAACCGA,NK
B9_c1,HMN52560,flu,NK,B9_c1_TCAATCTGTCATGCAT,NK
B9_c1,,,NK,B9_c1_TCACAAGGTACAGTTC,NK
B9_c1,,,NK,B9_c1_TCACGAAGTTTACTCT,NK
B9_c1,,,NK,B9_c1_TCATTTGTCACAACGT,NK
B9_c1,,,NK,B9_c1_TCCCGATTCAGCACAT,NK
B9_c1,HMN52557,flu,NK,B9_c1_TCCCGATTCAGCCTAA,NK
B9_c1,,,NK,B9_c1_TCGAGGCGTACCGTTA,NK
B9_c1,HMN52560,flu,NK,B9_c1_TCGCGAGCAAATTGCC,NK
B9_c1,HMN52560,flu,NK,B9_c1_TCGCGTTGTTGTACAC,NK
B9_c1,HMN52560,flu,NK,B9_c1_TCGGTAACAAAGCGGT,NK
B9_c1,HMN52560,flu,NK,B9_c1_TCGTAGAAGGCCCGTT,NK
B9_c1,HMN52560,flu,NK,B9_c1_TCTATTGAGGATGTAT,NK
B9_c1,,,NK,B9_c1_TCTCATAAGGCTATCT,NK
B9_c1,HMN52560,flu,NK,B9_c1_TCTCATAGTATTACCG,NK
B9_c1,HMN52560,flu,NK,B9_c1_TCTCTAAGTACGACCC,NK
B9_c1,HMN52560,flu,NK,B9_c1_TCTCTAATCCGCATAA,NK
B9_c1,,,NK,B9_c1_TCTGGAAAGTCTCAAC,NK
B9_c1,HMN52560,flu,NK,B9_c1_TGAAAGACAGAAGCAC,NK
B9_c1,HMN52560,flu,NK,B9_c1_TGACAACTCGTATCAG,NK
B9_c1,HMN52560,flu,NK,B9_c1_TGACTAGGTAATAGCA,NK
B9_c1,HMN52560,flu,NK,B9_c1_TGAGCCGAGGCTACGA,NK
B9_c1,,,NK,B9_c1_TGAGCCGGTCTTTCAT,NK
B9_c1,HMN52560,flu,NK,B9_c1_TGAGCCGTCGGCGGTT,NK
B9_c1,,,NK,B9_c1_TGAGGGAAGGTGCTTT,NK
B9_c1,HMN52560,flu,NK,B9_c1_TGATTTCAGTTGTAGA,NK
B9_c1,HMN52560,flu,NK,B9_c1_TGCACCTAGTCCCACG,NK
B9_c1,HMN52560,flu,NK,B9_c1_TGCACCTCAATAGAGT,NK
B9_c1,HMN52557,flu,NK,B9_c1_TGCCAAATCAGTTGAC,NK
B9_c1,HMN52560,flu,NK,B9_c1_TGCCAAATCGGTCCGA,NK
B9_c1,HMN52560,flu,NK,B9_c1_TGCTGCTTCCTAGTGA,NK
B9_c1,HMN52560,flu,NK,B9_c1_TGGCCAGCAGATCCAT,NK
B9_c1,HMN52560,flu,NK,B9_c1_TGGCCAGGTGGACGAT,NK
B9_c1,HMN52549,flu,NK,B9_c1_TGGGCGTTCGTCCAGG,NK
B9_c1,HMN52560,flu,NK,B9_c1_TGGTTAGAGTGCCAGA,NK
B9_c1,,,NK,B9_c1_TGGTTCCGTAGAGTGC,NK
B9_c1,,,NK,B9_c1_TGGTTCCGTTGAGTTC,NK
B9_c1,HMN52560,flu,NK,B9_c1_TGTATTCGTACAAGTA,NK
B9_c1,HMN52560,flu,NK,B9_c1_TGTGGTACACAAGACG,NK
B9_c1,HMN52560,flu,NK,B9_c1_TGTGTTTGTTCTGTTT,NK
B9_c1,HMN52560,flu,NK,B9_c1_TTAACTCAGCTAGCCC,NK
B9_c1,,,NK,B9_c1_TTAGTTCTCAGCTTAG,NK
B9_c1,HMN52560,flu,NK,B9_c1_TTCGAAGTCTTGCATT,NK
B9_c1,HMN52560,flu,NK,B9_c1_TTCTACAAGTGCGTGA,NK
B9_c1,HMN52560,flu,NK,B9_c1_TTCTCCTGTATATGGA,NK
B9_c1,,,NK,B9_c1_TTGAACGTCGCTTAGA,NK
B9_c1,HMN52560,flu,NK,B9_c1_TTGCGTCAGTGGCACA,NK
B9_c1,,,NK,B9_c1_TTTACTGGTAGCTCCG,NK
B9_c1,,,NK,B9_c1_TTTACTGTCGGAGGTA,NK
B9_c1,,,NK,B9_c1_TTTCCTCGTCCCGACA,NK
B9_c1,,,NK,B9_c1_TTTGCGCCATCCGTGG,NK
B9_c2,HMN52554,flu,NK,B9_c2_AAAGCAAAGAGACGAA,NK
B9_c2,,,NK,B9_c2_AACACGTTCACAAACC,NK
B9_c2,,,NK,B9_c2_AACCGCGCATCGACGC,NK
B9_c2,,,NK,B9_c2_AACGTTGTCAGTGTTG,NK
B9_c2,,,NK,B9_c2_AACTCCCAGATCCTGT,NK
B9_c2,HMN52554,flu,NK,B9_c2_AACTCCCTCTGAGGGA,NK
B9_c2,HMN52554,flu,NK,B9_c2_AACTTTCCAACGATGG,NK
B9_c2,,,NK,B9_c2_AAGACCTGTCGGGTCT,NK
B9_c2,HMN52556,flu,NK,B9_c2_AAGTCTGGTAGCCTCG,NK
B9_c2,HMN52554,flu,NK,B9_c2_ACACCAAAGATACACA,NK
B9_c2,HMN52554,flu,NK,B9_c2_ACAGCCGGTCGGGTCT,NK
B9_c2,,,NK,B9_c2_ACATACGAGCCTATGT,NK
B9_c2,,,NK,B9_c2_ACATACGGTAGCTAAA,NK
B9_c2,,,NK,B9_c2_ACATCAGGTGCTGTAT,NK
B9_c2,HMN52547,flu,NK,B9_c2_ACATGGTCATATGCTG,NK
B9_c2,,,NK,B9_c2_ACATGGTCATTACCTT,NK
B9_c2,,,NK,B9_c2_ACCCACTAGAATCTCC,NK
B9_c2,HMN52554,flu,NK,B9_c2_ACCTTTACAGGATTGG,NK
B9_c2,,,NK,B9_c2_ACGAGGAAGATCCCGC,NK
B9_c2,HMN52554,flu,NK,B9_c2_ACGATACAGTCGTTTG,NK
B9_c2,,,NK,B9_c2_ACGCAGCGTCAATACC,NK
B9_c2,HMN52554,flu,NK,B9_c2_ACGCCAGGTGAAATCA,NK
B9_c2,HMN52556,flu,NK,B9_c2_ACGCCGAGTTTACTCT,NK
B9_c2,HMN52554,flu,NK,B9_c2_ACGGGCTAGAATGTGT,NK
B9_c2,,,NK,B9_c2_ACGGGCTGTAGCCTAT,NK
B9_c2,HMN52556,flu,NK,B9_c2_ACGTCAAGTTACTGAC,NK
B9_c2,,,NK,B9_c2_ACTGAGTTCACATACG,NK
B9_c2,,,NK,B9_c2_ACTGTCCGTGCGGTAA,NK
B9_c2,,,NK,B9_c2_ACTTGTTAGAGTAAGG,NK
B9_c2,HMN52554,flu,NK,B9_c2_ACTTTCAAGACACTAA,NK
B9_c2,,,NK,B9_c2_AGAATAGCAACACGCC,NK
B9_c2,HMN52549,NI,NK,B9_c2_AGAGCTTAGCTTTGGT,NK
B9_c2,HMN52556,flu,NK,B9_c2_AGAGCTTGTTCCCGAG,NK
B9_c2,,,NK,B9_c2_AGAGCTTGTTCTGGTA,NK
B9_c2,,,NK,B9_c2_AGATCTGCATTCCTCG,NK
B9_c2,HMN52556,flu,NK,B9_c2_AGATTGCGTGAGTATA,NK
B9_c2,,,NK,B9_c2_AGATTGCTCAGTCCCT,NK
B9_c2,HMN52556,flu,NK,B9_c2_AGCAGCCCAAATTGCC,NK
B9_c2,HMN52554,flu,NK,B9_c2_AGCAGCCTCGATCCCT,NK
B9_c2,HMN52554,flu,NK,B9_c2_AGCGGTCCAATGGAAT,NK
B9_c2,HMN52554,flu,NK,B9_c2_AGTAGTCCATGCCCGA,NK
B9_c2,HMN52554,flu,NK,B9_c2_AGTGAGGCAGCGTAAG,NK
B9_c2,,,NK,B9_c2_AGTGAGGGTGTGGCTC,NK
B9_c2,HMN52547,flu,NK,B9_c2_AGTTGGTCAATGTAAG,NK
B9_c2,HMN52547,flu,NK,B9_c2_AGTTGGTTCTAAGCCA,NK
B9_c2,HMN52554,flu,NK,B9_c2_ATAAGAGAGCAAATCA,NK
B9_c2,HMN52554,flu,NK,B9_c2_ATCATCTAGAATAGGG,NK
B9_c2,,,NK,B9_c2_ATCATGGGTTACGACT,NK
B9_c2,HMN52556,flu,NK,B9_c2_ATGAGGGCACCTCGTT,NK
B9_c2,HMN52554,flu,NK,B9_c2_ATGTGTGCAATAAGCA,NK
B9_c2,HMN52556,flu,NK,B9_c2_ATTACTCCACCCTATC,NK
B9_c2,HMN52554,flu,NK,B9_c2_ATTCTACGTGCACGAA,NK
B9_c2,,,NK,B9_c2_ATTGGACCATACTCTT,NK
B9_c2,HMN52554,flu,NK,B9_c2_CAACTAGAGGAATGGA,NK
B9_c2,HMN52554,flu,NK,B9_c2_CAACTAGCAGGATTGG,NK
B9_c2,HMN52554,flu,NK,B9_c2_CAACTAGCAGGGTACA,NK
B9_c2,HMN52556,flu,NK,B9_c2_CAAGAAAGTAAACCTC,NK
B9_c2,,,NK,B9_c2_CAAGGCCGTGTTTGTG,NK
B9_c2,,,NK,B9_c2_CACACAAAGGTGTGGT,NK
B9_c2,HMN52554,flu,NK,B9_c2_CACAGTATCGTCGTTC,NK
B9_c2,HMN52547,flu,NK,B9_c2_CACCACTCACAGGAGT,NK
B9_c2,,,NK,B9_c2_CACCACTCATACTACG,NK
B9_c2,HMN52554,flu,NK,B9_c2_CACCACTTCCGTACAA,NK
B9_c2,,,NK,B9_c2_CAGCAGCGTCTCCCTA,NK
B9_c2,HMN52554,flu,NK,B9_c2_CAGCATAAGTGTTGAA,NK
B9_c2,HMN52554,flu,NK,B9_c2_CAGCTAAGTGTTTGTG,NK
B9_c2,HMN52556,flu,NK,B9_c2_CAGCTGGAGCTGAAAT,NK
B9_c2,HMN52554,flu,NK,B9_c2_CAGGTGCCAACTGCTA,NK
B9_c2,,,NK,B9_c2_CATATTCCAGCTGCTG,NK
B9_c2,,,NK,B9_c2_CATCAAGCAGGTCTCG,NK
B9_c2,HMN52547,flu,NK,B9_c2_CATCGGGCAAAGGAAG,NK
B9_c2,HMN52554,flu,NK,B9_c2_CATGACAAGTGGTAAT,NK
B9_c2,HMN52556,flu,NK,B9_c2_CATGGCGTCCTTTCTC,NK
B9_c2,HMN52554,flu,NK,B9_c2_CATTATCAGCCAACAG,NK
B9_c2,,,NK,B9_c2_CCAATCCGTGCTTCTC,NK
B9_c2,HMN52554,flu,NK,B9_c2_CCAGCGAGTCGTTGTA,NK
B9_c2,HMN52556,flu,NK,B9_c2_CCAGCGATCTTACCGC,NK
B9_c2,,,NK,B9_c2_CCCATACGTGTTTGTG,NK
B9_c2,,,NK,B9_c2_CCCTCCTGTCTAGCCG,NK
B9_c2,,,NK,B9_c2_CCGGTAGCAATGTTGC,NK
B9_c2,HMN52556,flu,NK,B9_c2_CCTAAAGCAAGACACG,NK
B9_c2,,,NK,B9_c2_CCTAAAGTCCTAGTGA,NK
B9_c2,,,NK,B9_c2_CCTCAGTCACAGACAG,NK
B9_c2,,,NK,B9_c2_CCTTACGTCAATAAGG,NK
B9_c2,HMN52554,flu,NK,B9_c2_CCTTCGAAGGCATGTG,NK
B9_c2,HMN52554,flu,NK,B9_c2_CCTTCGAAGTGAAGTT,NK
B9_c2,HMN52547,flu,NK,B9_c2_CGAACATAGAGTGAGA,NK
B9_c2,HMN52554,flu,NK,B9_c2_CGATCGGGTCAAAGAT,NK
B9_c2,,,NK,B9_c2_CGATGTACAGTGGAGT,NK
B9_c2,HMN52556,flu,NK,B9_c2_CGCCAAGTCAAACAAG,NK
B9_c2,HMN52554,flu,NK,B9_c2_CGCTTCAAGACTTGAA,NK
B9_c2,,,NK,B9_c2_CGGACACAGCAGGTCA,NK
B9_c2,HMN52547,flu,NK,B9_c2_CGGACACAGCTAACTC,NK
B9_c2,HMN52556,flu,NK,B9_c2_CGGCTAGTCTACTATC,NK
B9_c2,HMN52554,flu,NK,B9_c2_CGGGTCAAGATGTGGC,NK
B9_c2,HMN52554,flu,NK,B9_c2_CGGGTCAAGTGCAAGC,NK
B9_c2,,,NK,B9_c2_CGTCACTAGTGAACAT,NK
B9_c2,HMN52547,flu,NK,B9_c2_CGTCACTGTAATCACC,NK
B9_c2,,,NK,B9_c2_CGTCACTTCCCTTGCA,NK
B9_c2,HMN52556,flu,NK,B9_c2_CGTCCATGTAAACACA,NK
B9_c2,HMN52556,flu,NK,B9_c2_CGTCTACCATGCCTTC,NK
B9_c2,,,NK,B9_c2_CGTGAGCTCCTCAATT,NK
B9_c2,,,NK,B9_c2_CTAACTTCACATTTCT,NK
B9_c2,,,NK,B9_c2_CTAGCCTCATACCATG,NK
B9_c2,HMN52554,flu,NK,B9_c2_CTCACACGTGACAAAT,NK
B9_c2,HMN52554,flu,NK,B9_c2_CTCACACTCGCGTTTC,NK
B9_c2,,,NK,B9_c2_CTCGAAACACTTAAGC,NK
B9_c2,HMN52554,flu,NK,B9_c2_CTCGGAGTCAGCCTAA,NK
B9_c2,HMN52547,flu,NK,B9_c2_CTCTAATGTCAGAAGC,NK
B9_c2,,,NK,B9_c2_CTCTACGTCTTCGAGA,NK
B9_c2,,,NK,B9_c2_CTGAAACCAATCCAAC,NK
B9_c2,HMN52547,flu,NK,B9_c2_CTGAAGTAGAAGCCCA,NK
B9_c2,,,NK,B9_c2_CTGAAGTGTCGCTTCT,NK
B9_c2,HMN52556,flu,NK,B9_c2_CTGCGGAGTTCTGAAC,NK
B9_c2,HMN52556,flu,NK,B9_c2_CTGCTGTAGGCCCGTT,NK
B9_c2,,,NK,B9_c2_CTTAGGAGTCTAGTGT,NK
B9_c2,,,NK,B9_c2_CTTCTCTCACTAGTAC,NK
B9_c2,HMN52554,flu,NK,B9_c2_CTTGGCTAGCTACCTA,NK
B9_c2,HMN52554,flu,NK,B9_c2_GAAACTCGTAAAGTCA,NK
B9_c2,HMN52554,flu,NK,B9_c2_GAAACTCGTTAAGGGC,NK
B9_c2,HMN52556,flu,NK,B9_c2_GAAATGAGTAGCTCCG,NK
B9_c2,,,NK,B9_c2_GAACATCAGAGAGCTC,NK
B9_c2,HMN52556,flu,NK,B9_c2_GAATGAAGTGCAGTAG,NK
B9_c2,,,NK,B9_c2_GACACGCAGACGACGT,NK
B9_c2,HMN52556,flu,NK,B9_c2_GACAGAGTCCGATATG,NK
B9_c2,HMN52556,flu,NK,B9_c2_GACAGAGTCGGAGCAA,NK
B9_c2,HMN52554,flu,NK,B9_c2_GACTGCGCATATACGC,NK
B9_c2,,,NK,B9_c2_GAGTCCGGTGCTGTAT,NK
B9_c2,HMN52554,flu,NK,B9_c2_GATCGATGTTGCTCCT,NK
B9_c2,HMN52554,flu,NK,B9_c2_GATCGCGGTCAGAATA,NK
B9_c2,HMN52554,flu,NK,B9_c2_GCATGATAGGCCGAAT,NK
B9_c2,HMN52556,flu,NK,B9_c2_GCGAGAAAGCTAACTC,NK
B9_c2,HMN52547,flu,NK,B9_c2_GCGAGAAGTTCCACTC,NK
B9_c2,HMN52554,flu,NK,B9_c2_GCGCAACTCCTGCTTG,NK
B9_c2,HMN52556,flu,NK,B9_c2_GCGCGATCATGCAATC,NK
B9_c2,,,NK,B9_c2_GCGGGTTCAAAGAATC,NK
B9_c2,HMN52554,flu,NK,B9_c2_GCTCCTAGTAGTACCT,NK
B9_c2,HMN52556,flu,NK,B9_c2_GCTCCTAGTCCGAGTC,NK
B9_c2,HMN52556,flu,NK,B9_c2_GCTCTGTGTACAGTTC,NK
B9_c2,,,NK,B9_c2_GCTGCGATCGCCTGAG,NK
B9_c2,HMN52554,flu,NK,B9_c2_GCTGCTTAGAGAACAG,NK
B9_c2,HMN52554,flu,NK,B9_c2_GCTGCTTTCAGAGGTG,NK
B9_c2,HMN52554,flu,NK,B9_c2_GCTTGAACATCGTCGG,NK
B9_c2,HMN52554,flu,NK,B9_c2_GGAACTTGTGGGTCAA,NK
B9_c2,HMN52554,flu,NK,B9_c2_GGAATAAAGCGATAGC,NK
B9_c2,,,NK,B9_c2_GGAATAATCCAGTATG,NK
B9_c2,HMN52549,NI,NK,B9_c2_GGACAGACACCGAAAG,NK
B9_c2,,,NK,B9_c2_GGACGTCGTCTCACCT,NK
B9_c2,,,NK,B9_c2_GGAGCAACACCATCCT,NK
B9_c2,,,NK,B9_c2_GGATGTTGTAGAGTGC,NK
B9_c2,,,NK,B9_c2_GGATGTTTCTCTAGGA,NK
B9_c2,,,NK,B9_c2_GGATTACTCTCTTATG,NK
B9_c2,,,NK,B9_c2_GGCAATTCACGGCTAC,NK
B9_c2,,,NK,B9_c2_GGCGACTAGTCAATAG,NK
B9_c2,,,NK,B9_c2_GGCTCGAGTTGTGGCC,NK
B9_c2,,,NK,B9_c2_GGGATGACAGGCTGAA,NK
B9_c2,HMN52554,flu,NK,B9_c2_GGGCACTTCGCACTCT,NK
B9_c2,HMN52554,flu,NK,B9_c2_GGTGAAGAGTGCCAGA,NK
B9_c2,HMN52554,flu,NK,B9_c2_GGTGCGTAGGTAGCCA,NK
B9_c2,HMN52556,flu,NK,B9_c2_GTACTCCGTCACTGGC,NK
B9_c2,HMN52554,flu,NK,B9_c2_GTACTTTAGACCTAGG,NK
B9_c2,,,NK,B9_c2_GTAGTCAAGCTAGTCT,NK
B9_c2,HMN52554,flu,NK,B9_c2_GTAGTCATCTATCGCC,NK
B9_c2,HMN52554,flu,NK,B9_c2_GTCACAACAGATGGCA,NK
B9_c2,HMN52554,flu,NK,B9_c2_GTCACAAGTTGTGGCC,NK
B9_c2,HMN52556,flu,NK,B9_c2_GTCATTTGTGGTGTAG,NK
B9_c2,,,NK,B9_c2_GTCCTCACAAGCCGCT,NK
B9_c2,,,NK,B9_c2_GTCTTCGCATATGGTC,NK
B9_c2,HMN52554,flu,NK,B9_c2_GTGCAGCAGTGACTCT,NK
B9_c2,HMN52554,flu,NK,B9_c2_GTGCTTCAGGGTTTCT,NK
B9_c2,,,NK,B9_c2_GTGCTTCCAGCCACCA,NK
B9_c2,,,NK,B9_c2_GTGTTAGGTCGGCTCA,NK
B9_c2,HMN52554,flu,NK,B9_c2_GTTAAGCAGGCTCATT,NK
B9_c2,,,NK,B9_c2_GTTAAGCGTCTCAACA,NK
B9_c2,HMN52554,flu,NK,B9_c2_GTTCTCGTCAGTGTTG,NK
B9_c2,,,NK,B9_c2_GTTTCTACAGCAGTTT,NK
B9_c2,,,NK,B9_c2_TAAACCGAGATCTGAA,NK
B9_c2,,,NK,B9_c2_TACACGAAGTCCAGGA,NK
B9_c2,HMN52556,flu,NK,B9_c2_TACCTATTCGGCATCG,NK
B9_c2,,,NK,B9_c2_TACGGATAGTGACTCT,NK
B9_c2,HMN52554,flu,NK,B9_c2_TACGGATTCAGGCGAA,NK
B9_c2,,,NK,B9_c2_TACTCATCACACCGCA,NK
B9_c2,HMN52554,flu,NK,B9_c2_TAGAGCTTCGTCCAGG,NK
B9_c2,,,NK,B9_c2_TAGCCGGTCTGCGACG,NK
B9_c2,HMN52557,NI,NK,B9_c2_TAGGCATAGCGTCTAT,NK
B9_c2,,,NK,B9_c2_TAGTTGGCAGTCGTGC,NK
B9_c2,HMN52554,flu,NK,B9_c2_TATCAGGCACGCCAGT,NK
B9_c2,,,NK,B9_c2_TATCAGGTCGGTTCGG,NK
B9_c2,HMN52556,flu,NK,B9_c2_TATCTCAAGACACGAC,NK
B9_c2,HMN52554,flu,NK,B9_c2_TATTACCTCAGTTGAC,NK
B9_c2,,,NK,B9_c2_TCACAAGCAGTAGAGC,NK
B9_c2,HMN52554,flu,NK,B9_c2_TCAGCAAGTGATGATA,NK
B9_c2,,,NK,B9_c2_TCAGCTCGTTCATGGT,NK
B9_c2,HMN52554,flu,NK,B9_c2_TCTTCGGGTGGTCTCG,NK
B9_c2,HMN52556,flu,NK,B9_c2_TCTTTCCGTCATCGGC,NK
B9_c2,,,NK,B9_c2_TGAAAGAGTTTAGGAA,NK
B9_c2,HMN52556,flu,NK,B9_c2_TGACTTTAGATTACCC,NK
B9_c2,,,NK,B9_c2_TGAGGGACATGACATC,NK
B9_c2,HMN52556,flu,NK,B9_c2_TGAGGGATCGCATGGC,NK
B9_c2,,,NK,B9_c2_TGCCAAACATCTACGA,NK
B9_c2,,,NK,B9_c2_TGCCCATAGGTCATCT,NK
B9_c2,HMN52554,flu,NK,B9_c2_TGCCCATTCGGTGTTA,NK
B9_c2,HMN52549,NI,NK,B9_c2_TGCGTGGTCAGCGATT,NK
B9_c2,HMN52554,flu,NK,B9_c2_TGGCCAGAGGTCGGAT,NK
B9_c2,HMN52556,flu,NK,B9_c2_TGGCCAGCATCACGAT,NK
B9_c2,,,NK,B9_c2_TGGCGCACATGTCGAT,NK
B9_c2,HMN52554,flu,NK,B9_c2_TGGGAAGGTATCACCA,NK
B9_c2,HMN52556,flu,NK,B9_c2_TGGTTCCCAGCCTTTC,NK
B9_c2,HMN52556,flu,NK,B9_c2_TGTCCCATCGTTGACA,NK
B9_c2,HMN52554,flu,NK,B9_c2_TGTGTTTGTCTAAACC,NK
B9_c2,,,NK,B9_c2_TTAGGACAGCTAGGCA,NK
B9_c2,HMN52554,flu,NK,B9_c2_TTAGGACAGCTGAAAT,NK
B9_c2,HMN52554,flu,NK,B9_c2_TTAGGCACAGACACTT,NK
B9_c2,HMN52554,flu,NK,B9_c2_TTATGCTGTAGTAGTA,NK
B9_c2,HMN52556,flu,NK,B9_c2_TTCGGTCGTTGTTTGG,NK
B9_c2,,,NK,B9_c2_TTCTACACATATACGC,NK
B9_c2,,,NK,B9_c2_TTGCCGTTCGAACTGT,NK
B9_c2,,,NK,B9_c2_TTTCCTCGTCTTGCGG,NK
B9_c2,HMN52560,NI,NK,B9_c2_TTTCCTCTCGTTTAGG,NK
B9_c2,,,NK,B9_c2_TTTGTCAAGTCCTCCT,NK
B9_c2,,,NK,B9_c2_TTTGTCACAACTGCTA,NK
B9_c2,,,NK,B9_c2_TTTGTCATCTGCAGTA,NK
B10_c1,HMN52555,flu,NK,B10_c1_AAACGGGGTAGCCTAT,NK
B10_c1,HMN52555,flu,NK,B10_c1_AAAGATGCACCAGGTC,NK
B10_c1,,,NK,B10_c1_AAAGATGCATTGAGCT,NK
B10_c1,HMN52555,flu,NK,B10_c1_AACCATGAGATCTGAA,NK
B10_c1,HMN52555,flu,NK,B10_c1_AACCGCGAGGCTAGCA,NK
B10_c1,,,NK,B10_c1_AACTCCCCAGTGGAGT,NK
B10_c1,,,NK,B10_c1_AAGCCGCAGCCGATTT,NK
B10_c1,HMN52555,flu,NK,B10_c1_AAGGCAGCACGAGGTA,NK
B10_c1,HMN52555,flu,NK,B10_c1_AAGGTTCCAACACCTA,NK
B10_c1,,,NK,B10_c1_AATCCAGGTATTACCG,NK
B10_c1,HMN52555,flu,NK,B10_c1_AATCGGTTCTGCTGTC,NK
B10_c1,,,NK,B10_c1_ACACCCTCAAGGGTCA,NK
B10_c1,,,NK,B10_c1_ACCCACTGTCTGCCAG,NK
B10_c1,HMN52550,flu,NK,B10_c1_ACGAGCCGTGGCCCTA,NK
B10_c1,,,NK,B10_c1_ACGCCGAGTTAAAGAC,NK
B10_c1,,,NK,B10_c1_ACGCCGATCAGAAATG,NK
B10_c1,HMN52561,flu,NK,B10_c1_ACGGAGATCAACCATG,NK
B10_c1,HMN52555,flu,NK,B10_c1_ACTGAACAGGAACTGC,NK
B10_c1,,,NK,B10_c1_ACTGAACTCTTGACGA,NK
B10_c1,,,NK,B10_c1_ACTGATGGTGCTAGCC,NK
B10_c1,HMN52555,flu,NK,B10_c1_ACTGCTCGTCAACTGT,NK
B10_c1,HMN52548,NI,NK,B10_c1_ACTTGTTTCAAACCGT,NK
B10_c1,HMN52561,flu,NK,B10_c1_AGAATAGTCTCTTGAT,NK
B10_c1,,,NK,B10_c1_AGAGCGAGTACAGCAG,NK
B10_c1,HMN52555,flu,NK,B10_c1_AGGTCCGCATGGTCAT,NK
B10_c1,HMN52561,flu,NK,B10_c1_AGGTCCGTCTTCGGTC,NK
B10_c1,,,NK,B10_c1_AGTAGTCCATTCACTT,NK
B10_c1,,,NK,B10_c1_AGTGTCAAGAAGAAGC,NK
B10_c1,HMN52555,flu,NK,B10_c1_ATCATGGCAGTTTACG,NK
B10_c1,HMN52555,flu,NK,B10_c1_ATCCGAAAGATGTGTA,NK
B10_c1,HMN52555,flu,NK,B10_c1_ATGAGGGCACAGATTC,NK
B10_c1,,,NK,B10_c1_ATGAGGGTCTTAGAGC,NK
B10_c1,,,NK,B10_c1_ATGCGATAGAAGGTTT,NK
B10_c1,,,NK,B10_c1_ATTGGTGGTCCATGAT,NK
B10_c1,HMN52555,flu,NK,B10_c1_CAAGAAATCTGTTGAG,NK
B10_c1,,,NK,B10_c1_CAAGATCCAGCCACCA,NK
B10_c1,HMN52561,flu,NK,B10_c1_CACAAACAGATGCCAG,NK
B10_c1,HMN52555,flu,NK,B10_c1_CACACCTCAGTGACAG,NK
B10_c1,,,NK,B10_c1_CACAGTAGTTATGTGC,NK
B10_c1,HMN52555,flu,NK,B10_c1_CACATAGAGTAGCCGA,NK
B10_c1,HMN52555,flu,NK,B10_c1_CACCACTCATACCATG,NK
B10_c1,HMN52561,flu,NK,B10_c1_CACCAGGGTTAGAACA,NK
B10_c1,HMN52561,flu,NK,B10_c1_CAGAGAGGTAGCTTGT,NK
B10_c1,,,NK,B10_c1_CAGCATACAGTATGCT,NK
B10_c1,,,NK,B10_c1_CAGCCGAAGCCATCGC,NK
B10_c1,HMN52555,flu,NK,B10_c1_CATATTCCACTGTTAG,NK
B10_c1,HMN52555,flu,NK,B10_c1_CATATTCGTCTTGATG,NK
B10_c1,,,NK,B10_c1_CATCCACAGTGGTAAT,NK
B10_c1,,,NK,B10_c1_CATCGAACATTTCAGG,NK
B10_c1,HMN52550,flu,NK,B10_c1_CATCGGGCATCGACGC,NK
B10_c1,,,NK,B10_c1_CATGACATCTAACGGT,NK
B10_c1,HMN52555,flu,NK,B10_c1_CATGCCTGTATATCCG,NK
B10_c1,,,NK,B10_c1_CATGGCGTCACATAGC,NK
B10_c1,HMN52561,flu,NK,B10_c1_CATTCGCCAGTTCATG,NK
B10_c1,,,NK,B10_c1_CCACTACCAACTGGCC,NK
B10_c1,HMN52561,flu,NK,B10_c1_CCAGCGAGTCTCTTAT,NK
B10_c1,,,NK,B10_c1_CCCTCCTCAATAACGA,NK
B10_c1,,,NK,B10_c1_CCGTACTAGACAGACC,NK
B10_c1,,,NK,B10_c1_CCGTACTGTCTCCACT,NK
B10_c1,,,NK,B10_c1_CCGTGGACACGAAATA,NK
B10_c1,HMN52555,flu,NK,B10_c1_CCGTTCAGTGAGTATA,NK
B10_c1,HMN52555,flu,NK,B10_c1_CCTCAGTCAAGAAAGG,NK
B10_c1,,,NK,B10_c1_CCTCAGTGTCTCCATC,NK
B10_c1,HMN52555,flu,NK,B10_c1_CCTTACGCAATAGAGT,NK
B10_c1,HMN52561,flu,NK,B10_c1_CCTTCCCAGTTGCAGG,NK
B10_c1,HMN52555,flu,NK,B10_c1_CCTTTCTGTCGCATAT,NK
B10_c1,,,NK,B10_c1_CCTTTCTTCGTGTAGT,NK
B10_c1,,,NK,B10_c1_CGAATGTCAAGCCCAC,NK
B10_c1,,,NK,B10_c1_CGAATGTGTCTGCCAG,NK
B10_c1,HMN52546,NI,NK,B10_c1_CGAGAAGAGGTACTCT,NK
B10_c1,HMN52550,flu,NK,B10_c1_CGAGAAGTCATGCAAC,NK
B10_c1,HMN52555,flu,NK,B10_c1_CGAGCACCAATCCGAT,NK
B10_c1,HMN52555,flu,NK,B10_c1_CGATCGGTCGCCGTGA,NK
B10_c1,,,NK,B10_c1_CGATGTAAGAGGGATA,NK
B10_c1,,,NK,B10_c1_CGATGTAAGTACGCCC,NK
B10_c1,HMN52555,flu,NK,B10_c1_CGCCAAGCACGGCCAT,NK
B10_c1,HMN52561,flu,NK,B10_c1_CGCCAAGGTCCTCTTG,NK
B10_c1,,,NK,B10_c1_CGCTATCCAAAGGTGC,NK
B10_c1,,,NK,B10_c1_CGCTGGAGTCAGTGGA,NK
B10_c1,HMN52561,flu,NK,B10_c1_CGCTTCAAGGTGCAAC,NK
B10_c1,HMN52555,flu,NK,B10_c1_CGGACTGTCCATGCTC,NK
B10_c1,HMN52555,flu,NK,B10_c1_CGGAGTCCAGCATGAG,NK
B10_c1,HMN52561,flu,NK,B10_c1_CGTGTAAAGTACACCT,NK
B10_c1,HMN52555,flu,NK,B10_c1_CGTGTCTTCCCTCAGT,NK
B10_c1,,,NK,B10_c1_CGTTAGACAGGTCTCG,NK
B10_c1,HMN52555,flu,NK,B10_c1_CTAAGACTCTGGTATG,NK
B10_c1,HMN52546,NI,NK,B10_c1_CTAATGGGTTGTACAC,NK
B10_c1,HMN52555,flu,NK,B10_c1_CTACACCAGTAACCCT,NK
B10_c1,HMN52555,flu,NK,B10_c1_CTACCCAAGCCAGTAG,NK
B10_c1,,,NK,B10_c1_CTACCCACAACTGGCC,NK
B10_c1,HMN52555,flu,NK,B10_c1_CTACGTCGTGGACGAT,NK
B10_c1,,,NK,B10_c1_CTAGAGTAGCTATGCT,NK
B10_c1,,,NK,B10_c1_CTAGAGTTCGTGGTCG,NK
B10_c1,,,NK,B10_c1_CTAGAGTTCTTGTTTG,NK
B10_c1,,,NK,B10_c1_CTCTGGTGTACCGAGA,NK
B10_c1,HMN52555,flu,NK,B10_c1_CTGAAGTTCTCGTTTA,NK
B10_c1,HMN52550,flu,NK,B10_c1_CTGATCCAGCGTTTAC,NK
B10_c1,HMN52561,flu,NK,B10_c1_CTGCGGATCATTTGGG,NK
B10_c1,,,NK,B10_c1_CTGTGCTTCAATACCG,NK
B10_c1,HMN52561,flu,NK,B10_c1_CTGTTTACATTTCACT,NK
B10_c1,HMN52561,flu,NK,B10_c1_CTTAGGACACACTGCG,NK
B10_c1,HMN52555,flu,NK,B10_c1_CTTAGGATCAGCTCTC,NK
B10_c1,HMN52555,flu,NK,B10_c1_CTTGGCTAGGTTCCTA,NK
B10_c1,,,NK,B10_c1_GAATAAGCACCAACCG,NK
B10_c1,HMN52555,flu,NK,B10_c1_GAATGAAGTGGCAAAC,NK
B10_c1,,,NK,B10_c1_GACAGAGTCAGGCGAA,NK
B10_c1,HMN52555,flu,NK,B10_c1_GACCAATCATTTGCCC,NK
B10_c1,,,NK,B10_c1_GACGTGCCAATTCCTT,NK
B10_c1,HMN52555,flu,NK,B10_c1_GAGCAGACAACGCACC,NK
B10_c1,,,NK,B10_c1_GAGGTGACATCCGCGA,NK
B10_c1,HMN52555,flu,NK,B10_c1_GAGGTGATCTAAGCCA,NK
B10_c1,,,NK,B10_c1_GATCGATGTTCTGAAC,NK
B10_c1,HMN52555,flu,NK,B10_c1_GATCGCGGTAGCGATG,NK
B10_c1,,,NK,B10_c1_GCAAACTGTATGCTTG,NK
B10_c1,,,NK,B10_c1_GCATGATAGGGCTCTC,NK
B10_c1,HMN52555,flu,NK,B10_c1_GCATGCGGTCAAAGCG,NK
B10_c1,,,NK,B10_c1_GCGAGAATCTTGAGAC,NK
B10_c1,,,NK,B10_c1_GCGCAACGTTGGTTTG,NK
B10_c1,HMN52561,flu,NK,B10_c1_GCGCAACTCATATCGG,NK
B10_c1,,,NK,B10_c1_GGAACTTTCGTACGGC,NK
B10_c1,HMN52555,flu,NK,B10_c1_GGACGTCAGGAGTACC,NK
B10_c1,,,NK,B10_c1_GGAGCAATCAGCTTAG,NK
B10_c1,,,NK,B10_c1_GGATGTTGTCCCGACA,NK
B10_c1,,,NK,B10_c1_GGCCGATGTTCGGCAC,NK
B10_c1,HMN52550,flu,NK,B10_c1_GGCTCGAGTCAATGTC,NK
B10_c1,HMN52555,flu,NK,B10_c1_GGCTCGATCATGCAAC,NK
B10_c1,HMN52561,flu,NK,B10_c1_GGGAATGCAAAGCGGT,NK
B10_c1,,,NK,B10_c1_GGGATGAGTAGCAAAT,NK
B10_c1,HMN52550,flu,NK,B10_c1_GGTGAAGAGATGTCGG,NK
B10_c1,,,NK,B10_c1_GGTGAAGGTATGAATG,NK
B10_c1,HMN52555,flu,NK,B10_c1_GTAACTGCACTGTTAG,NK
B10_c1,HMN52550,flu,NK,B10_c1_GTACTTTGTTATCACG,NK
B10_c1,HMN52550,flu,NK,B10_c1_GTATCTTTCAGAGACG,NK
B10_c1,HMN52561,flu,NK,B10_c1_GTCAAGTTCCTTGACC,NK
B10_c1,HMN52561,flu,NK,B10_c1_GTCATTTCATCCGGGT,NK
B10_c1,,,NK,B10_c1_GTCGGGTCATCCGTGG,NK
B10_c1,HMN52550,flu,NK,B10_c1_GTCGTAAAGTGATCGG,NK
B10_c1,,,NK,B10_c1_GTGAAGGAGGAGCGTT,NK
B10_c1,,,NK,B10_c1_GTTAAGCAGTTACGGG,NK
B10_c1,HMN52561,flu,NK,B10_c1_GTTCTCGTCAAACGGG,NK
B10_c1,HMN52555,flu,NK,B10_c1_TAAGCGTAGGATGTAT,NK
B10_c1,HMN52555,flu,NK,B10_c1_TAAGCGTCAGGCTCAC,NK
B10_c1,HMN52555,flu,NK,B10_c1_TACGGGCAGGCTAGAC,NK
B10_c1,HMN52555,flu,NK,B10_c1_TACTTGTAGTAGCGGT,NK
B10_c1,HMN52548,NI,NK,B10_c1_TAGACCACACACGCTG,NK
B10_c1,HMN52550,flu,NK,B10_c1_TCAATCTTCTACCTGC,NK
B10_c1,HMN52561,flu,NK,B10_c1_TCAGCAAAGGAGTAGA,NK
B10_c1,,,NK,B10_c1_TCATTTGCATGAAGTA,NK
B10_c1,,,NK,B10_c1_TCCCGATGTCAGAAGC,NK
B10_c1,HMN52555,flu,NK,B10_c1_TCGGGACAGGAGCGTT,NK
B10_c1,HMN52555,flu,NK,B10_c1_TCGTACCGTCCGACGT,NK
B10_c1,HMN52555,flu,NK,B10_c1_TCGTAGATCCGTAGTA,NK
B10_c1,,,NK,B10_c1_TCTCATACAAGACGTG,NK
B10_c1,HMN52555,flu,NK,B10_c1_TGACTTTGTTACGGAG,NK
B10_c1,,,NK,B10_c1_TGAGAGGAGATGCCTT,NK
B10_c1,HMN52555,flu,NK,B10_c1_TGATTTCCACCAGATT,NK
B10_c1,,,NK,B10_c1_TGATTTCGTCAGGACA,NK
B10_c1,HMN52555,flu,NK,B10_c1_TGATTTCGTTTGTTTC,NK
B10_c1,HMN52561,flu,NK,B10_c1_TGCCCATGTGGTTTCA,NK
B10_c1,HMN52561,flu,NK,B10_c1_TGCGCAGGTAGCACGA,NK
B10_c1,HMN52555,flu,NK,B10_c1_TGGCCAGTCCTTTCGG,NK
B10_c1,HMN52555,flu,NK,B10_c1_TGGCGCACAAAGGAAG,NK
B10_c1,HMN52555,flu,NK,B10_c1_TGGCTGGGTCCGTCAG,NK
B10_c1,,,NK,B10_c1_TGGGAAGCAACACCTA,NK
B10_c1,HMN52561,flu,NK,B10_c1_TGGTTAGCACCAGGCT,NK
B10_c1,HMN52555,flu,NK,B10_c1_TGTATTCGTACAGTGG,NK
B10_c1,HMN52561,flu,NK,B10_c1_TGTATTCTCGGTCCGA,NK
B10_c1,HMN52555,flu,NK,B10_c1_TGTCCCAGTTGTGGAG,NK
B10_c1,,,NK,B10_c1_TGTGGTACAGGGATTG,NK
B10_c1,,,NK,B10_c1_TTCGGTCGTTAAGTAG,NK
B10_c1,HMN52555,flu,NK,B10_c1_TTCTTAGGTGTGCGTC,NK
B10_c1,,,NK,B10_c1_TTGGAACAGTTCGCAT,NK
B10_c1,,,NK,B10_c1_TTGGCAACATTCTTAC,NK
B10_c1,,,NK,B10_c1_TTGTAGGTCCCGGATG,NK
B10_c1,,,NK,B10_c1_TTTCCTCTCACTCTTA,NK
B10_c1,HMN52555,flu,NK,B10_c1_TTTGGTTTCTGCTGTC,NK
B10_c2,,,NK,B10_c2_AAACCTGGTCCATGAT,NK
B10_c2,,,NK,B10_c2_AAACGGGGTAAGTAGT,NK
B10_c2,,,NK,B10_c2_AACCATGAGGAACTGC,NK
B10_c2,,,NK,B10_c2_AACCGCGGTCTTCTCG,NK
B10_c2,,,NK,B10_c2_AACTCAGCACGGATAG,NK
B10_c2,HMN52559,flu,NK,B10_c2_AACTCCCAGGCCCTCA,NK
B10_c2,,,NK,B10_c2_AAGGCAGTCCATGAAC,NK
B10_c2,HMN52559,flu,NK,B10_c2_AAGGCAGTCGCGGATC,NK
B10_c2,HMN52559,flu,NK,B10_c2_ACACCAACAGCGTCCA,NK
B10_c2,,,NK,B10_c2_ACACCGGTCGGCGGTT,NK
B10_c2,,,NK,B10_c2_ACCAGTAAGATCTGAA,NK
B10_c2,HMN52559,flu,NK,B10_c2_ACCGTAACATTACGAC,NK
B10_c2,,,NK,B10_c2_ACGGAGAAGACAGACC,NK
B10_c2,HMN52559,flu,NK,B10_c2_ACGGAGAAGATCCTGT,NK
B10_c2,,,NK,B10_c2_ACGGGCTGTATCAGTC,NK
B10_c2,,,NK,B10_c2_ACTTGTTAGTTAGCGG,NK
B10_c2,,,NK,B10_c2_ACTTGTTGTGAACCTT,NK
B10_c2,,,NK,B10_c2_ACTTTCAAGGCGCTCT,NK
B10_c2,HMN52559,flu,NK,B10_c2_ACTTTCAGTTACGTCA,NK
B10_c2,,,NK,B10_c2_AGAATAGTCCTAAGTG,NK
B10_c2,HMN52559,flu,NK,B10_c2_AGACGTTTCTGGCGTG,NK
B10_c2,,,NK,B10_c2_AGAGCGACATGAAGTA,NK
B10_c2,HMN52559,flu,NK,B10_c2_AGATTGCCATCTGGTA,NK
B10_c2,HMN52548,flu,NK,B10_c2_AGCGTATCACGGCCAT,NK
B10_c2,,,NK,B10_c2_AGCGTCGGTCGCATAT,NK
B10_c2,,,NK,B10_c2_AGCTTGACAGCTATTG,NK
B10_c2,HMN52546,flu,NK,B10_c2_AGGGAGTAGCGTCTAT,NK
B10_c2,HMN52559,flu,NK,B10_c2_AGGGTGAAGAATTGTG,NK
B10_c2,HMN52548,flu,NK,B10_c2_AGGTCCGGTCTACCTC,NK
B10_c2,HMN52559,flu,NK,B10_c2_AGTCTTTAGCGCCTCA,NK
B10_c2,HMN52559,flu,NK,B10_c2_AGTGTCATCACCATAG,NK
B10_c2,,,NK,B10_c2_ATAACGCGTATATCCG,NK
B10_c2,HMN52559,flu,NK,B10_c2_ATAACGCTCGCCATAA,NK
B10_c2,,,NK,B10_c2_ATAACGCTCTCAACTT,NK
B10_c2,,,NK,B10_c2_ATAGACCAGACAGGCT,NK
B10_c2,,,NK,B10_c2_ATCACGAGTCTAACGT,NK
B10_c2,HMN52559,flu,NK,B10_c2_ATCCACCAGTTTAGGA,NK
B10_c2,,,NK,B10_c2_ATCCGAATCAACTCTT,NK
B10_c2,HMN52559,flu,NK,B10_c2_ATCTACTCAGCCTGTG,NK
B10_c2,HMN52559,flu,NK,B10_c2_ATCTACTCAGTCCTTC,NK
B10_c2,,,NK,B10_c2_ATCTACTGTTACTGAC,NK
B10_c2,HMN52559,flu,NK,B10_c2_ATGAGGGTCCTTGGTC,NK
B10_c2,HMN52559,flu,NK,B10_c2_ATGCGATTCCCTTGCA,NK
B10_c2,,,NK,B10_c2_ATGTGTGCAACTTGAC,NK
B10_c2,,,NK,B10_c2_ATTATCCCACAACGCC,NK
B10_c2,,,NK,B10_c2_ATTGGTGTCGCGCCAA,NK
B10_c2,HMN52559,flu,NK,B10_c2_ATTTCTGGTGTATGGG,NK
B10_c2,HMN52559,flu,NK,B10_c2_CAACTAGAGATGCCAG,NK
B10_c2,HMN52559,flu,NK,B10_c2_CAAGGCCTCGGACAAG,NK
B10_c2,HMN52559,flu,NK,B10_c2_CAAGTTGGTAAGTTCC,NK
B10_c2,HMN52561,NI,NK,B10_c2_CACACCTTCCTATTCA,NK
B10_c2,,,NK,B10_c2_CACAGTATCACTCCTG,NK
B10_c2,HMN52555,NI,NK,B10_c2_CACATAGCAATCACAC,NK
B10_c2,,,NK,B10_c2_CACCAGGAGATGGCGT,NK
B10_c2,HMN52559,flu,NK,B10_c2_CACCAGGCATAACCTG,NK
B10_c2,,,NK,B10_c2_CACTCCACATTTCAGG,NK
B10_c2,,,NK,B10_c2_CAGCAGCGTGGCTCCA,NK
B10_c2,HMN52555,NI,NK,B10_c2_CAGCCGATCCAAGCCG,NK
B10_c2,HMN52559,flu,NK,B10_c2_CAGCGACTCCCACTTG,NK
B10_c2,,,NK,B10_c2_CAGCTGGCAAGACGTG,NK
B10_c2,,,NK,B10_c2_CATGACAAGGATGCGT,NK
B10_c2,HMN52559,flu,NK,B10_c2_CATGGCGCATTGCGGC,NK
B10_c2,,,NK,B10_c2_CCAATCCAGCCGCCTA,NK
B10_c2,HMN52559,flu,NK,B10_c2_CCAATCCGTAATTGGA,NK
B10_c2,HMN52559,flu,NK,B10_c2_CCATGTCAGATACACA,NK
B10_c2,HMN52559,flu,NK,B10_c2_CCATTCGAGAAACGAG,NK
B10_c2,HMN52559,flu,NK,B10_c2_CCCAATCTCTTCTGGC,NK
B10_c2,,,NK,B10_c2_CCCTCCTAGGTGCACA,NK
B10_c2,,,NK,B10_c2_CCGGTAGCATTACCTT,NK
B10_c2,,,NK,B10_c2_CCGTGGAAGCTAGCCC,NK
B10_c2,,,NK,B10_c2_CCTACCAGTAACGCGA,NK
B10_c2,,,NK,B10_c2_CCTTACGAGATGAGAG,NK
B10_c2,HMN52546,flu,NK,B10_c2_CCTTCCCTCTGCCCTA,NK
B10_c2,HMN52559,flu,NK,B10_c2_CGAATGTAGATGTAAC,NK
B10_c2,HMN52559,flu,NK,B10_c2_CGAATGTGTTACTGAC,NK
B10_c2,HMN52559,flu,NK,B10_c2_CGAATGTTCGGCTTGG,NK
B10_c2,HMN52559,flu,NK,B10_c2_CGACCTTCAGCCAGAA,NK
B10_c2,HMN52559,flu,NK,B10_c2_CGATGTAAGGTTACCT,NK
B10_c2,HMN52559,flu,NK,B10_c2_CGATTGACAGTTTACG,NK
B10_c2,,,NK,B10_c2_CGATTGATCCATGAAC,NK
B10_c2,,,NK,B10_c2_CGCGGTATCGGTCTAA,NK
B10_c2,HMN52559,flu,NK,B10_c2_CGGCTAGTCATGTGGT,NK
B10_c2,,,NK,B10_c2_CGTAGCGGTGGGTCAA,NK
B10_c2,HMN52559,flu,NK,B10_c2_CGTCAGGAGGCTAGGT,NK
B10_c2,,,NK,B10_c2_CGTCAGGTCTTAGAGC,NK
B10_c2,HMN52559,flu,NK,B10_c2_CGTCCATCACCCATTC,NK
B10_c2,HMN52546,flu,NK,B10_c2_CGTGAGCTCTTCGGTC,NK
B10_c2,HMN52559,flu,NK,B10_c2_CGTGTCTGTATGCTTG,NK
B10_c2,HMN52559,flu,NK,B10_c2_CGTTCTGTCACCGGGT,NK
B10_c2,HMN52559,flu,NK,B10_c2_CTAACTTGTCCGTGAC,NK
B10_c2,HMN52559,flu,NK,B10_c2_CTACACCAGACACTAA,NK
B10_c2,,,NK,B10_c2_CTACCCAAGCGATAGC,NK
B10_c2,,,NK,B10_c2_CTCAGAAAGCCCAATT,NK
B10_c2,,,NK,B10_c2_CTCTGGTTCTCATTCA,NK
B10_c2,HMN52559,flu,NK,B10_c2_CTCTGGTTCTTCATGT,NK
B10_c2,,,NK,B10_c2_CTGATCCCACTTGGAT,NK
B10_c2,HMN52559,flu,NK,B10_c2_CTGTGCTAGCTCCTCT,NK
B10_c2,HMN52546,flu,NK,B10_c2_CTGTTTAGTGACTCAT,NK
B10_c2,HMN52559,flu,NK,B10_c2_CTTAACTTCTGAGGGA,NK
B10_c2,,,NK,B10_c2_GACGGCTCATACTACG,NK
B10_c2,HMN52559,flu,NK,B10_c2_GACTAACGTGCACGAA,NK
B10_c2,HMN52559,flu,NK,B10_c2_GACTGCGTCGTAGGTT,NK
B10_c2,HMN52548,flu,NK,B10_c2_GAGTCCGAGGAGTCTG,NK
B10_c2,HMN52546,flu,NK,B10_c2_GATCGCGTCACCTTAT,NK
B10_c2,,,NK,B10_c2_GATCGTACAATCTACG,NK
B10_c2,,,NK,B10_c2_GATCTAGTCTTAACCT,NK
B10_c2,,,NK,B10_c2_GATGAGGTCAGCTCTC,NK
B10_c2,HMN52548,flu,NK,B10_c2_GATTCAGCAGCGTTCG,NK
B10_c2,,,NK,B10_c2_GCAATCAAGCACAGGT,NK
B10_c2,,,NK,B10_c2_GCACATACACACTGCG,NK
B10_c2,HMN52559,flu,NK,B10_c2_GCATACATCACAAACC,NK
B10_c2,,,NK,B10_c2_GCATGATGTCCAGTTA,NK
B10_c2,HMN52546,flu,NK,B10_c2_GCATGTACATTCTCAT,NK
B10_c2,HMN52559,flu,NK,B10_c2_GCGAGAAAGTGGAGAA,NK
B10_c2,,,NK,B10_c2_GCGCAGTTCCACGCAG,NK
B10_c2,,,NK,B10_c2_GCGGGTTTCTTAGAGC,NK
B10_c2,HMN52559,flu,NK,B10_c2_GCTCCTATCTCATTCA,NK
B10_c2,HMN52559,flu,NK,B10_c2_GCTTGAATCCATGAGT,NK
B10_c2,,,NK,B10_c2_GGATGTTGTCATGCCG,NK
B10_c2,,,NK,B10_c2_GGCAATTCAATGGAAT,NK
B10_c2,HMN52559,flu,NK,B10_c2_GGCAATTCACAGACAG,NK
B10_c2,,,NK,B10_c2_GGCGTGTAGTATCTCG,NK
B10_c2,,,NK,B10_c2_GGCTCGATCACCCGAG,NK
B10_c2,HMN52559,flu,NK,B10_c2_GGCTGGTAGAAACCTA,NK
B10_c2,,,NK,B10_c2_GGCTGGTCAGCTGTAT,NK
B10_c2,HMN52559,flu,NK,B10_c2_GGGATGATCTCCGGTT,NK
B10_c2,,,NK,B10_c2_GGGCACTAGTACATGA,NK
B10_c2,HMN52559,flu,NK,B10_c2_GGGCACTTCTGCCCTA,NK
B10_c2,HMN52546,flu,NK,B10_c2_GGGCACTTCTGTCAAG,NK
B10_c2,HMN52559,flu,NK,B10_c2_GGGTCTGGTTCGTTGA,NK
B10_c2,HMN52559,flu,NK,B10_c2_GGGTTGCGTAGAAAGG,NK
B10_c2,HMN52559,flu,NK,B10_c2_GGTGTTATCAATAAGG,NK
B10_c2,HMN52548,flu,NK,B10_c2_GTAGGCCTCAATCTCT,NK
B10_c2,HMN52559,flu,NK,B10_c2_GTAGTCATCCAAACTG,NK
B10_c2,,,NK,B10_c2_GTATCTTCAAATACAG,NK
B10_c2,,,NK,B10_c2_GTATCTTTCCTCTAGC,NK
B10_c2,,,NK,B10_c2_GTCACGGTCTTAGAGC,NK
B10_c2,,,NK,B10_c2_GTCACGGTCTTCGGTC,NK
B10_c2,HMN52559,flu,NK,B10_c2_GTCTCGTCACAGGAGT,NK
B10_c2,HMN52559,flu,NK,B10_c2_GTGAAGGGTAAGTGTA,NK
B10_c2,HMN52559,flu,NK,B10_c2_GTGCATAGTGACGCCT,NK
B10_c2,HMN52559,flu,NK,B10_c2_GTGCATAGTGTCAATC,NK
B10_c2,HMN52559,flu,NK,B10_c2_GTTCATTAGTGAACAT,NK
B10_c2,,,NK,B10_c2_GTTCATTGTAAGGATT,NK
B10_c2,,,NK,B10_c2_GTTCGGGCACTGTGTA,NK
B10_c2,HMN52559,flu,NK,B10_c2_TAAGAGACAGACGCCT,NK
B10_c2,HMN52559,flu,NK,B10_c2_TAAGTGCAGTACGCCC,NK
B10_c2,HMN52559,flu,NK,B10_c2_TAAGTGCGTATGGTTC,NK
B10_c2,,,NK,B10_c2_TAAGTGCTCCTAGGGC,NK
B10_c2,HMN52559,flu,NK,B10_c2_TACCTATAGACCTTTG,NK
B10_c2,,,NK,B10_c2_TACTTACTCATTTGGG,NK
B10_c2,,,NK,B10_c2_TAGACCACAAGCTGTT,NK
B10_c2,,,NK,B10_c2_TAGCCGGCATTAACCG,NK
B10_c2,,,NK,B10_c2_TAGTTGGGTCACACGC,NK
B10_c2,,,NK,B10_c2_TATGCCCGTCAGCTAT,NK
B10_c2,HMN52559,flu,NK,B10_c2_TCAATCTGTCAAGCGA,NK
B10_c2,,,NK,B10_c2_TCGCGAGGTCCCTTGT,NK
B10_c2,HMN52559,flu,NK,B10_c2_TCGCGTTGTTGGTTTG,NK
B10_c2,HMN52546,flu,NK,B10_c2_TCTCATATCACCCTCA,NK
B10_c2,,,NK,B10_c2_TCTTTCCGTGCGAAAC,NK
B10_c2,,,NK,B10_c2_TGAGAGGAGAATTCCC,NK
B10_c2,,,NK,B10_c2_TGAGAGGCAATGGACG,NK
B10_c2,HMN52559,flu,NK,B10_c2_TGCGTGGAGGCACATG,NK
B10_c2,,,NK,B10_c2_TGGCGCAAGAGTACCG,NK
B10_c2,HMN52559,flu,NK,B10_c2_TGGTTAGCAGGTGGAT,NK
B10_c2,HMN52559,flu,NK,B10_c2_TGTATTCTCCAGAGGA,NK
B10_c2,HMN52559,flu,NK,B10_c2_TTAGGCATCGCTGATA,NK
B10_c2,,,NK,B10_c2_TTATGCTTCCAAACAC,NK
B10_c2,,,NK,B10_c2_TTCGAAGGTCGTCTTC,NK
B10_c2,HMN52559,flu,NK,B10_c2_TTCTCCTCACGCGAAA,NK
B10_c2,HMN52559,flu,NK,B10_c2_TTCTTAGGTACTTGAC,NK
B10_c2,,,NK,B10_c2_TTGAACGGTATAATGG,NK
B10_c2,,,NK,B10_c2_TTGCCGTTCCTGCTTG,NK
B10_c2,,,NK,B10_c2_TTGGCAATCTCTAGGA,NK
B10_c2,,,NK,B10_c2_TTTGCGCGTGAGTGAC,NK
B11_c1,HMN171220,flu,NK,B11_c1_AAACGGGTCCGTTGCT,NK
B11_c1,HMN171220,flu,NK,B11_c1_AAAGATGAGAGTGACC,NK
B11_c1,,,NK,B11_c1_AAAGCAAAGTGGGTTG,NK
B11_c1,HMN171218,flu,NK,B11_c1_AACCGCGCAGTATAAG,NK
B11_c1,,,NK,B11_c1_AACTCCCAGGAGCGTT,NK
B11_c1,HMN171220,flu,NK,B11_c1_AACTCCCAGTCGTTTG,NK
B11_c1,,,NK,B11_c1_AACTCTTCATAGACTC,NK
B11_c1,,,NK,B11_c1_AACTGGTGTAGAGTGC,NK
B11_c1,,,NK,B11_c1_AACTTTCGTTGGTAAA,NK
B11_c1,,,NK,B11_c1_AACTTTCTCATAGCAC,NK
B11_c1,,,NK,B11_c1_AAGACCTTCGCTGATA,NK
B11_c1,HMN171232,flu,NK,B11_c1_AAGCCGCGTTCTGTTT,NK
B11_c1,HMN171220,flu,NK,B11_c1_AAGGAGCCAGTCAGCC,NK
B11_c1,HMN171232,flu,NK,B11_c1_AAGGAGCTCTCACATT,NK
B11_c1,,,NK,B11_c1_AAGGCAGTCACCAGGC,NK
B11_c1,HMN171218,flu,NK,B11_c1_AAGGTTCGTCTTTCAT,NK
B11_c1,,,NK,B11_c1_AAGTCTGCATGAAGTA,NK
B11_c1,,,NK,B11_c1_AATCGGTGTACCGTAT,NK
B11_c1,,,NK,B11_c1_ACACTGACATTACCTT,NK
B11_c1,,,NK,B11_c1_ACATACGAGGGAAACA,NK
B11_c1,HMN171220,flu,NK,B11_c1_ACATACGCAAACCTAC,NK
B11_c1,HMN171218,flu,NK,B11_c1_ACATACGCACACCGCA,NK
B11_c1,HMN171218,flu,NK,B11_c1_ACATCAGCAGACAAAT,NK
B11_c1,HMN171218,flu,NK,B11_c1_ACATCAGTCATATCGG,NK
B11_c1,,,NK,B11_c1_ACCGTAATCCTCATTA,NK
B11_c1,HMN171218,flu,NK,B11_c1_ACCTTTAAGAGGTAGA,NK
B11_c1,HMN171218,flu,NK,B11_c1_ACCTTTAAGGCGTACA,NK
B11_c1,HMN171220,flu,NK,B11_c1_ACCTTTACATGGTCAT,NK
B11_c1,HMN171218,flu,NK,B11_c1_ACGCCAGGTACAGTGG,NK
B11_c1,HMN171218,flu,NK,B11_c1_ACGCCGACACACATGT,NK
B11_c1,,,NK,B11_c1_ACGCCGAGTATTACCG,NK
B11_c1,HMN171232,flu,NK,B11_c1_ACGGGTCCACACAGAG,NK
B11_c1,HMN171218,flu,NK,B11_c1_ACGGGTCTCAGGATCT,NK
B11_c1,,,NK,B11_c1_ACTGAACCATATGCTG,NK
B11_c1,,,NK,B11_c1_ACTGAGTCACCGATAT,NK
B11_c1,,,NK,B11_c1_ACTGAGTTCGCCATAA,NK
B11_c1,,,NK,B11_c1_ACTGATGCATCACAAC,NK
B11_c1,,,NK,B11_c1_ACTGATGTCATGCATG,NK
B11_c1,HMN171220,flu,NK,B11_c1_ACTGTCCTCGTCGTTC,NK
B11_c1,HMN171220,flu,NK,B11_c1_ACTTTCATCCACTCCA,NK
B11_c1,HMN171218,flu,NK,B11_c1_AGAATAGAGATCTGCT,NK
B11_c1,,,NK,B11_c1_AGAGCGAAGCGTGTCC,NK
B11_c1,,,NK,B11_c1_AGAGTGGCAGTTAACC,NK
B11_c1,HMN171218,flu,NK,B11_c1_AGATTGCTCTGCCCTA,NK
B11_c1,HMN171232,flu,NK,B11_c1_AGCCTAACAAGACACG,NK
B11_c1,,,NK,B11_c1_AGCTCCTAGACAATAC,NK
B11_c1,HMN171218,flu,NK,B11_c1_AGCTCTCCATCACCCT,NK
B11_c1,HMN171218,flu,NK,B11_c1_AGCTCTCGTCTAGTCA,NK
B11_c1,HMN171218,flu,NK,B11_c1_AGCTTGACACCCATTC,NK
B11_c1,,,NK,B11_c1_AGGCCGTTCTCTTATG,NK
B11_c1,,,NK,B11_c1_AGGGATGAGTTCCACA,NK
B11_c1,,,NK,B11_c1_AGGGATGCATGTTGAC,NK
B11_c1,HMN171218,flu,NK,B11_c1_AGGTCATAGATTACCC,NK
B11_c1,,,NK,B11_c1_AGGTCCGAGTGGTCCC,NK
B11_c1,,,NK,B11_c1_AGGTCCGTCTGCGTAA,NK
B11_c1,HMN171218,flu,NK,B11_c1_AGTCTTTAGCGATTCT,NK
B11_c1,HMN171232,flu,NK,B11_c1_AGTGTCAGTCTACCTC,NK
B11_c1,HMN171220,flu,NK,B11_c1_ATCATCTTCCTATTCA,NK
B11_c1,HMN171218,flu,NK,B11_c1_ATCATGGCACCAACCG,NK
B11_c1,HMN171220,flu,NK,B11_c1_ATCCACCCAAACCTAC,NK
B11_c1,HMN171220,flu,NK,B11_c1_ATCCACCCAGACAAGC,NK
B11_c1,HMN171218,flu,NK,B11_c1_ATCGAGTAGGTGCAAC,NK
B11_c1,,,NK,B11_c1_ATCGAGTTCGGAAACG,NK
B11_c1,HMN171220,flu,NK,B11_c1_ATCGAGTTCTTAGCCC,NK
B11_c1,HMN171218,flu,NK,B11_c1_ATTGGACTCTAACGGT,NK
B11_c1,HMN171232,flu,NK,B11_c1_ATTGGTGTCCACTGGG,NK
B11_c1,,,NK,B11_c1_CAACCTCGTTATCCGA,NK
B11_c1,HMN171218,flu,NK,B11_c1_CAACTAGGTAGAAAGG,NK
B11_c1,,,NK,B11_c1_CAACTAGGTCTAAAGA,NK
B11_c1,HMN171232,flu,NK,B11_c1_CAAGAAACAAGACACG,NK
B11_c1,,,NK,B11_c1_CAAGATCAGGATGCGT,NK
B11_c1,,,NK,B11_c1_CAAGTTGGTAGCGTAG,NK
B11_c1,HMN171218,flu,NK,B11_c1_CAAGTTGGTCTGCCAG,NK
B11_c1,,,NK,B11_c1_CACAAACAGTGATCGG,NK
B11_c1,HMN171218,flu,NK,B11_c1_CACAAACCATTGCGGC,NK
B11_c1,HMN171232,flu,NK,B11_c1_CACAAACTCCGCGTTT,NK
B11_c1,HMN171218,flu,NK,B11_c1_CACACTCTCCCATTAT,NK
B11_c1,HMN171218,flu,NK,B11_c1_CACTCCATCTCGGACG,NK
B11_c1,HMN171220,flu,NK,B11_c1_CAGAATCAGTTGAGAT,NK
B11_c1,HMN171215,NI,NK,B11_c1_CAGAGAGAGACCACGA,NK
B11_c1,HMN171218,flu,NK,B11_c1_CAGAGAGGTGCAACGA,NK
B11_c1,,,NK,B11_c1_CAGCAGCAGCTGCCCA,NK
B11_c1,HMN171218,flu,NK,B11_c1_CAGCTGGTCCCACTTG,NK
B11_c1,HMN171220,flu,NK,B11_c1_CAGGTGCCAGGGATTG,NK
B11_c1,HMN171218,flu,NK,B11_c1_CAGGTGCTCCTATTCA,NK
B11_c1,HMN171220,flu,NK,B11_c1_CAGTAACTCCATGAGT,NK
B11_c1,,,NK,B11_c1_CATATGGCATGCCTTC,NK
B11_c1,,,NK,B11_c1_CATATGGGTCAACATC,NK
B11_c1,,,NK,B11_c1_CATATTCAGTCTCCTC,NK
B11_c1,,,NK,B11_c1_CATCGAACATCAGTAC,NK
B11_c1,,,NK,B11_c1_CATGGCGTCGCCGTGA,NK
B11_c1,,,NK,B11_c1_CATTATCCAGGCTCAC,NK
B11_c1,,,NK,B11_c1_CCAATCCAGATCTGAA,NK
B11_c1,HMN171220,flu,NK,B11_c1_CCACCTAAGTGTTGAA,NK
B11_c1,,,NK,B11_c1_CCACCTAGTTTGTGTG,NK
B11_c1,,,NK,B11_c1_CCACGGAGTTACAGAA,NK
B11_c1,HMN171220,flu,NK,B11_c1_CCACTACGTAAACACA,NK
B11_c1,HMN171218,flu,NK,B11_c1_CCATGTCTCTTAGAGC,NK
B11_c1,,,NK,B11_c1_CCATTCGTCCCAACGG,NK
B11_c1,HMN171218,flu,NK,B11_c1_CCCAATCCAAAGTGCG,NK
B11_c1,HMN171220,flu,NK,B11_c1_CCCAATCCAGCTGCTG,NK
B11_c1,HMN171232,flu,NK,B11_c1_CCCAATCGTTTAGCTG,NK
B11_c1,,,NK,B11_c1_CCCTCCTAGTGCCAGA,NK
B11_c1,HMN171218,flu,NK,B11_c1_CCCTCCTTCTATGTGG,NK
B11_c1,HMN171232,flu,NK,B11_c1_CCGGGATAGAGACGAA,NK
B11_c1,HMN171218,flu,NK,B11_c1_CCGGGATCAGATAATG,NK
B11_c1,HMN171220,flu,NK,B11_c1_CCGGGATTCTACTATC,NK
B11_c1,HMN171218,flu,NK,B11_c1_CCGTTCACAGGTCGTC,NK
B11_c1,HMN171220,flu,NK,B11_c1_CCGTTCAGTAAAGTCA,NK
B11_c1,,,NK,B11_c1_CCGTTCAGTTCCACTC,NK
B11_c1,,,NK,B11_c1_CCTAAAGCACCGAATT,NK
B11_c1,,,NK,B11_c1_CCTAAAGGTCTCAACA,NK
B11_c1,,,NK,B11_c1_CCTACCAGTTAAAGTG,NK
B11_c1,,,NK,B11_c1_CCTCAGTTCATGCAAC,NK
B11_c1,,,NK,B11_c1_CCTCTGAGTAGTACCT,NK
B11_c1,,,NK,B11_c1_CCTTACGCAGGCTGAA,NK
B11_c1,,,NK,B11_c1_CCTTCCCAGACTCGGA,NK
B11_c1,HMN171218,flu,NK,B11_c1_CCTTCGATCAGCGATT,NK
B11_c1,HMN171218,flu,NK,B11_c1_CCTTCGATCCACGTTC,NK
B11_c1,,,NK,B11_c1_CGACCTTGTGAGGGTT,NK
B11_c1,HMN171218,flu,NK,B11_c1_CGAGAAGGTAAGAGGA,NK
B11_c1,,,NK,B11_c1_CGAGCCAAGGATTCGG,NK
B11_c1,HMN171218,flu,NK,B11_c1_CGAGCCACAATGGACG,NK
B11_c1,HMN171220,flu,NK,B11_c1_CGAGCCAGTCTCCACT,NK
B11_c1,,,NK,B11_c1_CGAGCCATCCCTCAGT,NK
B11_c1,,,NK,B11_c1_CGATGGCGTCCTCTTG,NK
B11_c1,,,NK,B11_c1_CGATTGATCGGTCTAA,NK
B11_c1,HMN171220,flu,NK,B11_c1_CGCTATCGTACAAGTA,NK
B11_c1,,,NK,B11_c1_CGGACTGAGATGGGTC,NK
B11_c1,,,NK,B11_c1_CGGCTAGAGTTTGCGT,NK
B11_c1,HMN171218,flu,NK,B11_c1_CGGCTAGTCCACTCCA,NK
B11_c1,HMN171218,flu,NK,B11_c1_CGTAGCGTCTCGGACG,NK
B11_c1,HMN171218,flu,NK,B11_c1_CGTAGGCGTTAGATGA,NK
B11_c1,,,NK,B11_c1_CGTCAGGGTCCGCTGA,NK
B11_c1,HMN171218,flu,NK,B11_c1_CGTCTACTCCTACAGA,NK
B11_c1,HMN171218,flu,NK,B11_c1_CGTGAGCGTATATGAG,NK
B11_c1,HMN171218,flu,NK,B11_c1_CGTGAGCTCACCGTAA,NK
B11_c1,HMN171218,flu,NK,B11_c1_CGTGTCTCACCGCTAG,NK
B11_c1,HMN171218,flu,NK,B11_c1_CGTTCTGCATACGCTA,NK
B11_c1,HMN171220,flu,NK,B11_c1_CGTTCTGCATGACATC,NK
B11_c1,HMN171232,flu,NK,B11_c1_CTAACTTAGGAGTTGC,NK
B11_c1,HMN171218,flu,NK,B11_c1_CTAACTTAGTGGTAAT,NK
B11_c1,HMN171218,flu,NK,B11_c1_CTAACTTCATTGGTAC,NK
B11_c1,HMN171232,flu,NK,B11_c1_CTACCCACATCTCCCA,NK
B11_c1,HMN171218,flu,NK,B11_c1_CTACCCAGTCATTAGC,NK
B11_c1,HMN171220,flu,NK,B11_c1_CTACGTCAGCCGCCTA,NK
B11_c1,,,NK,B11_c1_CTAGAGTTCGGATGTT,NK
B11_c1,HMN171220,flu,NK,B11_c1_CTAGCCTTCAGCCTAA,NK
B11_c1,,,NK,B11_c1_CTAGTGAAGCTTATCG,NK
B11_c1,HMN171232,flu,NK,B11_c1_CTAGTGAGTACAGACG,NK
B11_c1,HMN171218,flu,NK,B11_c1_CTAGTGAGTTCCACAA,NK
B11_c1,HMN171218,flu,NK,B11_c1_CTCACACCACTTGGAT,NK
B11_c1,HMN171232,flu,NK,B11_c1_CTCAGAAGTGTTTGGT,NK
B11_c1,HMN171218,flu,NK,B11_c1_CTCAGAATCCCAAGAT,NK
B11_c1,,,NK,B11_c1_CTCCTAGAGAGGGCTT,NK
B11_c1,HMN171220,flu,NK,B11_c1_CTCCTAGGTAATTGGA,NK
B11_c1,HMN171220,flu,NK,B11_c1_CTCGAAACATGGTCAT,NK
B11_c1,HMN171232,flu,NK,B11_c1_CTCGAGGAGTACGCCC,NK
B11_c1,HMN171220,flu,NK,B11_c1_CTCGGGATCCAAGCCG,NK
B11_c1,,,NK,B11_c1_CTCTACGTCTCGCATC,NK
B11_c1,HMN171218,flu,NK,B11_c1_CTGAAACAGGTGATAT,NK
B11_c1,,,NK,B11_c1_CTGATAGAGTGTACTC,NK
B11_c1,,,NK,B11_c1_CTGATAGGTCGTGGCT,NK
B11_c1,HMN171218,flu,NK,B11_c1_CTGATCCAGCTAACTC,NK
B11_c1,,,NK,B11_c1_CTGCCTATCATTGCGA,NK
B11_c1,HMN171218,flu,NK,B11_c1_CTGCCTATCCAGTAGT,NK
B11_c1,HMN171232,flu,NK,B11_c1_CTGCGGAGTAGCGATG,NK
B11_c1,HMN171218,flu,NK,B11_c1_CTGCTGTCACAACTGT,NK
B11_c1,,,NK,B11_c1_CTGCTGTTCTCGGACG,NK
B11_c1,,,NK,B11_c1_CTGTGCTGTGAGGGTT,NK
B11_c1,,,NK,B11_c1_CTGTTTAAGCTAGTTC,NK
B11_c1,,,NK,B11_c1_CTGTTTACATTACCTT,NK
B11_c1,HMN171218,flu,NK,B11_c1_CTGTTTAGTAGAAAGG,NK
B11_c1,HMN171220,flu,NK,B11_c1_CTTACCGTCAGCCTAA,NK
B11_c1,HMN171220,flu,NK,B11_c1_CTTAGGAGTGTATGGG,NK
B11_c1,HMN171218,flu,NK,B11_c1_CTTAGGAGTTCAACCA,NK
B11_c1,HMN171220,flu,NK,B11_c1_CTTGGCTCATGACGGA,NK
B11_c1,,,NK,B11_c1_CTTGGCTTCGGCGCAT,NK
B11_c1,,,NK,B11_c1_GAACCTATCACTGGGC,NK
B11_c1,HMN171232,flu,NK,B11_c1_GAACCTATCAGTTAGC,NK
B11_c1,HMN171218,flu,NK,B11_c1_GAAGCAGTCATCGGAT,NK
B11_c1,HMN171218,flu,NK,B11_c1_GACACGCGTACTCGCG,NK
B11_c1,HMN171220,flu,NK,B11_c1_GACACGCTCTGGGCCA,NK
B11_c1,,,NK,B11_c1_GACAGAGTCTCCCTGA,NK
B11_c1,,,NK,B11_c1_GACCAATAGAAGGGTA,NK
B11_c1,HMN171220,flu,NK,B11_c1_GACCAATTCGGCGCTA,NK
B11_c1,HMN171220,flu,NK,B11_c1_GACCTGGAGCCCAGCT,NK
B11_c1,HMN171218,flu,NK,B11_c1_GACGGCTTCCTATTCA,NK
B11_c1,HMN171232,flu,NK,B11_c1_GACGTGCGTTCCGGCA,NK
B11_c1,HMN171218,flu,NK,B11_c1_GACTAACAGACTGGGT,NK
B11_c1,HMN171218,flu,NK,B11_c1_GACTACAAGTGTACGG,NK
B11_c1,HMN171218,flu,NK,B11_c1_GACTGCGAGAGCTATA,NK
B11_c1,HMN171220,flu,NK,B11_c1_GACTGCGAGTTATCGC,NK
B11_c1,HMN171215,NI,NK,B11_c1_GAGCAGAAGCCCAACC,NK
B11_c1,HMN171232,flu,NK,B11_c1_GAGCAGACATGCCACG,NK
B11_c1,HMN171220,flu,NK,B11_c1_GAGGTGACACGAAGCA,NK
B11_c1,HMN171218,flu,NK,B11_c1_GAGTCCGTCGCGTTTC,NK
B11_c1,HMN171218,flu,NK,B11_c1_GATCAGTAGACAAAGG,NK
B11_c1,HMN171220,flu,NK,B11_c1_GATCAGTCAGCTCCGA,NK
B11_c1,HMN171220,flu,NK,B11_c1_GATCAGTTCAAACAAG,NK
B11_c1,,,NK,B11_c1_GATCGCGAGATGTCGG,NK
B11_c1,,,NK,B11_c1_GATCGTACAAATTGCC,NK
B11_c1,HMN171218,flu,NK,B11_c1_GATGAAAAGGCATGGT,NK
B11_c1,HMN171220,flu,NK,B11_c1_GATGAGGGTTAAGACA,NK
B11_c1,HMN171220,flu,NK,B11_c1_GATGCTAAGCGGCTTC,NK
B11_c1,HMN171220,flu,NK,B11_c1_GATTCAGGTTATCGGT,NK
B11_c1,,,NK,B11_c1_GCAATCATCCAAAGTC,NK
B11_c1,,,NK,B11_c1_GCACATAAGATGTGGC,NK
B11_c1,HMN171218,flu,NK,B11_c1_GCACTCTTCCGCGTTT,NK
B11_c1,,,NK,B11_c1_GCAGCCAGTTAGGGTG,NK
B11_c1,,,NK,B11_c1_GCATACAAGTACGTTC,NK
B11_c1,,,NK,B11_c1_GCATGTACAGGACCCT,NK
B11_c1,,,NK,B11_c1_GCGAGAAGTCGAACAG,NK
B11_c1,HMN171218,flu,NK,B11_c1_GCGCAACGTGGGTATG,NK
B11_c1,HMN171220,flu,NK,B11_c1_GCGCAACTCCAACCAA,NK
B11_c1,,,NK,B11_c1_GCGCCAAGTACCATCA,NK
B11_c1,,,NK,B11_c1_GCGCCAATCCAAATGC,NK
B11_c1,HMN171218,flu,NK,B11_c1_GCTCCTACATAAAGGT,NK
B11_c1,,,NK,B11_c1_GCTCCTATCAAACGGG,NK
B11_c1,HMN171218,flu,NK,B11_c1_GCTCTGTTCGTGGACC,NK
B11_c1,,,NK,B11_c1_GCTGCGACAACGATGG,NK
B11_c1,HMN171220,flu,NK,B11_c1_GCTTCCAAGATCCCGC,NK
B11_c1,,,NK,B11_c1_GCTTCCATCAGGCAAG,NK
B11_c1,HMN171218,flu,NK,B11_c1_GGAAAGCAGCAGGCTA,NK
B11_c1,HMN171220,flu,NK,B11_c1_GGAAAGCCATCGGAAG,NK
B11_c1,,,NK,B11_c1_GGAAAGCGTGAGGCTA,NK
B11_c1,,,NK,B11_c1_GGAACTTAGCCCAATT,NK
B11_c1,HMN171218,flu,NK,B11_c1_GGAACTTGTTCACCTC,NK
B11_c1,HMN171232,flu,NK,B11_c1_GGACAAGGTAAGTTCC,NK
B11_c1,HMN171218,flu,NK,B11_c1_GGACAGAAGCCTATGT,NK
B11_c1,HMN171220,flu,NK,B11_c1_GGACGTCTCCGATATG,NK
B11_c1,,,NK,B11_c1_GGAGCAAGTTCACGGC,NK
B11_c1,,,NK,B11_c1_GGATGTTGTCTTCGTC,NK
B11_c1,HMN171218,flu,NK,B11_c1_GGATGTTGTCTTGATG,NK
B11_c1,,,NK,B11_c1_GGCAATTAGGAGTTTA,NK
B11_c1,HMN171220,flu,NK,B11_c1_GGGACCTGTAAACACA,NK
B11_c1,HMN171220,flu,NK,B11_c1_GGGAGATCAATACGCT,NK
B11_c1,,,NK,B11_c1_GGGCATCTCTAACTCT,NK
B11_c1,HMN171232,flu,NK,B11_c1_GGTATTGCAATGGTCT,NK
B11_c1,,,NK,B11_c1_GGTGAAGTCCTAGAAC,NK
B11_c1,HMN171220,flu,NK,B11_c1_GGTGTTACACAGGAGT,NK
B11_c1,HMN171220,flu,NK,B11_c1_GTAACGTAGAAACGCC,NK
B11_c1,,,NK,B11_c1_GTAACGTCATGTTGAC,NK
B11_c1,HMN171218,flu,NK,B11_c1_GTACGTAAGGGTATCG,NK
B11_c1,HMN171220,flu,NK,B11_c1_GTACTCCAGCGTTTAC,NK
B11_c1,,,NK,B11_c1_GTACTTTAGGCTCATT,NK
B11_c1,HMN171218,flu,NK,B11_c1_GTACTTTGTCGCCATG,NK
B11_c1,HMN171218,flu,NK,B11_c1_GTACTTTTCCGAACGC,NK
B11_c1,,,NK,B11_c1_GTACTTTTCTTAGAGC,NK
B11_c1,HMN171218,flu,NK,B11_c1_GTAGGCCAGTGCGATG,NK
B11_c1,HMN171218,flu,NK,B11_c1_GTATTCTGTACTCAAC,NK
B11_c1,,,NK,B11_c1_GTATTCTTCCATGAAC,NK
B11_c1,HMN171220,flu,NK,B11_c1_GTCAAGTAGCACGCCT,NK
B11_c1,HMN171220,flu,NK,B11_c1_GTCACAACATGACGGA,NK
B11_c1,HMN171220,flu,NK,B11_c1_GTCACAATCGTCTGCT,NK
B11_c1,,,NK,B11_c1_GTCACGGCACCGCTAG,NK
B11_c1,,,NK,B11_c1_GTCACGGCATGTCGAT,NK
B11_c1,,,NK,B11_c1_GTCGGGTAGATCTGAA,NK
B11_c1,,,NK,B11_c1_GTCGGGTAGTACGTAA,NK
B11_c1,HMN171220,flu,NK,B11_c1_GTCGTAAGTCTTTCAT,NK
B11_c1,,,NK,B11_c1_GTCTCGTGTCGTTGTA,NK
B11_c1,,,NK,B11_c1_GTGAAGGGTTCGTTGA,NK
B11_c1,,,NK,B11_c1_GTGCATACAATCCGAT,NK
B11_c1,HMN171220,flu,NK,B11_c1_GTGCTTCGTACACCGC,NK
B11_c1,HMN171218,flu,NK,B11_c1_GTGCTTCTCGGCGCAT,NK
B11_c1,HMN171218,flu,NK,B11_c1_GTGGGTCAGCTGATAA,NK
B11_c1,,,NK,B11_c1_GTGTGCGGTATAGTAG,NK
B11_c1,,,NK,B11_c1_GTTAAGCGTTCGTCTC,NK
B11_c1,HMN171233,NI,NK,B11_c1_GTTCATTCAGCTGCAC,NK
B11_c1,HMN171218,flu,NK,B11_c1_GTTCTCGAGCAGGCTA,NK
B11_c1,HMN171220,flu,NK,B11_c1_GTTCTCGTCATACGGT,NK
B11_c1,HMN171218,flu,NK,B11_c1_GTTTCTAAGAACTCGG,NK
B11_c1,HMN171220,flu,NK,B11_c1_GTTTCTATCACTGGGC,NK
B11_c1,HMN171218,flu,NK,B11_c1_TAAACCGCAGCTGGCT,NK
B11_c1,,,NK,B11_c1_TAAGAGACACTTAACG,NK
B11_c1,,,NK,B11_c1_TACACGAAGATGGGTC,NK
B11_c1,,,NK,B11_c1_TACAGTGAGAATTCCC,NK
B11_c1,HMN171218,flu,NK,B11_c1_TACAGTGGTAGCCTAT,NK
B11_c1,HMN171220,flu,NK,B11_c1_TACCTATAGAAACCTA,NK
B11_c1,,,NK,B11_c1_TACCTATCATACCATG,NK
B11_c1,,,NK,B11_c1_TACCTATGTGTAACGG,NK
B11_c1,HMN171220,flu,NK,B11_c1_TACCTTACAGGCTGAA,NK
B11_c1,,,NK,B11_c1_TACCTTAGTCCTAGCG,NK
B11_c1,HMN171218,flu,NK,B11_c1_TACTCATCAATCCGAT,NK
B11_c1,HMN171218,flu,NK,B11_c1_TACTCATCAGATCGGA,NK
B11_c1,HMN171218,flu,NK,B11_c1_TAGACCACAAAGGCGT,NK
B11_c1,HMN171232,flu,NK,B11_c1_TAGACCATCATTTGGG,NK
B11_c1,,,NK,B11_c1_TAGCCGGCATACTCTT,NK
B11_c1,HMN171232,flu,NK,B11_c1_TAGTTGGAGGGCACTA,NK
B11_c1,HMN171218,flu,NK,B11_c1_TAGTTGGTCAAGGCTT,NK
B11_c1,HMN171218,flu,NK,B11_c1_TATCTCACACATCCGG,NK
B11_c1,HMN171232,flu,NK,B11_c1_TATCTCATCGGAGCAA,NK
B11_c1,,,NK,B11_c1_TATGCCCTCAAGATCC,NK
B11_c1,HMN171220,flu,NK,B11_c1_TATGCCCTCCACGCAG,NK
B11_c1,HMN171220,flu,NK,B11_c1_TATTACCGTCTAACGT,NK
B11_c1,HMN171220,flu,NK,B11_c1_TCAACGATCGAATGCT,NK
B11_c1,,,NK,B11_c1_TCAATCTTCCTTGACC,NK
B11_c1,HMN171218,flu,NK,B11_c1_TCACAAGCAATCGGTT,NK
B11_c1,HMN171232,flu,NK,B11_c1_TCAGCTCAGACTAGAT,NK
B11_c1,HMN171220,flu,NK,B11_c1_TCAGGATCAGTCCTTC,NK
B11_c1,,,NK,B11_c1_TCATTACCACCTGGTG,NK
B11_c1,,,NK,B11_c1_TCCACACAGGACAGAA,NK
B11_c1,HMN171218,flu,NK,B11_c1_TCCACACGTCCGACGT,NK
B11_c1,,,NK,B11_c1_TCCACACGTTATTCTC,NK
B11_c1,HMN171232,flu,NK,B11_c1_TCCCGATCAATACGCT,NK
B11_c1,,,NK,B11_c1_TCGAGGCTCTCACATT,NK
B11_c1,HMN171232,flu,NK,B11_c1_TCGCGAGGTCCGCTGA,NK
B11_c1,HMN171232,flu,NK,B11_c1_TCGCGAGTCAAGGCTT,NK
B11_c1,HMN171218,flu,NK,B11_c1_TCGTACCAGAGTTGGC,NK
B11_c1,HMN171218,flu,NK,B11_c1_TCGTAGAGTCCTCTTG,NK
B11_c1,HMN171232,flu,NK,B11_c1_TCTGGAACATATACGC,NK
B11_c1,,,NK,B11_c1_TCTTTCCCAGTCTTCC,NK
B11_c1,HMN171218,flu,NK,B11_c1_TGAAAGAAGAGTACCG,NK
B11_c1,HMN171218,flu,NK,B11_c1_TGAAAGACATAGTAAG,NK
B11_c1,HMN171220,flu,NK,B11_c1_TGACAACAGGTGGGTT,NK
B11_c1,HMN171218,flu,NK,B11_c1_TGAGCATGTGCGCTTG,NK
B11_c1,,,NK,B11_c1_TGAGCCGCAGTCGTGC,NK
B11_c1,,,NK,B11_c1_TGATTTCTCTGGTGTA,NK
B11_c1,HMN171218,flu,NK,B11_c1_TGCACCTAGTCTCAAC,NK
B11_c1,,,NK,B11_c1_TGCCCATCACAAGCCC,NK
B11_c1,HMN171218,flu,NK,B11_c1_TGCCCTAAGTCATGCT,NK
B11_c1,,,NK,B11_c1_TGCCCTACAGACACTT,NK
B11_c1,HMN171232,flu,NK,B11_c1_TGCCCTATCTGGGCCA,NK
B11_c1,,,NK,B11_c1_TGCGGGTAGAAACGAG,NK
B11_c1,HMN171220,flu,NK,B11_c1_TGCTGCTAGTATCTCG,NK
B11_c1,,,NK,B11_c1_TGGCGCAAGGTGCTAG,NK
B11_c1,,,NK,B11_c1_TGGCGCAGTTACCGAT,NK
B11_c1,HMN171220,flu,NK,B11_c1_TGGCTGGCAGCTGCAC,NK
B11_c1,HMN171218,flu,NK,B11_c1_TGGGCGTCACAAGTAA,NK
B11_c1,,,NK,B11_c1_TGGTTCCTCACGGTTA,NK
B11_c1,HMN171218,flu,NK,B11_c1_TGTATTCCAAACTGCT,NK
B11_c1,,,NK,B11_c1_TGTGGTACACGGATAG,NK
B11_c1,HMN171218,flu,NK,B11_c1_TGTTCCGTCGGCTTGG,NK
B11_c1,HMN171232,flu,NK,B11_c1_TTAACTCTCAACGCTA,NK
B11_c1,,,NK,B11_c1_TTAGTTCCATTCACTT,NK
B11_c1,HMN171220,flu,NK,B11_c1_TTATGCTAGAAACCTA,NK
B11_c1,,,NK,B11_c1_TTCCCAGAGATTACCC,NK
B11_c1,,,NK,B11_c1_TTCGAAGAGCCCAACC,NK
B11_c1,HMN171215,NI,NK,B11_c1_TTCGAAGCAGTTCATG,NK
B11_c1,,,NK,B11_c1_TTCGAAGGTTTGACAC,NK
B11_c1,HMN171233,NI,NK,B11_c1_TTCTACAAGGGAACGG,NK
B11_c1,,,NK,B11_c1_TTCTCAATCAAGGTAA,NK
B11_c1,,,NK,B11_c1_TTCTCCTCATATACGC,NK
B11_c1,HMN171229,NI,NK,B11_c1_TTCTCCTGTGCCTGCA,NK
B11_c1,,,NK,B11_c1_TTGAACGTCGGTGTTA,NK
B11_c1,,,NK,B11_c1_TTGCGTCAGCAGGCTA,NK
B11_c1,HMN171218,flu,NK,B11_c1_TTGCGTCAGTACGACG,NK
B11_c1,,,NK,B11_c1_TTGCGTCCAAGGGTCA,NK
B11_c1,,,NK,B11_c1_TTGGAACTCTTTAGGG,NK
B11_c1,HMN171220,flu,NK,B11_c1_TTGGCAACACTTGGAT,NK
B11_c1,HMN171218,flu,NK,B11_c1_TTGTAGGTCGAGAGCA,NK
B11_c1,,,NK,B11_c1_TTTCCTCAGGCGACAT,NK
B11_c1,,,NK,B11_c1_TTTGCGCGTCTGCGGT,NK
B11_c1,,,NK,B11_c1_TTTGGTTGTGGCTCCA,NK
B11_c1,,,NK,B11_c1_TTTGTCACACGAAACG,NK
B11_c1,HMN171218,flu,NK,B11_c1_TTTGTCAGTGTTAAGA,NK
B11_c2,,,NK,B11_c2_AAACGGGCACCAGGCT,NK
B11_c2,,,NK,B11_c2_AAAGTAGAGGTAGCTG,NK
B11_c2,,,NK,B11_c2_AACACGTAGGATCGCA,NK
B11_c2,HMN171215,flu,NK,B11_c2_AACCATGAGTACGTTC,NK
B11_c2,HMN171215,flu,NK,B11_c2_AACCGCGAGTAGGCCA,NK
B11_c2,,,NK,B11_c2_AACCGCGCAAGAAGAG,NK
B11_c2,,,NK,B11_c2_AACCGCGGTTACGCGC,NK
B11_c2,HMN171215,flu,NK,B11_c2_AACGTTGGTAGTGAAT,NK
B11_c2,,,NK,B11_c2_AACTCCCAGGCAATTA,NK
B11_c2,,,NK,B11_c2_AACTTTCGTTCACGGC,NK
B11_c2,HMN171215,flu,NK,B11_c2_AAGCCGCCATCTGGTA,NK
B11_c2,HMN171233,flu,NK,B11_c2_ACACCAAAGCGTTGCC,NK
B11_c2,HMN171215,flu,NK,B11_c2_ACACCGGGTGTTTGTG,NK
B11_c2,,,NK,B11_c2_ACAGCCGAGGGATCTG,NK
B11_c2,HMN171215,flu,NK,B11_c2_ACAGCTAGTTCCCGAG,NK
B11_c2,HMN171215,flu,NK,B11_c2_ACATACGAGGAGTACC,NK
B11_c2,HMN171232,NI,NK,B11_c2_ACATCAGGTCTCGTTC,NK
B11_c2,HMN171215,flu,NK,B11_c2_ACCTTTACACCACCAG,NK
B11_c2,HMN171215,flu,NK,B11_c2_ACGAGGAGTATATCCG,NK
B11_c2,,,NK,B11_c2_ACGAGGAGTGACGCCT,NK
B11_c2,HMN171220,NI,NK,B11_c2_ACGCAGCGTTAAGTAG,NK
B11_c2,HMN171233,flu,NK,B11_c2_ACGCCAGCACACCGAC,NK
B11_c2,,,NK,B11_c2_ACGCCAGTCAACCAAC,NK
B11_c2,,,NK,B11_c2_ACGGAGAAGAATCTCC,NK
B11_c2,HMN171229,flu,NK,B11_c2_ACTATCTAGAAACGCC,NK
B11_c2,HMN171215,flu,NK,B11_c2_ACTGAGTTCCGCATCT,NK
B11_c2,HMN171215,flu,NK,B11_c2_ACTGCTCAGTGTTAGA,NK
B11_c2,,,NK,B11_c2_AGAATAGAGAGACTTA,NK
B11_c2,HMN171215,flu,NK,B11_c2_AGACGTTCAGTCACTA,NK
B11_c2,,,NK,B11_c2_AGACGTTGTGCAGTAG,NK
B11_c2,HMN171233,flu,NK,B11_c2_AGAGCGAAGGACGAAA,NK
B11_c2,,,NK,B11_c2_AGAGCTTTCTGCTTGC,NK
B11_c2,,,NK,B11_c2_AGATCTGCAAAGAATC,NK
B11_c2,HMN171215,flu,NK,B11_c2_AGATCTGCAATGGTCT,NK
B11_c2,,,NK,B11_c2_AGCGGTCAGGATGGTC,NK
B11_c2,HMN171215,flu,NK,B11_c2_AGCTCTCAGCGGCTTC,NK
B11_c2,HMN171215,flu,NK,B11_c2_AGCTTGAAGCCTTGAT,NK
B11_c2,HMN171215,flu,NK,B11_c2_AGGGAGTTCTACTCAT,NK
B11_c2,HMN171232,NI,NK,B11_c2_AGGTCCGGTGCACTTA,NK
B11_c2,,,NK,B11_c2_AGTTGGTAGGCATTGG,NK
B11_c2,,,NK,B11_c2_ATAGACCGTAAGAGAG,NK
B11_c2,HMN171233,flu,NK,B11_c2_ATCACGACACGGTGTC,NK
B11_c2,HMN171215,flu,NK,B11_c2_ATCTGCCCATGATCCA,NK
B11_c2,,,NK,B11_c2_ATTGGTGAGCTGCCCA,NK
B11_c2,,,NK,B11_c2_CAAGAAAGTCGGATCC,NK
B11_c2,HMN171215,flu,NK,B11_c2_CACTCCATCGCCAGCA,NK
B11_c2,HMN171215,flu,NK,B11_c2_CAGCAGCAGTGGAGAA,NK
B11_c2,HMN171233,flu,NK,B11_c2_CAGCATAAGAAGATTC,NK
B11_c2,,,NK,B11_c2_CAGCCGAGTAAGCACG,NK
B11_c2,,,NK,B11_c2_CAGCGACAGTGAAGTT,NK
B11_c2,HMN171233,flu,NK,B11_c2_CAGGTGCGTTAGATGA,NK
B11_c2,HMN171232,NI,NK,B11_c2_CAGTAACTCCGCAAGC,NK
B11_c2,HMN171215,flu,NK,B11_c2_CATCAGAAGTAAGTAC,NK
B11_c2,HMN171233,flu,NK,B11_c2_CATCAGATCCTACAGA,NK
B11_c2,HMN171229,flu,NK,B11_c2_CATCGGGGTCGCATAT,NK
B11_c2,,,NK,B11_c2_CATGCCTAGATCTGCT,NK
B11_c2,,,NK,B11_c2_CATGGCGGTCTAGCGC,NK
B11_c2,HMN171233,flu,NK,B11_c2_CATTCGCAGGAATCGC,NK
B11_c2,HMN171215,flu,NK,B11_c2_CCATTCGAGTATCTCG,NK
B11_c2,,,NK,B11_c2_CCCAGTTGTTCCGGCA,NK
B11_c2,HMN171233,flu,NK,B11_c2_CCGGGATAGGTGCTAG,NK
B11_c2,HMN171229,flu,NK,B11_c2_CCGTTCAGTACCGTAT,NK
B11_c2,HMN171233,flu,NK,B11_c2_CCTCTGATCCAAGTAC,NK
B11_c2,,,NK,B11_c2_CCTTACGAGTCTCAAC,NK
B11_c2,,,NK,B11_c2_CCTTACGGTGAAGGCT,NK
B11_c2,,,NK,B11_c2_CCTTTCTTCCGTCAAA,NK
B11_c2,,,NK,B11_c2_CGAGAAGAGTGTACCT,NK
B11_c2,HMN171215,flu,NK,B11_c2_CGAGCCACATTGGTAC,NK
B11_c2,HMN171215,flu,NK,B11_c2_CGATCGGCACTAGTAC,NK
B11_c2,HMN171229,flu,NK,B11_c2_CGCGGTATCGTTTATC,NK
B11_c2,HMN171233,flu,NK,B11_c2_CGGAGCTGTGACAAAT,NK
B11_c2,HMN171233,flu,NK,B11_c2_CGGGTCATCGACGGAA,NK
B11_c2,,,NK,B11_c2_CGTAGCGGTGTATGGG,NK
B11_c2,,,NK,B11_c2_CGTAGCGTCGAGCCCA,NK
B11_c2,,,NK,B11_c2_CGTCTACCAAGAGGCT,NK
B11_c2,HMN171215,flu,NK,B11_c2_CGTTGGGCAAGCCGCT,NK
B11_c2,,,NK,B11_c2_CGTTGGGTCTCCGGTT,NK
B11_c2,HMN171215,flu,NK,B11_c2_CTAACTTTCGCTTGTC,NK
B11_c2,HMN171229,flu,NK,B11_c2_CTAATGGGTACAGCAG,NK
B11_c2,,,NK,B11_c2_CTACACCGTTTGGCGC,NK
B11_c2,HMN171233,flu,NK,B11_c2_CTACCCACAGCCACCA,NK
B11_c2,,,NK,B11_c2_CTACCCATCAGCGATT,NK
B11_c2,,,NK,B11_c2_CTAGTGAAGATCACGG,NK
B11_c2,HMN171229,flu,NK,B11_c2_CTCGTACTCTCTTGAT,NK
B11_c2,HMN171233,flu,NK,B11_c2_CTCTACGAGTATGACA,NK
B11_c2,,,NK,B11_c2_CTGCCTAGTCACTTCC,NK
B11_c2,,,NK,B11_c2_CTGCGGAGTCTGATCA,NK
B11_c2,HMN171215,flu,NK,B11_c2_CTGGTCTAGATCCCAT,NK
B11_c2,HMN171215,flu,NK,B11_c2_CTGTGCTGTGTATGGG,NK
B11_c2,,,NK,B11_c2_CTGTTTACATTAACCG,NK
B11_c2,HMN171229,flu,NK,B11_c2_CTTACCGTCTTCTGGC,NK
B11_c2,HMN171233,flu,NK,B11_c2_CTTAGGACACAAGACG,NK
B11_c2,,,NK,B11_c2_CTTCTCTCAGCTCGAC,NK
B11_c2,,,NK,B11_c2_CTTGGCTCAAACCTAC,NK
B11_c2,HMN171215,flu,NK,B11_c2_GAACATCGTACATCCA,NK
B11_c2,,,NK,B11_c2_GAACGGACACCGAAAG,NK
B11_c2,,,NK,B11_c2_GAAGCAGAGAAGGACA,NK
B11_c2,,,NK,B11_c2_GAATGAAGTAGTAGTA,NK
B11_c2,,,NK,B11_c2_GACCTGGCAGGGCATA,NK
B11_c2,,,NK,B11_c2_GACGGCTTCGAATCCA,NK
B11_c2,,,NK,B11_c2_GACTGCGTCGCATGAT,NK
B11_c2,HMN171229,flu,NK,B11_c2_GATCGATCAGACTCGC,NK
B11_c2,HMN171215,flu,NK,B11_c2_GATCTAGTCGGTGTTA,NK
B11_c2,,,NK,B11_c2_GATGCTACACCTGGTG,NK
B11_c2,HMN171215,flu,NK,B11_c2_GCATACAGTCTTGCGG,NK
B11_c2,HMN171232,NI,NK,B11_c2_GCATGCGTCCATGAAC,NK
B11_c2,HMN171233,flu,NK,B11_c2_GCCAAATAGTGTCCCG,NK
B11_c2,HMN171215,flu,NK,B11_c2_GCGAGAACACATGGGA,NK
B11_c2,,,NK,B11_c2_GCGCAACCATCGGGTC,NK
B11_c2,HMN171233,flu,NK,B11_c2_GCGCAACTCTCTAGGA,NK
B11_c2,HMN171233,flu,NK,B11_c2_GCTCTGTCAATCGAAA,NK
B11_c2,HMN171215,flu,NK,B11_c2_GCTGCGATCCGAAGAG,NK
B11_c2,,,NK,B11_c2_GCTGCTTAGCCATCGC,NK
B11_c2,,,NK,B11_c2_GCTGCTTAGCTATGCT,NK
B11_c2,,,NK,B11_c2_GCTTGAAAGCTTTGGT,NK
B11_c2,HMN171233,flu,NK,B11_c2_GGAAAGCTCCTAGTGA,NK
B11_c2,,,NK,B11_c2_GGAATAATCGCACTCT,NK
B11_c2,HMN171233,flu,NK,B11_c2_GGACAGAGTACCTACA,NK
B11_c2,HMN171215,flu,NK,B11_c2_GGACGTCCACCTTGTC,NK
B11_c2,HMN171233,flu,NK,B11_c2_GGCTGGTGTAAAGGAG,NK
B11_c2,HMN171233,flu,NK,B11_c2_GGGCACTCATGCATGT,NK
B11_c2,HMN171229,flu,NK,B11_c2_GGGCATCTCGAACTGT,NK
B11_c2,HMN171215,flu,NK,B11_c2_GGGTTGCCAATCACAC,NK
B11_c2,HMN171215,flu,NK,B11_c2_GGTGTTATCGTTGACA,NK
B11_c2,,,NK,B11_c2_GTAACGTGTCTCGTTC,NK
B11_c2,HMN171215,flu,NK,B11_c2_GTAACTGAGTTAACGA,NK
B11_c2,,,NK,B11_c2_GTAGGCCTCGACGGAA,NK
B11_c2,,,NK,B11_c2_GTCAAGTAGCAGACTG,NK
B11_c2,HMN171233,flu,NK,B11_c2_GTCAAGTGTCCTCCAT,NK
B11_c2,HMN171233,flu,NK,B11_c2_GTCAAGTGTTCGCGAC,NK
B11_c2,HMN171233,flu,NK,B11_c2_GTCCTCACAACGATGG,NK
B11_c2,,,NK,B11_c2_GTGCATAAGCACACAG,NK
B11_c2,HMN171233,flu,NK,B11_c2_GTGTTAGTCGCATGGC,NK
B11_c2,,,NK,B11_c2_GTTAAGCCAATGTAAG,NK
B11_c2,,,NK,B11_c2_GTTCATTAGGCGATAC,NK
B11_c2,,,NK,B11_c2_GTTCGGGAGAGAACAG,NK
B11_c2,HMN171215,flu,NK,B11_c2_GTTCGGGTCCGAACGC,NK
B11_c2,,,NK,B11_c2_GTTTCTATCCAGAAGG,NK
B11_c2,HMN171215,flu,NK,B11_c2_TAAGCGTTCAGAGACG,NK
B11_c2,HMN171233,flu,NK,B11_c2_TACCTATCATGGGAAC,NK
B11_c2,HMN171220,NI,NK,B11_c2_TACGGATGTAGGGTAC,NK
B11_c2,,,NK,B11_c2_TACGGGCTCCTGCCAT,NK
B11_c2,HMN171233,flu,NK,B11_c2_TACGGTAAGTACGATA,NK
B11_c2,,,NK,B11_c2_TAGCCGGGTGTAAGTA,NK
B11_c2,,,NK,B11_c2_TAGCCGGTCGTCACGG,NK
B11_c2,HMN171232,NI,NK,B11_c2_TCAACGACAATAGCGG,NK
B11_c2,HMN171215,flu,NK,B11_c2_TCAACGACATACTACG,NK
B11_c2,HMN171215,flu,NK,B11_c2_TCAATCTGTGCCTGTG,NK
B11_c2,HMN171218,NI,NK,B11_c2_TCACGAAAGTCCATAC,NK
B11_c2,HMN171215,flu,NK,B11_c2_TCACGAACAATCTACG,NK
B11_c2,HMN171215,flu,NK,B11_c2_TCACGAATCCCTAATT,NK
B11_c2,HMN171215,flu,NK,B11_c2_TCAGATGCAATGGAAT,NK
B11_c2,HMN171233,flu,NK,B11_c2_TCAGCAATCTAACTTC,NK
B11_c2,HMN171233,flu,NK,B11_c2_TCATTTGAGTGGTAGC,NK
B11_c2,HMN171233,flu,NK,B11_c2_TCCACACTCTGGCGTG,NK
B11_c2,HMN171229,flu,NK,B11_c2_TCGAGGCCAAAGCAAT,NK
B11_c2,,,NK,B11_c2_TCGCGTTTCGGAGCAA,NK
B11_c2,,,NK,B11_c2_TCGGGACAGCAGACTG,NK
B11_c2,HMN171215,flu,NK,B11_c2_TCGGGACCACATCCAA,NK
B11_c2,HMN171215,flu,NK,B11_c2_TCGGTAAGTTCCACTC,NK
B11_c2,,,NK,B11_c2_TCGGTAATCAGCGATT,NK
B11_c2,HMN171215,flu,NK,B11_c2_TCGTACCGTAAGAGGA,NK
B11_c2,,,NK,B11_c2_TCGTACCTCTTGTACT,NK
B11_c2,HMN171233,flu,NK,B11_c2_TCGTAGATCATTCACT,NK
B11_c2,HMN171215,flu,NK,B11_c2_TCTATTGGTTCGCGAC,NK
B11_c2,,,NK,B11_c2_TCTGAGATCAACGCTA,NK
B11_c2,,,NK,B11_c2_TCTTTCCAGTAGGCCA,NK
B11_c2,HMN171220,NI,NK,B11_c2_TCTTTCCCATCAGTCA,NK
B11_c2,,,NK,B11_c2_TGAGAGGCAACTGCTA,NK
B11_c2,HMN171229,flu,NK,B11_c2_TGAGAGGCAGACAAAT,NK
B11_c2,,,NK,B11_c2_TGAGCATAGATCCTGT,NK
B11_c2,HMN171215,flu,NK,B11_c2_TGCTGCTGTCACCCAG,NK
B11_c2,,,NK,B11_c2_TGGCGCACATCCTAGA,NK
B11_c2,HMN171233,flu,NK,B11_c2_TGTCCCACACAACGCC,NK
B11_c2,HMN171215,flu,NK,B11_c2_TGTGGTAAGACACTAA,NK
B11_c2,,,NK,B11_c2_TGTGGTAAGATAGCAT,NK
B11_c2,,,NK,B11_c2_TTAGGACAGGCCATAG,NK
B11_c2,,,NK,B11_c2_TTAGGACGTAGCTTGT,NK
B11_c2,HMN171229,flu,NK,B11_c2_TTCCCAGTCATGCAAC,NK
B11_c2,HMN171233,flu,NK,B11_c2_TTCTACACATGCTAGT,NK
B11_c2,,,NK,B11_c2_TTGTAGGCACACCGCA,NK
B11_c2,,,NK,B11_c2_TTTACTGAGGGTGTGT,NK
B11_c2,,,NK,B11_c2_TTTACTGTCAACACCA,NK
B11_c2,,,NK,B11_c2_TTTATGCAGCTGAACG,NK
B11_c2,HMN171215,flu,NK,B11_c2_TTTGTCACATGCCTAA,NK
B12_c1,HMN171240,flu,NK,B12_c1_AAAGTAGCAAGCTGGA,NK
B12_c1,,,NK,B12_c1_AAATGCCGTAAGCACG,NK
B12_c1,,,NK,B12_c1_AAATGCCTCGAGGTAG,NK
B12_c1,HMN171234,flu,NK,B12_c1_AACCATGGTATCAGTC,NK
B12_c1,HMN171219,flu,NK,B12_c1_AACTCTTAGATTACCC,NK
B12_c1,HMN171240,flu,NK,B12_c1_AACTCTTTCCGCAGTG,NK
B12_c1,HMN171234,flu,NK,B12_c1_AACTGGTTCACGACTA,NK
B12_c1,HMN171240,flu,NK,B12_c1_AACTTTCTCGCCTGTT,NK
B12_c1,HMN171219,flu,NK,B12_c1_AAGGCAGAGACTAGGC,NK
B12_c1,,,NK,B12_c1_AAGGTTCGTCGAGTTT,NK
B12_c1,HMN171234,flu,NK,B12_c1_ACAGCCGGTCTGATCA,NK
B12_c1,HMN171234,flu,NK,B12_c1_ACAGCTACATCACGTA,NK
B12_c1,HMN171234,flu,NK,B12_c1_ACATGGTAGCTACCGC,NK
B12_c1,HMN171234,flu,NK,B12_c1_ACCGTAAGTTCGAATC,NK
B12_c1,HMN171234,flu,NK,B12_c1_ACGCAGCTCACCCTCA,NK
B12_c1,,,NK,B12_c1_ACTATCTGTAGAAAGG,NK
B12_c1,,,NK,B12_c1_ACTGATGAGTGTTGAA,NK
B12_c1,HMN171240,flu,NK,B12_c1_ACTGATGTCTGTCCGT,NK
B12_c1,HMN171219,flu,NK,B12_c1_ACTGCTCGTCTACCTC,NK
B12_c1,HMN171219,flu,NK,B12_c1_AGAGCTTTCTTTCCTC,NK
B12_c1,HMN171219,flu,NK,B12_c1_AGATCTGAGTACGTTC,NK
B12_c1,HMN171234,flu,NK,B12_c1_AGATTGCCACCAGGCT,NK
B12_c1,HMN171219,flu,NK,B12_c1_AGCCTAACAAGGCTCC,NK
B12_c1,HMN171240,flu,NK,B12_c1_AGCCTAACACTGTTAG,NK
B12_c1,HMN171234,flu,NK,B12_c1_AGCGGTCAGGACACCA,NK
B12_c1,HMN171219,flu,NK,B12_c1_AGCTCCTAGGCATTGG,NK
B12_c1,HMN171219,flu,NK,B12_c1_AGGCCGTGTTGAGTTC,NK
B12_c1,,,NK,B12_c1_AGGGTGAAGTCTCCTC,NK
B12_c1,HMN171240,flu,NK,B12_c1_AGGGTGATCGAATGGG,NK
B12_c1,,,NK,B12_c1_AGGTCATGTCGGCTCA,NK
B12_c1,HMN171240,flu,NK,B12_c1_ATCTGCCTCAACACGT,NK
B12_c1,HMN171219,flu,NK,B12_c1_ATGCGATCACTCTGTC,NK
B12_c1,HMN171219,flu,NK,B12_c1_ATTGGTGCAGGTTTCA,NK
B12_c1,HMN171219,flu,NK,B12_c1_CAACCAAAGACCACGA,NK
B12_c1,HMN171219,flu,NK,B12_c1_CAAGAAAGTAGAAAGG,NK
B12_c1,HMN171234,flu,NK,B12_c1_CACAAACAGATACACA,NK
B12_c1,HMN171219,flu,NK,B12_c1_CACATTTTCAGCGACC,NK
B12_c1,HMN171234,flu,NK,B12_c1_CACCAGGAGCGCCTCA,NK
B12_c1,,,NK,B12_c1_CACCAGGCAATGGAGC,NK
B12_c1,HMN171234,flu,NK,B12_c1_CAGCAGCTCCAGTAGT,NK
B12_c1,HMN171234,flu,NK,B12_c1_CAGCCGACAGTCGTGC,NK
B12_c1,HMN171219,flu,NK,B12_c1_CAGCGACAGTCGAGTG,NK
B12_c1,HMN171234,flu,NK,B12_c1_CAGTCCTGTGGACGAT,NK
B12_c1,HMN171219,flu,NK,B12_c1_CATTATCCAACAACCT,NK
B12_c1,HMN171219,flu,NK,B12_c1_CATTATCCATGGTAGG,NK
B12_c1,,,NK,B12_c1_CCGGTAGAGCTGAACG,NK
B12_c1,,,NK,B12_c1_CCGTACTCATAGAAAC,NK
B12_c1,,,NK,B12_c1_CCGTGGAGTAGCTAAA,NK
B12_c1,HMN171234,flu,NK,B12_c1_CCTACACCATAAAGGT,NK
B12_c1,HMN171240,flu,NK,B12_c1_CCTTCGATCATAAAGG,NK
B12_c1,HMN171219,flu,NK,B12_c1_CGACCTTCAATGGTCT,NK
B12_c1,HMN171219,flu,NK,B12_c1_CGAGAAGCAGGACCCT,NK
B12_c1,HMN171240,flu,NK,B12_c1_CGATGGCAGGCGTACA,NK
B12_c1,HMN171219,flu,NK,B12_c1_CGCTATCTCTGCCAGG,NK
B12_c1,,,NK,B12_c1_CGCTGGAGTATATGAG,NK
B12_c1,HMN171219,flu,NK,B12_c1_CGGACACTCGGTTCGG,NK
B12_c1,,,NK,B12_c1_CGGACGTGTACCGCTG,NK
B12_c1,HMN171234,flu,NK,B12_c1_CGGTTAATCTGTTTGT,NK
B12_c1,HMN171219,flu,NK,B12_c1_CGTAGCGCAGTTAACC,NK
B12_c1,HMN171219,flu,NK,B12_c1_CGTCCATTCCTAGAAC,NK
B12_c1,,,NK,B12_c1_CGTCTACCACTATCTT,NK
B12_c1,,,NK,B12_c1_CGTGTAAAGCACACAG,NK
B12_c1,HMN171240,flu,NK,B12_c1_CGTTAGATCACTTCAT,NK
B12_c1,HMN171234,flu,NK,B12_c1_CTAACTTTCGGAATCT,NK
B12_c1,,,NK,B12_c1_CTAACTTTCTATCCTA,NK
B12_c1,,,NK,B12_c1_CTACACCAGTGCAAGC,NK
B12_c1,,,NK,B12_c1_CTACACCCACCACGTG,NK
B12_c1,,,NK,B12_c1_CTACGTCTCCAAACTG,NK
B12_c1,HMN171240,flu,NK,B12_c1_CTAGCCTGTGTCGCTG,NK
B12_c1,,,NK,B12_c1_CTCAGAAAGTTGTAGA,NK
B12_c1,HMN171240,flu,NK,B12_c1_CTCAGAATCGGACAAG,NK
B12_c1,HMN171240,flu,NK,B12_c1_CTCCTAGCAGGCAGTA,NK
B12_c1,,,NK,B12_c1_CTCGGAGCATGTTGAC,NK
B12_c1,,,NK,B12_c1_CTCGTACTCTATCCCG,NK
B12_c1,,,NK,B12_c1_CTGATCCAGGACTGGT,NK
B12_c1,HMN171234,flu,NK,B12_c1_CTGCGGAAGTACACCT,NK
B12_c1,,,NK,B12_c1_CTGTTTAAGAAGGACA,NK
B12_c1,HMN171234,flu,NK,B12_c1_CTTTGCGAGAGTTGGC,NK
B12_c1,HMN171234,flu,NK,B12_c1_GAAACTCAGTCATCCA,NK
B12_c1,HMN171234,flu,NK,B12_c1_GAACCTATCTTGTCAT,NK
B12_c1,HMN171219,flu,NK,B12_c1_GAACGGAGTCGCATAT,NK
B12_c1,HMN171234,flu,NK,B12_c1_GAAGCAGCAGACGTAG,NK
B12_c1,,,NK,B12_c1_GAATAAGTCTTCAACT,NK
B12_c1,,,NK,B12_c1_GACCAATTCCGAAGAG,NK
B12_c1,,,NK,B12_c1_GACCTGGTCAGGATCT,NK
B12_c1,HMN171234,flu,NK,B12_c1_GACGCGTAGGTGATAT,NK
B12_c1,HMN171219,flu,NK,B12_c1_GACGGCTTCCTTTCTC,NK
B12_c1,HMN171240,flu,NK,B12_c1_GAGGTGATCAACACCA,NK
B12_c1,,,NK,B12_c1_GATCAGTAGTTGAGAT,NK
B12_c1,HMN171234,flu,NK,B12_c1_GATCGATGTACCAGTT,NK
B12_c1,HMN171219,flu,NK,B12_c1_GATGAAATCTGTCTAT,NK
B12_c1,HMN171240,flu,NK,B12_c1_GATTCAGTCCAGTATG,NK
B12_c1,,,NK,B12_c1_GCAGCCATCTAAGCCA,NK
B12_c1,,,NK,B12_c1_GCATGATGTTGACGTT,NK
B12_c1,HMN171219,flu,NK,B12_c1_GCCAAATGTACGAAAT,NK
B12_c1,,,NK,B12_c1_GCGACCACATTCCTGC,NK
B12_c1,HMN171240,flu,NK,B12_c1_GCGCCAAAGTCAAGGC,NK
B12_c1,HMN171219,flu,NK,B12_c1_GCGGGTTTCCGTTGCT,NK
B12_c1,HMN171219,flu,NK,B12_c1_GCTCTGTAGTTGTCGT,NK
B12_c1,HMN171234,flu,NK,B12_c1_GGAATAATCTTGCAAG,NK
B12_c1,HMN171240,flu,NK,B12_c1_GGACATTAGGGTTTCT,NK
B12_c1,,,NK,B12_c1_GGCAATTTCCTGCTTG,NK
B12_c1,,,NK,B12_c1_GGCTCGATCAGCAACT,NK
B12_c1,HMN171219,flu,NK,B12_c1_GGCTCGATCATCGATG,NK
B12_c1,,,NK,B12_c1_GGGAGATAGTAGATGT,NK
B12_c1,HMN171234,flu,NK,B12_c1_GGGAGATCACAGACTT,NK
B12_c1,HMN171234,flu,NK,B12_c1_GGGAGATGTGCCTTGG,NK
B12_c1,HMN171219,flu,NK,B12_c1_GGGAGATTCTACTCAT,NK
B12_c1,HMN171234,flu,NK,B12_c1_GGTATTGAGCAGATCG,NK
B12_c1,HMN171219,flu,NK,B12_c1_GGTGTTAAGTTTCCTT,NK
B12_c1,HMN171219,flu,NK,B12_c1_GTAACGTCAGCGTCCA,NK
B12_c1,HMN171234,flu,NK,B12_c1_GTAACTGAGGTTACCT,NK
B12_c1,,,NK,B12_c1_GTACGTACATGCCTTC,NK
B12_c1,HMN171240,flu,NK,B12_c1_GTACGTAGTGCAGTAG,NK
B12_c1,HMN171234,flu,NK,B12_c1_GTACTTTAGAACAACT,NK
B12_c1,HMN171234,flu,NK,B12_c1_GTAGGCCGTTCAGACT,NK
B12_c1,HMN171219,flu,NK,B12_c1_GTATTCTGTCTTGCGG,NK
B12_c1,HMN171219,flu,NK,B12_c1_GTCATTTGTGATGCCC,NK
B12_c1,,,NK,B12_c1_GTCTTCGCAGCCTTTC,NK
B12_c1,HMN171230,NI,NK,B12_c1_GTGAAGGCAATGGATA,NK
B12_c1,HMN171219,flu,NK,B12_c1_GTGAAGGGTCAACTGT,NK
B12_c1,HMN171234,flu,NK,B12_c1_GTGGGTCGTACCGGCT,NK
B12_c1,HMN171234,flu,NK,B12_c1_GTGGGTCGTGATGTCT,NK
B12_c1,HMN171219,flu,NK,B12_c1_GTTTCTATCCACGTTC,NK
B12_c1,HMN171219,flu,NK,B12_c1_TAAGAGAAGTGGACGT,NK
B12_c1,,,NK,B12_c1_TACCTATTCTTCAACT,NK
B12_c1,HMN171234,flu,NK,B12_c1_TACGGGCGTTTGCATG,NK
B12_c1,HMN171234,flu,NK,B12_c1_TAGACCACAGTTCCCT,NK
B12_c1,HMN171234,flu,NK,B12_c1_TAGTGGTAGAGTCTGG,NK
B12_c1,HMN171219,flu,NK,B12_c1_TATCTCATCAACGCTA,NK
B12_c1,,,NK,B12_c1_TCAACGATCGGATGGA,NK
B12_c1,HMN171219,flu,NK,B12_c1_TCCACACGTCTTGTCC,NK
B12_c1,HMN171234,flu,NK,B12_c1_TGACGGCGTTGTGGCC,NK
B12_c1,HMN171240,flu,NK,B12_c1_TGCGTGGAGCAACGGT,NK
B12_c1,HMN171240,flu,NK,B12_c1_TGCGTGGGTCCGAGTC,NK
B12_c1,HMN171234,flu,NK,B12_c1_TGCTGCTTCACAACGT,NK
B12_c1,,,NK,B12_c1_TGGCGCACACTAGTAC,NK
B12_c1,HMN171240,flu,NK,B12_c1_TGGCGCACATGGGACA,NK
B12_c1,,,NK,B12_c1_TGGGAAGTCTGAGGGA,NK
B12_c1,,,NK,B12_c1_TGTATTCAGTTACCCA,NK
B12_c1,,,NK,B12_c1_TGTGGTAAGTGTTGAA,NK
B12_c1,HMN171219,flu,NK,B12_c1_TGTGGTACATCCTTGC,NK
B12_c1,,,NK,B12_c1_TTAACTCTCAAAGACA,NK
B12_c1,HMN171219,flu,NK,B12_c1_TTAACTCTCAAGAAGT,NK
B12_c1,HMN171234,flu,NK,B12_c1_TTAGTTCCAACAACCT,NK
B12_c1,,,NK,B12_c1_TTCCCAGTCAGCGATT,NK
B12_c1,,,NK,B12_c1_TTCTCAAGTCCTAGCG,NK
B12_c1,HMN171234,flu,NK,B12_c1_TTCTTAGAGACCACGA,NK
B12_c1,HMN171240,flu,NK,B12_c1_TTGCGTCCATTCCTGC,NK
B12_c1,,,NK,B12_c1_TTGGAACGTGACTACT,NK
B12_c1,,,NK,B12_c1_TTTATGCAGTATCGAA,NK
B12_c1,,,NK,B12_c1_TTTGCGCAGTCCTCCT,NK
B12_c2,,,NK,B12_c2_AAACCTGCAGATAATG,NK
B12_c2,HMN171216,flu,NK,B12_c2_AAACCTGTCAGCATGT,NK
B12_c2,HMN171216,flu,NK,B12_c2_AAACGGGTCTCTGAGA,NK
B12_c2,HMN171216,flu,NK,B12_c2_AAAGATGAGCCTATGT,NK
B12_c2,,,NK,B12_c2_AAAGATGCACTGAAGG,NK
B12_c2,HMN171216,flu,NK,B12_c2_AAAGTAGTCTAGAGTC,NK
B12_c2,,,NK,B12_c2_AAATGCCTCCTCTAGC,NK
B12_c2,HMN171216,flu,NK,B12_c2_AACGTTGCATCGATGT,NK
B12_c2,,,NK,B12_c2_AACTCAGCAAGCTGAG,NK
B12_c2,HMN171216,flu,NK,B12_c2_AACTCCCGTAGCGTGA,NK
B12_c2,HMN171230,flu,NK,B12_c2_AACTGGTGTTCCTCCA,NK
B12_c2,HMN171216,flu,NK,B12_c2_AAGCCGCGTCCAACTA,NK
B12_c2,HMN171216,flu,NK,B12_c2_AAGGAGCGTTGCTCCT,NK
B12_c2,HMN171216,flu,NK,B12_c2_AAGGCAGTCATACGGT,NK
B12_c2,HMN171216,flu,NK,B12_c2_AAGGTTCAGCGACGTA,NK
B12_c2,HMN171230,flu,NK,B12_c2_AAGTCTGTCCTCATTA,NK
B12_c2,HMN171216,flu,NK,B12_c2_AATCGGTAGGCATGGT,NK
B12_c2,HMN171216,flu,NK,B12_c2_ACACCGGTCTGTTGAG,NK
B12_c2,,,NK,B12_c2_ACATGGTGTCGGGTCT,NK
B12_c2,HMN171216,flu,NK,B12_c2_ACCCACTCACAGAGGT,NK
B12_c2,HMN171216,flu,NK,B12_c2_ACGAGGATCATAAAGG,NK
B12_c2,,,NK,B12_c2_ACGATACCAGACAAGC,NK
B12_c2,,,NK,B12_c2_ACGATACTCTGCAAGT,NK
B12_c2,,,NK,B12_c2_ACGATACTCTTTACAC,NK
B12_c2,HMN171216,flu,NK,B12_c2_ACGGGTCGTACATCCA,NK
B12_c2,HMN171216,flu,NK,B12_c2_ACTATCTAGCGAAGGG,NK
B12_c2,HMN171230,flu,NK,B12_c2_ACTGAGTTCAAGATCC,NK
B12_c2,HMN171230,flu,NK,B12_c2_ACTTTCAGTGATGATA,NK
B12_c2,,,NK,B12_c2_AGAGCTTAGATGTGTA,NK
B12_c2,HMN171216,flu,NK,B12_c2_AGCATACTCCAATGGT,NK
B12_c2,,,NK,B12_c2_AGCATACTCTGGAGCC,NK
B12_c2,HMN171216,flu,NK,B12_c2_AGCTCCTCACATCTTT,NK
B12_c2,HMN171216,flu,NK,B12_c2_AGGCCACTCATGCAAC,NK
B12_c2,HMN171230,flu,NK,B12_c2_AGGGTGAAGTACTTGC,NK
B12_c2,HMN171230,flu,NK,B12_c2_AGGTCCGCAGACAGGT,NK
B12_c2,,,NK,B12_c2_AGGTCCGTCGTGGACC,NK
B12_c2,HMN171216,flu,NK,B12_c2_ATAACGCCACCAGTTA,NK
B12_c2,,,NK,B12_c2_ATAAGAGAGTGACTCT,NK
B12_c2,HMN171216,flu,NK,B12_c2_ATCACGAAGATGGCGT,NK
B12_c2,,,NK,B12_c2_ATCATGGCACGAGGTA,NK
B12_c2,HMN171230,flu,NK,B12_c2_ATCCACCCAATCCGAT,NK
B12_c2,HMN171216,flu,NK,B12_c2_ATGCGATGTCCGACGT,NK
B12_c2,,,NK,B12_c2_ATTACTCCAGATGGCA,NK
B12_c2,HMN171231,flu,NK,B12_c2_ATTGGACGTAGCGTAG,NK
B12_c2,,,NK,B12_c2_ATTGGTGCACAGACTT,NK
B12_c2,,,NK,B12_c2_CAACCAAGTTCTGGTA,NK
B12_c2,HMN171231,flu,NK,B12_c2_CACAGGCAGGCTAGAC,NK
B12_c2,HMN171216,flu,NK,B12_c2_CACAGTAAGAAACGAG,NK
B12_c2,,,NK,B12_c2_CACATAGCATTGGCGC,NK
B12_c2,HMN171230,flu,NK,B12_c2_CACCACTAGCAACGGT,NK
B12_c2,HMN171230,flu,NK,B12_c2_CACCACTTCGGTGTTA,NK
B12_c2,,,NK,B12_c2_CACTCCAAGAACAACT,NK
B12_c2,HMN171216,flu,NK,B12_c2_CAGCATAAGGCTCAGA,NK
B12_c2,HMN171230,flu,NK,B12_c2_CAGCATACAATTGCTG,NK
B12_c2,HMN171216,flu,NK,B12_c2_CAGTCCTAGCTGCCCA,NK
B12_c2,HMN171216,flu,NK,B12_c2_CATCAAGCAATGGTCT,NK
B12_c2,HMN171216,flu,NK,B12_c2_CATGACATCCGGGTGT,NK
B12_c2,,,NK,B12_c2_CATGCCTTCCTTTACA,NK
B12_c2,,,NK,B12_c2_CATGGCGGTTTGACTG,NK
B12_c2,HMN171230,flu,NK,B12_c2_CATTCGCCACACCGCA,NK
B12_c2,HMN171230,flu,NK,B12_c2_CCAATCCAGCGGATCA,NK
B12_c2,HMN171216,flu,NK,B12_c2_CCACCTAAGGCGATAC,NK
B12_c2,HMN171230,flu,NK,B12_c2_CCACCTAGTTCGTCTC,NK
B12_c2,,,NK,B12_c2_CCACCTATCGTTACAG,NK
B12_c2,HMN171216,flu,NK,B12_c2_CCAGCGAAGTGACATA,NK
B12_c2,,,NK,B12_c2_CCATGTCAGGCCGAAT,NK
B12_c2,HMN171230,flu,NK,B12_c2_CCCTCCTTCGGCGCAT,NK
B12_c2,HMN171216,flu,NK,B12_c2_CCTACCACAAGCTGTT,NK
B12_c2,HMN171216,flu,NK,B12_c2_CCTACCAGTAGAAAGG,NK
B12_c2,HMN171230,flu,NK,B12_c2_CCTATTAGTACCGGCT,NK
B12_c2,HMN171216,flu,NK,B12_c2_CCTCAGTCATTGCGGC,NK
B12_c2,HMN171240,NI,NK,B12_c2_CCTTTCTGTCTTGTCC,NK
B12_c2,HMN171216,flu,NK,B12_c2_CGAACATAGCTACCTA,NK
B12_c2,HMN171230,flu,NK,B12_c2_CGAACATAGGTGCAAC,NK
B12_c2,,,NK,B12_c2_CGAATGTGTCTGCAAT,NK
B12_c2,,,NK,B12_c2_CGAGCCAGTCACTGGC,NK
B12_c2,HMN171230,flu,NK,B12_c2_CGAGCCAGTGTTCTTT,NK
B12_c2,HMN171216,flu,NK,B12_c2_CGATTGAGTACCGAGA,NK
B12_c2,HMN171216,flu,NK,B12_c2_CGCCAAGTCACCGTAA,NK
B12_c2,,,NK,B12_c2_CGGGTCATCGGATGGA,NK
B12_c2,,,NK,B12_c2_CGTCACTCACTAGTAC,NK
B12_c2,,,NK,B12_c2_CGTTGGGCACCGTTGG,NK
B12_c2,HMN171216,flu,NK,B12_c2_CGTTGGGTCATGGTCA,NK
B12_c2,HMN171230,flu,NK,B12_c2_CTAATGGAGTGAATTG,NK
B12_c2,,,NK,B12_c2_CTACCCATCGCCGTGA,NK
B12_c2,,,NK,B12_c2_CTAGCCTAGGCAGGTT,NK
B12_c2,HMN171231,flu,NK,B12_c2_CTAGCCTGTTCAACCA,NK
B12_c2,,,NK,B12_c2_CTCATTATCGATCCCT,NK
B12_c2,,,NK,B12_c2_CTCGTCATCCATGCTC,NK
B12_c2,,,NK,B12_c2_CTCTGGTAGTAGGTGC,NK
B12_c2,,,NK,B12_c2_CTCTGGTGTCCCGACA,NK
B12_c2,HMN171230,flu,NK,B12_c2_CTGCCTAAGCGCTCCA,NK
B12_c2,HMN171216,flu,NK,B12_c2_CTGCTGTCACTTCTGC,NK
B12_c2,HMN171216,flu,NK,B12_c2_CTGCTGTTCTCTTATG,NK
B12_c2,HMN171216,flu,NK,B12_c2_CTTAACTCATCTCCCA,NK
B12_c2,,,NK,B12_c2_CTTAACTGTTAAGGGC,NK
B12_c2,,,NK,B12_c2_CTTACCGTCCATGAAC,NK
B12_c2,HMN171216,flu,NK,B12_c2_CTTAGGAGTCTAGCCG,NK
B12_c2,HMN171216,flu,NK,B12_c2_CTTAGGAGTTCCAACA,NK
B12_c2,,,NK,B12_c2_GAAACTCGTCGGCATC,NK
B12_c2,HMN171216,flu,NK,B12_c2_GAACATCTCCTGCCAT,NK
B12_c2,HMN171216,flu,NK,B12_c2_GAATGAACAAGCCGTC,NK
B12_c2,HMN171216,flu,NK,B12_c2_GACAGAGCACTATCTT,NK
B12_c2,,,NK,B12_c2_GACCAATGTCTAACGT,NK
B12_c2,HMN171216,flu,NK,B12_c2_GACCAATGTCTTCAAG,NK
B12_c2,,,NK,B12_c2_GACTAACAGACAAAGG,NK
B12_c2,HMN171230,flu,NK,B12_c2_GACTGCGTCTTGAGAC,NK
B12_c2,HMN171216,flu,NK,B12_c2_GCAAACTAGGAGCGAG,NK
B12_c2,,,NK,B12_c2_GCGCAGTGTCACTTCC,NK
B12_c2,,,NK,B12_c2_GCGGGTTGTAGCCTCG,NK
B12_c2,,,NK,B12_c2_GCTCCTATCCCTAACC,NK
B12_c2,,,NK,B12_c2_GCTTCCAAGGCACATG,NK
B12_c2,HMN171216,flu,NK,B12_c2_GGCCGATCAAAGTCAA,NK
B12_c2,HMN171230,flu,NK,B12_c2_GGCTCGATCTATCGCC,NK
B12_c2,HMN171231,flu,NK,B12_c2_GGTGAAGCATAAGACA,NK
B12_c2,HMN171216,flu,NK,B12_c2_GTAGGCCAGTTATCGC,NK
B12_c2,,,NK,B12_c2_GTCCTCAGTCAGCTAT,NK
B12_c2,HMN171230,flu,NK,B12_c2_GTCCTCATCACCTCGT,NK
B12_c2,HMN171216,flu,NK,B12_c2_GTCGGGTAGACAGACC,NK
B12_c2,HMN171230,flu,NK,B12_c2_GTCGTAACACGTGAGA,NK
B12_c2,,,NK,B12_c2_GTCTCGTAGGGTTTCT,NK
B12_c2,HMN171230,flu,NK,B12_c2_GTTCTCGGTTCCAACA,NK
B12_c2,,,NK,B12_c2_TAAGAGACAGCGATCC,NK
B12_c2,HMN171216,flu,NK,B12_c2_TACCTATGTCTGATTG,NK
B12_c2,,,NK,B12_c2_TACCTTAAGTTGAGAT,NK
B12_c2,HMN171216,flu,NK,B12_c2_TACGGATAGTTAGCGG,NK
B12_c2,,,NK,B12_c2_TACTTACAGAGTACAT,NK
B12_c2,HMN171216,flu,NK,B12_c2_TACTTACCACTGAAGG,NK
B12_c2,HMN171230,flu,NK,B12_c2_TACTTGTGTACCGTTA,NK
B12_c2,HMN171216,flu,NK,B12_c2_TAGTGGTCATTCCTGC,NK
B12_c2,,,NK,B12_c2_TAGTTGGCAAGGTTCT,NK
B12_c2,HMN171230,flu,NK,B12_c2_TATGCCCCAATAGCAA,NK
B12_c2,,,NK,B12_c2_TCACAAGCATGTTCCC,NK
B12_c2,,,NK,B12_c2_TCACAAGTCCTAGTGA,NK
B12_c2,HMN171216,flu,NK,B12_c2_TCAGATGCAATGGATA,NK
B12_c2,HMN171230,flu,NK,B12_c2_TCAGCAAGTGTCCTCT,NK
B12_c2,,,NK,B12_c2_TCGAGGCGTCTGCCAG,NK
B12_c2,,,NK,B12_c2_TCGCGAGGTGAAGGCT,NK
B12_c2,HMN171231,flu,NK,B12_c2_TCGCGTTAGAAACGAG,NK
B12_c2,HMN171231,flu,NK,B12_c2_TCGGGACCAGGTGCCT,NK
B12_c2,,,NK,B12_c2_TCGGTAATCGTGACAT,NK
B12_c2,,,NK,B12_c2_TCTCATACACCACCAG,NK
B12_c2,HMN171230,flu,NK,B12_c2_TCTTTCCAGAGGGATA,NK
B12_c2,HMN171230,flu,NK,B12_c2_TCTTTCCCAAGTAGTA,NK
B12_c2,HMN171231,flu,NK,B12_c2_TGACAACAGTGCGATG,NK
B12_c2,,,NK,B12_c2_TGAGCATAGCGCTTAT,NK
B12_c2,,,NK,B12_c2_TGAGGGAAGTGTACGG,NK
B12_c2,,,NK,B12_c2_TGCACCTCACGGATAG,NK
B12_c2,,,NK,B12_c2_TGCGCAGTCGGAGCAA,NK
B12_c2,HMN171216,flu,NK,B12_c2_TGGGCGTCACTTAACG,NK
B12_c2,,,NK,B12_c2_TGGTTCCTCTGCCAGG,NK
B12_c2,,,NK,B12_c2_TGTATTCCAGCCTTGG,NK
B12_c2,HMN171216,flu,NK,B12_c2_TGTATTCTCACCGGGT,NK
B12_c2,,,NK,B12_c2_TGTCCCAGTTGCTCCT,NK
B12_c2,HMN171216,flu,NK,B12_c2_TTAACTCGTATCGCAT,NK
B12_c2,HMN171230,flu,NK,B12_c2_TTCCCAGCATGCTGGC,NK
B12_c2,HMN171216,flu,NK,B12_c2_TTCCCAGTCGAATGGG,NK
B12_c2,HMN171216,flu,NK,B12_c2_TTCGGTCAGAAACGAG,NK
B12_c2,,,NK,B12_c2_TTCTACAGTGGCGAAT,NK
B12_c2,HMN171216,flu,NK,B12_c2_TTCTTAGGTATTAGCC,NK
B12_c2,,,NK,B12_c2_TTGCGTCAGCGTTCCG,NK
B13_c1,,,NK,B13_c1_AAACGGGCATCCCACT,NK
B13_c1,HMN171224,flu,NK,B13_c1_AAATGCCAGCTTCGCG,NK
B13_c1,,,NK,B13_c1_AAATGCCCATCCCATC,NK
B13_c1,,,NK,B13_c1_AACACGTCAGCGTCCA,NK
B13_c1,HMN171226,flu,NK,B13_c1_AACCATGTCGCCAAAT,NK
B13_c1,,,NK,B13_c1_AACTCAGTCATCGATG,NK
B13_c1,HMN171224,flu,NK,B13_c1_AACTTTCAGAAACGCC,NK
B13_c1,HMN171224,flu,NK,B13_c1_AACTTTCTCACCCGAG,NK
B13_c1,,,NK,B13_c1_AAGCCGCCAGTATGCT,NK
B13_c1,,,NK,B13_c1_AAGGCAGTCTGGTTCC,NK
B13_c1,HMN171224,flu,NK,B13_c1_AAGGTTCGTAAAGTCA,NK
B13_c1,,,NK,B13_c1_AATCGGTAGACTCGGA,NK
B13_c1,HMN171226,flu,NK,B13_c1_AATCGGTAGTACATGA,NK
B13_c1,HMN171226,flu,NK,B13_c1_ACACCGGAGAGAACAG,NK
B13_c1,,,NK,B13_c1_ACAGCTAAGCAGCCTC,NK
B13_c1,,,NK,B13_c1_ACCCACTCACCGTTGG,NK
B13_c1,HMN171224,flu,NK,B13_c1_ACCCACTTCGCCATAA,NK
B13_c1,,,NK,B13_c1_ACTGATGCAAGACACG,NK
B13_c1,HMN171226,flu,NK,B13_c1_ACTGATGTCACCTCGT,NK
B13_c1,HMN171224,flu,NK,B13_c1_ACTGCTCCATCGGAAG,NK
B13_c1,,,NK,B13_c1_ACTGCTCTCTTCATGT,NK
B13_c1,HMN171242,flu,NK,B13_c1_ACTTGTTTCAGCTGGC,NK
B13_c1,,,NK,B13_c1_AGACGTTTCTTGGGTA,NK
B13_c1,HMN171226,flu,NK,B13_c1_AGAGCGACAGCCAATT,NK
B13_c1,,,NK,B13_c1_AGATCTGGTCTCTTAT,NK
B13_c1,,,NK,B13_c1_AGATCTGTCCTAGTGA,NK
B13_c1,,,NK,B13_c1_AGCCTAATCATCGATG,NK
B13_c1,HMN171224,flu,NK,B13_c1_AGCGGTCTCGGCCGAT,NK
B13_c1,HMN171226,flu,NK,B13_c1_AGCGTCGCACATCTTT,NK
B13_c1,,,NK,B13_c1_AGGCCGTCATGACGGA,NK
B13_c1,HMN171242,flu,NK,B13_c1_AGGTCATAGAATGTTG,NK
B13_c1,,,NK,B13_c1_AGTGTCAAGATGGGTC,NK
B13_c1,HMN171226,flu,NK,B13_c1_ATAACGCGTCTAGCCG,NK
B13_c1,HMN171224,flu,NK,B13_c1_ATCACGAAGCCTTGAT,NK
B13_c1,HMN171226,flu,NK,B13_c1_ATCATCTCAGGTGGAT,NK
B13_c1,HMN171224,flu,NK,B13_c1_ATCTACTTCGAGAACG,NK
B13_c1,HMN171242,flu,NK,B13_c1_ATCTACTTCGGAAACG,NK
B13_c1,HMN171242,flu,NK,B13_c1_ATTGGACGTGTGCGTC,NK
B13_c1,HMN171226,flu,NK,B13_c1_ATTGGACTCATGTCTT,NK
B13_c1,HMN171226,flu,NK,B13_c1_ATTGGACTCGTAGATC,NK
B13_c1,HMN171226,flu,NK,B13_c1_CAACCAATCGGTCTAA,NK
B13_c1,HMN171226,flu,NK,B13_c1_CAACCTCAGACAAAGG,NK
B13_c1,,,NK,B13_c1_CAACTAGTCATTTGGG,NK
B13_c1,HMN171226,flu,NK,B13_c1_CAAGTTGGTACAAGTA,NK
B13_c1,,,NK,B13_c1_CACAGGCGTTTGGGCC,NK
B13_c1,HMN171226,flu,NK,B13_c1_CACCACTAGACAAGCC,NK
B13_c1,HMN171226,flu,NK,B13_c1_CACCACTTCTGCAGTA,NK
B13_c1,,,NK,B13_c1_CACCTTGCACAGATTC,NK
B13_c1,HMN171242,flu,NK,B13_c1_CACTCCAGTACCTACA,NK
B13_c1,HMN171224,flu,NK,B13_c1_CAGCGACTCACGCGGT,NK
B13_c1,HMN171242,flu,NK,B13_c1_CAGCTAATCCGTACAA,NK
B13_c1,,,NK,B13_c1_CAGTCCTTCATAAAGG,NK
B13_c1,,,NK,B13_c1_CATATTCAGGCACATG,NK
B13_c1,,,NK,B13_c1_CATCGGGTCGCCAAAT,NK
B13_c1,,,NK,B13_c1_CATGCCTCACGCCAGT,NK
B13_c1,HMN171226,flu,NK,B13_c1_CATTATCGTTTGTGTG,NK
B13_c1,,,NK,B13_c1_CCACTACTCCACGTTC,NK
B13_c1,HMN171226,flu,NK,B13_c1_CCCAATCCATACCATG,NK
B13_c1,,,NK,B13_c1_CCCTCCTTCTGCAAGT,NK
B13_c1,HMN171242,flu,NK,B13_c1_CCGGGATCATCGGGTC,NK
B13_c1,HMN171226,flu,NK,B13_c1_CCTAGCTCACGCATCG,NK
B13_c1,HMN171226,flu,NK,B13_c1_CCTAGCTCAGCGTCCA,NK
B13_c1,,,NK,B13_c1_CCTTTCTCACTGTCGG,NK
B13_c1,HMN171242,flu,NK,B13_c1_CGAATGTGTTTCCACC,NK
B13_c1,HMN171224,flu,NK,B13_c1_CGACCTTGTCAACATC,NK
B13_c1,HMN171242,flu,NK,B13_c1_CGACTTCTCGCAAACT,NK
B13_c1,HMN171242,flu,NK,B13_c1_CGATCGGAGCCCAACC,NK
B13_c1,,,NK,B13_c1_CGATGGCCAAGCGTAG,NK
B13_c1,,,NK,B13_c1_CGATGGCTCAAACAAG,NK
B13_c1,,,NK,B13_c1_CGATTGACAAGTAATG,NK
B13_c1,HMN171226,flu,NK,B13_c1_CGGACTGTCTGGTGTA,NK
B13_c1,HMN171224,flu,NK,B13_c1_CGTCTACAGAATTCCC,NK
B13_c1,HMN171226,flu,NK,B13_c1_CGTGAGCCAAGCCGTC,NK
B13_c1,,,NK,B13_c1_CGTGTAAGTCGACTGC,NK
B13_c1,HMN171242,flu,NK,B13_c1_CGTGTCTCAAGAGGCT,NK
B13_c1,,,NK,B13_c1_CTAAGACCATCTCGCT,NK
B13_c1,,,NK,B13_c1_CTAAGACTCCTTGACC,NK
B13_c1,HMN171226,flu,NK,B13_c1_CTCAGAATCTGATACG,NK
B13_c1,,,NK,B13_c1_CTCGGAGAGTGTTGAA,NK
B13_c1,,,NK,B13_c1_CTCGTACAGACCACGA,NK
B13_c1,,,NK,B13_c1_CTCGTCAAGCTCCTTC,NK
B13_c1,HMN171226,flu,NK,B13_c1_CTCTGGTAGAATGTTG,NK
B13_c1,HMN171224,flu,NK,B13_c1_CTGATAGTCTGTCTCG,NK
B13_c1,,,NK,B13_c1_CTGCCTAAGTGTCCCG,NK
B13_c1,,,NK,B13_c1_CTGGTCTTCCTAAGTG,NK
B13_c1,,,NK,B13_c1_CTTCTCTGTCAGAATA,NK
B13_c1,HMN171242,flu,NK,B13_c1_CTTCTCTTCCTAGGGC,NK
B13_c1,,,NK,B13_c1_CTTTGCGAGACCGGAT,NK
B13_c1,HMN171242,flu,NK,B13_c1_GAAACTCAGTGTTAGA,NK
B13_c1,HMN171224,flu,NK,B13_c1_GAACGGATCTGATTCT,NK
B13_c1,,,NK,B13_c1_GACCAATAGGGCTTCC,NK
B13_c1,,,NK,B13_c1_GACGTGCCAACGATCT,NK
B13_c1,HMN171224,flu,NK,B13_c1_GATGAAAGTAGAAGGA,NK
B13_c1,,,NK,B13_c1_GATGAGGAGTACATGA,NK
B13_c1,,,NK,B13_c1_GATGAGGCAGTTCCCT,NK
B13_c1,HMN171242,flu,NK,B13_c1_GCAAACTAGCACGCCT,NK
B13_c1,,,NK,B13_c1_GCAATCAAGGAGTTTA,NK
B13_c1,HMN171242,flu,NK,B13_c1_GCAGCCAGTACGCACC,NK
B13_c1,HMN171224,flu,NK,B13_c1_GCAGCCATCTCGCTTG,NK
B13_c1,HMN171224,flu,NK,B13_c1_GCAGTTACAGGGATTG,NK
B13_c1,,,NK,B13_c1_GCATGCGTCTGGGCCA,NK
B13_c1,,,NK,B13_c1_GCGCAACCAAGCTGAG,NK
B13_c1,HMN171226,flu,NK,B13_c1_GCGCAACTCATCTGTT,NK
B13_c1,HMN171224,flu,NK,B13_c1_GCGCAGTTCTGGTTCC,NK
B13_c1,,,NK,B13_c1_GCGGGTTCAGTTCCCT,NK
B13_c1,HMN171221,NI,NK,B13_c1_GCTCTGTGTCCGACGT,NK
B13_c1,HMN171226,flu,NK,B13_c1_GCTGCAGGTAGGGTAC,NK
B13_c1,,,NK,B13_c1_GCTGCGAGTGTGAAAT,NK
B13_c1,HMN171226,flu,NK,B13_c1_GCTTCCACATGATCCA,NK
B13_c1,HMN171226,flu,NK,B13_c1_GGAAAGCTCACAATGC,NK
B13_c1,,,NK,B13_c1_GGAAAGCTCCTGCTTG,NK
B13_c1,HMN171226,flu,NK,B13_c1_GGACAAGAGCTTATCG,NK
B13_c1,HMN171224,flu,NK,B13_c1_GGATTACAGCGACGTA,NK
B13_c1,,,NK,B13_c1_GGCCGATTCTGGCGAC,NK
B13_c1,HMN171226,flu,NK,B13_c1_GGCTGGTTCTCTGCTG,NK
B13_c1,,,NK,B13_c1_GGGACCTCATGCAATC,NK
B13_c1,,,NK,B13_c1_GTAACGTCAGTGAGTG,NK
B13_c1,HMN171224,flu,NK,B13_c1_GTAACTGCATGGATGG,NK
B13_c1,,,NK,B13_c1_GTACGTACATAGACTC,NK
B13_c1,HMN171226,flu,NK,B13_c1_GTACTCCAGTTTAGGA,NK
B13_c1,HMN171242,flu,NK,B13_c1_GTACTCCCAATAGCAA,NK
B13_c1,HMN171224,flu,NK,B13_c1_GTACTCCCACAGACTT,NK
B13_c1,HMN171226,flu,NK,B13_c1_GTTACAGGTTTCCACC,NK
B13_c1,HMN171242,flu,NK,B13_c1_TACCTTAGTCAAACTC,NK
B13_c1,HMN171226,flu,NK,B13_c1_TACTTGTCAGATCTGT,NK
B13_c1,HMN171226,flu,NK,B13_c1_TACTTGTTCGACCAGC,NK
B13_c1,HMN171224,flu,NK,B13_c1_TAGTTGGGTGACTCAT,NK
B13_c1,HMN171239,NI,NK,B13_c1_TAGTTGGTCACGACTA,NK
B13_c1,HMN171226,flu,NK,B13_c1_TATCAGGTCACTTCAT,NK
B13_c1,,,NK,B13_c1_TATCAGGTCTTGCCGT,NK
B13_c1,,,NK,B13_c1_TATCTCATCACCCGAG,NK
B13_c1,HMN171242,flu,NK,B13_c1_TCAACGATCTAGAGTC,NK
B13_c1,,,NK,B13_c1_TCATTACCAATCACAC,NK
B13_c1,HMN171226,flu,NK,B13_c1_TCTCATAGTGTGGCTC,NK
B13_c1,,,NK,B13_c1_TCTCATATCAAACCAC,NK
B13_c1,,,NK,B13_c1_TCTTTCCCAATACGCT,NK
B13_c1,,,NK,B13_c1_TGACAACAGCACGCCT,NK
B13_c1,HMN171242,flu,NK,B13_c1_TGACTTTGTTGGGACA,NK
B13_c1,,,NK,B13_c1_TGCTACCCAGTAAGAT,NK
B13_c1,,,NK,B13_c1_TGCTACCGTAGTGAAT,NK
B13_c1,,,NK,B13_c1_TGGCGCAAGCGGATCA,NK
B13_c1,HMN171224,flu,NK,B13_c1_TGGCTGGCATCCGCGA,NK
B13_c1,,,NK,B13_c1_TGGCTGGTCAGCGACC,NK
B13_c1,HMN171226,flu,NK,B13_c1_TGGGCGTCATCTCGCT,NK
B13_c1,,,NK,B13_c1_TGTATTCAGCCCTAAT,NK
B13_c1,HMN171226,flu,NK,B13_c1_TGTATTCTCAACGCTA,NK
B13_c1,,,NK,B13_c1_TTAGGCATCTGCGTAA,NK
B13_c1,HMN171224,flu,NK,B13_c1_TTCCCAGGTCACTGGC,NK
B13_c1,HMN171224,flu,NK,B13_c1_TTGCGTCCACTGTGTA,NK
B13_c1,,,NK,B13_c1_TTGGCAATCAAGCCTA,NK
B13_c1,HMN171226,flu,NK,B13_c1_TTTACTGCAGCGATCC,NK
B13_c1,,,NK,B13_c1_TTTGGTTAGCGATATA,NK
B13_c2,,,NK,B13_c2_AAAGCAAGTAAGTAGT,NK
B13_c2,HMN171221,flu,NK,B13_c2_AAAGTAGGTGTGCGTC,NK
B13_c2,,,NK,B13_c2_AACCATGAGCCTTGAT,NK
B13_c2,HMN171221,flu,NK,B13_c2_AACCGCGAGATGCGAC,NK
B13_c2,,,NK,B13_c2_AACCGCGGTATGGTTC,NK
B13_c2,,,NK,B13_c2_AACCGCGGTTTGCATG,NK
B13_c2,,,NK,B13_c2_AACCGCGTCGCCGTGA,NK
B13_c2,,,NK,B13_c2_AACTCAGCAGAGCCAA,NK
B13_c2,,,NK,B13_c2_AACTCCCCACAAGTAA,NK
B13_c2,,,NK,B13_c2_AACTCCCGTTAAGACA,NK
B13_c2,HMN171226,NI,NK,B13_c2_AACTGGTAGACCCACC,NK
B13_c2,,,NK,B13_c2_AACTGGTTCTCGCTTG,NK
B13_c2,,,NK,B13_c2_AACTTTCCACAGCGTC,NK
B13_c2,HMN171222,flu,NK,B13_c2_AAGGAGCAGATACACA,NK
B13_c2,,,NK,B13_c2_AAGTCTGCACCTGGTG,NK
B13_c2,HMN171222,flu,NK,B13_c2_ACACCCTCATGTCGAT,NK
B13_c2,HMN171221,flu,NK,B13_c2_ACACTGATCTAACCGA,NK
B13_c2,HMN171221,flu,NK,B13_c2_ACCAGTATCCTCATTA,NK
B13_c2,,,NK,B13_c2_ACCGTAAAGCAATATG,NK
B13_c2,HMN171222,flu,NK,B13_c2_ACCGTAACACGGATAG,NK
B13_c2,,,NK,B13_c2_ACGAGCCAGTCCCACG,NK
B13_c2,,,NK,B13_c2_ACGAGGAAGATGCCAG,NK
B13_c2,,,NK,B13_c2_ACGATGTTCCTAAGTG,NK
B13_c2,,,NK,B13_c2_ACGCCAGAGACCTTTG,NK
B13_c2,,,NK,B13_c2_ACGCCAGAGCGGCTTC,NK
B13_c2,,,NK,B13_c2_ACGCCAGTCGGCCGAT,NK
B13_c2,,,NK,B13_c2_ACGCCGAGTGGCCCTA,NK
B13_c2,,,NK,B13_c2_ACGGAGACACCGTTGG,NK
B13_c2,HMN171222,flu,NK,B13_c2_ACGGAGAGTACCGCTG,NK
B13_c2,HMN171239,flu,NK,B13_c2_ACGGCCACAAACGTGG,NK
B13_c2,,,NK,B13_c2_ACGGGCTAGCTGCCCA,NK
B13_c2,,,NK,B13_c2_ACGTCAATCAGTCCCT,NK
B13_c2,HMN171239,flu,NK,B13_c2_ACTATCTCAGATGGGT,NK
B13_c2,,,NK,B13_c2_ACTGAACAGAGTGACC,NK
B13_c2,,,NK,B13_c2_ACTGAACTCGCTAGCG,NK
B13_c2,,,NK,B13_c2_ACTGAACTCTTAGAGC,NK
B13_c2,,,NK,B13_c2_ACTGAGTCATACAGCT,NK
B13_c2,,,NK,B13_c2_ACTGATGTCTGTACGA,NK
B13_c2,HMN171221,flu,NK,B13_c2_ACTGCTCTCCGTTGTC,NK
B13_c2,,,NK,B13_c2_ACTTACTAGAGCTGCA,NK
B13_c2,HMN171221,flu,NK,B13_c2_AGACGTTAGCTAAGAT,NK
B13_c2,,,NK,B13_c2_AGAGCGACACCAGGCT,NK
B13_c2,,,NK,B13_c2_AGAGCGATCCTTGGTC,NK
B13_c2,,,NK,B13_c2_AGAGCGATCTGTCTAT,NK
B13_c2,,,NK,B13_c2_AGAGTGGCAATGAAAC,NK
B13_c2,,,NK,B13_c2_AGATCTGCAAAGGAAG,NK
B13_c2,HMN171221,flu,NK,B13_c2_AGATTGCCACTGCCAG,NK
B13_c2,,,NK,B13_c2_AGATTGCGTCTGATCA,NK
B13_c2,,,NK,B13_c2_AGCAGCCGTCGTCTTC,NK
B13_c2,,,NK,B13_c2_AGCAGCCGTTAGATGA,NK
B13_c2,HMN171222,flu,NK,B13_c2_AGCGTATAGAAGGTTT,NK
B13_c2,,,NK,B13_c2_AGCTCCTTCACCGTAA,NK
B13_c2,HMN171221,flu,NK,B13_c2_AGGCCACAGTTATCGC,NK
B13_c2,,,NK,B13_c2_AGGTCCGAGATGAGAG,NK
B13_c2,HMN171222,flu,NK,B13_c2_AGGTCCGAGTACCGGA,NK
B13_c2,,,NK,B13_c2_AGGTCCGCACTGTCGG,NK
B13_c2,HMN171226,NI,NK,B13_c2_AGTTGGTAGGCGATAC,NK
B13_c2,HMN171239,flu,NK,B13_c2_ATAGACCGTAAGTTCC,NK
B13_c2,,,NK,B13_c2_ATAGACCTCTGGTATG,NK
B13_c2,,,NK,B13_c2_ATCACGAGTCGCTTTC,NK
B13_c2,HMN171221,flu,NK,B13_c2_ATCATCTGTCATGCCG,NK
B13_c2,,,NK,B13_c2_ATCGAGTAGAGACTTA,NK
B13_c2,,,NK,B13_c2_ATCGAGTAGAGTGAGA,NK
B13_c2,,,NK,B13_c2_ATCTGCCCATGGTCAT,NK
B13_c2,HMN171221,flu,NK,B13_c2_ATGGGAGAGGGAGTAA,NK
B13_c2,HMN171224,NI,NK,B13_c2_ATGGGAGTCTAGAGTC,NK
B13_c2,,,NK,B13_c2_ATTATCCTCATAGCAC,NK
B13_c2,HMN171242,NI,NK,B13_c2_ATTCTACCACATCTTT,NK
B13_c2,,,NK,B13_c2_ATTGGACAGTCGCCGT,NK
B13_c2,,,NK,B13_c2_CAACCTCAGACAGAGA,NK
B13_c2,HMN171221,flu,NK,B13_c2_CAAGTTGAGTGTACTC,NK
B13_c2,HMN171239,flu,NK,B13_c2_CAAGTTGCAAAGTCAA,NK
B13_c2,,,NK,B13_c2_CACACAATCCAGAGGA,NK
B13_c2,HMN171239,flu,NK,B13_c2_CACACCTAGACTGTAA,NK
B13_c2,,,NK,B13_c2_CACATAGTCCGTTGCT,NK
B13_c2,HMN171222,flu,NK,B13_c2_CACCACTTCGATAGAA,NK
B13_c2,,,NK,B13_c2_CACCAGGTCTGGCGTG,NK
B13_c2,HMN171221,flu,NK,B13_c2_CAGATCAAGGCGTACA,NK
B13_c2,,,NK,B13_c2_CAGATCAGTGCACCAC,NK
B13_c2,HMN171221,flu,NK,B13_c2_CAGCAGCGTGGGTATG,NK
B13_c2,HMN171239,flu,NK,B13_c2_CAGCAGCTCGTGGTCG,NK
B13_c2,HMN171221,flu,NK,B13_c2_CAGCCGAGTAGGCTGA,NK
B13_c2,,,NK,B13_c2_CATATTCCATGTTCCC,NK
B13_c2,,,NK,B13_c2_CATCAGATCGGCTACG,NK
B13_c2,,,NK,B13_c2_CATCGAACAGCTATTG,NK
B13_c2,HMN171239,flu,NK,B13_c2_CATCGAAGTGTGAAAT,NK
B13_c2,HMN171224,NI,NK,B13_c2_CATGCCTCATTATCTC,NK
B13_c2,HMN171221,flu,NK,B13_c2_CATGCCTGTCCAGTAT,NK
B13_c2,HMN171221,flu,NK,B13_c2_CATGGCGCAATGACCT,NK
B13_c2,HMN171222,flu,NK,B13_c2_CATTCGCGTCTTCAAG,NK
B13_c2,,,NK,B13_c2_CATTCGCGTGAAGGCT,NK
B13_c2,,,NK,B13_c2_CCAATCCGTTCCGTCT,NK
B13_c2,,,NK,B13_c2_CCACTACGTCTCAACA,NK
B13_c2,,,NK,B13_c2_CCAGCGATCGCGTAGC,NK
B13_c2,HMN171221,flu,NK,B13_c2_CCATTCGGTCAAGCGA,NK
B13_c2,,,NK,B13_c2_CCCATACGTGCACCAC,NK
B13_c2,,,NK,B13_c2_CCGGTAGCAGCCAATT,NK
B13_c2,HMN171221,flu,NK,B13_c2_CCGGTAGGTAAACGCG,NK
B13_c2,,,NK,B13_c2_CCGTACTTCTGTTGAG,NK
B13_c2,HMN171221,flu,NK,B13_c2_CCGTTCACACAGGCCT,NK
B13_c2,HMN171221,flu,NK,B13_c2_CCTACACCAGGGAGAG,NK
B13_c2,,,NK,B13_c2_CCTAGCTTCGTTGACA,NK
B13_c2,HMN171239,flu,NK,B13_c2_CCTATTATCGTTTATC,NK
B13_c2,HMN171221,flu,NK,B13_c2_CCTCAGTCATGAACCT,NK
B13_c2,HMN171239,flu,NK,B13_c2_CCTCAGTCATGGGAAC,NK
B13_c2,,,NK,B13_c2_CCTTCGAGTCATGCAT,NK
B13_c2,,,NK,B13_c2_CCTTCGATCCGAACGC,NK
B13_c2,HMN171239,flu,NK,B13_c2_CCTTTCTAGGAATCGC,NK
B13_c2,HMN171224,NI,NK,B13_c2_CCTTTCTTCACCCTCA,NK
B13_c2,HMN171221,flu,NK,B13_c2_CGAACATAGCGATGAC,NK
B13_c2,,,NK,B13_c2_CGACCTTAGAATTGTG,NK
B13_c2,HMN171222,flu,NK,B13_c2_CGACTTCGTTACGACT,NK
B13_c2,HMN171222,flu,NK,B13_c2_CGACTTCGTTTAGCTG,NK
B13_c2,,,NK,B13_c2_CGAGCACTCTAACGGT,NK
B13_c2,HMN171222,flu,NK,B13_c2_CGATCGGAGAAGGTGA,NK
B13_c2,,,NK,B13_c2_CGATTGAAGCGTGAGT,NK
B13_c2,,,NK,B13_c2_CGGACACCAACGATCT,NK
B13_c2,,,NK,B13_c2_CGGACACGTCTGATTG,NK
B13_c2,HMN171222,flu,NK,B13_c2_CGGACGTAGCAGATCG,NK
B13_c2,HMN171221,flu,NK,B13_c2_CGGACGTTCCTAGGGC,NK
B13_c2,,,NK,B13_c2_CGGAGCTTCCGAATGT,NK
B13_c2,HMN171222,flu,NK,B13_c2_CGGAGTCTCCCATTTA,NK
B13_c2,HMN171221,flu,NK,B13_c2_CGGCTAGTCGCCCTTA,NK
B13_c2,,,NK,B13_c2_CGGGTCAAGAGTTGGC,NK
B13_c2,,,NK,B13_c2_CGGTTAAAGAATCTCC,NK
B13_c2,,,NK,B13_c2_CGGTTAACATTAGCCA,NK
B13_c2,,,NK,B13_c2_CGTAGGCGTCTCTTAT,NK
B13_c2,HMN171221,flu,NK,B13_c2_CGTAGGCTCAGCGATT,NK
B13_c2,HMN171221,flu,NK,B13_c2_CGTGTAAAGTGGAGTC,NK
B13_c2,HMN171222,flu,NK,B13_c2_CGTTAGAAGGCCCGTT,NK
B13_c2,,,NK,B13_c2_CGTTCTGTCGGAGCAA,NK
B13_c2,HMN171221,flu,NK,B13_c2_CTAACTTCAAGCCGTC,NK
B13_c2,HMN171224,NI,NK,B13_c2_CTAAGACAGAGACGAA,NK
B13_c2,,,NK,B13_c2_CTAAGACCACAGGTTT,NK
B13_c2,HMN171242,NI,NK,B13_c2_CTAATGGAGCTAAGAT,NK
B13_c2,,,NK,B13_c2_CTACACCAGTCTCGGC,NK
B13_c2,HMN171221,flu,NK,B13_c2_CTACCCAAGTACACCT,NK
B13_c2,HMN171221,flu,NK,B13_c2_CTACGTCGTAGAGTGC,NK
B13_c2,HMN171221,flu,NK,B13_c2_CTACGTCTCCAAACTG,NK
B13_c2,HMN171221,flu,NK,B13_c2_CTACGTCTCTTACCTA,NK
B13_c2,HMN171221,flu,NK,B13_c2_CTAGCCTGTAAAGTCA,NK
B13_c2,HMN171239,flu,NK,B13_c2_CTAGTGAGTCCCTTGT,NK
B13_c2,,,NK,B13_c2_CTAGTGATCGTTGCCT,NK
B13_c2,HMN171221,flu,NK,B13_c2_CTCGAGGCATCACGAT,NK
B13_c2,HMN171222,flu,NK,B13_c2_CTCGTACAGAGATGAG,NK
B13_c2,,,NK,B13_c2_CTCGTCAGTAGGAGTC,NK
B13_c2,HMN171221,flu,NK,B13_c2_CTCTACGCACCAGGTC,NK
B13_c2,HMN171221,flu,NK,B13_c2_CTCTACGCAGTATGCT,NK
B13_c2,,,NK,B13_c2_CTGAAACCAGTACACT,NK
B13_c2,,,NK,B13_c2_CTGCGGAAGGGTCTCC,NK
B13_c2,,,NK,B13_c2_CTGCTGTAGTCAAGCG,NK
B13_c2,HMN171222,flu,NK,B13_c2_CTGTTTACACAGTCGC,NK
B13_c2,HMN171221,flu,NK,B13_c2_CTTAGGAGTTGAGTTC,NK
B13_c2,,,NK,B13_c2_CTTAGGATCAGCTCTC,NK
B13_c2,HMN171221,flu,NK,B13_c2_CTTCTCTGTCCGCTGA,NK
B13_c2,HMN171221,flu,NK,B13_c2_CTTCTCTGTGTCTGAT,NK
B13_c2,,,NK,B13_c2_CTTTGCGAGACTCGGA,NK
B13_c2,HMN171221,flu,NK,B13_c2_CTTTGCGTCGCTAGCG,NK
B13_c2,,,NK,B13_c2_GAAATGAAGATGTCGG,NK
B13_c2,,,NK,B13_c2_GAAATGATCTCTTGAT,NK
B13_c2,HMN171239,flu,NK,B13_c2_GACACGCGTTATGCGT,NK
B13_c2,HMN171222,flu,NK,B13_c2_GACAGAGGTATATGGA,NK
B13_c2,HMN171239,flu,NK,B13_c2_GACCAATTCCGCATCT,NK
B13_c2,,,NK,B13_c2_GACGCGTAGTCTCAAC,NK
B13_c2,HMN171242,NI,NK,B13_c2_GAGCAGATCAGATAAG,NK
B13_c2,HMN171222,flu,NK,B13_c2_GAGCAGATCGGATGGA,NK
B13_c2,,,NK,B13_c2_GAGTCCGTCCGGGTGT,NK
B13_c2,,,NK,B13_c2_GAGTCCGTCCGTTGCT,NK
B13_c2,,,NK,B13_c2_GATGAGGCATTACCTT,NK
B13_c2,HMN171221,flu,NK,B13_c2_GATGCTAAGTTATCGC,NK
B13_c2,HMN171221,flu,NK,B13_c2_GATTCAGGTTCCGGCA,NK
B13_c2,HMN171222,flu,NK,B13_c2_GCAAACTCATGGAATA,NK
B13_c2,,,NK,B13_c2_GCAAACTGTTGGGACA,NK
B13_c2,,,NK,B13_c2_GCACTCTAGTAAGTAC,NK
B13_c2,,,NK,B13_c2_GCATGCGAGATAGCAT,NK
B13_c2,HMN171221,flu,NK,B13_c2_GCCTCTAAGATAGGAG,NK
B13_c2,HMN171224,NI,NK,B13_c2_GCGAGAATCAGAGACG,NK
B13_c2,HMN171239,flu,NK,B13_c2_GCGCCAAGTGTTGAGG,NK
B13_c2,HMN171239,flu,NK,B13_c2_GCGCCAATCACAGTAC,NK
B13_c2,,,NK,B13_c2_GGACAAGAGGACAGAA,NK
B13_c2,,,NK,B13_c2_GGACATTGTCCTAGCG,NK
B13_c2,HMN171221,flu,NK,B13_c2_GGACGTCGTTAAAGTG,NK
B13_c2,HMN171239,flu,NK,B13_c2_GGATTACTCTCTAAGG,NK
B13_c2,,,NK,B13_c2_GGCGACTTCACAACGT,NK
B13_c2,,,NK,B13_c2_GGCGACTTCACTTCAT,NK
B13_c2,HMN171222,flu,NK,B13_c2_GGGATGACACAGATTC,NK
B13_c2,,,NK,B13_c2_GGGCACTGTGTGGTTT,NK
B13_c2,HMN171221,flu,NK,B13_c2_GGGCATCGTAGCAAAT,NK
B13_c2,,,NK,B13_c2_GGGCATCGTGATAAGT,NK
B13_c2,,,NK,B13_c2_GGGTTGCCAAGTCTAC,NK
B13_c2,,,NK,B13_c2_GGGTTGCGTGCTAGCC,NK
B13_c2,HMN171224,NI,NK,B13_c2_GGTATTGAGTTCGATC,NK
B13_c2,HMN171221,flu,NK,B13_c2_GGTATTGGTAAGTGTA,NK
B13_c2,HMN171221,flu,NK,B13_c2_GGTATTGGTCGTTGTA,NK
B13_c2,,,NK,B13_c2_GGTGAAGTCTTCTGGC,NK
B13_c2,HMN171221,flu,NK,B13_c2_GTAACGTAGTGGTCCC,NK
B13_c2,HMN171221,flu,NK,B13_c2_GTAACTGTCAAAGTAG,NK
B13_c2,HMN171221,flu,NK,B13_c2_GTACGTATCTCGGACG,NK
B13_c2,,,NK,B13_c2_GTACTCCCAATAACGA,NK
B13_c2,HMN171239,flu,NK,B13_c2_GTAGGCCAGAGGTAGA,NK
B13_c2,,,NK,B13_c2_GTAGGCCTCTTCCTTC,NK
B13_c2,,,NK,B13_c2_GTATTCTGTAGCGTAG,NK
B13_c2,,,NK,B13_c2_GTCCTCATCTGAGGGA,NK
B13_c2,,,NK,B13_c2_GTCGTAAGTCGAACAG,NK
B13_c2,,,NK,B13_c2_GTCTCGTAGGCGTACA,NK
B13_c2,HMN171222,flu,NK,B13_c2_GTCTCGTGTGCTGTAT,NK
B13_c2,HMN171221,flu,NK,B13_c2_GTGAAGGCAATGCCAT,NK
B13_c2,,,NK,B13_c2_GTGCAGCGTATATGAG,NK
B13_c2,,,NK,B13_c2_GTGCGGTTCCGCTGTT,NK
B13_c2,,,NK,B13_c2_GTGGGTCCAAAGTGCG,NK
B13_c2,,,NK,B13_c2_GTGGGTCCAGGGCATA,NK
B13_c2,HMN171239,flu,NK,B13_c2_GTTAAGCGTTTGTTTC,NK
B13_c2,,,NK,B13_c2_GTTTCTATCCGCAGTG,NK
B13_c2,HMN171221,flu,NK,B13_c2_TAAACCGAGAGGTACC,NK
B13_c2,,,NK,B13_c2_TAAGCGTTCGGCTACG,NK
B13_c2,,,NK,B13_c2_TAAGTGCAGGGAAACA,NK
B13_c2,,,NK,B13_c2_TAAGTGCGTATCACCA,NK
B13_c2,,,NK,B13_c2_TAAGTGCTCACTTCAT,NK
B13_c2,HMN171222,flu,NK,B13_c2_TACACGAAGCAAATCA,NK
B13_c2,HMN171222,flu,NK,B13_c2_TACACGATCTAACCGA,NK
B13_c2,,,NK,B13_c2_TACCTATGTCCAGTGC,NK
B13_c2,,,NK,B13_c2_TACCTTAAGAGGACGG,NK
B13_c2,,,NK,B13_c2_TACCTTAAGGCCCTTG,NK
B13_c2,,,NK,B13_c2_TACGGGCGTCAAAGAT,NK
B13_c2,HMN171222,flu,NK,B13_c2_TACGGGCTCTGGTTCC,NK
B13_c2,,,NK,B13_c2_TACGGTAGTGCACCAC,NK
B13_c2,,,NK,B13_c2_TACTCATTCGTATCAG,NK
B13_c2,,,NK,B13_c2_TACTCATTCTTCGGTC,NK
B13_c2,,,NK,B13_c2_TACTCGCCACTTCGAA,NK
B13_c2,HMN171222,flu,NK,B13_c2_TACTTACCACGACTCG,NK
B13_c2,,,NK,B13_c2_TACTTGTCACGAAACG,NK
B13_c2,,,NK,B13_c2_TAGGCATAGGTGATTA,NK
B13_c2,HMN171221,flu,NK,B13_c2_TAGGCATTCCTCTAGC,NK
B13_c2,,,NK,B13_c2_TATCAGGAGAGTGAGA,NK
B13_c2,,,NK,B13_c2_TATGCCCCATCCCACT,NK
B13_c2,,,NK,B13_c2_TCAGATGAGTGTTTGC,NK
B13_c2,HMN171239,flu,NK,B13_c2_TCATTACAGAGCAATT,NK
B13_c2,HMN171221,flu,NK,B13_c2_TCATTACAGCGAGAAA,NK
B13_c2,HMN171239,flu,NK,B13_c2_TCATTTGGTCGAAAGC,NK
B13_c2,,,NK,B13_c2_TCCCGATAGGGCTTGA,NK
B13_c2,,,NK,B13_c2_TCCCGATGTAAGGGCT,NK
B13_c2,,,NK,B13_c2_TCGAGGCAGGAGTCTG,NK
B13_c2,HMN171222,flu,NK,B13_c2_TCGGTAAGTCGAGTTT,NK
B13_c2,HMN171221,flu,NK,B13_c2_TCTGGAACAGATAATG,NK
B13_c2,,,NK,B13_c2_TCTTTCCCAACCGCCA,NK
B13_c2,HMN171222,flu,NK,B13_c2_TGAAAGAGTATTAGCC,NK
B13_c2,,,NK,B13_c2_TGACGGCAGACCTAGG,NK
B13_c2,HMN171222,flu,NK,B13_c2_TGACTAGCAGATCCAT,NK
B13_c2,,,NK,B13_c2_TGACTTTGTCAATACC,NK
B13_c2,,,NK,B13_c2_TGACTTTTCATGTCTT,NK
B13_c2,HMN171222,flu,NK,B13_c2_TGCACCTTCGGTGTTA,NK
B13_c2,,,NK,B13_c2_TGCCCTACATTGGCGC,NK
B13_c2,,,NK,B13_c2_TGCGTGGGTCACACGC,NK
B13_c2,,,NK,B13_c2_TGGCGCACAGTTTACG,NK
B13_c2,HMN171242,NI,NK,B13_c2_TGGCGCAGTTCTGGTA,NK
B13_c2,,,NK,B13_c2_TGGGAAGGTCTGCAAT,NK
B13_c2,,,NK,B13_c2_TGGTTAGCACTAGTAC,NK
B13_c2,,,NK,B13_c2_TGGTTCCAGCTCAACT,NK
B13_c2,,,NK,B13_c2_TGGTTCCAGGAATGGA,NK
B13_c2,,,NK,B13_c2_TGTATTCCAAGACGTG,NK
B13_c2,HMN171221,flu,NK,B13_c2_TGTGTTTAGCCCAATT,NK
B13_c2,,,NK,B13_c2_TGTGTTTCAAGTCTGT,NK
B13_c2,HMN171222,flu,NK,B13_c2_TGTTCCGAGTGAATTG,NK
B13_c2,HMN171221,flu,NK,B13_c2_TGTTCCGCACCCAGTG,NK
B13_c2,HMN171221,flu,NK,B13_c2_TGTTCCGGTTGGACCC,NK
B13_c2,,,NK,B13_c2_TGTTCCGTCGTCCAGG,NK
B13_c2,HMN171222,flu,NK,B13_c2_TTAACTCGTCGCATAT,NK
B13_c2,,,NK,B13_c2_TTAACTCTCTATGTGG,NK
B13_c2,HMN171222,flu,NK,B13_c2_TTAGGACCAGTCAGCC,NK
B13_c2,HMN171221,flu,NK,B13_c2_TTATGCTCAGCGATCC,NK
B13_c2,HMN171222,flu,NK,B13_c2_TTATGCTCAGGAATCG,NK
B13_c2,,,NK,B13_c2_TTCCCAGAGTCAAGGC,NK
B13_c2,,,NK,B13_c2_TTCCCAGTCCCGGATG,NK
B13_c2,HMN171221,flu,NK,B13_c2_TTCGGTCGTCGACTAT,NK
B13_c2,,,NK,B13_c2_TTCTACAGTATAGGTA,NK
B13_c2,,,NK,B13_c2_TTCTACAGTTAAGTAG,NK
B13_c2,,,NK,B13_c2_TTCTACATCCAAGTAC,NK
B13_c2,HMN171239,flu,NK,B13_c2_TTCTCAACAGATTGCT,NK
B13_c2,HMN171221,flu,NK,B13_c2_TTCTCAACAGCTGTGC,NK
B13_c2,HMN171221,flu,NK,B13_c2_TTGAACGTCAGCACAT,NK
B13_c2,,,NK,B13_c2_TTTGGTTTCTTCCTTC,NK
B14_c1,HMN171243,flu,NK,B14_c1_AAAGATGTCCGCATAA,NK
B14_c1,HMN171243,flu,NK,B14_c1_AAAGCAAAGCAGGTCA,NK
B14_c1,,,NK,B14_c1_AACTCAGGTACTCGCG,NK
B14_c1,HMN171243,flu,NK,B14_c1_AACTCAGTCCTGTAGA,NK
B14_c1,,,NK,B14_c1_AACTCTTCAAGAAGAG,NK
B14_c1,HMN171243,flu,NK,B14_c1_AACTCTTGTCTCCATC,NK
B14_c1,HMN171228,flu,NK,B14_c1_AACTCTTGTGAAAGAG,NK
B14_c1,,,NK,B14_c1_AACTGGTAGAAGCCCA,NK
B14_c1,HMN171243,flu,NK,B14_c1_AACTGGTAGGAGTACC,NK
B14_c1,,,NK,B14_c1_AAGGAGCAGGCCCTCA,NK
B14_c1,HMN171228,flu,NK,B14_c1_AAGGAGCTCGGTTCGG,NK
B14_c1,HMN171243,flu,NK,B14_c1_AAGGCAGCAATAGAGT,NK
B14_c1,,,NK,B14_c1_AAGGTTCAGCTGAAAT,NK
B14_c1,HMN171228,flu,NK,B14_c1_AAGTCTGCATTCCTGC,NK
B14_c1,,,NK,B14_c1_AATCCAGAGCTAGGCA,NK
B14_c1,,,NK,B14_c1_AATCGGTGTAAAGTCA,NK
B14_c1,HMN171243,flu,NK,B14_c1_ACACCCTAGCTACCGC,NK
B14_c1,HMN171243,flu,NK,B14_c1_ACACCCTCATGTAGTC,NK
B14_c1,HMN171244,flu,NK,B14_c1_ACACTGAGTGAGGGTT,NK
B14_c1,HMN171228,flu,NK,B14_c1_ACAGCCGAGGTGATAT,NK
B14_c1,,,NK,B14_c1_ACATCAGAGGTAGCCA,NK
B14_c1,HMN171243,flu,NK,B14_c1_ACATGGTAGGGCTTCC,NK
B14_c1,HMN171243,flu,NK,B14_c1_ACCCACTGTCCAGTAT,NK
B14_c1,,,NK,B14_c1_ACCTTTAGTGAGGGTT,NK
B14_c1,HMN171243,flu,NK,B14_c1_ACGAGCCCACATCCAA,NK
B14_c1,HMN171244,flu,NK,B14_c1_ACGATACGTTTCGCTC,NK
B14_c1,,,NK,B14_c1_ACGCAGCGTCCTCCAT,NK
B14_c1,HMN171228,flu,NK,B14_c1_ACGCAGCTCAGGCGAA,NK
B14_c1,,,NK,B14_c1_ACGCCGACACACGCTG,NK
B14_c1,HMN171228,flu,NK,B14_c1_ACGGCCAAGGATCGCA,NK
B14_c1,HMN171228,flu,NK,B14_c1_ACGTCAAGTACCATCA,NK
B14_c1,HMN171243,flu,NK,B14_c1_ACTGATGCATGCTAGT,NK
B14_c1,,,NK,B14_c1_ACTGCTCAGGAATTAC,NK
B14_c1,,,NK,B14_c1_ACTGCTCAGTTGAGTA,NK
B14_c1,HMN171228,flu,NK,B14_c1_ACTGCTCCAAAGCGGT,NK
B14_c1,HMN171228,flu,NK,B14_c1_ACTTGTTTCCATGAGT,NK
B14_c1,HMN171228,flu,NK,B14_c1_ACTTTCAAGGTGACCA,NK
B14_c1,,,NK,B14_c1_AGAGCTTTCATTCACT,NK
B14_c1,,,NK,B14_c1_AGAGTGGCAACGATGG,NK
B14_c1,HMN171243,flu,NK,B14_c1_AGCAGCCAGCAGGTCA,NK
B14_c1,,,NK,B14_c1_AGCCTAATCAAGGTAA,NK
B14_c1,,,NK,B14_c1_AGCTCTCAGATCCGAG,NK
B14_c1,HMN171243,flu,NK,B14_c1_AGCTCTCGTAACGTTC,NK
B14_c1,HMN171244,flu,NK,B14_c1_AGCTTGACAGACGTAG,NK
B14_c1,HMN171243,flu,NK,B14_c1_AGGGATGAGTTACGGG,NK
B14_c1,,,NK,B14_c1_AGGTCCGGTAGAGGAA,NK
B14_c1,,,NK,B14_c1_AGTAGTCCAGGTGGAT,NK
B14_c1,,,NK,B14_c1_AGTGAGGCAGGATCGA,NK
B14_c1,,,NK,B14_c1_AGTGTCAAGCTGCAAG,NK
B14_c1,,,NK,B14_c1_AGTGTCATCGTGGGAA,NK
B14_c1,HMN171228,flu,NK,B14_c1_ATAACGCAGGAGTACC,NK
B14_c1,,,NK,B14_c1_ATAACGCGTCCTAGCG,NK
B14_c1,HMN171243,flu,NK,B14_c1_ATAACGCTCGGGAGTA,NK
B14_c1,,,NK,B14_c1_ATAAGAGTCGTGGACC,NK
B14_c1,HMN171243,flu,NK,B14_c1_ATAGACCGTATAGGTA,NK
B14_c1,HMN171228,flu,NK,B14_c1_ATCATGGAGGGAGTAA,NK
B14_c1,HMN171228,flu,NK,B14_c1_ATCATGGGTTCACGGC,NK
B14_c1,HMN171228,flu,NK,B14_c1_ATCTACTGTATAGTAG,NK
B14_c1,HMN171243,flu,NK,B14_c1_ATGAGGGTCGGAGCAA,NK
B14_c1,HMN171243,flu,NK,B14_c1_ATGCGATAGATATGCA,NK
B14_c1,,,NK,B14_c1_ATGCGATTCCTACAGA,NK
B14_c1,,,NK,B14_c1_ATTATCCGTAAGTGTA,NK
B14_c1,HMN171243,flu,NK,B14_c1_ATTGGTGGTTCACGGC,NK
B14_c1,HMN171228,flu,NK,B14_c1_ATTTCTGCAAGTACCT,NK
B14_c1,,,NK,B14_c1_ATTTCTGCACTGTGTA,NK
B14_c1,HMN171228,flu,NK,B14_c1_CAACCAAAGGAGCGTT,NK
B14_c1,HMN171228,flu,NK,B14_c1_CAACCAAGTTTGACTG,NK
B14_c1,HMN171244,flu,NK,B14_c1_CAACCTCCAGGACCCT,NK
B14_c1,HMN171228,flu,NK,B14_c1_CAAGGCCAGTGAATTG,NK
B14_c1,HMN171244,flu,NK,B14_c1_CAAGGCCTCTTTAGTC,NK
B14_c1,,,NK,B14_c1_CACACTCGTTTCCACC,NK
B14_c1,,,NK,B14_c1_CACAGGCAGGCTCAGA,NK
B14_c1,HMN171228,flu,NK,B14_c1_CACATTTCAGACGCTC,NK
B14_c1,,,NK,B14_c1_CACCACTGTTGCTCCT,NK
B14_c1,HMN171244,flu,NK,B14_c1_CACCAGGCACATCCAA,NK
B14_c1,HMN171244,flu,NK,B14_c1_CAGAATCGTTCGAATC,NK
B14_c1,HMN171243,flu,NK,B14_c1_CAGCATAGTCTAGGTT,NK
B14_c1,,,NK,B14_c1_CAGCCGACACAACGTT,NK
B14_c1,HMN171228,flu,NK,B14_c1_CAGCCGAGTTGAACTC,NK
B14_c1,,,NK,B14_c1_CAGCGACGTTCCCTTG,NK
B14_c1,HMN171243,flu,NK,B14_c1_CAGGTGCAGGGATACC,NK
B14_c1,,,NK,B14_c1_CATATGGAGAAACCTA,NK
B14_c1,,,NK,B14_c1_CATCCACTCAAACGGG,NK
B14_c1,HMN171228,flu,NK,B14_c1_CATCCACTCAGGTTCA,NK
B14_c1,HMN171228,flu,NK,B14_c1_CATGACATCCATGAGT,NK
B14_c1,HMN171228,flu,NK,B14_c1_CATGCCTAGAGTAATC,NK
B14_c1,,,NK,B14_c1_CATGGCGCAGCCAGAA,NK
B14_c1,HMN171223,NI,NK,B14_c1_CATTCGCGTGATAAAC,NK
B14_c1,HMN171228,flu,NK,B14_c1_CATTCGCTCATCATTC,NK
B14_c1,,,NK,B14_c1_CCAATCCCACGAGAGT,NK
B14_c1,HMN171244,flu,NK,B14_c1_CCAATCCGTGAAGGCT,NK
B14_c1,HMN171243,flu,NK,B14_c1_CCACGGACAGACTCGC,NK
B14_c1,,,NK,B14_c1_CCACTACCAGCTTCGG,NK
B14_c1,HMN171228,flu,NK,B14_c1_CCATGTCAGGGCATGT,NK
B14_c1,,,NK,B14_c1_CCATTCGCAACACCTA,NK
B14_c1,,,NK,B14_c1_CCGGTAGCATTCACTT,NK
B14_c1,,,NK,B14_c1_CCTAGCTTCGGAAATA,NK
B14_c1,HMN171244,flu,NK,B14_c1_CCTCAGTCAAGAAAGG,NK
B14_c1,HMN171228,flu,NK,B14_c1_CCTTCCCAGCGCTCCA,NK
B14_c1,,,NK,B14_c1_CCTTCCCGTCTAAACC,NK
B14_c1,,,NK,B14_c1_CGAACATGTAGCCTCG,NK
B14_c1,,,NK,B14_c1_CGAACATTCAGGATCT,NK
B14_c1,HMN171243,flu,NK,B14_c1_CGAATGTGTTCGTTGA,NK
B14_c1,HMN171228,flu,NK,B14_c1_CGACCTTTCCGAAGAG,NK
B14_c1,HMN171244,flu,NK,B14_c1_CGACTTCCAAGCGCTC,NK
B14_c1,,,NK,B14_c1_CGACTTCTCAAGAAGT,NK
B14_c1,HMN171244,flu,NK,B14_c1_CGAGAAGAGGATATAC,NK
B14_c1,HMN171243,flu,NK,B14_c1_CGAGAAGGTCTCCATC,NK
B14_c1,HMN171243,flu,NK,B14_c1_CGAGCCAAGCCGTCGT,NK
B14_c1,HMN171228,flu,NK,B14_c1_CGATGGCCAGACAAGC,NK
B14_c1,HMN171244,flu,NK,B14_c1_CGATGTAAGAAGCCCA,NK
B14_c1,,,NK,B14_c1_CGCCAAGTCCTACAGA,NK
B14_c1,HMN171228,flu,NK,B14_c1_CGCGTTTGTAGAAAGG,NK
B14_c1,HMN171243,flu,NK,B14_c1_CGCTATCAGGGTTCCC,NK
B14_c1,HMN171228,flu,NK,B14_c1_CGCTATCAGTCCGTAT,NK
B14_c1,HMN171243,flu,NK,B14_c1_CGCTATCGTACCAGTT,NK
B14_c1,,,NK,B14_c1_CGCTGGAGTGAGCGAT,NK
B14_c1,,,NK,B14_c1_CGGACACAGGGATACC,NK
B14_c1,HMN171243,flu,NK,B14_c1_CGGACACCAATCAGAA,NK
B14_c1,HMN171243,flu,NK,B14_c1_CGGACTGGTACTCGCG,NK
B14_c1,,,NK,B14_c1_CGGACTGGTCAATGTC,NK
B14_c1,,,NK,B14_c1_CGGAGCTCATGCTAGT,NK
B14_c1,HMN171243,flu,NK,B14_c1_CGGAGTCAGAGACTAT,NK
B14_c1,,,NK,B14_c1_CGGAGTCGTTAAAGAC,NK
B14_c1,HMN171243,flu,NK,B14_c1_CGGCTAGTCCCAAGTA,NK
B14_c1,,,NK,B14_c1_CGGTTAACAGTTTACG,NK
B14_c1,HMN171228,flu,NK,B14_c1_CGTAGCGTCAACGAAA,NK
B14_c1,,,NK,B14_c1_CGTAGGCCAGGCAGTA,NK
B14_c1,HMN171243,flu,NK,B14_c1_CGTAGGCGTGAGGCTA,NK
B14_c1,HMN171228,flu,NK,B14_c1_CGTCACTCAGTCACTA,NK
B14_c1,,,NK,B14_c1_CGTCTACCACAGACTT,NK
B14_c1,HMN171243,flu,NK,B14_c1_CGTGAGCGTCTCTTAT,NK
B14_c1,HMN171243,flu,NK,B14_c1_CGTGTAACATTATCTC,NK
B14_c1,HMN171243,flu,NK,B14_c1_CGTGTCTCATATGAGA,NK
B14_c1,,,NK,B14_c1_CGTTAGATCGCAAACT,NK
B14_c1,,,NK,B14_c1_CGTTCTGAGAAAGTGG,NK
B14_c1,HMN171228,flu,NK,B14_c1_CGTTCTGGTACAAGTA,NK
B14_c1,HMN171228,flu,NK,B14_c1_CTACACCAGGCCCTCA,NK
B14_c1,,,NK,B14_c1_CTACATTCATCTCGCT,NK
B14_c1,HMN171228,flu,NK,B14_c1_CTACATTGTTTAGGAA,NK
B14_c1,HMN171228,flu,NK,B14_c1_CTACGTCCAAGCGATG,NK
B14_c1,,,NK,B14_c1_CTAGAGTGTAGCGCAA,NK
B14_c1,HMN171228,flu,NK,B14_c1_CTAGCCTTCACCTCGT,NK
B14_c1,HMN171244,flu,NK,B14_c1_CTAGTGACAGTGGAGT,NK
B14_c1,HMN171243,flu,NK,B14_c1_CTCATTACAGTTCATG,NK
B14_c1,,,NK,B14_c1_CTCCTAGCAGGAATCG,NK
B14_c1,HMN171243,flu,NK,B14_c1_CTCGAGGCACTGAAGG,NK
B14_c1,HMN171228,flu,NK,B14_c1_CTCGAGGCACTGTGTA,NK
B14_c1,,,NK,B14_c1_CTCGGGACAGTTTACG,NK
B14_c1,HMN171243,flu,NK,B14_c1_CTCGTACTCTTTAGGG,NK
B14_c1,HMN171228,flu,NK,B14_c1_CTCTAATGTCCCGACA,NK
B14_c1,HMN171243,flu,NK,B14_c1_CTGAAACGTCTGATTG,NK
B14_c1,HMN171244,flu,NK,B14_c1_CTGATCCGTATAATGG,NK
B14_c1,HMN171223,NI,NK,B14_c1_CTGTTTAAGGTTCCTA,NK
B14_c1,HMN171244,flu,NK,B14_c1_CTGTTTATCATCGGAT,NK
B14_c1,HMN171238,NI,NK,B14_c1_CTTACCGAGTAGATGT,NK
B14_c1,,,NK,B14_c1_CTTACCGCACTCTGTC,NK
B14_c1,,,NK,B14_c1_GAAATGAAGTATGACA,NK
B14_c1,HMN171243,flu,NK,B14_c1_GAAATGACAGGCTCAC,NK
B14_c1,HMN171243,flu,NK,B14_c1_GAAATGAGTAGTAGTA,NK
B14_c1,HMN171244,flu,NK,B14_c1_GAACCTACATAGAAAC,NK
B14_c1,HMN171244,flu,NK,B14_c1_GAACGGACAGAGTGTG,NK
B14_c1,,,NK,B14_c1_GACACGCTCAGCTGGC,NK
B14_c1,HMN171243,flu,NK,B14_c1_GACACGCTCCCTTGCA,NK
B14_c1,HMN171243,flu,NK,B14_c1_GACAGAGGTACTTAGC,NK
B14_c1,HMN171244,flu,NK,B14_c1_GACCAATCATCCTAGA,NK
B14_c1,HMN171228,flu,NK,B14_c1_GACGCGTGTCGAGATG,NK
B14_c1,,,NK,B14_c1_GACGGCTTCCGAATGT,NK
B14_c1,,,NK,B14_c1_GACTAACTCCCTTGCA,NK
B14_c1,HMN171228,flu,NK,B14_c1_GAGGTGAGTTTGCATG,NK
B14_c1,,,NK,B14_c1_GAGTCCGGTTCAGCGC,NK
B14_c1,,,NK,B14_c1_GATCAGTCATACTCTT,NK
B14_c1,,,NK,B14_c1_GATCAGTGTAAAGGAG,NK
B14_c1,,,NK,B14_c1_GATCTAGGTTAAGGGC,NK
B14_c1,HMN171237,NI,NK,B14_c1_GATGAAAAGTGGAGTC,NK
B14_c1,HMN171243,flu,NK,B14_c1_GATTCAGCATGGAATA,NK
B14_c1,HMN171244,flu,NK,B14_c1_GCATACATCTTTCCTC,NK
B14_c1,HMN171228,flu,NK,B14_c1_GCATGCGGTTACTGAC,NK
B14_c1,,,NK,B14_c1_GCCAAATTCAGTACGT,NK
B14_c1,HMN171243,flu,NK,B14_c1_GCGACCAGTTCGCTAA,NK
B14_c1,,,NK,B14_c1_GCGCAACCAATCTGCA,NK
B14_c1,HMN171228,flu,NK,B14_c1_GCGCAGTGTAAACGCG,NK
B14_c1,HMN171243,flu,NK,B14_c1_GCGCCAATCGTCGTTC,NK
B14_c1,,,NK,B14_c1_GCGGGTTTCGGTTCGG,NK
B14_c1,HMN171228,flu,NK,B14_c1_GCTCCTAAGGGCTTGA,NK
B14_c1,,,NK,B14_c1_GCTGCAGGTGAACCTT,NK
B14_c1,HMN171228,flu,NK,B14_c1_GCTGGGTGTCGAGATG,NK
B14_c1,,,NK,B14_c1_GGAACTTCACATAACC,NK
B14_c1,,,NK,B14_c1_GGAACTTTCCAGATCA,NK
B14_c1,HMN171243,flu,NK,B14_c1_GGACATTGTAGGAGTC,NK
B14_c1,HMN171243,flu,NK,B14_c1_GGCAATTAGAAACCGC,NK
B14_c1,HMN171244,flu,NK,B14_c1_GGCAATTGTTCCCTTG,NK
B14_c1,HMN171243,flu,NK,B14_c1_GGCGTGTTCATCGCTC,NK
B14_c1,HMN171243,flu,NK,B14_c1_GGGAATGTCGTACCGG,NK
B14_c1,HMN171243,flu,NK,B14_c1_GGGAGATAGTAGGTGC,NK
B14_c1,HMN171244,flu,NK,B14_c1_GGGATGAGTGTGCCTG,NK
B14_c1,HMN171244,flu,NK,B14_c1_GGGCACTGTCAGATAA,NK
B14_c1,,,NK,B14_c1_GGGCACTGTCTCATCC,NK
B14_c1,HMN171228,flu,NK,B14_c1_GGGCATCCAGCCTTTC,NK
B14_c1,,,NK,B14_c1_GGGTTGCCATCGGTTA,NK
B14_c1,,,NK,B14_c1_GGGTTGCTCGCCGTGA,NK
B14_c1,,,NK,B14_c1_GGTATTGCATGGTCTA,NK
B14_c1,HMN171228,flu,NK,B14_c1_GGTGAAGAGTCCGGTC,NK
B14_c1,HMN171244,flu,NK,B14_c1_GGTGAAGTCGACCAGC,NK
B14_c1,,,NK,B14_c1_GGTGCGTCATTTGCTT,NK
B14_c1,HMN171244,flu,NK,B14_c1_GGTGTTAAGATAGTCA,NK
B14_c1,HMN171228,flu,NK,B14_c1_GTAACGTCAATGACCT,NK
B14_c1,,,NK,B14_c1_GTACGTAGTCCTCCAT,NK
B14_c1,HMN171243,flu,NK,B14_c1_GTAGGCCCAGACGTAG,NK
B14_c1,HMN171243,flu,NK,B14_c1_GTATCTTCAGACGCCT,NK
B14_c1,HMN171228,flu,NK,B14_c1_GTATCTTCATATGAGA,NK
B14_c1,HMN171243,flu,NK,B14_c1_GTCACGGCACGGCGTT,NK
B14_c1,HMN171243,flu,NK,B14_c1_GTCATTTTCTCGCTTG,NK
B14_c1,,,NK,B14_c1_GTCCTCACAACTGGCC,NK
B14_c1,HMN171244,flu,NK,B14_c1_GTCGGGTCAGACTCGC,NK
B14_c1,HMN171228,flu,NK,B14_c1_GTCGTAAAGCATCATC,NK
B14_c1,HMN171243,flu,NK,B14_c1_GTCGTAAGTACCATCA,NK
B14_c1,HMN171244,flu,NK,B14_c1_GTCTCGTTCTGCAAGT,NK
B14_c1,HMN171243,flu,NK,B14_c1_GTGCAGCCAATGAAAC,NK
B14_c1,,,NK,B14_c1_GTGCAGCCAGTGGGAT,NK
B14_c1,,,NK,B14_c1_GTGCATAGTCTCCCTA,NK
B14_c1,,,NK,B14_c1_GTGCGGTTCCAACCAA,NK
B14_c1,,,NK,B14_c1_GTGCTTCTCCAACCAA,NK
B14_c1,,,NK,B14_c1_GTGGGTCTCAGCAACT,NK
B14_c1,,,NK,B14_c1_GTTCATTCACCACGTG,NK
B14_c1,HMN171228,flu,NK,B14_c1_GTTCGGGTCGCGCCAA,NK
B14_c1,HMN171228,flu,NK,B14_c1_GTTTCTACACCAACCG,NK
B14_c1,HMN171244,flu,NK,B14_c1_GTTTCTAGTTATCCGA,NK
B14_c1,HMN171228,flu,NK,B14_c1_TAAGCGTGTGAAAGAG,NK
B14_c1,HMN171244,flu,NK,B14_c1_TACACGAAGTCGCCGT,NK
B14_c1,,,NK,B14_c1_TACAGTGCAGCTGTGC,NK
B14_c1,HMN171228,flu,NK,B14_c1_TACCTATCACCTGGTG,NK
B14_c1,HMN171228,flu,NK,B14_c1_TACCTTACACCCAGTG,NK
B14_c1,HMN171243,flu,NK,B14_c1_TACCTTAGTAGAGGAA,NK
B14_c1,HMN171228,flu,NK,B14_c1_TACGGTATCCGTTGTC,NK
B14_c1,,,NK,B14_c1_TACTCATGTTGGAGGT,NK
B14_c1,,,NK,B14_c1_TACTTACGTACCCAAT,NK
B14_c1,,,NK,B14_c1_TAGACCATCGCAAGCC,NK
B14_c1,HMN171243,flu,NK,B14_c1_TAGAGCTGTGTGACCC,NK
B14_c1,HMN171243,flu,NK,B14_c1_TAGTGGTGTCGCCATG,NK
B14_c1,HMN171228,flu,NK,B14_c1_TATCAGGCATCCGCGA,NK
B14_c1,,,NK,B14_c1_TATCTCAAGAGCTGCA,NK
B14_c1,HMN171243,flu,NK,B14_c1_TATTACCTCAGCTGGC,NK
B14_c1,HMN171243,flu,NK,B14_c1_TCACAAGGTAGTAGTA,NK
B14_c1,,,NK,B14_c1_TCACGAAAGTGACATA,NK
B14_c1,HMN171244,flu,NK,B14_c1_TCACGAATCACAGTAC,NK
B14_c1,HMN171244,flu,NK,B14_c1_TCAGCAATCCACGTGG,NK
B14_c1,HMN171243,flu,NK,B14_c1_TCAGGTATCATCTGCC,NK
B14_c1,,,NK,B14_c1_TCATTACAGTTGTAGA,NK
B14_c1,,,NK,B14_c1_TCATTACGTCGTGGCT,NK
B14_c1,HMN171243,flu,NK,B14_c1_TCATTTGCATGACATC,NK
B14_c1,HMN171228,flu,NK,B14_c1_TCATTTGGTACCAGTT,NK
B14_c1,HMN171244,flu,NK,B14_c1_TCCACACCATGGGACA,NK
B14_c1,HMN171228,flu,NK,B14_c1_TCGAGGCGTGAAATCA,NK
B14_c1,HMN171228,flu,NK,B14_c1_TCGCGAGAGATAGTCA,NK
B14_c1,HMN171244,flu,NK,B14_c1_TCGCGTTAGTATCGAA,NK
B14_c1,HMN171243,flu,NK,B14_c1_TCGCGTTCAGACGCCT,NK
B14_c1,HMN171228,flu,NK,B14_c1_TCGTACCTCACTCTTA,NK
B14_c1,HMN171244,flu,NK,B14_c1_TCGTAGAGTAAAGTCA,NK
B14_c1,HMN171228,flu,NK,B14_c1_TCTATTGGTTTGTGTG,NK
B14_c1,HMN171228,flu,NK,B14_c1_TCTCTAAGTCCGTCAG,NK
B14_c1,HMN171243,flu,NK,B14_c1_TCTGAGATCGGTGTCG,NK
B14_c1,,,NK,B14_c1_TCTGGAAGTAGCAAAT,NK
B14_c1,,,NK,B14_c1_TCTTCGGTCACCCGAG,NK
B14_c1,HMN171243,flu,NK,B14_c1_TGACAACGTGGCCCTA,NK
B14_c1,,,NK,B14_c1_TGACGGCAGCCGCCTA,NK
B14_c1,,,NK,B14_c1_TGACGGCAGGTGGGTT,NK
B14_c1,,,NK,B14_c1_TGACTTTCAAGCCTAT,NK
B14_c1,,,NK,B14_c1_TGAGAGGTCATGTGGT,NK
B14_c1,,,NK,B14_c1_TGATTTCTCTGGAGCC,NK
B14_c1,HMN171228,flu,NK,B14_c1_TGCGCAGCATACAGCT,NK
B14_c1,,,NK,B14_c1_TGGACGCAGCTGGAAC,NK
B14_c1,,,NK,B14_c1_TGGACGCTCGTGGTCG,NK
B14_c1,HMN171244,flu,NK,B14_c1_TGGACGCTCTGCTGCT,NK
B14_c1,HMN171228,flu,NK,B14_c1_TGGCCAGAGCTGAAAT,NK
B14_c1,HMN171228,flu,NK,B14_c1_TGGCGCAGTCATCCCT,NK
B14_c1,HMN171228,flu,NK,B14_c1_TGGCTGGAGTGCCATT,NK
B14_c1,HMN171243,flu,NK,B14_c1_TGGTTCCTCCTCTAGC,NK
B14_c1,HMN171228,flu,NK,B14_c1_TGTGTTTAGAGTGAGA,NK
B14_c1,HMN171228,flu,NK,B14_c1_TGTGTTTGTCCGAAGA,NK
B14_c1,,,NK,B14_c1_TTAACTCAGTGGACGT,NK
B14_c1,,,NK,B14_c1_TTAGGCAAGCTACCGC,NK
B14_c1,HMN171243,flu,NK,B14_c1_TTAGGCAAGTGATCGG,NK
B14_c1,,,NK,B14_c1_TTAGTTCCATCAGTCA,NK
B14_c1,HMN171244,flu,NK,B14_c1_TTATGCTTCTAGAGTC,NK
B14_c1,HMN171243,flu,NK,B14_c1_TTCGAAGTCCTTGGTC,NK
B14_c1,,,NK,B14_c1_TTCGGTCGTTCCAACA,NK
B14_c1,,,NK,B14_c1_TTCTACAGTACAAGTA,NK
B14_c1,HMN171228,flu,NK,B14_c1_TTCTACAGTGCTGTAT,NK
B14_c1,HMN171228,flu,NK,B14_c1_TTCTCAACATGCCCGA,NK
B14_c1,,,NK,B14_c1_TTCTCCTAGAAGAAGC,NK
B14_c1,HMN171243,flu,NK,B14_c1_TTCTTAGGTAACGTTC,NK
B14_c1,HMN171244,flu,NK,B14_c1_TTGACTTAGATGTTAG,NK
B14_c1,HMN171228,flu,NK,B14_c1_TTGACTTCACATGTGT,NK
B14_c1,HMN171243,flu,NK,B14_c1_TTGACTTGTGAAGGCT,NK
B14_c1,HMN171228,flu,NK,B14_c1_TTGACTTGTGTATGGG,NK
B14_c1,,,NK,B14_c1_TTGCCGTTCTCGTATT,NK
B14_c1,,,NK,B14_c1_TTGCGTCCAATGGACG,NK
B14_c1,,,NK,B14_c1_TTGCGTCTCGAATCCA,NK
B14_c1,,,NK,B14_c1_TTGTAGGAGATATACG,NK
B14_c1,HMN171243,flu,NK,B14_c1_TTGTAGGGTCAAGCGA,NK
B14_c1,,,NK,B14_c1_TTTACTGAGTTTCCTT,NK
B14_c1,HMN171228,flu,NK,B14_c1_TTTATGCAGGTAGCCA,NK
B14_c1,HMN171243,flu,NK,B14_c1_TTTCCTCAGCGTGAGT,NK
B14_c1,HMN171244,flu,NK,B14_c1_TTTGCGCTCTGTCAAG,NK
B14_c1,HMN171244,flu,NK,B14_c1_TTTGGTTCAATCACAC,NK
B14_c1,,,NK,B14_c1_TTTGTCAAGTAAGTAC,NK
B14_c2,HMN171223,flu,NK,B14_c2_AAACCTGTCTGTCTCG,NK
B14_c2,,,NK,B14_c2_AAAGATGGTTGCGTTA,NK
B14_c2,,,NK,B14_c2_AAAGTAGGTCGACTAT,NK
B14_c2,HMN171223,flu,NK,B14_c2_AAAGTAGTCCTGTACC,NK
B14_c2,HMN171238,flu,NK,B14_c2_AACCATGCAAGCCCAC,NK
B14_c2,,,NK,B14_c2_AACCATGCAAGTACCT,NK
B14_c2,HMN171237,flu,NK,B14_c2_AACCGCGAGTGTCTCA,NK
B14_c2,,,NK,B14_c2_AACCGCGCATCGACGC,NK
B14_c2,,,NK,B14_c2_AACCGCGTCCGGGTGT,NK
B14_c2,HMN171223,flu,NK,B14_c2_AACGTTGAGCTAGTTC,NK
B14_c2,,,NK,B14_c2_AACGTTGTCATGCAAC,NK
B14_c2,HMN171238,flu,NK,B14_c2_AACTCTTGTAGCTAAA,NK
B14_c2,,,NK,B14_c2_AAGACCTAGCCACTAT,NK
B14_c2,,,NK,B14_c2_AAGACCTCAATAGCGG,NK
B14_c2,HMN171238,flu,NK,B14_c2_AAGACCTTCTGGGCCA,NK
B14_c2,,,NK,B14_c2_AAGGAGCTCTATGTGG,NK
B14_c2,,,NK,B14_c2_AAGGTTCAGAACAACT,NK
B14_c2,HMN171237,flu,NK,B14_c2_AAGGTTCAGCCGCCTA,NK
B14_c2,,,NK,B14_c2_AAGTCTGAGTACATGA,NK
B14_c2,HMN171223,flu,NK,B14_c2_ACACCAACAATGTAAG,NK
B14_c2,HMN171237,flu,NK,B14_c2_ACACCCTCAGTAAGCG,NK
B14_c2,,,NK,B14_c2_ACACCCTCATACTCTT,NK
B14_c2,,,NK,B14_c2_ACAGCTAAGAGCTGGT,NK
B14_c2,HMN171237,flu,NK,B14_c2_ACATACGAGTGGACGT,NK
B14_c2,HMN171223,flu,NK,B14_c2_ACATGGTCAATAGAGT,NK
B14_c2,HMN171223,flu,NK,B14_c2_ACCGTAAAGAGTGAGA,NK
B14_c2,HMN171223,flu,NK,B14_c2_ACCTTTACAAAGGAAG,NK
B14_c2,,,NK,B14_c2_ACGAGCCAGTTACCCA,NK
B14_c2,HMN171238,flu,NK,B14_c2_ACGCAGCCAAGAGGCT,NK
B14_c2,,,NK,B14_c2_ACGGGCTGTCCTCCAT,NK
B14_c2,,,NK,B14_c2_ACTGAGTAGCCCAGCT,NK
B14_c2,HMN171237,flu,NK,B14_c2_ACTTGTTTCGCAAACT,NK
B14_c2,,,NK,B14_c2_AGAATAGTCTAACCGA,NK
B14_c2,HMN171223,flu,NK,B14_c2_AGACGTTAGCGTCTAT,NK
B14_c2,HMN171238,flu,NK,B14_c2_AGATTGCCAATCTGCA,NK
B14_c2,HMN171238,flu,NK,B14_c2_AGATTGCCACGAGAGT,NK
B14_c2,,,NK,B14_c2_AGATTGCTCCACGAAT,NK
B14_c2,,,NK,B14_c2_AGATTGCTCTCTAAGG,NK
B14_c2,HMN171223,flu,NK,B14_c2_AGCCTAAGTTCTGTTT,NK
B14_c2,,,NK,B14_c2_AGCGGTCCAATGAATG,NK
B14_c2,HMN171223,flu,NK,B14_c2_AGCGTATGTCGCTTTC,NK
B14_c2,HMN171223,flu,NK,B14_c2_AGCTCCTTCTTATCTG,NK
B14_c2,HMN171223,flu,NK,B14_c2_AGCTTGAAGTAGTGCG,NK
B14_c2,HMN171237,flu,NK,B14_c2_AGGTCCGTCAGAGGTG,NK
B14_c2,HMN171237,flu,NK,B14_c2_AGTAGTCTCCAGAGGA,NK
B14_c2,,,NK,B14_c2_AGTCTTTCAGCTTAAC,NK
B14_c2,,,NK,B14_c2_AGTCTTTCAGTATCTG,NK
B14_c2,,,NK,B14_c2_AGTCTTTTCCAAACTG,NK
B14_c2,HMN171223,flu,NK,B14_c2_AGTCTTTTCTCACATT,NK
B14_c2,,,NK,B14_c2_AGTGAGGCACCCATTC,NK
B14_c2,HMN171223,flu,NK,B14_c2_AGTGTCAAGCGTTGCC,NK
B14_c2,HMN171223,flu,NK,B14_c2_AGTGTCAGTACAGCAG,NK
B14_c2,,,NK,B14_c2_AGTGTCATCCAACCAA,NK
B14_c2,HMN171223,flu,NK,B14_c2_AGTTGGTTCTCGAGTA,NK
B14_c2,,,NK,B14_c2_ATAACGCGTGGGTATG,NK
B14_c2,HMN171223,flu,NK,B14_c2_ATAGACCAGTCTCGGC,NK
B14_c2,HMN171223,flu,NK,B14_c2_ATCACGAGTTCAGTAC,NK
B14_c2,,,NK,B14_c2_ATCCACCGTTATGCGT,NK
B14_c2,,,NK,B14_c2_ATCCACCGTTGTACAC,NK
B14_c2,,,NK,B14_c2_ATCCGAATCCTAAGTG,NK
B14_c2,,,NK,B14_c2_ATCGAGTAGTACATGA,NK
B14_c2,HMN171223,flu,NK,B14_c2_ATCGAGTTCTGGAGCC,NK
B14_c2,HMN171223,flu,NK,B14_c2_ATGAGGGCACTTCGAA,NK
B14_c2,,,NK,B14_c2_ATGAGGGTCATCATTC,NK
B14_c2,,,NK,B14_c2_ATGCGATTCGCTGATA,NK
B14_c2,HMN171223,flu,NK,B14_c2_ATGGGAGGTTGGTGGA,NK
B14_c2,HMN171223,flu,NK,B14_c2_ATTCTACAGTTGTAGA,NK
B14_c2,,,NK,B14_c2_ATTCTACCACCCATTC,NK
B14_c2,,,NK,B14_c2_ATTTCTGCACATAACC,NK
B14_c2,HMN171237,flu,NK,B14_c2_CAACTAGTCACTCTTA,NK
B14_c2,,,NK,B14_c2_CAACTAGTCGGAGGTA,NK
B14_c2,HMN171237,flu,NK,B14_c2_CAAGATCCAGGTCCAC,NK
B14_c2,,,NK,B14_c2_CAAGGCCTCATGCAAC,NK
B14_c2,,,NK,B14_c2_CAAGTTGTCGTCTGCT,NK
B14_c2,,,NK,B14_c2_CACACAAAGACACTAA,NK
B14_c2,,,NK,B14_c2_CACACTCAGTTGTCGT,NK
B14_c2,HMN171238,flu,NK,B14_c2_CACACTCTCTGTCTAT,NK
B14_c2,,,NK,B14_c2_CACATTTCAGACGCTC,NK
B14_c2,,,NK,B14_c2_CAGATCAAGTATCTCG,NK
B14_c2,HMN171223,flu,NK,B14_c2_CAGCAGCTCCGAGCCA,NK
B14_c2,HMN171223,flu,NK,B14_c2_CAGCATAAGAGGGCTT,NK
B14_c2,,,NK,B14_c2_CAGCTGGGTGATAAAC,NK
B14_c2,HMN171223,flu,NK,B14_c2_CAGGTGCAGAAACGAG,NK
B14_c2,HMN171243,NI,NK,B14_c2_CATATTCTCCTGTAGA,NK
B14_c2,,,NK,B14_c2_CATCAAGAGAAACCAT,NK
B14_c2,HMN171223,flu,NK,B14_c2_CATCAAGCAATAACGA,NK
B14_c2,,,NK,B14_c2_CATCAAGGTAAACACA,NK
B14_c2,,,NK,B14_c2_CATCAAGGTAGCTAAA,NK
B14_c2,,,NK,B14_c2_CATCGAAAGCACCGTC,NK
B14_c2,,,NK,B14_c2_CATCGGGAGTAGGCCA,NK
B14_c2,HMN171244,NI,NK,B14_c2_CATTATCGTATGCTTG,NK
B14_c2,HMN171238,flu,NK,B14_c2_CCACCTAGTGAGGGTT,NK
B14_c2,,,NK,B14_c2_CCACTACGTTGTGGCC,NK
B14_c2,HMN171228,NI,NK,B14_c2_CCAGCGATCGGCTTGG,NK
B14_c2,HMN171238,flu,NK,B14_c2_CCATTCGGTCATCGGC,NK
B14_c2,HMN171223,flu,NK,B14_c2_CCATTCGTCTACCTGC,NK
B14_c2,HMN171223,flu,NK,B14_c2_CCCAATCAGGAATGGA,NK
B14_c2,,,NK,B14_c2_CCCAATCCAAGTTCTG,NK
B14_c2,,,NK,B14_c2_CCGTACTCAGGTCCAC,NK
B14_c2,,,NK,B14_c2_CCTAAAGTCATGTAGC,NK
B14_c2,HMN171223,flu,NK,B14_c2_CCTACCAGTAAGTGTA,NK
B14_c2,,,NK,B14_c2_CCTAGCTGTTCCCGAG,NK
B14_c2,,,NK,B14_c2_CCTCAGTGTTTGGGCC,NK
B14_c2,,,NK,B14_c2_CGAACATTCGTCTGCT,NK
B14_c2,HMN171223,flu,NK,B14_c2_CGACTTCAGTGCCATT,NK
B14_c2,,,NK,B14_c2_CGAGAAGTCGCCATAA,NK
B14_c2,,,NK,B14_c2_CGAGCCAAGTACGTTC,NK
B14_c2,,,NK,B14_c2_CGAGCCAGTCTGCCAG,NK
B14_c2,,,NK,B14_c2_CGATCGGGTATCACCA,NK
B14_c2,HMN171223,flu,NK,B14_c2_CGCCAAGTCTGCTGCT,NK
B14_c2,,,NK,B14_c2_CGCGGTATCTCCAGGG,NK
B14_c2,,,NK,B14_c2_CGGACACTCTTGTACT,NK
B14_c2,HMN171223,flu,NK,B14_c2_CGGACTGTCCCATTAT,NK
B14_c2,,,NK,B14_c2_CGGCTAGTCGGAGGTA,NK
B14_c2,,,NK,B14_c2_CGTAGCGAGAGGACGG,NK
B14_c2,,,NK,B14_c2_CGTCACTAGTAAGTAC,NK
B14_c2,HMN171238,flu,NK,B14_c2_CGTCACTAGTACGTTC,NK
B14_c2,HMN171223,flu,NK,B14_c2_CGTCAGGTCTGGTGTA,NK
B14_c2,HMN171238,flu,NK,B14_c2_CGTCCATCATGCAATC,NK
B14_c2,HMN171237,flu,NK,B14_c2_CGTTCTGAGATGGGTC,NK
B14_c2,,,NK,B14_c2_CTAACTTAGGTAAACT,NK
B14_c2,,,NK,B14_c2_CTACACCGTCGAGTTT,NK
B14_c2,,,NK,B14_c2_CTACACCTCAATAAGG,NK
B14_c2,HMN171223,flu,NK,B14_c2_CTACATTTCAGTTTGG,NK
B14_c2,HMN171238,flu,NK,B14_c2_CTACGTCTCATTATCC,NK
B14_c2,,,NK,B14_c2_CTAGAGTCACATGGGA,NK
B14_c2,HMN171223,flu,NK,B14_c2_CTAGCCTAGAGTAATC,NK
B14_c2,HMN171223,flu,NK,B14_c2_CTCAGAACAGCTGTTA,NK
B14_c2,HMN171223,flu,NK,B14_c2_CTCAGAAGTGGCTCCA,NK
B14_c2,HMN171223,flu,NK,B14_c2_CTCCTAGTCTCGATGA,NK
B14_c2,HMN171238,flu,NK,B14_c2_CTCGAAAGTGAAATCA,NK
B14_c2,HMN171223,flu,NK,B14_c2_CTCGTCAAGTGTTTGC,NK
B14_c2,,,NK,B14_c2_CTGAAACGTGGAAAGA,NK
B14_c2,HMN171223,flu,NK,B14_c2_CTGAAGTCAAAGGAAG,NK
B14_c2,HMN171223,flu,NK,B14_c2_CTGATCCAGTGCCATT,NK
B14_c2,HMN171223,flu,NK,B14_c2_CTGCGGATCAGCTCTC,NK
B14_c2,,,NK,B14_c2_CTGTGCTTCTGGTGTA,NK
B14_c2,HMN171243,NI,NK,B14_c2_CTTAACTTCAGCTCGG,NK
B14_c2,HMN171223,flu,NK,B14_c2_CTTCTCTCAATCACAC,NK
B14_c2,,,NK,B14_c2_CTTCTCTTCTTACCGC,NK
B14_c2,HMN171243,NI,NK,B14_c2_GAAACTCAGAGTACAT,NK
B14_c2,HMN171238,flu,NK,B14_c2_GAAATGAAGTTGAGTA,NK
B14_c2,HMN171238,flu,NK,B14_c2_GAAATGACAGGCTCAC,NK
B14_c2,,,NK,B14_c2_GAAATGATCAGCACAT,NK
B14_c2,,,NK,B14_c2_GAATGAAAGGTTCCTA,NK
B14_c2,,,NK,B14_c2_GACCAATTCTAACTTC,NK
B14_c2,HMN171223,flu,NK,B14_c2_GACGGCTCATCCGGGT,NK
B14_c2,HMN171223,flu,NK,B14_c2_GACTACATCATCTGCC,NK
B14_c2,HMN171223,flu,NK,B14_c2_GACTGCGAGAAGAAGC,NK
B14_c2,,,NK,B14_c2_GACTGCGGTGTTTGGT,NK
B14_c2,HMN171223,flu,NK,B14_c2_GAGCAGACAAGCTGAG,NK
B14_c2,,,NK,B14_c2_GAGCAGAGTTGGACCC,NK
B14_c2,HMN171223,flu,NK,B14_c2_GAGGTGAAGAGAACAG,NK
B14_c2,,,NK,B14_c2_GAGGTGATCGAATGGG,NK
B14_c2,HMN171223,flu,NK,B14_c2_GATCAGTAGTACGTAA,NK
B14_c2,HMN171238,flu,NK,B14_c2_GATCAGTTCGAGAACG,NK
B14_c2,,,NK,B14_c2_GATCGCGCAAGCGAGT,NK
B14_c2,,,NK,B14_c2_GATCGTACATCCTAGA,NK
B14_c2,HMN171223,flu,NK,B14_c2_GATCTAGGTACATGTC,NK
B14_c2,,,NK,B14_c2_GATGAAAGTAAATGAC,NK
B14_c2,HMN171238,flu,NK,B14_c2_GCAAACTGTCTAGAGG,NK
B14_c2,HMN171223,flu,NK,B14_c2_GCACATAGTCGGATCC,NK
B14_c2,HMN171237,flu,NK,B14_c2_GCACTCTGTAAACGCG,NK
B14_c2,HMN171223,flu,NK,B14_c2_GCAGCCATCAGCTTAG,NK
B14_c2,HMN171223,flu,NK,B14_c2_GCATACAGTGCGGTAA,NK
B14_c2,HMN171237,flu,NK,B14_c2_GCATGATAGGTGCACA,NK
B14_c2,HMN171238,flu,NK,B14_c2_GCATGTATCAGCGATT,NK
B14_c2,,,NK,B14_c2_GCCAAATGTAAGGATT,NK
B14_c2,,,NK,B14_c2_GCGACCACATGTCGAT,NK
B14_c2,,,NK,B14_c2_GCGAGAAGTCTAGGTT,NK
B14_c2,HMN171223,flu,NK,B14_c2_GCGCAACCACCTTGTC,NK
B14_c2,HMN171243,NI,NK,B14_c2_GCGCAACGTACTTGAC,NK
B14_c2,HMN171223,flu,NK,B14_c2_GCGCAGTCAAGAAGAG,NK
B14_c2,,,NK,B14_c2_GCGCGATCAATGAATG,NK
B14_c2,,,NK,B14_c2_GCGGGTTCATGCAATC,NK
B14_c2,HMN171237,flu,NK,B14_c2_GCGGGTTGTTTAGGAA,NK
B14_c2,,,NK,B14_c2_GCTCTGTTCGTCCGTT,NK
B14_c2,,,NK,B14_c2_GCTGCAGAGAGCTATA,NK
B14_c2,,,NK,B14_c2_GCTGGGTAGCGTGAGT,NK
B14_c2,,,NK,B14_c2_GGAAAGCTCTTCATGT,NK
B14_c2,,,NK,B14_c2_GGAACTTCATCACCCT,NK
B14_c2,HMN171237,flu,NK,B14_c2_GGAATAACAAGACGTG,NK
B14_c2,,,NK,B14_c2_GGACAAGGTTGAACTC,NK
B14_c2,,,NK,B14_c2_GGACGTCTCATCTGCC,NK
B14_c2,,,NK,B14_c2_GGAGCAACAAGTTAAG,NK
B14_c2,,,NK,B14_c2_GGCCGATCAGTGGAGT,NK
B14_c2,,,NK,B14_c2_GGCCGATGTAAACCTC,NK
B14_c2,,,NK,B14_c2_GGCGACTGTTCGTTGA,NK
B14_c2,HMN171238,flu,NK,B14_c2_GGGTCTGCAAGCGCTC,NK
B14_c2,,,NK,B14_c2_GGTGAAGGTGGTGTAG,NK
B14_c2,,,NK,B14_c2_GGTGAAGTCCTCGCAT,NK
B14_c2,,,NK,B14_c2_GGTGCGTGTACCCAAT,NK
B14_c2,,,NK,B14_c2_GGTGTTATCAAGCCTA,NK
B14_c2,HMN171237,flu,NK,B14_c2_GGTGTTATCAGTGCAT,NK
B14_c2,HMN171238,flu,NK,B14_c2_GTAACGTAGCTGCGAA,NK
B14_c2,,,NK,B14_c2_GTAACGTGTCCGTTAA,NK
B14_c2,HMN171223,flu,NK,B14_c2_GTAACTGTCCTTTCGG,NK
B14_c2,,,NK,B14_c2_GTACGTACAACACCCG,NK
B14_c2,,,NK,B14_c2_GTAGGCCTCTTGCAAG,NK
B14_c2,HMN171223,flu,NK,B14_c2_GTATCTTCATGCCTAA,NK
B14_c2,,,NK,B14_c2_GTATCTTGTACCGTAT,NK
B14_c2,HMN171237,flu,NK,B14_c2_GTCATTTCAACACCTA,NK
B14_c2,,,NK,B14_c2_GTCCTCATCAAGGCTT,NK
B14_c2,,,NK,B14_c2_GTCGGGTCAACAACCT,NK
B14_c2,,,NK,B14_c2_GTCTTCGCACTGTCGG,NK
B14_c2,,,NK,B14_c2_GTGCATACAGTCAGAG,NK
B14_c2,,,NK,B14_c2_GTGCGGTGTGTGGTTT,NK
B14_c2,HMN171238,flu,NK,B14_c2_GTTACAGAGTCAAGCG,NK
B14_c2,HMN171223,flu,NK,B14_c2_GTTACAGCATCCGGGT,NK
B14_c2,HMN171237,flu,NK,B14_c2_TAAACCGGTGTTCTTT,NK
B14_c2,HMN171223,flu,NK,B14_c2_TACACGACACACGCTG,NK
B14_c2,HMN171223,flu,NK,B14_c2_TACGGGCGTACGCTGC,NK
B14_c2,HMN171223,flu,NK,B14_c2_TACGGTAGTATATCCG,NK
B14_c2,,,NK,B14_c2_TACTCATTCTACCAGA,NK
B14_c2,HMN171223,flu,NK,B14_c2_TACTCGCTCCTAGTGA,NK
B14_c2,HMN171238,flu,NK,B14_c2_TAGACCAGTCTTGTCC,NK
B14_c2,HMN171238,flu,NK,B14_c2_TAGCCGGAGATGTGGC,NK
B14_c2,HMN171223,flu,NK,B14_c2_TAGGCATAGCTGAACG,NK
B14_c2,,,NK,B14_c2_TAGGCATCATTTCACT,NK
B14_c2,,,NK,B14_c2_TAGGCATTCCATGAAC,NK
B14_c2,,,NK,B14_c2_TAGTTGGTCTGTGCAA,NK
B14_c2,,,NK,B14_c2_TATCAGGCAACACCCG,NK
B14_c2,HMN171223,flu,NK,B14_c2_TATCTCATCCCTAACC,NK
B14_c2,HMN171223,flu,NK,B14_c2_TATTACCTCCTATTCA,NK
B14_c2,HMN171223,flu,NK,B14_c2_TCAACGAAGGCTATCT,NK
B14_c2,,,NK,B14_c2_TCAACGATCAGTTTGG,NK
B14_c2,HMN171223,flu,NK,B14_c2_TCAGATGAGTTGCAGG,NK
B14_c2,,,NK,B14_c2_TCAGCTCCAATGAAAC,NK
B14_c2,,,NK,B14_c2_TCAGGTAGTTGTGGCC,NK
B14_c2,,,NK,B14_c2_TCCACACAGGGCTTCC,NK
B14_c2,,,NK,B14_c2_TCGCGTTAGATCCGAG,NK
B14_c2,HMN171223,flu,NK,B14_c2_TCGGGACCATGCCACG,NK
B14_c2,HMN171223,flu,NK,B14_c2_TCGGTAACAAGCCTAT,NK
B14_c2,,,NK,B14_c2_TCGGTAATCGAGAGCA,NK
B14_c2,,,NK,B14_c2_TCGTACCGTAAGAGGA,NK
B14_c2,HMN171223,flu,NK,B14_c2_TCGTAGAAGGGTCTCC,NK
B14_c2,,,NK,B14_c2_TCTCTAACATAAAGGT,NK
B14_c2,HMN171237,flu,NK,B14_c2_TGACGGCCAGGATCGA,NK
B14_c2,,,NK,B14_c2_TGACGGCCATTCCTCG,NK
B14_c2,HMN171223,flu,NK,B14_c2_TGAGCATCATGTCTCC,NK
B14_c2,,,NK,B14_c2_TGCACCTCAAGAAAGG,NK
B14_c2,,,NK,B14_c2_TGCCCTAAGACAATAC,NK
B14_c2,,,NK,B14_c2_TGCTACCGTAGAGTGC,NK
B14_c2,HMN171223,flu,NK,B14_c2_TGCTACCTCTGTCTAT,NK
B14_c2,HMN171223,flu,NK,B14_c2_TGCTGCTAGTACGTAA,NK
B14_c2,HMN171223,flu,NK,B14_c2_TGGCGCACACATGGGA,NK
B14_c2,,,NK,B14_c2_TGGGCGTCAGTACACT,NK
B14_c2,,,NK,B14_c2_TGGGCGTCATACAGCT,NK
B14_c2,HMN171238,flu,NK,B14_c2_TGGTTCCCATCTCCCA,NK
B14_c2,,,NK,B14_c2_TGGTTCCGTTCCACAA,NK
B14_c2,,,NK,B14_c2_TGTCCCATCTAAGCCA,NK
B14_c2,HMN171223,flu,NK,B14_c2_TGTTCCGAGCGATAGC,NK
B14_c2,HMN171238,flu,NK,B14_c2_TTAGGACGTACTTAGC,NK
B14_c2,,,NK,B14_c2_TTAGTTCAGAGACTTA,NK
B14_c2,,,NK,B14_c2_TTCCCAGGTGGCAAAC,NK
B14_c2,,,NK,B14_c2_TTCTCAAAGTCCCACG,NK
B14_c2,,,NK,B14_c2_TTGAACGCAAGCGAGT,NK
B14_c2,,,NK,B14_c2_TTGGAACCATTCCTGC,NK
B14_c2,,,NK,B14_c2_TTTATGCGTTGGTTTG,NK
B14_c2,,,NK,B14_c2_TTTGGTTTCAACACGT,NK
B14_c2,,,NK,B14_c2_TTTGTCACATCTCGCT,NK
B15_c1,,,NK,B15_c1_AACACGTTCAGTTCGA,NK
B15_c1,,,NK,B15_c1_AACACGTTCCAGGGCT,NK
B15_c1,HMN171236,flu,NK,B15_c1_AACGTTGAGCACACAG,NK
B15_c1,,,NK,B15_c1_AACGTTGTCCGTTGCT,NK
B15_c1,HMN171227,flu,NK,B15_c1_AACTCAGAGCAGACTG,NK
B15_c1,,,NK,B15_c1_AACTCAGCACTCGACG,NK
B15_c1,HMN171241,flu,NK,B15_c1_AACTTTCGTATATGAG,NK
B15_c1,HMN171241,flu,NK,B15_c1_AACTTTCTCACAGTAC,NK
B15_c1,HMN171217,NI,NK,B15_c1_AAGCCGCAGCTGTCTA,NK
B15_c1,,,NK,B15_c1_AAGCCGCTCTCTGAGA,NK
B15_c1,,,NK,B15_c1_AAGGTTCTCGTTTGCC,NK
B15_c1,HMN171227,flu,NK,B15_c1_AAGTCTGAGATCCCAT,NK
B15_c1,HMN171227,flu,NK,B15_c1_AATCCAGAGAGTACCG,NK
B15_c1,,,NK,B15_c1_AATCCAGGTCAGCTAT,NK
B15_c1,HMN171217,NI,NK,B15_c1_AATCGGTTCACTTATC,NK
B15_c1,HMN171227,flu,NK,B15_c1_ACACCAAAGACACGAC,NK
B15_c1,,,NK,B15_c1_ACACCAAAGAGTGACC,NK
B15_c1,HMN171217,NI,NK,B15_c1_ACACCCTCATTGGCGC,NK
B15_c1,,,NK,B15_c1_ACACTGATCGGTGTTA,NK
B15_c1,HMN171225,NI,NK,B15_c1_ACACTGATCTTTAGTC,NK
B15_c1,HMN171227,flu,NK,B15_c1_ACATACGCATCATCCC,NK
B15_c1,,,NK,B15_c1_ACATCAGGTTCGTCTC,NK
B15_c1,HMN171241,flu,NK,B15_c1_ACATCAGTCAGCTTAG,NK
B15_c1,,,NK,B15_c1_ACATGGTCACTCGACG,NK
B15_c1,,,NK,B15_c1_ACATGGTTCTCGAGTA,NK
B15_c1,HMN171227,flu,NK,B15_c1_ACCAGTAAGAGTTGGC,NK
B15_c1,HMN171227,flu,NK,B15_c1_ACCAGTAAGGTGCACA,NK
B15_c1,HMN171227,flu,NK,B15_c1_ACCTTTACACTCAGGC,NK
B15_c1,,,NK,B15_c1_ACGAGGAAGGCTCTTA,NK
B15_c1,HMN171227,flu,NK,B15_c1_ACGCAGCAGGGCTCTC,NK
B15_c1,HMN171227,flu,NK,B15_c1_ACGTCAACAACTTGAC,NK
B15_c1,HMN171227,flu,NK,B15_c1_ACGTCAACACAGTCGC,NK
B15_c1,HMN171236,flu,NK,B15_c1_ACGTCAATCCTCATTA,NK
B15_c1,,,NK,B15_c1_ACTATCTGTAGGACAC,NK
B15_c1,HMN171227,flu,NK,B15_c1_ACTGAACTCAGAAATG,NK
B15_c1,HMN171227,flu,NK,B15_c1_ACTGAGTAGAGTACCG,NK
B15_c1,HMN171241,flu,NK,B15_c1_ACTGAGTAGTGTGAAT,NK
B15_c1,,,NK,B15_c1_ACTGATGAGACCACGA,NK
B15_c1,,,NK,B15_c1_AGAGCGATCGACCAGC,NK
B15_c1,,,NK,B15_c1_AGAGTGGCAGGATCGA,NK
B15_c1,HMN171227,flu,NK,B15_c1_AGATCTGTCTATGTGG,NK
B15_c1,HMN171227,flu,NK,B15_c1_AGCAGCCGTCAATACC,NK
B15_c1,HMN171227,flu,NK,B15_c1_AGCAGCCGTTACGCGC,NK
B15_c1,HMN171227,flu,NK,B15_c1_AGCGTATCAGCATACT,NK
B15_c1,HMN171236,flu,NK,B15_c1_AGCGTATGTCAACTGT,NK
B15_c1,,,NK,B15_c1_AGCTCCTTCAGATAAG,NK
B15_c1,HMN171236,flu,NK,B15_c1_AGCTCTCAGTAGGTGC,NK
B15_c1,,,NK,B15_c1_AGGCCACAGCCCAATT,NK
B15_c1,HMN171227,flu,NK,B15_c1_AGGCCGTAGCTGTTCA,NK
B15_c1,,,NK,B15_c1_AGGTCATTCATTGCGA,NK
B15_c1,HMN171227,flu,NK,B15_c1_AGTCTTTGTGCAGACA,NK
B15_c1,HMN171227,flu,NK,B15_c1_AGTGAGGCAATAACGA,NK
B15_c1,,,NK,B15_c1_AGTGAGGTCATCTGTT,NK
B15_c1,,,NK,B15_c1_ATAAGAGCATTGAGCT,NK
B15_c1,,,NK,B15_c1_ATAAGAGGTCGGCACT,NK
B15_c1,HMN171235,NI,NK,B15_c1_ATCACGAAGCGGCTTC,NK
B15_c1,HMN171227,flu,NK,B15_c1_ATCATCTGTAAGCACG,NK
B15_c1,HMN171241,flu,NK,B15_c1_ATCATGGGTGCACTTA,NK
B15_c1,HMN171227,flu,NK,B15_c1_ATCTACTGTTTGGCGC,NK
B15_c1,,,NK,B15_c1_ATCTGCCGTGCCTGGT,NK
B15_c1,,,NK,B15_c1_ATGCGATCACCGAAAG,NK
B15_c1,,,NK,B15_c1_ATTCTACAGATCCTGT,NK
B15_c1,,,NK,B15_c1_ATTCTACCACAAGACG,NK
B15_c1,,,NK,B15_c1_ATTGGTGAGCTGCGAA,NK
B15_c1,HMN171227,flu,NK,B15_c1_ATTTCTGAGGCCCTCA,NK
B15_c1,HMN171236,flu,NK,B15_c1_CAAGATCAGGGCATGT,NK
B15_c1,,,NK,B15_c1_CAAGGCCAGACTGTAA,NK
B15_c1,HMN171241,flu,NK,B15_c1_CAAGGCCCATACTACG,NK
B15_c1,HMN171241,flu,NK,B15_c1_CACAAACAGTCAAGCG,NK
B15_c1,HMN171241,flu,NK,B15_c1_CACACAAAGTCATCCA,NK
B15_c1,HMN171227,flu,NK,B15_c1_CACACAAGTTGTCTTT,NK
B15_c1,,,NK,B15_c1_CACACCTCACAAGACG,NK
B15_c1,HMN171236,flu,NK,B15_c1_CACACTCAGGTGCTTT,NK
B15_c1,,,NK,B15_c1_CACAGGCAGGCTAGAC,NK
B15_c1,HMN171236,flu,NK,B15_c1_CACAGTAAGGACAGCT,NK
B15_c1,,,NK,B15_c1_CACAGTAAGTTGTAGA,NK
B15_c1,,,NK,B15_c1_CACAGTACAGCTGCAC,NK
B15_c1,,,NK,B15_c1_CACCACTTCAGCTTAG,NK
B15_c1,HMN171236,flu,NK,B15_c1_CAGAATCGTGAACCTT,NK
B15_c1,,,NK,B15_c1_CAGAGAGAGATCGGGT,NK
B15_c1,,,NK,B15_c1_CAGAGAGCAAGCCGCT,NK
B15_c1,,,NK,B15_c1_CAGAGAGCACGGTGTC,NK
B15_c1,HMN171227,flu,NK,B15_c1_CAGCAGCAGTTAAGTG,NK
B15_c1,HMN171236,flu,NK,B15_c1_CAGCAGCGTACTCGCG,NK
B15_c1,HMN171241,flu,NK,B15_c1_CAGCAGCTCCGTCAAA,NK
B15_c1,HMN171227,flu,NK,B15_c1_CAGCATAAGCCAGTAG,NK
B15_c1,,,NK,B15_c1_CAGCCGAGTCTGATTG,NK
B15_c1,,,NK,B15_c1_CAGTAACGTGGCCCTA,NK
B15_c1,,,NK,B15_c1_CAGTCCTAGCTACCGC,NK
B15_c1,HMN171227,flu,NK,B15_c1_CAGTCCTTCTTCAACT,NK
B15_c1,,,NK,B15_c1_CATATGGGTCTGATTG,NK
B15_c1,HMN171236,flu,NK,B15_c1_CATATTCGTGATAAGT,NK
B15_c1,,,NK,B15_c1_CATGCCTGTAAGGATT,NK
B15_c1,,,NK,B15_c1_CATGCCTTCTGGGCCA,NK
B15_c1,HMN171241,flu,NK,B15_c1_CATTCGCTCAGTTAGC,NK
B15_c1,HMN171227,flu,NK,B15_c1_CCACTACCATTACCTT,NK
B15_c1,,,NK,B15_c1_CCACTACGTATGGTTC,NK
B15_c1,,,NK,B15_c1_CCCAATCGTCCAACTA,NK
B15_c1,HMN171227,flu,NK,B15_c1_CCCTCCTTCCAACCAA,NK
B15_c1,HMN171227,flu,NK,B15_c1_CCGTACTGTACTTAGC,NK
B15_c1,HMN171227,flu,NK,B15_c1_CCGTACTGTATTAGCC,NK
B15_c1,,,NK,B15_c1_CCGTGGACACAGGTTT,NK
B15_c1,HMN171241,flu,NK,B15_c1_CCTACACGTCAGTGGA,NK
B15_c1,,,NK,B15_c1_CCTCAGTAGAAACGCC,NK
B15_c1,,,NK,B15_c1_CCTTACGTCTTCGGTC,NK
B15_c1,,,NK,B15_c1_CCTTACGTCTTTAGTC,NK
B15_c1,HMN171227,flu,NK,B15_c1_CCTTCCCCACCTATCC,NK
B15_c1,HMN171236,flu,NK,B15_c1_CCTTCCCGTGTTTGTG,NK
B15_c1,,,NK,B15_c1_CCTTCGAGTGAAAGAG,NK
B15_c1,HMN171217,NI,NK,B15_c1_CGAACATGTGAACCTT,NK
B15_c1,HMN171241,flu,NK,B15_c1_CGAACATGTTCCACAA,NK
B15_c1,HMN171236,flu,NK,B15_c1_CGAGCACTCGGACAAG,NK
B15_c1,,,NK,B15_c1_CGCCAAGAGAAGGTTT,NK
B15_c1,,,NK,B15_c1_CGCCAAGGTCCGAACC,NK
B15_c1,HMN171236,flu,NK,B15_c1_CGCGGTACAGATAATG,NK
B15_c1,,,NK,B15_c1_CGCGGTACATTGAGCT,NK
B15_c1,HMN171236,flu,NK,B15_c1_CGCGTTTCAAGTTCTG,NK
B15_c1,HMN171236,flu,NK,B15_c1_CGCTATCCAAGCTGTT,NK
B15_c1,,,NK,B15_c1_CGCTGGAGTTAGATGA,NK
B15_c1,,,NK,B15_c1_CGGAGCTCACAACTGT,NK
B15_c1,HMN171227,flu,NK,B15_c1_CGGCTAGAGGCGACAT,NK
B15_c1,,,NK,B15_c1_CGTCACTTCTCAACTT,NK
B15_c1,,,NK,B15_c1_CGTCAGGCAAATACAG,NK
B15_c1,,,NK,B15_c1_CGTCCATGTCTTCTCG,NK
B15_c1,,,NK,B15_c1_CGTGAGCGTGAACCTT,NK
B15_c1,HMN171227,flu,NK,B15_c1_CGTTCTGAGTAGGCCA,NK
B15_c1,,,NK,B15_c1_CTAAGACTCTGAGTGT,NK
B15_c1,HMN171241,flu,NK,B15_c1_CTACGTCCAGATCCAT,NK
B15_c1,HMN171227,flu,NK,B15_c1_CTAGCCTCATACGCCG,NK
B15_c1,,,NK,B15_c1_CTCCTAGAGTTGAGAT,NK
B15_c1,HMN171217,NI,NK,B15_c1_CTCGTCATCCAGTAGT,NK
B15_c1,HMN171236,flu,NK,B15_c1_CTCTAATAGCGTCAAG,NK
B15_c1,,,NK,B15_c1_CTCTAATGTAAGGGAA,NK
B15_c1,,,NK,B15_c1_CTCTACGTCACTTACT,NK
B15_c1,,,NK,B15_c1_CTGAAACAGTTATCGC,NK
B15_c1,HMN171227,flu,NK,B15_c1_CTGATAGCATTCGACA,NK
B15_c1,,,NK,B15_c1_CTGCCTACAACTGGCC,NK
B15_c1,HMN171227,flu,NK,B15_c1_CTGTGCTTCTTGCATT,NK
B15_c1,,,NK,B15_c1_CTGTTTACATCACGTA,NK
B15_c1,HMN171241,flu,NK,B15_c1_CTTAACTGTGTGAATA,NK
B15_c1,HMN171227,flu,NK,B15_c1_CTTACCGAGCCACTAT,NK
B15_c1,HMN171227,flu,NK,B15_c1_GAAACTCCAGCATACT,NK
B15_c1,HMN171241,flu,NK,B15_c1_GAAACTCTCCACTGGG,NK
B15_c1,,,NK,B15_c1_GAACATCGTCTAGAGG,NK
B15_c1,,,NK,B15_c1_GAACCTAGTATAGGGC,NK
B15_c1,,,NK,B15_c1_GAACGGACAAGCCATT,NK
B15_c1,HMN171241,flu,NK,B15_c1_GAATGAAAGTGGTCCC,NK
B15_c1,HMN171227,flu,NK,B15_c1_GAATGAAGTCACAAGG,NK
B15_c1,HMN171227,flu,NK,B15_c1_GAATGAAGTGAGCGAT,NK
B15_c1,HMN171227,flu,NK,B15_c1_GACAGAGGTCAGATAA,NK
B15_c1,HMN171227,flu,NK,B15_c1_GACCTGGGTGCAGACA,NK
B15_c1,HMN171236,flu,NK,B15_c1_GACGTGCGTCTAGGTT,NK
B15_c1,,,NK,B15_c1_GACGTTAAGTGTCCAT,NK
B15_c1,HMN171236,flu,NK,B15_c1_GACTACATCTGGTATG,NK
B15_c1,,,NK,B15_c1_GACTGCGAGTAGGCCA,NK
B15_c1,,,NK,B15_c1_GAGGTGACAGGTCCAC,NK
B15_c1,,,NK,B15_c1_GAGGTGATCGCCGTGA,NK
B15_c1,,,NK,B15_c1_GATCGTATCGTTTAGG,NK
B15_c1,,,NK,B15_c1_GATCTAGAGCTTATCG,NK
B15_c1,,,NK,B15_c1_GATGAGGCAATCCGAT,NK
B15_c1,,,NK,B15_c1_GATGCTATCCTCTAGC,NK
B15_c1,,,NK,B15_c1_GCAAACTCATGATCCA,NK
B15_c1,,,NK,B15_c1_GCACATACAGATCCAT,NK
B15_c1,HMN171236,flu,NK,B15_c1_GCACATATCACTTCAT,NK
B15_c1,,,NK,B15_c1_GCACATATCATGCTCC,NK
B15_c1,HMN171236,flu,NK,B15_c1_GCAGCCACAGGGATTG,NK
B15_c1,,,NK,B15_c1_GCATGATCAATAGCAA,NK
B15_c1,HMN171227,flu,NK,B15_c1_GCATGATGTCAACATC,NK
B15_c1,HMN171227,flu,NK,B15_c1_GCATGCGAGTCACGCC,NK
B15_c1,,,NK,B15_c1_GCATGTATCACAGGCC,NK
B15_c1,,,NK,B15_c1_GCGCCAAAGCCGCCTA,NK
B15_c1,HMN171236,flu,NK,B15_c1_GCTGCGAGTTGAGGTG,NK
B15_c1,,,NK,B15_c1_GGAAAGCAGAGTACCG,NK
B15_c1,HMN171227,flu,NK,B15_c1_GGAACTTCACTCGACG,NK
B15_c1,,,NK,B15_c1_GGAATAAAGTTTCCTT,NK
B15_c1,,,NK,B15_c1_GGAATAAGTGCTCTTC,NK
B15_c1,HMN171241,flu,NK,B15_c1_GGACAGAGTATAAACG,NK
B15_c1,,,NK,B15_c1_GGACAGATCACAAACC,NK
B15_c1,HMN171227,flu,NK,B15_c1_GGACAGATCTAACCGA,NK
B15_c1,HMN171236,flu,NK,B15_c1_GGACATTAGACGCAAC,NK
B15_c1,HMN171227,flu,NK,B15_c1_GGAGCAAAGCTTTGGT,NK
B15_c1,HMN171227,flu,NK,B15_c1_GGATTACGTCAGTGGA,NK
B15_c1,HMN171227,flu,NK,B15_c1_GGATTACTCCAGAAGG,NK
B15_c1,,,NK,B15_c1_GGCTCGAAGGTTCCTA,NK
B15_c1,HMN171235,NI,NK,B15_c1_GGCTGGTGTATAGGTA,NK
B15_c1,HMN171236,flu,NK,B15_c1_GGGATGATCACAATGC,NK
B15_c1,,,NK,B15_c1_GGGCACTCAGTAAGCG,NK
B15_c1,HMN171236,flu,NK,B15_c1_GGGCACTCATTCTTAC,NK
B15_c1,HMN171236,flu,NK,B15_c1_GGGTCTGTCCCTGACT,NK
B15_c1,,,NK,B15_c1_GGTGAAGTCAACACGT,NK
B15_c1,HMN171227,flu,NK,B15_c1_GGTGAAGTCCTTTCTC,NK
B15_c1,HMN171227,flu,NK,B15_c1_GTATTCTCACATCTTT,NK
B15_c1,,,NK,B15_c1_GTATTCTCATTCACTT,NK
B15_c1,HMN171227,flu,NK,B15_c1_GTGAAGGTCAGGTAAA,NK
B15_c1,,,NK,B15_c1_GTGCGGTGTTCTGTTT,NK
B15_c1,,,NK,B15_c1_GTGCTTCAGACCTAGG,NK
B15_c1,,,NK,B15_c1_GTGTGCGGTACATGTC,NK
B15_c1,HMN171227,flu,NK,B15_c1_GTGTGCGGTAGGCATG,NK
B15_c1,,,NK,B15_c1_GTGTGCGGTGCGATAG,NK
B15_c1,,,NK,B15_c1_GTGTTAGGTGAAATCA,NK
B15_c1,HMN171241,flu,NK,B15_c1_TAAGAGATCGGTGTTA,NK
B15_c1,HMN171241,flu,NK,B15_c1_TACCTATGTACCTACA,NK
B15_c1,,,NK,B15_c1_TACGGGCGTAGAAAGG,NK
B15_c1,HMN171236,flu,NK,B15_c1_TACGGTATCATTCACT,NK
B15_c1,HMN171227,flu,NK,B15_c1_TACTCGCCAGATCTGT,NK
B15_c1,HMN171236,flu,NK,B15_c1_TACTTACGTAAATGAC,NK
B15_c1,HMN171236,flu,NK,B15_c1_TACTTGTCAAACGTGG,NK
B15_c1,HMN171227,flu,NK,B15_c1_TAGAGCTCAACTGGCC,NK
B15_c1,HMN171241,flu,NK,B15_c1_TAGAGCTGTTCACGGC,NK
B15_c1,,,NK,B15_c1_TAGGCATCATTGAGCT,NK
B15_c1,,,NK,B15_c1_TAGTGGTCATTGGGCC,NK
B15_c1,,,NK,B15_c1_TAGTGGTTCAGCACAT,NK
B15_c1,HMN171227,flu,NK,B15_c1_TATCAGGCAAGCCGCT,NK
B15_c1,HMN171227,flu,NK,B15_c1_TATTACCAGCAGGCTA,NK
B15_c1,,,NK,B15_c1_TCAACGAAGAATAGGG,NK
B15_c1,,,NK,B15_c1_TCAATCTGTCGCGAAA,NK
B15_c1,,,NK,B15_c1_TCACGAAAGTTCGCAT,NK
B15_c1,HMN171236,flu,NK,B15_c1_TCACGAACACCCTATC,NK
B15_c1,,,NK,B15_c1_TCAGCAAGTCTAGGTT,NK
B15_c1,HMN171241,flu,NK,B15_c1_TCAGCTCGTTATGCGT,NK
B15_c1,HMN171227,flu,NK,B15_c1_TCAGGATAGAGGTACC,NK
B15_c1,HMN171227,flu,NK,B15_c1_TCAGGATGTTGTCGCG,NK
B15_c1,HMN171227,flu,NK,B15_c1_TCAGGTAAGAAGCCCA,NK
B15_c1,,,NK,B15_c1_TCAGGTAAGGAATTAC,NK
B15_c1,HMN171227,flu,NK,B15_c1_TCATTACTCCCAAGAT,NK
B15_c1,,,NK,B15_c1_TCATTTGAGCTATGCT,NK
B15_c1,,,NK,B15_c1_TCATTTGCAGCGAACA,NK
B15_c1,HMN171236,flu,NK,B15_c1_TCATTTGGTCGAGATG,NK
B15_c1,,,NK,B15_c1_TCATTTGTCGCTTAGA,NK
B15_c1,HMN171236,flu,NK,B15_c1_TCGAGGCTCTCACATT,NK
B15_c1,HMN171235,NI,NK,B15_c1_TCTATTGAGGCAGGTT,NK
B15_c1,HMN171217,NI,NK,B15_c1_TCTATTGCAGAGTGTG,NK
B15_c1,HMN171236,flu,NK,B15_c1_TCTCTAAAGGATCGCA,NK
B15_c1,,,NK,B15_c1_TCTCTAACACCAGATT,NK
B15_c1,HMN171236,flu,NK,B15_c1_TCTTTCCAGTCATCCA,NK
B15_c1,,,NK,B15_c1_TCTTTCCTCGATCCCT,NK
B15_c1,HMN171227,flu,NK,B15_c1_TGACGGCGTAAATGAC,NK
B15_c1,,,NK,B15_c1_TGACGGCTCAAGGTAA,NK
B15_c1,HMN171241,flu,NK,B15_c1_TGAGCCGGTAGCTTGT,NK
B15_c1,HMN171227,flu,NK,B15_c1_TGCCCATAGTGGTCCC,NK
B15_c1,HMN171236,flu,NK,B15_c1_TGCGGGTTCCGTACAA,NK
B15_c1,,,NK,B15_c1_TGCGTGGGTCCGAACC,NK
B15_c1,HMN171227,flu,NK,B15_c1_TGCTACCCAGTTTACG,NK
B15_c1,,,NK,B15_c1_TGCTGCTAGTACGACG,NK
B15_c1,HMN171227,flu,NK,B15_c1_TGCTGCTCACGCATCG,NK
B15_c1,HMN171227,flu,NK,B15_c1_TGGACGCTCCAAACAC,NK
B15_c1,,,NK,B15_c1_TGGCCAGCAATGAATG,NK
B15_c1,,,NK,B15_c1_TGGGCGTAGGTGTGGT,NK
B15_c1,HMN171217,NI,NK,B15_c1_TGGTTAGGTGCAGACA,NK
B15_c1,,,NK,B15_c1_TGGTTCCTCAGCCTAA,NK
B15_c1,,,NK,B15_c1_TGTCCCAGTCAAGCGA,NK
B15_c1,HMN171241,flu,NK,B15_c1_TGTGTTTCAGCTGGCT,NK
B15_c1,HMN171241,flu,NK,B15_c1_TTAACTCTCCTTGACC,NK
B15_c1,HMN171241,flu,NK,B15_c1_TTCGAAGTCGCATGGC,NK
B15_c1,HMN171227,flu,NK,B15_c1_TTCTTAGCAATCAGAA,NK
B15_c1,,,NK,B15_c1_TTCTTAGTCGAACTGT,NK
B15_c1,,,NK,B15_c1_TTGGCAAAGCGTAGTG,NK
B15_c1,HMN171236,flu,NK,B15_c1_TTGTAGGAGAGGGCTT,NK
B15_c1,HMN171227,flu,NK,B15_c1_TTGTAGGCAAGTACCT,NK
B15_c1,HMN171236,flu,NK,B15_c1_TTGTAGGCAGTATAAG,NK
B15_c1,,,NK,B15_c1_TTTATGCGTAGCACGA,NK
B15_c1,HMN171227,flu,NK,B15_c1_TTTATGCTCTCGTTTA,NK
B15_c2,HMN171217,flu,NK,B15_c2_AAACGGGAGCTCAACT,NK
B15_c2,HMN171225,flu,NK,B15_c2_AAACGGGTCCTAGAAC,NK
B15_c2,,,NK,B15_c2_AAAGATGCATTTCAGG,NK
B15_c2,HMN171225,flu,NK,B15_c2_AAAGTAGAGATGCCAG,NK
B15_c2,HMN171217,flu,NK,B15_c2_AACACGTCAAACGCGA,NK
B15_c2,,,NK,B15_c2_AACACGTGTGCGATAG,NK
B15_c2,HMN171225,flu,NK,B15_c2_AACTCAGGTCAATACC,NK
B15_c2,HMN171235,flu,NK,B15_c2_AAGACCTCACGCATCG,NK
B15_c2,HMN171225,flu,NK,B15_c2_AAGACCTGTGGCCCTA,NK
B15_c2,HMN171217,flu,NK,B15_c2_AAGGAGCCATACCATG,NK
B15_c2,,,NK,B15_c2_AAGGAGCCATGCCTTC,NK
B15_c2,HMN171225,flu,NK,B15_c2_AAGGCAGTCTCTGAGA,NK
B15_c2,,,NK,B15_c2_AAGGTTCAGATATGCA,NK
B15_c2,HMN171217,flu,NK,B15_c2_AATCGGTTCAGCTCTC,NK
B15_c2,HMN171225,flu,NK,B15_c2_ACATCAGGTCGAAAGC,NK
B15_c2,HMN171217,flu,NK,B15_c2_ACATCAGGTTCCACTC,NK
B15_c2,HMN171217,flu,NK,B15_c2_ACCCACTAGGGCATGT,NK
B15_c2,,,NK,B15_c2_ACCGTAAGTCATATGC,NK
B15_c2,,,NK,B15_c2_ACCTTTAGTGTATGGG,NK
B15_c2,HMN171235,flu,NK,B15_c2_ACGCAGCCAAGTTCTG,NK
B15_c2,HMN171241,NI,NK,B15_c2_ACGCAGCTCTCGTTTA,NK
B15_c2,HMN171225,flu,NK,B15_c2_ACGCCAGTCGCATGGC,NK
B15_c2,HMN171225,flu,NK,B15_c2_ACGCCGAAGTTATCGC,NK
B15_c2,HMN171235,flu,NK,B15_c2_ACGCCGATCATTGCGA,NK
B15_c2,HMN171217,flu,NK,B15_c2_ACGGAGAAGAGCCTAG,NK
B15_c2,,,NK,B15_c2_ACGGAGATCATATCGG,NK
B15_c2,,,NK,B15_c2_ACGGGTCCAGTATCTG,NK
B15_c2,,,NK,B15_c2_ACGGGTCGTACACCGC,NK
B15_c2,HMN171225,flu,NK,B15_c2_ACGGGTCGTTGGGACA,NK
B15_c2,HMN171217,flu,NK,B15_c2_ACTATCTAGTGTTAGA,NK
B15_c2,,,NK,B15_c2_ACTGATGAGGCAAAGA,NK
B15_c2,,,NK,B15_c2_ACTTGTTAGAGTAAGG,NK
B15_c2,,,NK,B15_c2_ACTTGTTCACCCTATC,NK
B15_c2,HMN171217,flu,NK,B15_c2_ACTTGTTGTCTCCACT,NK
B15_c2,HMN171217,flu,NK,B15_c2_ACTTTCAAGAAACCGC,NK
B15_c2,HMN171217,flu,NK,B15_c2_AGAATAGTCTGTACGA,NK
B15_c2,,,NK,B15_c2_AGAGTGGTCCGGGTGT,NK
B15_c2,,,NK,B15_c2_AGATCTGAGAAGGGTA,NK
B15_c2,HMN171235,flu,NK,B15_c2_AGATCTGTCTAGAGTC,NK
B15_c2,,,NK,B15_c2_AGATCTGTCTGTTGAG,NK
B15_c2,HMN171217,flu,NK,B15_c2_AGATTGCCACTGAAGG,NK
B15_c2,HMN171235,flu,NK,B15_c2_AGCAGCCTCGGAAACG,NK
B15_c2,HMN171225,flu,NK,B15_c2_AGCGTCGAGCCAGGAT,NK
B15_c2,HMN171217,flu,NK,B15_c2_AGCTCCTCAGGTGCCT,NK
B15_c2,HMN171217,flu,NK,B15_c2_AGCTTGAGTGACTACT,NK
B15_c2,HMN171217,flu,NK,B15_c2_AGGCCACCAGACGCTC,NK
B15_c2,HMN171235,flu,NK,B15_c2_AGGGAGTAGGCGTACA,NK
B15_c2,,,NK,B15_c2_AGGGAGTGTGCCTGGT,NK
B15_c2,,,NK,B15_c2_AGTAGTCGTCTCTTAT,NK
B15_c2,HMN171235,flu,NK,B15_c2_AGTGAGGGTGTCGCTG,NK
B15_c2,HMN171225,flu,NK,B15_c2_AGTGGGAGTCGACTGC,NK
B15_c2,HMN171236,NI,NK,B15_c2_AGTGTCAGTTCAGCGC,NK
B15_c2,HMN171225,flu,NK,B15_c2_ATAAGAGTCGGCGCTA,NK
B15_c2,HMN171217,flu,NK,B15_c2_ATCATCTGTTCGGCAC,NK
B15_c2,HMN171235,flu,NK,B15_c2_ATCATGGTCGTTTATC,NK
B15_c2,HMN171217,flu,NK,B15_c2_ATCCACCAGTTAGCGG,NK
B15_c2,,,NK,B15_c2_ATCCGAACATACGCCG,NK
B15_c2,,,NK,B15_c2_ATCGAGTTCTTATCTG,NK
B15_c2,HMN171225,flu,NK,B15_c2_ATGGGAGAGGAATGGA,NK
B15_c2,,,NK,B15_c2_ATTCTACAGCAAATCA,NK
B15_c2,,,NK,B15_c2_ATTGGTGGTTGGTAAA,NK
B15_c2,,,NK,B15_c2_ATTTCTGCAACACCCG,NK
B15_c2,,,NK,B15_c2_CAACCAACATCTCGCT,NK
B15_c2,,,NK,B15_c2_CAACCAAGTTCGGCAC,NK
B15_c2,HMN171235,flu,NK,B15_c2_CAACCAATCTGGGCCA,NK
B15_c2,,,NK,B15_c2_CAAGAAATCGCATGGC,NK
B15_c2,HMN171217,flu,NK,B15_c2_CAAGGCCGTTGCCTCT,NK
B15_c2,HMN171225,flu,NK,B15_c2_CAAGTTGGTCATACTG,NK
B15_c2,HMN171235,flu,NK,B15_c2_CACACAATCGTAGGAG,NK
B15_c2,,,NK,B15_c2_CACATAGCATCTATGG,NK
B15_c2,HMN171225,flu,NK,B15_c2_CACATAGGTACAGCAG,NK
B15_c2,,,NK,B15_c2_CACCTTGTCACCCGAG,NK
B15_c2,,,NK,B15_c2_CAGAATCTCGATGAGG,NK
B15_c2,HMN171217,flu,NK,B15_c2_CAGAGAGGTCGCCATG,NK
B15_c2,HMN171217,flu,NK,B15_c2_CAGCAGCAGTCTCCTC,NK
B15_c2,,,NK,B15_c2_CAGCAGCCAATCGAAA,NK
B15_c2,HMN171227,NI,NK,B15_c2_CAGCATACAGCTGTGC,NK
B15_c2,HMN171235,flu,NK,B15_c2_CAGCATACATTAACCG,NK
B15_c2,HMN171225,flu,NK,B15_c2_CAGTAACCAAAGGCGT,NK
B15_c2,,,NK,B15_c2_CAGTAACTCGGCGCTA,NK
B15_c2,HMN171225,flu,NK,B15_c2_CAGTCCTAGTCAATAG,NK
B15_c2,HMN171235,flu,NK,B15_c2_CAGTCCTCATCTCCCA,NK
B15_c2,,,NK,B15_c2_CATATGGCAATGAAAC,NK
B15_c2,HMN171217,flu,NK,B15_c2_CATATGGGTACCGTTA,NK
B15_c2,,,NK,B15_c2_CATATTCGTACCGCTG,NK
B15_c2,,,NK,B15_c2_CATCAAGAGCTACCGC,NK
B15_c2,HMN171225,flu,NK,B15_c2_CATCAGAAGGACAGCT,NK
B15_c2,HMN171217,flu,NK,B15_c2_CATCAGATCCTAGAAC,NK
B15_c2,HMN171225,flu,NK,B15_c2_CATCCACCATAGTAAG,NK
B15_c2,HMN171225,flu,NK,B15_c2_CATGACACAGCAGTTT,NK
B15_c2,HMN171225,flu,NK,B15_c2_CATGCCTGTTCTGGTA,NK
B15_c2,,,NK,B15_c2_CCAATCCCAGTGGGAT,NK
B15_c2,,,NK,B15_c2_CCAGCGAAGTACATGA,NK
B15_c2,,,NK,B15_c2_CCAGCGACATCCTTGC,NK
B15_c2,HMN171225,flu,NK,B15_c2_CCAGCGATCAGCGATT,NK
B15_c2,HMN171217,flu,NK,B15_c2_CCAGCGATCCGTTGCT,NK
B15_c2,,,NK,B15_c2_CCATTCGAGAGGTTGC,NK
B15_c2,HMN171217,flu,NK,B15_c2_CCATTCGGTTGTGGAG,NK
B15_c2,,,NK,B15_c2_CCCAGTTGTGCCTGCA,NK
B15_c2,HMN171241,NI,NK,B15_c2_CCCAGTTTCAATACCG,NK
B15_c2,HMN171217,flu,NK,B15_c2_CCCATACTCACTCTTA,NK
B15_c2,HMN171217,flu,NK,B15_c2_CCTAAAGTCTACCAGA,NK
B15_c2,HMN171217,flu,NK,B15_c2_CCTATTACACTGTCGG,NK
B15_c2,,,NK,B15_c2_CGAACATCACCGATAT,NK
B15_c2,HMN171217,flu,NK,B15_c2_CGACTTCGTACGCTGC,NK
B15_c2,,,NK,B15_c2_CGAGAAGGTAGCGTAG,NK
B15_c2,,,NK,B15_c2_CGATGTAAGACCCACC,NK
B15_c2,HMN171225,flu,NK,B15_c2_CGATTGAAGCCTATGT,NK
B15_c2,,,NK,B15_c2_CGATTGAGTAATCACC,NK
B15_c2,,,NK,B15_c2_CGCCAAGTCAGTTAGC,NK
B15_c2,,,NK,B15_c2_CGCGGTATCCGCGCAA,NK
B15_c2,,,NK,B15_c2_CGCGTTTAGTGTACGG,NK
B15_c2,,,NK,B15_c2_CGCTATCGTTATCACG,NK
B15_c2,HMN171235,flu,NK,B15_c2_CGGACGTGTTCCATGA,NK
B15_c2,HMN171217,flu,NK,B15_c2_CGGACTGAGGATGGAA,NK
B15_c2,,,NK,B15_c2_CGGAGTCGTGCACCAC,NK
B15_c2,HMN171217,flu,NK,B15_c2_CGGCTAGTCAAACAAG,NK
B15_c2,HMN171235,flu,NK,B15_c2_CGGCTAGTCTTCGGTC,NK
B15_c2,,,NK,B15_c2_CGTAGCGAGGAATGGA,NK
B15_c2,,,NK,B15_c2_CGTAGCGAGGCCCTCA,NK
B15_c2,,,NK,B15_c2_CGTCACTGTCACCCAG,NK
B15_c2,HMN171217,flu,NK,B15_c2_CGTCAGGCATCACGTA,NK
B15_c2,HMN171217,flu,NK,B15_c2_CGTCAGGTCACTTATC,NK
B15_c2,HMN171217,flu,NK,B15_c2_CGTTAGACAGTAAGAT,NK
B15_c2,,,NK,B15_c2_CGTTAGATCAAGCCTA,NK
B15_c2,HMN171217,flu,NK,B15_c2_CGTTGGGCATCTATGG,NK
B15_c2,HMN171225,flu,NK,B15_c2_CGTTGGGTCGTATCAG,NK
B15_c2,,,NK,B15_c2_CTAGCCTAGGGCTTGA,NK
B15_c2,,,NK,B15_c2_CTCACACAGGGATCTG,NK
B15_c2,HMN171217,flu,NK,B15_c2_CTCAGAAAGGATGCGT,NK
B15_c2,,,NK,B15_c2_CTCAGAATCTGCCAGG,NK
B15_c2,HMN171217,flu,NK,B15_c2_CTCCTAGAGGGCATGT,NK
B15_c2,,,NK,B15_c2_CTCGAAAAGTGAACAT,NK
B15_c2,HMN171225,flu,NK,B15_c2_CTCGGAGGTACGCTGC,NK
B15_c2,,,NK,B15_c2_CTCGGGAGTGCCTGTG,NK
B15_c2,,,NK,B15_c2_CTCTGGTCAGGACGTA,NK
B15_c2,,,NK,B15_c2_CTGAAACGTCAACTGT,NK
B15_c2,,,NK,B15_c2_CTGAAACGTCCAACTA,NK
B15_c2,HMN171225,flu,NK,B15_c2_CTGATCCCAGCCTTTC,NK
B15_c2,HMN171225,flu,NK,B15_c2_CTGCCTAGTCAATACC,NK
B15_c2,,,NK,B15_c2_CTGGTCTCACCAGGCT,NK
B15_c2,HMN171217,flu,NK,B15_c2_CTGTGCTCATCGGTTA,NK
B15_c2,,,NK,B15_c2_CTGTGCTGTCCAACTA,NK
B15_c2,,,NK,B15_c2_CTGTTTAAGCCACGCT,NK
B15_c2,,,NK,B15_c2_CTGTTTACATAAGACA,NK
B15_c2,,,NK,B15_c2_CTGTTTAGTCGAACAG,NK
B15_c2,HMN171217,flu,NK,B15_c2_CTTAACTCAGTCCTTC,NK
B15_c2,,,NK,B15_c2_CTTAGGAGTCAATGTC,NK
B15_c2,HMN171235,flu,NK,B15_c2_CTTGGCTAGCAGACTG,NK
B15_c2,HMN171235,flu,NK,B15_c2_CTTTGCGGTCAAAGCG,NK
B15_c2,HMN171217,flu,NK,B15_c2_CTTTGCGGTCCGAAGA,NK
B15_c2,,,NK,B15_c2_CTTTGCGTCATTATCC,NK
B15_c2,HMN171225,flu,NK,B15_c2_GAAACTCAGAGGTAGA,NK
B15_c2,,,NK,B15_c2_GAAACTCCAATCCGAT,NK
B15_c2,HMN171217,flu,NK,B15_c2_GAAATGAAGAGACGAA,NK
B15_c2,HMN171217,flu,NK,B15_c2_GAACCTAAGGGATACC,NK
B15_c2,,,NK,B15_c2_GAACCTACATCACCCT,NK
B15_c2,,,NK,B15_c2_GAACGGAGTCTTCTCG,NK
B15_c2,,,NK,B15_c2_GAATGAAGTAGCTTGT,NK
B15_c2,,,NK,B15_c2_GACCAATAGTCGATAA,NK
B15_c2,,,NK,B15_c2_GACGCGTTCCTACAGA,NK
B15_c2,,,NK,B15_c2_GACGCGTTCTCGCATC,NK
B15_c2,,,NK,B15_c2_GACGGCTAGTGAACAT,NK
B15_c2,,,NK,B15_c2_GACGTGCAGACTGTAA,NK
B15_c2,,,NK,B15_c2_GACGTGCAGTGCGTGA,NK
B15_c2,HMN171225,flu,NK,B15_c2_GACTAACCACGTAAGG,NK
B15_c2,HMN171235,flu,NK,B15_c2_GACTACACAGGTCGTC,NK
B15_c2,HMN171225,flu,NK,B15_c2_GACTACAGTTACGACT,NK
B15_c2,HMN171235,flu,NK,B15_c2_GAGCAGAAGGCTAGGT,NK
B15_c2,,,NK,B15_c2_GAGCAGAGTTAAGAAC,NK
B15_c2,HMN171217,flu,NK,B15_c2_GAGTCCGCAGATCCAT,NK
B15_c2,HMN171217,flu,NK,B15_c2_GATCGTACAAGGTTTC,NK
B15_c2,HMN171217,flu,NK,B15_c2_GATCTAGCACCTATCC,NK
B15_c2,HMN171235,flu,NK,B15_c2_GATGAGGAGAATGTGT,NK
B15_c2,HMN171225,flu,NK,B15_c2_GATGAGGGTATTCGTG,NK
B15_c2,,,NK,B15_c2_GCAATCAGTATTAGCC,NK
B15_c2,HMN171217,flu,NK,B15_c2_GCACTCTGTCGCTTTC,NK
B15_c2,HMN171217,flu,NK,B15_c2_GCAGTTACAGCCTTTC,NK
B15_c2,HMN171225,flu,NK,B15_c2_GCATGCGAGGGAACGG,NK
B15_c2,,,NK,B15_c2_GCCAAATAGGTACTCT,NK
B15_c2,,,NK,B15_c2_GCCAAATAGGTGTTAA,NK
B15_c2,,,NK,B15_c2_GCCTCTAGTCTCATCC,NK
B15_c2,HMN171225,flu,NK,B15_c2_GCGACCAAGCTATGCT,NK
B15_c2,HMN171217,flu,NK,B15_c2_GCGACCACACAGATTC,NK
B15_c2,HMN171217,flu,NK,B15_c2_GCGACCACAGGAATGC,NK
B15_c2,HMN171217,flu,NK,B15_c2_GCGAGAAAGCTGTCTA,NK
B15_c2,,,NK,B15_c2_GCGCAACAGATATACG,NK
B15_c2,,,NK,B15_c2_GCGCAACCATCACCCT,NK
B15_c2,HMN171225,flu,NK,B15_c2_GCTGCGAGTATCACCA,NK
B15_c2,HMN171235,flu,NK,B15_c2_GCTGCGAGTGCACGAA,NK
B15_c2,,,NK,B15_c2_GGAAAGCCAGTATAAG,NK
B15_c2,HMN171225,flu,NK,B15_c2_GGAACTTCACTTGGAT,NK
B15_c2,HMN171225,flu,NK,B15_c2_GGAGCAAAGTGGGTTG,NK
B15_c2,HMN171217,flu,NK,B15_c2_GGCCGATCAGAAGCAC,NK
B15_c2,,,NK,B15_c2_GGCGTGTAGTAATCCC,NK
B15_c2,HMN171217,flu,NK,B15_c2_GGCGTGTTCGCTGATA,NK
B15_c2,,,NK,B15_c2_GGCTGGTAGCAGATCG,NK
B15_c2,,,NK,B15_c2_GGCTGGTGTCAAAGCG,NK
B15_c2,HMN171217,flu,NK,B15_c2_GGCTGGTTCACGCGGT,NK
B15_c2,,,NK,B15_c2_GGGAATGTCCAATGGT,NK
B15_c2,,,NK,B15_c2_GGGACCTCAATGGACG,NK
B15_c2,,,NK,B15_c2_GGGACCTCATTGCGGC,NK
B15_c2,,,NK,B15_c2_GGGCACTAGGGAGTAA,NK
B15_c2,HMN171217,flu,NK,B15_c2_GGGCATCTCTTAGAGC,NK
B15_c2,HMN171217,flu,NK,B15_c2_GGTATTGAGTACATGA,NK
B15_c2,HMN171225,flu,NK,B15_c2_GGTGAAGTCGTATCAG,NK
B15_c2,HMN171217,flu,NK,B15_c2_GTAACTGCAATGTAAG,NK
B15_c2,HMN171225,flu,NK,B15_c2_GTAACTGTCCCTGACT,NK
B15_c2,,,NK,B15_c2_GTATCTTCACATGACT,NK
B15_c2,,,NK,B15_c2_GTATTCTAGAACAATC,NK
B15_c2,,,NK,B15_c2_GTCACGGGTGCAACGA,NK
B15_c2,,,NK,B15_c2_GTCATTTCAAGCTGGA,NK
B15_c2,HMN171225,flu,NK,B15_c2_GTCTCGTTCAGATAAG,NK
B15_c2,HMN171217,flu,NK,B15_c2_GTGAAGGTCCCTCTTT,NK
B15_c2,,,NK,B15_c2_GTGCATATCCGCATAA,NK
B15_c2,,,NK,B15_c2_GTGCTTCAGTATCGAA,NK
B15_c2,HMN171225,flu,NK,B15_c2_GTGCTTCCATCCTTGC,NK
B15_c2,,,NK,B15_c2_GTGTGCGTCCCAAGTA,NK
B15_c2,,,NK,B15_c2_GTGTGCGTCCTTGACC,NK
B15_c2,HMN171217,flu,NK,B15_c2_GTTAAGCCAGCTCGCA,NK
B15_c2,HMN171235,flu,NK,B15_c2_GTTCATTAGGCCGAAT,NK
B15_c2,,,NK,B15_c2_GTTCGGGTCACGAAGG,NK
B15_c2,HMN171225,flu,NK,B15_c2_GTTTCTAAGCCAGTAG,NK
B15_c2,HMN171235,flu,NK,B15_c2_TAAACCGAGCTCCTTC,NK
B15_c2,,,NK,B15_c2_TAAGAGAGTGGTGTAG,NK
B15_c2,HMN171217,flu,NK,B15_c2_TACAGTGAGGCGATAC,NK
B15_c2,,,NK,B15_c2_TACAGTGTCGGGAGTA,NK
B15_c2,HMN171217,flu,NK,B15_c2_TACCTATAGTCAATAG,NK
B15_c2,,,NK,B15_c2_TACCTTACAGCATGAG,NK
B15_c2,HMN171217,flu,NK,B15_c2_TACGGTACATAACCTG,NK
B15_c2,,,NK,B15_c2_TACTCATAGTATCTCG,NK
B15_c2,HMN171235,flu,NK,B15_c2_TACTTACAGTTTAGGA,NK
B15_c2,HMN171217,flu,NK,B15_c2_TACTTACTCACATGCA,NK
B15_c2,,,NK,B15_c2_TAGAGCTGTAGCGATG,NK
B15_c2,,,NK,B15_c2_TATCTCATCCAATGGT,NK
B15_c2,HMN171217,flu,NK,B15_c2_TATGCCCGTCATTAGC,NK
B15_c2,,,NK,B15_c2_TATTACCTCGCCAAAT,NK
B15_c2,HMN171217,flu,NK,B15_c2_TCAACGACACAGGAGT,NK
B15_c2,HMN171225,flu,NK,B15_c2_TCAACGAGTGTGTGCC,NK
B15_c2,HMN171217,flu,NK,B15_c2_TCAGCAAAGGTGCTTT,NK
B15_c2,,,NK,B15_c2_TCAGGATTCCTTTCTC,NK
B15_c2,HMN171217,flu,NK,B15_c2_TCAGGTAAGAATCTCC,NK
B15_c2,,,NK,B15_c2_TCATTACAGGGTATCG,NK
B15_c2,HMN171235,flu,NK,B15_c2_TCCACACTCATGGTCA,NK
B15_c2,,,NK,B15_c2_TCGCGAGCATCCCACT,NK
B15_c2,,,NK,B15_c2_TCTATTGTCCTAGAAC,NK
B15_c2,HMN171235,flu,NK,B15_c2_TCTGAGAAGCGTAGTG,NK
B15_c2,,,NK,B15_c2_TCTGAGAGTAAACACA,NK
B15_c2,,,NK,B15_c2_TCTTTCCAGCGTAATA,NK
B15_c2,HMN171217,flu,NK,B15_c2_TGACTAGCAAAGAATC,NK
B15_c2,HMN171225,flu,NK,B15_c2_TGACTTTGTGTGACGA,NK
B15_c2,,,NK,B15_c2_TGAGCATGTCAACTGT,NK
B15_c2,HMN171225,flu,NK,B15_c2_TGAGCATGTTGGTAAA,NK
B15_c2,,,NK,B15_c2_TGAGCATTCCTTCAAT,NK
B15_c2,HMN171217,flu,NK,B15_c2_TGCCAAAGTCAGGACA,NK
B15_c2,,,NK,B15_c2_TGCCCATGTCAGATAA,NK
B15_c2,,,NK,B15_c2_TGCTGCTTCTCGGACG,NK
B15_c2,,,NK,B15_c2_TGGGCGTGTGCAACGA,NK
B15_c2,HMN171227,NI,NK,B15_c2_TGTATTCAGCCTCGTG,NK
B15_c2,HMN171217,flu,NK,B15_c2_TGTGGTACAATCTACG,NK
B15_c2,,,NK,B15_c2_TGTTCCGGTAGCTTGT,NK
B15_c2,,,NK,B15_c2_TTAACTCAGTCGATAA,NK
B15_c2,,,NK,B15_c2_TTAGGCACAATAAGCA,NK
B15_c2,HMN171225,flu,NK,B15_c2_TTAGGCATCTAACGGT,NK
B15_c2,,,NK,B15_c2_TTCGGTCTCCGTACAA,NK
B15_c2,,,NK,B15_c2_TTCTACACAACAACCT,NK
B15_c2,HMN171225,flu,NK,B15_c2_TTCTCCTCATGTAAGA,NK
B15_c2,HMN171235,flu,NK,B15_c2_TTGAACGTCGTTTATC,NK
B15_c2,HMN171235,flu,NK,B15_c2_TTGCCGTAGTTAAGTG,NK
B15_c2,,,NK,B15_c2_TTTACTGAGTAGCGGT,NK
B15_c2,HMN171217,flu,NK,B15_c2_TTTATGCAGTCCGTAT,NK
B15_c2,,,NK,B15_c2_TTTATGCAGTGAACGC,NK
B15_c2,HMN171217,flu,NK,B15_c2_TTTATGCCATTCACTT,NK
B15_c2,,,NK,B15_c2_TTTATGCGTGCCTGTG,NK
B15_c2,HMN171225,flu,NK,B15_c2_TTTGCGCAGACCGGAT,NK
B15_c2,,,NK,B15_c2_TTTGTCACAGCTATTG,NK
