orig.ident,MS_indiv_ID,MS_infection_status,celltype,barcode,bucket
B1_c1,HMN83558,NI,B,B1_c1_AAAGCAAAGACGCACA,B
B1_c1,HMN83558,NI,B,B1_c1_AAAGTAGCATCTCGCT,B
B1_c1,HMN83558,NI,B,B1_c1_AAATGCCAGGCTCTTA,B
B1_c1,,,B,B1_c1_AACACGTTCCGCGCAA,B
B1_c1,,,B,B1_c1_AACCATGAGTGAATTG,B
B1_c1,,,B,B1_c1_AACCGCGTCAGCTTAG,B
B1_c1,HMN83551,NI,B,B1_c1_AACGTTGTCCAAATGC,B
B1_c1,,,B,B1_c1_AACTCAGCATATACCG,B
B1_c1,,,B,B1_c1_AACTTTCCAAGTCTAC,B
B1_c1,HMN83559,flu,B,B1_c1_AAGACCTTCCAGAAGG,B
B1_c1,,,B,B1_c1_AAGCCGCCATTCCTCG,B
B1_c1,HMN83551,NI,B,B1_c1_AAGCCGCGTCCAGTTA,B
B1_c1,,,B,B1_c1_AAGGCAGAGCCGGTAA,B
B1_c1,,,B,B1_c1_AAGGTTCCAATCCAAC,B
B1_c1,HMN83551,NI,B,B1_c1_AATCGGTAGGGAAACA,B
B1_c1,HMN83552,NI,B,B1_c1_ACACCAAAGAGGGCTT,B
B1_c1,,,B,B1_c1_ACACCGGAGATTACCC,B
B1_c1,HMN83558,NI,B,B1_c1_ACAGCTAAGCGTCAAG,B
B1_c1,HMN83551,NI,B,B1_c1_ACATCAGCAGCTCGAC,B
B1_c1,HMN83551,NI,B,B1_c1_ACATCAGCATCACAAC,B
B1_c1,,,B,B1_c1_ACCAGTATCAACACGT,B
B1_c1,HMN83558,NI,B,B1_c1_ACCCACTCAGGTCTCG,B
B1_c1,,,B,B1_c1_ACCGTAATCAGGCCCA,B
B1_c1,HMN83558,NI,B,B1_c1_ACCTTTACAGGGTACA,B
B1_c1,,,B,B1_c1_ACCTTTACATATACGC,B
B1_c1,,,B,B1_c1_ACGCAGCTCCAGAGGA,B
B1_c1,HMN83558,NI,B,B1_c1_ACGCCAGAGTCTCAAC,B
B1_c1,HMN83558,NI,B,B1_c1_ACGCCGACATACGCTA,B
B1_c1,HMN83551,NI,B,B1_c1_ACGGCCACAAGCCATT,B
B1_c1,,,B,B1_c1_ACTGAACAGTCCCACG,B
B1_c1,HMN83551,NI,B,B1_c1_ACTGCTCCAGATGGCA,B
B1_c1,HMN83558,NI,B,B1_c1_ACTTACTTCTTGTTTG,B
B1_c1,,,B,B1_c1_AGAGCGAGTAAGTTCC,B
B1_c1,,,B,B1_c1_AGAGCTTCACGGACAA,B
B1_c1,HMN83558,NI,B,B1_c1_AGAGTGGCATAGTAAG,B
B1_c1,HMN83558,NI,B,B1_c1_AGATTGCCATGAAGTA,B
B1_c1,HMN83558,NI,B,B1_c1_AGCATACTCTGGTGTA,B
B1_c1,,,B,B1_c1_AGCCTAAAGTCTCCTC,B
B1_c1,,,B,B1_c1_AGCGGTCAGAAGGGTA,B
B1_c1,HMN83558,NI,B,B1_c1_AGCGGTCAGTCGCCGT,B
B1_c1,,,B,B1_c1_AGCGTATAGGGTTCCC,B
B1_c1,,,B,B1_c1_AGCTTGAAGATGCCTT,B
B1_c1,,,B,B1_c1_AGCTTGAAGCGATGAC,B
B1_c1,HMN83558,NI,B,B1_c1_AGCTTGATCTCGTATT,B
B1_c1,,,B,B1_c1_AGGCCGTCACAGGCCT,B
B1_c1,,,B,B1_c1_AGGGTGACAAGGTTTC,B
B1_c1,,,B,B1_c1_AGGTCATTCCTAGTGA,B
B1_c1,,,B,B1_c1_AGGTCCGCAGTCACTA,B
B1_c1,,,B,B1_c1_AGTAGTCAGTTGTCGT,B
B1_c1,HMN83558,NI,B,B1_c1_AGTCTTTTCGAGAGCA,B
B1_c1,HMN83558,NI,B,B1_c1_AGTTGGTAGTACGTAA,B
B1_c1,HMN83551,NI,B,B1_c1_AGTTGGTCAAGGTGTG,B
B1_c1,HMN83558,NI,B,B1_c1_AGTTGGTTCAGTTTGG,B
B1_c1,,,B,B1_c1_ATAACGCTCCGGGTGT,B
B1_c1,HMN83558,NI,B,B1_c1_ATAAGAGTCGTAGATC,B
B1_c1,,,B,B1_c1_ATCCACCGTAGGACAC,B
B1_c1,,,B,B1_c1_ATGCGATGTGGTCTCG,B
B1_c1,,,B,B1_c1_ATGGGAGGTATCACCA,B
B1_c1,,,B,B1_c1_ATGTGTGAGAGGGATA,B
B1_c1,,,B,B1_c1_ATGTGTGTCAATCACG,B
B1_c1,,,B,B1_c1_CAAGGCCCAAAGAATC,B
B1_c1,HMN83558,NI,B,B1_c1_CAAGGCCGTCCCTTGT,B
B1_c1,HMN83558,NI,B,B1_c1_CAAGTTGAGTTAAGTG,B
B1_c1,,,B,B1_c1_CACAAACCAGCTTCGG,B
B1_c1,,,B,B1_c1_CACAAACTCTGGCGTG,B
B1_c1,,,B,B1_c1_CACAGGCAGCAGCGTA,B
B1_c1,,,B,B1_c1_CACAGTATCGTCGTTC,B
B1_c1,HMN83551,NI,B,B1_c1_CACCACTAGAAGGACA,B
B1_c1,HMN83558,NI,B,B1_c1_CACCAGGCAACGATGG,B
B1_c1,HMN83551,NI,B,B1_c1_CACCAGGGTTCAGTAC,B
B1_c1,HMN83552,NI,B,B1_c1_CACCTTGGTTCACCTC,B
B1_c1,,,B,B1_c1_CACTCCACAACACCTA,B
B1_c1,HMN83554,flu,B,B1_c1_CAGAATCAGGTAGCTG,B
B1_c1,HMN83554,flu,B,B1_c1_CAGAGAGGTAAACGCG,B
B1_c1,HMN83552,NI,B,B1_c1_CAGCAGCAGTCCATAC,B
B1_c1,,,B,B1_c1_CAGCATAGTCTAGCGC,B
B1_c1,,,B,B1_c1_CAGCATATCAAGCCTA,B
B1_c1,HMN83558,NI,B,B1_c1_CAGCCGATCGGTTCGG,B
B1_c1,,,B,B1_c1_CAGCGACGTCTCCATC,B
B1_c1,HMN83551,NI,B,B1_c1_CAGCTAATCGGCGCAT,B
B1_c1,HMN83552,NI,B,B1_c1_CAGGTGCCAGCCAGAA,B
B1_c1,,,B,B1_c1_CAGGTGCGTGTAACGG,B
B1_c1,HMN83551,NI,B,B1_c1_CAGGTGCGTTGACGTT,B
B1_c1,,,B,B1_c1_CATATGGTCCATGCTC,B
B1_c1,HMN83558,NI,B,B1_c1_CATATTCTCCTCAATT,B
B1_c1,HMN83558,NI,B,B1_c1_CATCAGAGTGTTTGTG,B
B1_c1,HMN83552,NI,B,B1_c1_CATCGGGCAGCCTTGG,B
B1_c1,,,B,B1_c1_CATTATCTCGTGTAGT,B
B1_c1,HMN83558,NI,B,B1_c1_CATTCGCCAATGAAAC,B
B1_c1,,,B,B1_c1_CCAATCCTCGTCGTTC,B
B1_c1,,,B,B1_c1_CCACCTAGTCGGATCC,B
B1_c1,,,B,B1_c1_CCACCTATCGGCTACG,B
B1_c1,,,B,B1_c1_CCACTACAGGGAGTAA,B
B1_c1,HMN83559,flu,B,B1_c1_CCATGTCCATCCTAGA,B
B1_c1,,,B,B1_c1_CCCAATCAGCGTTGCC,B
B1_c1,,,B,B1_c1_CCCTCCTCATTACCTT,B
B1_c1,,,B,B1_c1_CCTAAAGGTCAGTGGA,B
B1_c1,,,B,B1_c1_CCTAAAGTCGTTTATC,B
B1_c1,,,B,B1_c1_CCTAGCTCACATTCGA,B
B1_c1,HMN83558,NI,B,B1_c1_CCTATTACAGCTGTGC,B
B1_c1,HMN83558,NI,B,B1_c1_CCTCTGATCTGCGGCA,B
B1_c1,HMN83553,flu,B,B1_c1_CCTTACGCATAAGACA,B
B1_c1,HMN83558,NI,B,B1_c1_CGACCTTAGCTCCTTC,B
B1_c1,HMN83558,NI,B,B1_c1_CGAGAAGGTTGGTAAA,B
B1_c1,,,B,B1_c1_CGAGCACGTGCATCTA,B
B1_c1,,,B,B1_c1_CGAGCCAGTATCACCA,B
B1_c1,,,B,B1_c1_CGATGGCAGCGAGAAA,B
B1_c1,HMN83558,NI,B,B1_c1_CGATTGAAGAGGGCTT,B
B1_c1,HMN83551,NI,B,B1_c1_CGCCAAGAGCGCCTTG,B
B1_c1,HMN83551,NI,B,B1_c1_CGCCAAGTCAGCTCGG,B
B1_c1,HMN83559,flu,B,B1_c1_CGGACACCAGTGAGTG,B
B1_c1,HMN83558,NI,B,B1_c1_CGGACACGTAGAGCTG,B
B1_c1,,,B,B1_c1_CGGACTGCAGATGGCA,B
B1_c1,HMN83552,NI,B,B1_c1_CGGCTAGTCTGGTATG,B
B1_c1,,,B,B1_c1_CGGTTAACAACGATCT,B
B1_c1,,,B,B1_c1_CGGTTAAGTGGTCCGT,B
B1_c1,,,B,B1_c1_CGTAGGCCACGTCAGC,B
B1_c1,,,B,B1_c1_CGTCAGGAGCGCCTCA,B
B1_c1,,,B,B1_c1_CGTCAGGTCCTAGAAC,B
B1_c1,HMN83551,NI,B,B1_c1_CGTGAGCCAAAGCGGT,B
B1_c1,,,B,B1_c1_CGTGAGCCACCTTGTC,B
B1_c1,HMN83558,NI,B,B1_c1_CGTGTCTTCGTGACAT,B
B1_c1,HMN83558,NI,B,B1_c1_CGTTAGAGTGTGGCTC,B
B1_c1,HMN83558,NI,B,B1_c1_CTAAGACTCCATTCTA,B
B1_c1,HMN83551,NI,B,B1_c1_CTAATGGTCGTTGACA,B
B1_c1,,,B,B1_c1_CTACACCGTATAATGG,B
B1_c1,HMN83551,NI,B,B1_c1_CTACACCGTCTTCGTC,B
B1_c1,,,B,B1_c1_CTACGTCTCACTTCAT,B
B1_c1,HMN83551,NI,B,B1_c1_CTAGCCTTCCTCTAGC,B
B1_c1,,,B,B1_c1_CTCATTACATGGATGG,B
B1_c1,,,B,B1_c1_CTCCTAGAGCTCCCAG,B
B1_c1,,,B,B1_c1_CTCGAAACAGTCGTGC,B
B1_c1,HMN83558,NI,B,B1_c1_CTCGAGGCAGATCGGA,B
B1_c1,,,B,B1_c1_CTCGGGAAGATCCCGC,B
B1_c1,HMN83553,flu,B,B1_c1_CTCGGGAAGATGCGAC,B
B1_c1,HMN83552,NI,B,B1_c1_CTCGTACGTCAAAGAT,B
B1_c1,HMN83558,NI,B,B1_c1_CTCTAATCACGCCAGT,B
B1_c1,HMN83551,NI,B,B1_c1_CTCTAATTCAATCACG,B
B1_c1,HMN83552,NI,B,B1_c1_CTCTAATTCGGTCTAA,B
B1_c1,,,B,B1_c1_CTCTGGTTCTAACGGT,B
B1_c1,HMN83551,NI,B,B1_c1_CTGAAACCAGGTCGTC,B
B1_c1,HMN83558,NI,B,B1_c1_CTGAAACCATGAACCT,B
B1_c1,,,B,B1_c1_CTGAAACGTATGAATG,B
B1_c1,,,B,B1_c1_CTGATAGGTGCACTTA,B
B1_c1,HMN83558,NI,B,B1_c1_CTGCCTATCAGAGGTG,B
B1_c1,,,B,B1_c1_CTGCTGTGTTAAGATG,B
B1_c1,,,B,B1_c1_CTGGTCTCATAACCTG,B
B1_c1,HMN83558,NI,B,B1_c1_CTGTGCTAGATCCCAT,B
B1_c1,,,B,B1_c1_CTGTGCTGTCTGCGGT,B
B1_c1,HMN83558,NI,B,B1_c1_CTTGGCTAGCTTCGCG,B
B1_c1,,,B,B1_c1_CTTTGCGCAAACTGCT,B
B1_c1,HMN83559,flu,B,B1_c1_GAAATGACAGACGTAG,B
B1_c1,HMN83558,NI,B,B1_c1_GAACGGAAGCTGAAAT,B
B1_c1,,,B,B1_c1_GAACGGAGTGCCTGCA,B
B1_c1,,,B,B1_c1_GAAGCAGGTTCCACTC,B
B1_c1,,,B,B1_c1_GAATAAGGTTATCCGA,B
B1_c1,,,B,B1_c1_GAATGAAGTACTCTCC,B
B1_c1,,,B,B1_c1_GACACGCTCAATACCG,B
B1_c1,HMN83552,NI,B,B1_c1_GACCAATAGTATCTCG,B
B1_c1,HMN83551,NI,B,B1_c1_GACCAATTCTTTAGGG,B
B1_c1,,,B,B1_c1_GACCTGGCAGGCTGAA,B
B1_c1,HMN83554,flu,B,B1_c1_GACGGCTAGACTTTCG,B
B1_c1,,,B,B1_c1_GACGGCTAGCGATATA,B
B1_c1,HMN83558,NI,B,B1_c1_GACGTGCAGCGATCCC,B
B1_c1,HMN83552,NI,B,B1_c1_GACGTTATCGAGCCCA,B
B1_c1,HMN83558,NI,B,B1_c1_GACTAACCATAAAGGT,B
B1_c1,,,B,B1_c1_GACTAACGTTCATGGT,B
B1_c1,,,B,B1_c1_GACTGCGAGTGCAAGC,B
B1_c1,HMN83552,NI,B,B1_c1_GAGTCCGTCACCATAG,B
B1_c1,HMN83551,NI,B,B1_c1_GATCGATTCTAACCGA,B
B1_c1,,,B,B1_c1_GATCGATTCTCTAGGA,B
B1_c1,HMN83551,NI,B,B1_c1_GATCGCGCATGGTCTA,B
B1_c1,,,B,B1_c1_GATCGTATCTGTTTGT,B
B1_c1,,,B,B1_c1_GATGAAACAATGTAAG,B
B1_c1,,,B,B1_c1_GATGAAATCACCAGGC,B
B1_c1,HMN83551,NI,B,B1_c1_GATGAGGCAGGGTACA,B
B1_c1,HMN83558,NI,B,B1_c1_GATGAGGGTTATGCGT,B
B1_c1,HMN83558,NI,B,B1_c1_GATTCAGAGTGCCATT,B
B1_c1,HMN83551,NI,B,B1_c1_GCAAACTTCAGTTAGC,B
B1_c1,,,B,B1_c1_GCAATCAAGACTAGGC,B
B1_c1,HMN83553,flu,B,B1_c1_GCAATCACAATTGCTG,B
B1_c1,,,B,B1_c1_GCAATCAGTCTGATCA,B
B1_c1,,,B,B1_c1_GCACATAGTAAGTGGC,B
B1_c1,HMN83552,NI,B,B1_c1_GCACTCTAGCGTTGCC,B
B1_c1,,,B,B1_c1_GCAGTTAAGACGCAAC,B
B1_c1,HMN83551,NI,B,B1_c1_GCATACATCCTTTCTC,B
B1_c1,,,B,B1_c1_GCATGATAGCAACGGT,B
B1_c1,,,B,B1_c1_GCATGTAGTTTGGGCC,B
B1_c1,,,B,B1_c1_GCCAAATGTTCTGGTA,B
B1_c1,,,B,B1_c1_GCCAAATTCTCCTATA,B
B1_c1,,,B,B1_c1_GCGCAACGTCACCTAA,B
B1_c1,HMN83552,NI,B,B1_c1_GCGCAACGTTCAGCGC,B
B1_c1,,,B,B1_c1_GCGCGATGTAAGGGCT,B
B1_c1,,,B,B1_c1_GCTGCAGTCTCCAACC,B
B1_c1,HMN83558,NI,B,B1_c1_GCTGCGAAGCAGATCG,B
B1_c1,HMN83551,NI,B,B1_c1_GGACAAGCAGACTCGC,B
B1_c1,,,B,B1_c1_GGACAAGGTGCGAAAC,B
B1_c1,HMN83558,NI,B,B1_c1_GGACAGACAGCATACT,B
B1_c1,,,B,B1_c1_GGATGTTTCGCGATCG,B
B1_c1,,,B,B1_c1_GGATTACCACCACGTG,B
B1_c1,,,B,B1_c1_GGCAATTGTCTAGCCG,B
B1_c1,,,B,B1_c1_GGCTCGAGTACCGTTA,B
B1_c1,HMN83552,NI,B,B1_c1_GGGAATGCACAAGCCC,B
B1_c1,HMN83551,NI,B,B1_c1_GGGAGATAGAATTGTG,B
B1_c1,HMN83552,NI,B,B1_c1_GGGTCTGCACCACGTG,B
B1_c1,HMN83558,NI,B,B1_c1_GGTATTGAGAGTCGGT,B
B1_c1,HMN83551,NI,B,B1_c1_GGTGCGTCAATACGCT,B
B1_c1,,,B,B1_c1_GGTGCGTGTAGCGCAA,B
B1_c1,,,B,B1_c1_GTAACGTCAAGGGTCA,B
B1_c1,,,B,B1_c1_GTAACGTGTCGCATAT,B
B1_c1,,,B,B1_c1_GTAACTGCAACCGCCA,B
B1_c1,,,B,B1_c1_GTACGTATCATAACCG,B
B1_c1,HMN83552,NI,B,B1_c1_GTACTCCTCGCCCTTA,B
B1_c1,,,B,B1_c1_GTACTTTGTCTCTCTG,B
B1_c1,,,B,B1_c1_GTAGTCAGTAGCACGA,B
B1_c1,HMN83558,NI,B,B1_c1_GTATTCTAGCCAACAG,B
B1_c1,HMN83552,NI,B,B1_c1_GTATTCTGTCAAACTC,B
B1_c1,,,B,B1_c1_GTATTCTTCCGAAGAG,B
B1_c1,HMN83551,NI,B,B1_c1_GTATTCTTCTGTACGA,B
B1_c1,HMN83558,NI,B,B1_c1_GTCACGGAGACCCACC,B
B1_c1,HMN83558,NI,B,B1_c1_GTGCAGCTCATGTAGC,B
B1_c1,,,B,B1_c1_GTGTTAGAGAACAATC,B
B1_c1,HMN83558,NI,B,B1_c1_GTGTTAGCATCACGTA,B
B1_c1,HMN83558,NI,B,B1_c1_GTTAAGCAGCGATAGC,B
B1_c1,,,B,B1_c1_GTTACAGCATTGGGCC,B
B1_c1,HMN83558,NI,B,B1_c1_GTTCATTCAACTTGAC,B
B1_c1,HMN83551,NI,B,B1_c1_GTTCATTGTAGCGCTC,B
B1_c1,HMN83558,NI,B,B1_c1_GTTCGGGTCACATACG,B
B1_c1,HMN83551,NI,B,B1_c1_GTTCTCGGTGTGCCTG,B
B1_c1,,,B,B1_c1_GTTTCTAAGCAGACTG,B
B1_c1,HMN83558,NI,B,B1_c1_TAAGCGTAGCTGAACG,B
B1_c1,HMN83552,NI,B,B1_c1_TAAGTGCTCAAACGGG,B
B1_c1,HMN83551,NI,B,B1_c1_TACACGAGTTTGTGTG,B
B1_c1,HMN83558,NI,B,B1_c1_TACAGTGTCTGTCTCG,B
B1_c1,,,B,B1_c1_TACCTATGTAGTGAAT,B
B1_c1,HMN83551,NI,B,B1_c1_TACCTTAAGCTAGTGG,B
B1_c1,HMN83551,NI,B,B1_c1_TACCTTAGTCTAACGT,B
B1_c1,HMN83552,NI,B,B1_c1_TACCTTATCAGATAAG,B
B1_c1,HMN83551,NI,B,B1_c1_TACGGATAGCGTGTCC,B
B1_c1,HMN83554,flu,B,B1_c1_TACGGGCCACTCGACG,B
B1_c1,HMN83551,NI,B,B1_c1_TACGGTAAGTCATCCA,B
B1_c1,,,B,B1_c1_TACTCATCAGTCACTA,B
B1_c1,,,B,B1_c1_TACTCATTCCTAGGGC,B
B1_c1,,,B,B1_c1_TACTTACCAAAGGAAG,B
B1_c1,,,B,B1_c1_TACTTGTTCATCTGTT,B
B1_c1,HMN83558,NI,B,B1_c1_TAGACCACAGCTGTGC,B
B1_c1,,,B,B1_c1_TAGACCAGTAACGTTC,B
B1_c1,,,B,B1_c1_TAGACCAGTCGGCATC,B
B1_c1,,,B,B1_c1_TAGAGCTAGCTGCCCA,B
B1_c1,HMN83558,NI,B,B1_c1_TAGAGCTGTGTGCCTG,B
B1_c1,HMN83558,NI,B,B1_c1_TAGCCGGGTTTGGGCC,B
B1_c1,HMN83554,flu,B,B1_c1_TAGGCATGTCTCTTAT,B
B1_c1,,,B,B1_c1_TAGTTGGGTTACTGAC,B
B1_c1,,,B,B1_c1_TATCTCACAGCTTAAC,B
B1_c1,HMN83551,NI,B,B1_c1_TATGCCCAGGGCTTGA,B
B1_c1,HMN83551,NI,B,B1_c1_TATTACCGTTCCGTCT,B
B1_c1,,,B,B1_c1_TCAACGACAGATCCAT,B
B1_c1,,,B,B1_c1_TCAATCTTCGCCGTGA,B
B1_c1,HMN83551,NI,B,B1_c1_TCACGAAAGCGTCTAT,B
B1_c1,HMN83559,flu,B,B1_c1_TCAGATGAGATCCTGT,B
B1_c1,,,B,B1_c1_TCAGCTCAGGCCCTCA,B
B1_c1,,,B,B1_c1_TCAGGATCATGAAGTA,B
B1_c1,,,B,B1_c1_TCCCGATGTTCTGTTT,B
B1_c1,,,B,B1_c1_TCGCGAGGTATTACCG,B
B1_c1,HMN83558,NI,B,B1_c1_TCGGGACGTCACACGC,B
B1_c1,HMN83551,NI,B,B1_c1_TCGTAGACATGGTCAT,B
B1_c1,,,B,B1_c1_TCTCTAACAAACCCAT,B
B1_c1,,,B,B1_c1_TCTGGAAGTTAAGGGC,B
B1_c1,HMN83559,flu,B,B1_c1_TCTTCGGAGGACTGGT,B
B1_c1,,,B,B1_c1_TGAAAGACAGTAACGG,B
B1_c1,,,B,B1_c1_TGACGGCAGCACCGTC,B
B1_c1,,,B,B1_c1_TGACTTTGTACTCGCG,B
B1_c1,HMN83559,flu,B,B1_c1_TGAGCATAGCGATGAC,B
B1_c1,HMN83554,flu,B,B1_c1_TGAGCATGTCTCGTTC,B
B1_c1,HMN83551,NI,B,B1_c1_TGAGCCGTCCACTCCA,B
B1_c1,,,B,B1_c1_TGATTTCAGTGAACGC,B
B1_c1,HMN83551,NI,B,B1_c1_TGCCCTAGTCCGAGTC,B
B1_c1,,,B,B1_c1_TGCCCTATCATCTGCC,B
B1_c1,,,B,B1_c1_TGCGCAGCACAGTCGC,B
B1_c1,HMN83558,NI,B,B1_c1_TGCGCAGTCAACACTG,B
B1_c1,,,B,B1_c1_TGCGGGTTCCACGAAT,B
B1_c1,HMN83558,NI,B,B1_c1_TGCGTGGTCGTGGACC,B
B1_c1,HMN83558,NI,B,B1_c1_TGGCCAGAGTTGTAGA,B
B1_c1,,,B,B1_c1_TGGCGCAGTACCGAGA,B
B1_c1,HMN83551,NI,B,B1_c1_TGGGAAGTCTGGTATG,B
B1_c1,HMN83558,NI,B,B1_c1_TGGTTAGAGTTTGCGT,B
B1_c1,,,B,B1_c1_TGTGGTACACAACGTT,B
B1_c1,HMN83558,NI,B,B1_c1_TGTTCCGGTTATCGGT,B
B1_c1,,,B,B1_c1_TTAACTCTCCCTTGTG,B
B1_c1,HMN83558,NI,B,B1_c1_TTAGGCAAGTTACGGG,B
B1_c1,HMN83558,NI,B,B1_c1_TTCCCAGGTTAAGTAG,B
B1_c1,,,B,B1_c1_TTCCCAGTCACCGTAA,B
B1_c1,HMN83558,NI,B,B1_c1_TTCGAAGTCAATAAGG,B
B1_c1,HMN83551,NI,B,B1_c1_TTCTACACATTTCAGG,B
B1_c1,HMN83552,NI,B,B1_c1_TTCTCAAAGCTAGTCT,B
B1_c1,HMN83558,NI,B,B1_c1_TTCTCAAGTTGATTCG,B
B1_c1,HMN83552,NI,B,B1_c1_TTGAACGGTCGCTTTC,B
B1_c1,HMN83551,NI,B,B1_c1_TTGCCGTGTGTGCCTG,B
B1_c1,,,B,B1_c1_TTGGCAAGTCTCTCTG,B
B1_c1,,,B,B1_c1_TTGGCAATCATGCTCC,B
B1_c1,,,B,B1_c1_TTTATGCGTGACGGTA,B
B1_c1,HMN83558,NI,B,B1_c1_TTTCCTCCAGTACACT,B
B1_c1,,,B,B1_c1_TTTGCGCAGTGTTTGC,B
B1_c2,,,B,B1_c2_AAACGGGTCATAGCAC,B
B1_c2,,,B,B1_c2_AAAGCAAAGGAGTTGC,B
B1_c2,,,B,B1_c2_AAAGCAATCTTTAGTC,B
B1_c2,HMN83554,NI,B,B1_c2_AAATGCCAGTCAAGCG,B
B1_c2,,,B,B1_c2_AACGTTGTCCACTCCA,B
B1_c2,,,B,B1_c2_AACTGGTTCCACGAAT,B
B1_c2,,,B,B1_c2_AACTTTCTCCAAGTAC,B
B1_c2,,,B,B1_c2_AAGACCTAGCACACAG,B
B1_c2,HMN83552,flu,B,B1_c2_AAGCCGCAGACAATAC,B
B1_c2,,,B,B1_c2_AAGCCGCCATGACATC,B
B1_c2,,,B,B1_c2_AATCCAGGTAAGAGGA,B
B1_c2,HMN83553,NI,B,B1_c2_AATCCAGGTTCACGGC,B
B1_c2,,,B,B1_c2_AATCCAGTCGGAATCT,B
B1_c2,,,B,B1_c2_ACACCAAAGAAGCCCA,B
B1_c2,HMN83553,NI,B,B1_c2_ACACCGGCAACGCACC,B
B1_c2,,,B,B1_c2_ACAGCCGGTGGCTCCA,B
B1_c2,,,B,B1_c2_ACAGCCGTCTTACCTA,B
B1_c2,HMN83554,NI,B,B1_c2_ACAGCTAAGCTCAACT,B
B1_c2,,,B,B1_c2_ACATCAGTCATAAAGG,B
B1_c2,,,B,B1_c2_ACCCACTAGATATGCA,B
B1_c2,,,B,B1_c2_ACCTTTACAGCTGTGC,B
B1_c2,,,B,B1_c2_ACGAGCCAGTGGTCCC,B
B1_c2,HMN83553,NI,B,B1_c2_ACGAGCCCAAGTTAAG,B
B1_c2,,,B,B1_c2_ACGATACGTAGATTAG,B
B1_c2,HMN83554,NI,B,B1_c2_ACGGCCATCCTTAATC,B
B1_c2,,,B,B1_c2_ACGGGTCCACACATGT,B
B1_c2,,,B,B1_c2_ACGGGTCCACCCAGTG,B
B1_c2,HMN83559,NI,B,B1_c2_ACTGTCCGTGCTTCTC,B
B1_c2,,,B,B1_c2_ACTTTCAAGCGGCTTC,B
B1_c2,,,B,B1_c2_ACTTTCACAGCGAACA,B
B1_c2,,,B,B1_c2_ACTTTCATCTGTCCGT,B
B1_c2,,,B,B1_c2_AGAATAGAGATAGCAT,B
B1_c2,,,B,B1_c2_AGAATAGAGGTCATCT,B
B1_c2,HMN83552,flu,B,B1_c2_AGACGTTCAATGAAAC,B
B1_c2,,,B,B1_c2_AGAGCGACAGTCAGCC,B
B1_c2,,,B,B1_c2_AGAGTGGGTACCGAGA,B
B1_c2,,,B,B1_c2_AGAGTGGTCAGAGACG,B
B1_c2,,,B,B1_c2_AGATTGCCACTCAGGC,B
B1_c2,HMN83553,NI,B,B1_c2_AGATTGCTCGGTGTCG,B
B1_c2,,,B,B1_c2_AGCAGCCGTCTGCCAG,B
B1_c2,HMN83553,NI,B,B1_c2_AGCAGCCGTTTGTTTC,B
B1_c2,,,B,B1_c2_AGCGTATGTATCTGCA,B
B1_c2,,,B,B1_c2_AGCGTATGTCTCGTTC,B
B1_c2,,,B,B1_c2_AGCGTCGTCTGTCTAT,B
B1_c2,HMN83554,NI,B,B1_c2_AGCTCTCGTAAGTGTA,B
B1_c2,HMN83554,NI,B,B1_c2_AGGCCACTCCGGCACA,B
B1_c2,,,B,B1_c2_AGGCCGTCAGACGCCT,B
B1_c2,HMN83553,NI,B,B1_c2_AGGTCATTCTGTCTAT,B
B1_c2,HMN83558,flu,B,B1_c2_AGTAGTCCACGCGAAA,B
B1_c2,,,B,B1_c2_AGTGAGGAGTGAACGC,B
B1_c2,,,B,B1_c2_AGTGAGGTCTGAAAGA,B
B1_c2,,,B,B1_c2_AGTGGGATCTGGAGCC,B
B1_c2,,,B,B1_c2_AGTGTCATCCTTTACA,B
B1_c2,HMN83554,NI,B,B1_c2_AGTTGGTGTCAGAGGT,B
B1_c2,,,B,B1_c2_AGTTGGTGTCTCCCTA,B
B1_c2,,,B,B1_c2_ATAAGAGAGCGTAATA,B
B1_c2,,,B,B1_c2_ATAAGAGGTGAAATCA,B
B1_c2,HMN83551,flu,B,B1_c2_ATAGACCCAGGCGATA,B
B1_c2,,,B,B1_c2_ATCATCTGTCATGCCG,B
B1_c2,HMN83553,NI,B,B1_c2_ATCATGGCAAGCTGGA,B
B1_c2,,,B,B1_c2_ATCCACCCAGTATAAG,B
B1_c2,HMN83554,NI,B,B1_c2_ATCTACTAGTGGGTTG,B
B1_c2,,,B,B1_c2_ATCTACTGTCATCGGC,B
B1_c2,,,B,B1_c2_ATGCGATTCTCATTCA,B
B1_c2,,,B,B1_c2_ATTATCCCACGTAAGG,B
B1_c2,HMN83554,NI,B,B1_c2_ATTATCCGTCTTCTCG,B
B1_c2,,,B,B1_c2_ATTTCTGAGGCTAGGT,B
B1_c2,,,B,B1_c2_CAACCAAAGTACGTAA,B
B1_c2,HMN83553,NI,B,B1_c2_CAACCTCGTGGTCTCG,B
B1_c2,HMN83552,flu,B,B1_c2_CACACAATCGTCTGAA,B
B1_c2,HMN83553,NI,B,B1_c2_CACACTCAGTACGTTC,B
B1_c2,,,B,B1_c2_CACACTCGTTTGTTGG,B
B1_c2,,,B,B1_c2_CACATTTAGGCTCTTA,B
B1_c2,,,B,B1_c2_CACCACTCATCTATGG,B
B1_c2,,,B,B1_c2_CACCACTGTTAAGGGC,B
B1_c2,,,B,B1_c2_CACCACTTCGTTTGCC,B
B1_c2,,,B,B1_c2_CACCTTGGTAGAAAGG,B
B1_c2,,,B,B1_c2_CAGAATCAGGGTTTCT,B
B1_c2,,,B,B1_c2_CAGCGACAGAAACCGC,B
B1_c2,,,B,B1_c2_CAGCGACAGCCAGTTT,B
B1_c2,HMN83554,NI,B,B1_c2_CAGCGACCAATGGAGC,B
B1_c2,,,B,B1_c2_CAGCTAAGTTGTTTGG,B
B1_c2,,,B,B1_c2_CAGCTGGCATTACGAC,B
B1_c2,HMN83558,flu,B,B1_c2_CAGTAACGTGAGTATA,B
B1_c2,,,B,B1_c2_CATATTCCATTCCTCG,B
B1_c2,,,B,B1_c2_CATATTCGTCTAGCGC,B
B1_c2,,,B,B1_c2_CATATTCGTCTGATTG,B
B1_c2,,,B,B1_c2_CATATTCGTGATAAGT,B
B1_c2,,,B,B1_c2_CATATTCTCACTATTC,B
B1_c2,HMN83554,NI,B,B1_c2_CATCCACGTAGCTTGT,B
B1_c2,,,B,B1_c2_CATCGGGCACACCGCA,B
B1_c2,HMN83551,flu,B,B1_c2_CATGACACAGCTGTTA,B
B1_c2,,,B,B1_c2_CATGACACATGCATGT,B
B1_c2,,,B,B1_c2_CATTATCGTCCGACGT,B
B1_c2,HMN83554,NI,B,B1_c2_CCAATCCAGGCGTACA,B
B1_c2,HMN83552,flu,B,B1_c2_CCACGGAAGATACACA,B
B1_c2,,,B,B1_c2_CCACGGATCTCGTTTA,B
B1_c2,,,B,B1_c2_CCACTACCAGATCTGT,B
B1_c2,,,B,B1_c2_CCACTACCAGTATGCT,B
B1_c2,HMN83552,flu,B,B1_c2_CCACTACGTTGATTCG,B
B1_c2,,,B,B1_c2_CCACTACTCCGTACAA,B
B1_c2,,,B,B1_c2_CCCAATCTCATAAAGG,B
B1_c2,,,B,B1_c2_CCCATACCAGTGACAG,B
B1_c2,,,B,B1_c2_CCCTCCTTCGTTTAGG,B
B1_c2,,,B,B1_c2_CCGTGGAGTCGAACAG,B
B1_c2,,,B,B1_c2_CCGTTCAAGGAGCGTT,B
B1_c2,,,B,B1_c2_CCGTTCATCATATCGG,B
B1_c2,HMN83553,NI,B,B1_c2_CCTACCATCACGCATA,B
B1_c2,,,B,B1_c2_CCTACCATCCAGGGCT,B
B1_c2,,,B,B1_c2_CCTAGCTGTTATGCGT,B
B1_c2,,,B,B1_c2_CCTATTAAGTGTACTC,B
B1_c2,HMN83554,NI,B,B1_c2_CCTCAGTTCTCGCATC,B
B1_c2,,,B,B1_c2_CCTCTGAGTGAGTATA,B
B1_c2,,,B,B1_c2_CCTTACGAGACTAGAT,B
B1_c2,,,B,B1_c2_CCTTACGCATCACGAT,B
B1_c2,,,B,B1_c2_CCTTACGTCCTTGCCA,B
B1_c2,,,B,B1_c2_CCTTCGAGTTAGGGTG,B
B1_c2,,,B,B1_c2_CCTTTCTTCGGCCGAT,B
B1_c2,HMN83554,NI,B,B1_c2_CGACCTTTCTATCGCC,B
B1_c2,HMN83554,NI,B,B1_c2_CGACTTCAGGCTCAGA,B
B1_c2,,,B,B1_c2_CGAGCCACAGTCTTCC,B
B1_c2,,,B,B1_c2_CGAGCCAGTAGGGTAC,B
B1_c2,HMN83554,NI,B,B1_c2_CGATCGGCACCCATGG,B
B1_c2,HMN83553,NI,B,B1_c2_CGATCGGTCATGTGGT,B
B1_c2,HMN83553,NI,B,B1_c2_CGATGGCAGGACACCA,B
B1_c2,,,B,B1_c2_CGATGTAAGCGTGAAC,B
B1_c2,,,B,B1_c2_CGATTGAGTATAGGGC,B
B1_c2,,,B,B1_c2_CGCGGTACACCCATGG,B
B1_c2,,,B,B1_c2_CGCGGTACATCCGTGG,B
B1_c2,,,B,B1_c2_CGCGTTTGTACGAAAT,B
B1_c2,,,B,B1_c2_CGCGTTTGTTCCACTC,B
B1_c2,HMN83553,NI,B,B1_c2_CGCTTCAGTGTGAATA,B
B1_c2,,,B,B1_c2_CGCTTCATCTCATTCA,B
B1_c2,,,B,B1_c2_CGGACACCAAGAGTCG,B
B1_c2,HMN83553,NI,B,B1_c2_CGGACACCAGGCAGTA,B
B1_c2,,,B,B1_c2_CGGACACTCTGGTATG,B
B1_c2,,,B,B1_c2_CGGACGTAGTTCGCGC,B
B1_c2,,,B,B1_c2_CGGACTGGTCGTCTTC,B
B1_c2,,,B,B1_c2_CGGAGCTGTCCCTACT,B
B1_c2,,,B,B1_c2_CGGAGTCGTCGCTTCT,B
B1_c2,,,B,B1_c2_CGGAGTCTCGGAGGTA,B
B1_c2,HMN83554,NI,B,B1_c2_CGGCTAGCATTACCTT,B
B1_c2,HMN83553,NI,B,B1_c2_CGGGTCAAGTGGTAAT,B
B1_c2,HMN83559,NI,B,B1_c2_CGGGTCACAATGGAAT,B
B1_c2,,,B,B1_c2_CGTAGCGCAGGTGGAT,B
B1_c2,,,B,B1_c2_CGTCAGGCACCCATTC,B
B1_c2,,,B,B1_c2_CGTGAGCAGCTAACTC,B
B1_c2,,,B,B1_c2_CGTGTAAAGAGCTATA,B
B1_c2,,,B,B1_c2_CGTGTAACAGGAATCG,B
B1_c2,,,B,B1_c2_CGTTAGATCACATAGC,B
B1_c2,,,B,B1_c2_CTAACTTAGCTAACTC,B
B1_c2,,,B,B1_c2_CTAAGACCAGACTCGC,B
B1_c2,HMN83553,NI,B,B1_c2_CTAAGACCATCACGAT,B
B1_c2,,,B,B1_c2_CTACACCTCAGGCCCA,B
B1_c2,,,B,B1_c2_CTACCCAGTGGCCCTA,B
B1_c2,HMN83554,NI,B,B1_c2_CTACGTCGTCCGCTGA,B
B1_c2,HMN83554,NI,B,B1_c2_CTAGTGAAGGGCTCTC,B
B1_c2,,,B,B1_c2_CTAGTGAGTTCACGGC,B
B1_c2,,,B,B1_c2_CTCAGAACAGGTCCAC,B
B1_c2,HMN83551,flu,B,B1_c2_CTCATTAAGGGCTCTC,B
B1_c2,,,B,B1_c2_CTCGAGGCAGGCTCAC,B
B1_c2,,,B,B1_c2_CTCGGGAGTACCGAGA,B
B1_c2,HMN83554,NI,B,B1_c2_CTCGTACGTCGCATAT,B
B1_c2,HMN83553,NI,B,B1_c2_CTCTACGCAAGACACG,B
B1_c2,,,B,B1_c2_CTCTGGTAGATACACA,B
B1_c2,HMN83559,NI,B,B1_c2_CTCTGGTGTGGTGTAG,B
B1_c2,,,B,B1_c2_CTGATCCCAGCTGGCT,B
B1_c2,,,B,B1_c2_CTGCTGTAGTGAATTG,B
B1_c2,HMN83553,NI,B,B1_c2_CTGTTTAAGCAGATCG,B
B1_c2,,,B,B1_c2_CTTACCGCAAGCCCAC,B
B1_c2,HMN83553,NI,B,B1_c2_CTTGGCTAGTTATCGC,B
B1_c2,,,B,B1_c2_CTTGGCTTCCACGCAG,B
B1_c2,,,B,B1_c2_CTTTGCGCAATCACAC,B
B1_c2,,,B,B1_c2_GAAACTCAGGCCCTTG,B
B1_c2,,,B,B1_c2_GAAACTCGTCCGAACC,B
B1_c2,,,B,B1_c2_GAACATCGTCTCTTTA,B
B1_c2,,,B,B1_c2_GAACCTACACAGACAG,B
B1_c2,,,B,B1_c2_GAACCTACATTGTGCA,B
B1_c2,,,B,B1_c2_GAAGCAGAGGAACTGC,B
B1_c2,HMN83558,flu,B,B1_c2_GAATGAATCCTAGAAC,B
B1_c2,HMN83554,NI,B,B1_c2_GACAGAGCAGATAATG,B
B1_c2,,,B,B1_c2_GACCTGGCAGGAACGT,B
B1_c2,,,B,B1_c2_GACGCGTTCGTACCGG,B
B1_c2,,,B,B1_c2_GACTAACCAGCTGTGC,B
B1_c2,,,B,B1_c2_GACTAACGTATCAGTC,B
B1_c2,,,B,B1_c2_GACTAACTCGTCCAGG,B
B1_c2,,,B,B1_c2_GACTACACAGACGCCT,B
B1_c2,,,B,B1_c2_GACTGCGGTATGGTTC,B
B1_c2,,,B,B1_c2_GATCGTACAATCGGTT,B
B1_c2,,,B,B1_c2_GATCGTACAGGACGTA,B
B1_c2,,,B,B1_c2_GATGAGGAGTAGATGT,B
B1_c2,HMN83554,NI,B,B1_c2_GATGAGGGTAATCACC,B
B1_c2,HMN83559,NI,B,B1_c2_GATGAGGGTCTTCTCG,B
B1_c2,,,B,B1_c2_GATGCTAAGTGTGGCA,B
B1_c2,HMN83551,flu,B,B1_c2_GATGCTACACAGAGGT,B
B1_c2,HMN83552,flu,B,B1_c2_GATGCTATCAGCGATT,B
B1_c2,,,B,B1_c2_GATGCTATCCACGTTC,B
B1_c2,,,B,B1_c2_GATTCAGCAGTCGATT,B
B1_c2,,,B,B1_c2_GCAAACTCACATGGGA,B
B1_c2,,,B,B1_c2_GCAATCAAGCGTAGTG,B
B1_c2,,,B,B1_c2_GCAATCAGTTTAGGAA,B
B1_c2,HMN83559,NI,B,B1_c2_GCACATAGTCACACGC,B
B1_c2,HMN83553,NI,B,B1_c2_GCACTCTGTTATGTGC,B
B1_c2,,,B,B1_c2_GCAGCCAAGTATCTCG,B
B1_c2,,,B,B1_c2_GCATGTAGTTGGTAAA,B
B1_c2,,,B,B1_c2_GCGCAGTAGTACTTGC,B
B1_c2,,,B,B1_c2_GCGCCAACATGAAGTA,B
B1_c2,,,B,B1_c2_GCGCCAATCACAATGC,B
B1_c2,,,B,B1_c2_GCGGGTTAGGTTACCT,B
B1_c2,,,B,B1_c2_GCTCCTATCCGCATCT,B
B1_c2,HMN83559,NI,B,B1_c2_GCTCTGTGTGACTCAT,B
B1_c2,HMN83553,NI,B,B1_c2_GCTGCTTTCTGAGGGA,B
B1_c2,,,B,B1_c2_GCTTCCATCCTCCTAG,B
B1_c2,,,B,B1_c2_GGAAAGCGTGACCAAG,B
B1_c2,,,B,B1_c2_GGAATAAAGCTAACTC,B
B1_c2,,,B,B1_c2_GGAGCAAAGTACGACG,B
B1_c2,HMN83554,NI,B,B1_c2_GGATTACTCCTGTACC,B
B1_c2,,,B,B1_c2_GGATTACTCTCATTCA,B
B1_c2,,,B,B1_c2_GGCCGATAGGTGTGGT,B
B1_c2,HMN83554,NI,B,B1_c2_GGCCGATTCTAAGCCA,B
B1_c2,,,B,B1_c2_GGCGTGTGTATTACCG,B
B1_c2,HMN83552,flu,B,B1_c2_GGCGTGTGTCAGGACA,B
B1_c2,HMN83554,NI,B,B1_c2_GGCTCGAAGAGTACCG,B
B1_c2,,,B,B1_c2_GGCTCGAGTCAAGCGA,B
B1_c2,,,B,B1_c2_GGCTGGTAGTCCAGGA,B
B1_c2,,,B,B1_c2_GGGATGATCCACGCAG,B
B1_c2,,,B,B1_c2_GGGCATCGTCGGCTCA,B
B1_c2,HMN83553,NI,B,B1_c2_GGGTTGCGTACGAAAT,B
B1_c2,,,B,B1_c2_GGTATTGGTTGGTAAA,B
B1_c2,HMN83558,flu,B,B1_c2_GGTGAAGGTCGTCTTC,B
B1_c2,,,B,B1_c2_GTACTCCTCGGATGTT,B
B1_c2,,,B,B1_c2_GTACTTTAGGGAAACA,B
B1_c2,,,B,B1_c2_GTAGGCCTCGTCACGG,B
B1_c2,,,B,B1_c2_GTAGTCAGTGTTGAGG,B
B1_c2,,,B,B1_c2_GTATCTTAGTGTACGG,B
B1_c2,HMN83554,NI,B,B1_c2_GTATTCTGTGAGCGAT,B
B1_c2,,,B,B1_c2_GTCAAGTAGTGTGGCA,B
B1_c2,HMN83554,NI,B,B1_c2_GTCAAGTTCAGATAAG,B
B1_c2,,,B,B1_c2_GTCACAAGTAGGCTGA,B
B1_c2,,,B,B1_c2_GTCACAATCTTATCTG,B
B1_c2,,,B,B1_c2_GTCGGGTGTTAAAGAC,B
B1_c2,,,B,B1_c2_GTCGGGTTCATAAAGG,B
B1_c2,HMN83554,NI,B,B1_c2_GTCGTAATCATTGCCC,B
B1_c2,HMN83554,NI,B,B1_c2_GTCTCGTCAAACGTGG,B
B1_c2,HMN83553,NI,B,B1_c2_GTCTTCGGTCTGCCAG,B
B1_c2,HMN83558,flu,B,B1_c2_GTGAAGGTCATGTAGC,B
B1_c2,HMN83554,NI,B,B1_c2_GTGCAGCAGTGGACGT,B
B1_c2,,,B,B1_c2_GTGCAGCCAAGCCGTC,B
B1_c2,HMN83553,NI,B,B1_c2_GTGCAGCCAATCCAAC,B
B1_c2,HMN83552,flu,B,B1_c2_GTGCTTCCAATAGAGT,B
B1_c2,,,B,B1_c2_GTGTGCGTCAGCTCGG,B
B1_c2,,,B,B1_c2_GTTCGGGGTCCGAACC,B
B1_c2,HMN83553,NI,B,B1_c2_GTTCGGGGTGCCTGCA,B
B1_c2,HMN83554,NI,B,B1_c2_GTTCTCGAGTCATGCT,B
B1_c2,,,B,B1_c2_GTTCTCGGTTGTGGAG,B
B1_c2,,,B,B1_c2_TAAACCGAGAACAACT,B
B1_c2,,,B,B1_c2_TAAGCGTTCACAAACC,B
B1_c2,,,B,B1_c2_TAAGTGCAGATGAGAG,B
B1_c2,HMN83554,NI,B,B1_c2_TAAGTGCTCTTGTATC,B
B1_c2,,,B,B1_c2_TACCTATGTTGGACCC,B
B1_c2,HMN83551,flu,B,B1_c2_TACCTTAAGAGACTAT,B
B1_c2,,,B,B1_c2_TACGGATGTCAGAGGT,B
B1_c2,,,B,B1_c2_TACGGGCAGATGTGGC,B
B1_c2,,,B,B1_c2_TACGGTACACAGCGTC,B
B1_c2,HMN83553,NI,B,B1_c2_TACTCATGTCTCAACA,B
B1_c2,,,B,B1_c2_TAGACCATCAGCTCTC,B
B1_c2,,,B,B1_c2_TAGAGCTTCGGTTAAC,B
B1_c2,HMN83554,NI,B,B1_c2_TAGTTGGAGGTAGCTG,B
B1_c2,,,B,B1_c2_TATCAGGAGTTGTCGT,B
B1_c2,,,B,B1_c2_TATCAGGCACCTATCC,B
B1_c2,,,B,B1_c2_TATGCCCTCACATACG,B
B1_c2,,,B,B1_c2_TCAACGAAGTACGCGA,B
B1_c2,HMN83559,NI,B,B1_c2_TCAATCTAGTCTTGCA,B
B1_c2,,,B,B1_c2_TCACAAGAGCGACGTA,B
B1_c2,,,B,B1_c2_TCACAAGAGTGAACGC,B
B1_c2,HMN83553,NI,B,B1_c2_TCAGATGAGTTAGGTA,B
B1_c2,,,B,B1_c2_TCAGATGGTCGTGGCT,B
B1_c2,,,B,B1_c2_TCAGATGTCTCCTATA,B
B1_c2,,,B,B1_c2_TCAGATGTCTTGCATT,B
B1_c2,HMN83551,flu,B,B1_c2_TCAGCAAGTCATATCG,B
B1_c2,,,B,B1_c2_TCATTACGTCTCCACT,B
B1_c2,HMN83553,NI,B,B1_c2_TCATTACGTGTTAAGA,B
B1_c2,,,B,B1_c2_TCATTACTCGACCAGC,B
B1_c2,,,B,B1_c2_TCATTTGCATCCCATC,B
B1_c2,,,B,B1_c2_TCCACACGTAGCAAAT,B
B1_c2,HMN83553,NI,B,B1_c2_TCCCGATAGGAATTAC,B
B1_c2,,,B,B1_c2_TCGCGAGTCTTCCTTC,B
B1_c2,,,B,B1_c2_TCGGTAAAGAGTAAGG,B
B1_c2,,,B,B1_c2_TCGGTAATCGCGATCG,B
B1_c2,HMN83552,flu,B,B1_c2_TCGGTAATCTCTAAGG,B
B1_c2,,,B,B1_c2_TCTATTGAGGAGTCTG,B
B1_c2,,,B,B1_c2_TCTATTGGTCGCCATG,B
B1_c2,,,B,B1_c2_TCTGGAAGTTCTGAAC,B
B1_c2,HMN83551,flu,B,B1_c2_TGACAACTCCCACTTG,B
B1_c2,HMN83553,NI,B,B1_c2_TGACGGCGTCGCCATG,B
B1_c2,HMN83559,NI,B,B1_c2_TGACGGCTCTGGTGTA,B
B1_c2,,,B,B1_c2_TGAGAGGAGATGCGAC,B
B1_c2,HMN83553,NI,B,B1_c2_TGAGCATGTGTTTGTG,B
B1_c2,HMN83554,NI,B,B1_c2_TGAGCCGAGCCATCGC,B
B1_c2,,,B,B1_c2_TGAGGGACAGCCTTGG,B
B1_c2,HMN83554,NI,B,B1_c2_TGCCCTAGTCCGCTGA,B
B1_c2,HMN83553,NI,B,B1_c2_TGCGCAGCACAGATTC,B
B1_c2,,,B,B1_c2_TGCGCAGTCATCGCTC,B
B1_c2,HMN83554,NI,B,B1_c2_TGCTGCTTCAGGCGAA,B
B1_c2,,,B,B1_c2_TGGACGCTCTCTGCTG,B
B1_c2,,,B,B1_c2_TGGCCAGCATCCGCGA,B
B1_c2,,,B,B1_c2_TTAACTCCATAAAGGT,B
B1_c2,,,B,B1_c2_TTAACTCGTGCAGGTA,B
B1_c2,,,B,B1_c2_TTAGGACGTGGAAAGA,B
B1_c2,,,B,B1_c2_TTAGGACTCCCAGGTG,B
B1_c2,,,B,B1_c2_TTAGGCACAGGGATTG,B
B1_c2,,,B,B1_c2_TTAGTTCCACACCGAC,B
B1_c2,,,B,B1_c2_TTAGTTCCAGTACACT,B
B1_c2,HMN83551,flu,B,B1_c2_TTATGCTGTACGAAAT,B
B1_c2,,,B,B1_c2_TTCTCCTCAAGGGTCA,B
B1_c2,HMN83558,flu,B,B1_c2_TTCTTAGGTACGCTGC,B
B1_c2,,,B,B1_c2_TTGAACGTCACAAACC,B
B1_c2,,,B,B1_c2_TTGCCGTAGAGCTGGT,B
B1_c2,HMN83553,NI,B,B1_c2_TTGCGTCCAAGCCTAT,B
B1_c2,,,B,B1_c2_TTGGCAAAGCTGAAAT,B
B1_c2,,,B,B1_c2_TTGTAGGCAAGCGATG,B
B1_c2,,,B,B1_c2_TTTATGCCACCGAATT,B
B1_c2,,,B,B1_c2_TTTGCGCAGGCATTGG,B
B1_c2,,,B,B1_c2_TTTGGTTAGTACCGGA,B
B1_c2,,,B,B1_c2_TTTGGTTGTCAGAGGT,B
B1_c2,HMN83554,NI,B,B1_c2_TTTGGTTTCATGTAGC,B
B1_c2,HMN83553,NI,B,B1_c2_TTTGTCAGTTGTCTTT,B
B2_c1,,,B,B2_c1_AAAGATGCAGAGTGTG,B
B2_c1,,,B,B2_c1_AAAGATGTCCGCGTTT,B
B2_c1,HMN83556,NI,B,B2_c1_AAAGCAAGTTCCACGG,B
B2_c1,,,B,B2_c1_AAATGCCCAAGCGATG,B
B2_c1,,,B,B2_c1_AAATGCCCATTACGAC,B
B2_c1,HMN83556,NI,B,B2_c1_AACCATGGTGATGCCC,B
B2_c1,HMN83556,NI,B,B2_c1_AACGTTGCAGGATTGG,B
B2_c1,HMN83555,NI,B,B2_c1_AACTCAGGTAATTGGA,B
B2_c1,,,B,B2_c1_AACTCCCCAAACTGTC,B
B2_c1,,,B,B2_c1_AACTCCCCAGTAACGG,B
B2_c1,,,B,B2_c1_AACTGGTCATTGAGCT,B
B2_c1,HMN83556,NI,B,B2_c1_AACTGGTGTCTCTCTG,B
B2_c1,HMN83556,NI,B,B2_c1_AAGACCTAGTGACTCT,B
B2_c1,,,B,B2_c1_AAGACCTCATTTCAGG,B
B2_c1,,,B,B2_c1_ACACCCTAGCCTATGT,B
B2_c1,,,B,B2_c1_ACACCCTAGGAATGGA,B
B2_c1,HMN83556,NI,B,B2_c1_ACACCCTCAATCGAAA,B
B2_c1,HMN83555,NI,B,B2_c1_ACACCCTGTACAGTTC,B
B2_c1,HMN83556,NI,B,B2_c1_ACACCGGAGTATCGAA,B
B2_c1,HMN83560,NI,B,B2_c1_ACACTGATCCGAACGC,B
B2_c1,,,B,B2_c1_ACATACGGTATCGCAT,B
B2_c1,HMN83556,NI,B,B2_c1_ACATACGTCAAGAAGT,B
B2_c1,HMN83561,flu,B,B2_c1_ACATGGTCACGTAAGG,B
B2_c1,HMN83556,NI,B,B2_c1_ACCTTTACAGCTCGAC,B
B2_c1,,,B,B2_c1_ACGAGCCAGCTCCTTC,B
B2_c1,HMN83560,NI,B,B2_c1_ACGAGCCTCTGACCTC,B
B2_c1,HMN83560,NI,B,B2_c1_ACGAGGACAAACTGCT,B
B2_c1,,,B,B2_c1_ACGAGGAGTCCGTGAC,B
B2_c1,HMN83560,NI,B,B2_c1_ACGATGTAGTCCATAC,B
B2_c1,HMN83556,NI,B,B2_c1_ACGATGTTCTTCGAGA,B
B2_c1,HMN83556,NI,B,B2_c1_ACGGAGAAGCCCTAAT,B
B2_c1,HMN83555,NI,B,B2_c1_ACGGGCTCACACTGCG,B
B2_c1,,,B,B2_c1_ACTGAACAGCGCCTTG,B
B2_c1,,,B,B2_c1_ACTGAACAGGAATGGA,B
B2_c1,,,B,B2_c1_ACTGAACTCTGTCAAG,B
B2_c1,HMN83555,NI,B,B2_c1_ACTGAGTCAGTCACTA,B
B2_c1,HMN83556,NI,B,B2_c1_ACTGAGTGTACCCAAT,B
B2_c1,HMN83556,NI,B,B2_c1_ACTGAGTGTTCGTTGA,B
B2_c1,,,B,B2_c1_ACTGAGTTCTTGACGA,B
B2_c1,,,B,B2_c1_ACTTACTAGGTGGGTT,B
B2_c1,HMN83556,NI,B,B2_c1_ACTTACTGTAAACACA,B
B2_c1,HMN83555,NI,B,B2_c1_AGACGTTGTCCCTTGT,B
B2_c1,,,B,B2_c1_AGAGCGAAGAAGGTTT,B
B2_c1,,,B,B2_c1_AGAGCGATCCATGAAC,B
B2_c1,HMN83556,NI,B,B2_c1_AGAGCGATCTTCCTTC,B
B2_c1,HMN83555,NI,B,B2_c1_AGAGTGGTCTCTGAGA,B
B2_c1,HMN83556,NI,B,B2_c1_AGCAGCCTCATCATTC,B
B2_c1,HMN83555,NI,B,B2_c1_AGCATACAGTGCAAGC,B
B2_c1,HMN83560,NI,B,B2_c1_AGCCTAAGTCTCGTTC,B
B2_c1,HMN83556,NI,B,B2_c1_AGCGGTCCATCCTTGC,B
B2_c1,,,B,B2_c1_AGCGGTCGTCCGCTGA,B
B2_c1,HMN83555,NI,B,B2_c1_AGCGGTCTCGGAAACG,B
B2_c1,HMN83555,NI,B,B2_c1_AGCTCCTGTGTGTGCC,B
B2_c1,HMN83560,NI,B,B2_c1_AGCTTGATCCGAACGC,B
B2_c1,HMN83556,NI,B,B2_c1_AGGCCGTAGCCAGTAG,B
B2_c1,HMN83555,NI,B,B2_c1_AGGCCGTGTCTAGAGG,B
B2_c1,HMN83555,NI,B,B2_c1_AGGTCCGCATTGAGCT,B
B2_c1,HMN83556,NI,B,B2_c1_AGGTCCGGTACCGTTA,B
B2_c1,,,B,B2_c1_AGTCTTTAGACCACGA,B
B2_c1,HMN83556,NI,B,B2_c1_AGTGAGGCAGCGAACA,B
B2_c1,,,B,B2_c1_AGTGAGGGTCTACCTC,B
B2_c1,HMN83555,NI,B,B2_c1_AGTGGGACACAACGTT,B
B2_c1,HMN83560,NI,B,B2_c1_AGTGTCATCAGTGCAT,B
B2_c1,HMN83556,NI,B,B2_c1_ATCATCTCAACACCTA,B
B2_c1,HMN83556,NI,B,B2_c1_ATCATCTCAGACAAGC,B
B2_c1,HMN83556,NI,B,B2_c1_ATCATGGCACGACGAA,B
B2_c1,,,B,B2_c1_ATCATGGGTCCAAGTT,B
B2_c1,HMN83555,NI,B,B2_c1_ATCCACCCAATAAGCA,B
B2_c1,HMN83555,NI,B,B2_c1_ATCCGAAAGTAGGCCA,B
B2_c1,,,B,B2_c1_ATCTACTAGGCTCAGA,B
B2_c1,,,B,B2_c1_ATCTGCCGTCAGAAGC,B
B2_c1,,,B,B2_c1_ATGCGATCATCCTAGA,B
B2_c1,HMN83556,NI,B,B2_c1_ATGGGAGCAAAGGAAG,B
B2_c1,,,B,B2_c1_ATGGGAGCACGACTCG,B
B2_c1,HMN83555,NI,B,B2_c1_ATTATCCAGGTGACCA,B
B2_c1,,,B,B2_c1_ATTCTACAGCGGATCA,B
B2_c1,,,B,B2_c1_ATTGGACCATATACCG,B
B2_c1,HMN83556,NI,B,B2_c1_ATTGGACTCGCATGAT,B
B2_c1,HMN83556,NI,B,B2_c1_CAACCTCCATGGTCTA,B
B2_c1,,,B,B2_c1_CAAGATCAGCCAGTTT,B
B2_c1,HMN83555,NI,B,B2_c1_CAAGATCCAAGCCCAC,B
B2_c1,,,B,B2_c1_CACAAACGTATGCTTG,B
B2_c1,HMN83555,NI,B,B2_c1_CACAGGCCAGATGGGT,B
B2_c1,,,B,B2_c1_CACATAGAGGGTCGAT,B
B2_c1,,,B,B2_c1_CACCAGGCAATGTAAG,B
B2_c1,HMN83556,NI,B,B2_c1_CACCTTGGTATTCGTG,B
B2_c1,HMN83555,NI,B,B2_c1_CAGCAGCAGACGCACA,B
B2_c1,,,B,B2_c1_CAGCAGCCATTCACTT,B
B2_c1,HMN83560,NI,B,B2_c1_CAGGTGCGTACGACCC,B
B2_c1,HMN83556,NI,B,B2_c1_CAGGTGCGTTCGTTGA,B
B2_c1,HMN83555,NI,B,B2_c1_CAGTAACCAGTATAAG,B
B2_c1,HMN83556,NI,B,B2_c1_CAGTAACTCCCAAGAT,B
B2_c1,HMN83556,NI,B,B2_c1_CAGTCCTAGGCTCTTA,B
B2_c1,HMN83556,NI,B,B2_c1_CATATTCCAAAGCAAT,B
B2_c1,HMN83556,NI,B,B2_c1_CATATTCCATAGAAAC,B
B2_c1,,,B,B2_c1_CATCAAGCAAAGGAAG,B
B2_c1,HMN83556,NI,B,B2_c1_CATGGCGCACGAAGCA,B
B2_c1,HMN83556,NI,B,B2_c1_CATTCGCAGGTGCTAG,B
B2_c1,,,B,B2_c1_CCAATCCAGGCTCATT,B
B2_c1,HMN83556,NI,B,B2_c1_CCACCTAAGCGATCCC,B
B2_c1,,,B,B2_c1_CCACGGATCTTAGCCC,B
B2_c1,HMN83555,NI,B,B2_c1_CCACTACAGGTCATCT,B
B2_c1,HMN83556,NI,B,B2_c1_CCACTACTCGTACCGG,B
B2_c1,,,B,B2_c1_CCAGCGAAGCACCGCT,B
B2_c1,HMN83556,NI,B,B2_c1_CCAGCGAGTGATAAAC,B
B2_c1,HMN83556,NI,B,B2_c1_CCATGTCTCACCACCT,B
B2_c1,HMN83555,NI,B,B2_c1_CCATGTCTCCGTTGTC,B
B2_c1,HMN83555,NI,B,B2_c1_CCCAATCCAGAGCCAA,B
B2_c1,,,B,B2_c1_CCCATACGTTTAAGCC,B
B2_c1,HMN83556,NI,B,B2_c1_CCCTCCTAGTTGTAGA,B
B2_c1,,,B,B2_c1_CCCTCCTTCATCTGCC,B
B2_c1,HMN83556,NI,B,B2_c1_CCGTACTCAAGTCTGT,B
B2_c1,HMN83556,NI,B,B2_c1_CCGTACTGTAAACACA,B
B2_c1,HMN83556,NI,B,B2_c1_CCTAAAGAGGTGCTAG,B
B2_c1,,,B,B2_c1_CCTACACCATCTATGG,B
B2_c1,,,B,B2_c1_CCTACACTCGCCATAA,B
B2_c1,,,B,B2_c1_CCTCAGTAGCGATATA,B
B2_c1,,,B,B2_c1_CCTCAGTCAAGCCCAC,B
B2_c1,HMN83556,NI,B,B2_c1_CCTCAGTGTCTCACCT,B
B2_c1,HMN83562,flu,B,B2_c1_CCTCAGTGTTTAAGCC,B
B2_c1,,,B,B2_c1_CCTTCCCAGGTGGGTT,B
B2_c1,HMN83556,NI,B,B2_c1_CCTTCGACACAAGCCC,B
B2_c1,,,B,B2_c1_CGAACATGTCGAATCT,B
B2_c1,HMN83556,NI,B,B2_c1_CGAATGTGTATATGGA,B
B2_c1,HMN83555,NI,B,B2_c1_CGACCTTCACGCATCG,B
B2_c1,HMN83560,NI,B,B2_c1_CGAGCACGTTTGTTTC,B
B2_c1,,,B,B2_c1_CGATCGGTCTCGTTTA,B
B2_c1,HMN83555,NI,B,B2_c1_CGATGGCAGTGAACAT,B
B2_c1,HMN83555,NI,B,B2_c1_CGATGGCAGTGGCACA,B
B2_c1,HMN83556,NI,B,B2_c1_CGATGGCGTAGAGGAA,B
B2_c1,HMN83560,NI,B,B2_c1_CGATGTAGTAAAGGAG,B
B2_c1,HMN83560,NI,B,B2_c1_CGCCAAGGTACAAGTA,B
B2_c1,HMN83555,NI,B,B2_c1_CGCCAAGTCAGTACGT,B
B2_c1,,,B,B2_c1_CGCTATCCATCCCATC,B
B2_c1,HMN83556,NI,B,B2_c1_CGGACTGTCTCTGCTG,B
B2_c1,,,B,B2_c1_CGGAGCTGTTTGTTTC,B
B2_c1,,,B,B2_c1_CGGCTAGAGAAGATTC,B
B2_c1,,,B,B2_c1_CGGTTAATCCTCTAGC,B
B2_c1,,,B,B2_c1_CGTCACTCAGATAATG,B
B2_c1,,,B,B2_c1_CGTCACTGTCACCCAG,B
B2_c1,HMN83556,NI,B,B2_c1_CGTCAGGGTACAGTTC,B
B2_c1,HMN83556,NI,B,B2_c1_CGTGAGCGTTGGTTTG,B
B2_c1,,,B,B2_c1_CGTGTAATCGGGAGTA,B
B2_c1,HMN83556,NI,B,B2_c1_CGTGTCTCAGTGGAGT,B
B2_c1,HMN83556,NI,B,B2_c1_CGTTAGACAGACGTAG,B
B2_c1,HMN83556,NI,B,B2_c1_CGTTCTGAGAGCCCAA,B
B2_c1,,,B,B2_c1_CGTTGGGAGAGCTTCT,B
B2_c1,HMN83560,NI,B,B2_c1_CTAACTTCACTGCCAG,B
B2_c1,HMN83555,NI,B,B2_c1_CTAAGACAGGATTCGG,B
B2_c1,HMN83560,NI,B,B2_c1_CTACACCAGCCAGGAT,B
B2_c1,,,B,B2_c1_CTACATTCAAGCGCTC,B
B2_c1,HMN83556,NI,B,B2_c1_CTACATTGTCCGCTGA,B
B2_c1,HMN83556,NI,B,B2_c1_CTACGTCCATGACGGA,B
B2_c1,,,B,B2_c1_CTAGAGTCATTAACCG,B
B2_c1,,,B,B2_c1_CTCACACAGGCGATAC,B
B2_c1,HMN83555,NI,B,B2_c1_CTCACACCAGTCCTTC,B
B2_c1,HMN83556,NI,B,B2_c1_CTCAGAAGTTCACCTC,B
B2_c1,HMN83556,NI,B,B2_c1_CTCATTACATGTCTCC,B
B2_c1,,,B,B2_c1_CTCCTAGAGCAAATCA,B
B2_c1,HMN83556,NI,B,B2_c1_CTCGAAAGTTCTGGTA,B
B2_c1,,,B,B2_c1_CTCGAGGTCTATCCCG,B
B2_c1,HMN83556,NI,B,B2_c1_CTCGGAGAGGCGATAC,B
B2_c1,HMN83555,NI,B,B2_c1_CTCGGGAAGGTAAACT,B
B2_c1,HMN83555,NI,B,B2_c1_CTCGGGAGTAGAGTGC,B
B2_c1,,,B,B2_c1_CTCGGGATCACAGTAC,B
B2_c1,HMN83556,NI,B,B2_c1_CTCGTACCATGGTTGT,B
B2_c1,,,B,B2_c1_CTCTACGCACGGTGTC,B
B2_c1,HMN83555,NI,B,B2_c1_CTGAAGTTCAAACCAC,B
B2_c1,,,B,B2_c1_CTGATAGGTGTTGGGA,B
B2_c1,HMN83556,NI,B,B2_c1_CTGATCCTCCCAACGG,B
B2_c1,HMN83556,NI,B,B2_c1_CTGCCTAGTACTCTCC,B
B2_c1,HMN83560,NI,B,B2_c1_CTGCTGTCATGCAATC,B
B2_c1,,,B,B2_c1_CTGGTCTCATCATCCC,B
B2_c1,,,B,B2_c1_CTGGTCTGTAAGGATT,B
B2_c1,HMN83555,NI,B,B2_c1_CTTTGCGGTAGATTAG,B
B2_c1,HMN83556,NI,B,B2_c1_GAAACTCCATCCGCGA,B
B2_c1,,,B,B2_c1_GAAACTCTCGGTTAAC,B
B2_c1,HMN83560,NI,B,B2_c1_GACAGAGGTTACCAGT,B
B2_c1,HMN83556,NI,B,B2_c1_GACCAATAGTAAGTAC,B
B2_c1,HMN83556,NI,B,B2_c1_GACGTTAGTATAAACG,B
B2_c1,HMN83556,NI,B,B2_c1_GACGTTAGTGTTTGTG,B
B2_c1,,,B,B2_c1_GACGTTATCCATTCTA,B
B2_c1,HMN83555,NI,B,B2_c1_GACTAACAGCGTCAAG,B
B2_c1,HMN83555,NI,B,B2_c1_GACTACAGTACTCGCG,B
B2_c1,,,B,B2_c1_GACTACATCACAATGC,B
B2_c1,,,B,B2_c1_GACTGCGGTTAAGAAC,B
B2_c1,HMN83560,NI,B,B2_c1_GAGGTGATCTCTTGAT,B
B2_c1,,,B,B2_c1_GAGTCCGTCTTGGGTA,B
B2_c1,HMN83555,NI,B,B2_c1_GATCAGTAGATCGATA,B
B2_c1,HMN83555,NI,B,B2_c1_GATCGATTCTTGTTTG,B
B2_c1,HMN83555,NI,B,B2_c1_GATCGCGGTAGGGACT,B
B2_c1,HMN83556,NI,B,B2_c1_GATCTAGAGCAGGCTA,B
B2_c1,HMN83556,NI,B,B2_c1_GATCTAGCACCGGAAA,B
B2_c1,HMN83556,NI,B,B2_c1_GATCTAGTCATTTGGG,B
B2_c1,HMN83555,NI,B,B2_c1_GATGCTAAGGTGATAT,B
B2_c1,,,B,B2_c1_GATGCTACAAGACACG,B
B2_c1,HMN83556,NI,B,B2_c1_GATGCTAGTCTGGAGA,B
B2_c1,HMN83556,NI,B,B2_c1_GATTCAGGTACCGTAT,B
B2_c1,,,B,B2_c1_GCAATCATCTTGTTTG,B
B2_c1,,,B,B2_c1_GCACTCTTCTTGTTTG,B
B2_c1,,,B,B2_c1_GCAGCCAAGGACAGCT,B
B2_c1,,,B,B2_c1_GCAGTTAGTCGAATCT,B
B2_c1,HMN83555,NI,B,B2_c1_GCATACACATGGATGG,B
B2_c1,HMN83556,NI,B,B2_c1_GCATACATCCTTCAAT,B
B2_c1,,,B,B2_c1_GCCAAATAGATGCGAC,B
B2_c1,HMN83556,NI,B,B2_c1_GCCTCTACAGTCCTTC,B
B2_c1,HMN83555,NI,B,B2_c1_GCCTCTAGTCCCTACT,B
B2_c1,,,B,B2_c1_GCGACCAAGTACTTGC,B
B2_c1,HMN83560,NI,B,B2_c1_GCGCAGTCAGGACGTA,B
B2_c1,,,B,B2_c1_GCGCCAAAGCGAGAAA,B
B2_c1,,,B,B2_c1_GCGGGTTAGGAACTGC,B
B2_c1,HMN83556,NI,B,B2_c1_GCGGGTTGTGTGGTTT,B
B2_c1,,,B,B2_c1_GCTCTGTCAGCTTCGG,B
B2_c1,,,B,B2_c1_GCTGCAGAGTACGATA,B
B2_c1,HMN83556,NI,B,B2_c1_GCTGCAGCACTTAAGC,B
B2_c1,HMN83556,NI,B,B2_c1_GCTGCGACACATTAGC,B
B2_c1,HMN83555,NI,B,B2_c1_GCTGCTTAGTCGAGTG,B
B2_c1,,,B,B2_c1_GCTTGAAGTTGCCTCT,B
B2_c1,HMN83555,NI,B,B2_c1_GGAATAAAGTGGGCTA,B
B2_c1,,,B,B2_c1_GGAATAAGTTGGGACA,B
B2_c1,HMN83556,NI,B,B2_c1_GGACAAGAGCAATATG,B
B2_c1,HMN83555,NI,B,B2_c1_GGACAGAGTCCCGACA,B
B2_c1,HMN83556,NI,B,B2_c1_GGACATTAGCCCAATT,B
B2_c1,HMN83556,NI,B,B2_c1_GGACATTAGTGGAGTC,B
B2_c1,HMN83555,NI,B,B2_c1_GGACGTCTCTCGCTTG,B
B2_c1,HMN83556,NI,B,B2_c1_GGAGCAAAGGGTATCG,B
B2_c1,HMN83560,NI,B,B2_c1_GGATGTTAGGACGAAA,B
B2_c1,HMN83556,NI,B,B2_c1_GGATTACGTAGCGCTC,B
B2_c1,,,B,B2_c1_GGCAATTGTCGCGGTT,B
B2_c1,,,B,B2_c1_GGCCGATCATACAGCT,B
B2_c1,HMN83555,NI,B,B2_c1_GGCGTGTTCGTCTGAA,B
B2_c1,HMN83556,NI,B,B2_c1_GGCTCGATCGCTTGTC,B
B2_c1,HMN83556,NI,B,B2_c1_GGGACCTAGTTGAGTA,B
B2_c1,,,B,B2_c1_GGGACCTCACCGCTAG,B
B2_c1,,,B,B2_c1_GGGCATCTCCCTTGTG,B
B2_c1,,,B,B2_c1_GGGTCTGAGCACAGGT,B
B2_c1,,,B,B2_c1_GGGTTGCAGGGAAACA,B
B2_c1,HMN83556,NI,B,B2_c1_GGTATTGCAACTGCTA,B
B2_c1,HMN83555,NI,B,B2_c1_GGTGTTACACCACGTG,B
B2_c1,HMN83560,NI,B,B2_c1_GTACTCCAGCTAGTGG,B
B2_c1,,,B,B2_c1_GTACTCCTCCGGGTGT,B
B2_c1,HMN83560,NI,B,B2_c1_GTACTTTAGTCGTTTG,B
B2_c1,HMN83556,NI,B,B2_c1_GTAGGCCGTCATGCCG,B
B2_c1,HMN83561,flu,B,B2_c1_GTATCTTGTCCGTTAA,B
B2_c1,,,B,B2_c1_GTATCTTTCACCAGGC,B
B2_c1,,,B,B2_c1_GTATTCTAGTTAAGTG,B
B2_c1,HMN83556,NI,B,B2_c1_GTCAAGTCATTGGCGC,B
B2_c1,HMN83556,NI,B,B2_c1_GTCAAGTGTGGCGAAT,B
B2_c1,,,B,B2_c1_GTCAAGTTCACCATAG,B
B2_c1,HMN83556,NI,B,B2_c1_GTCAAGTTCCAAACAC,B
B2_c1,,,B,B2_c1_GTCATTTTCAACCATG,B
B2_c1,,,B,B2_c1_GTCTCGTTCATGTCTT,B
B2_c1,HMN83556,NI,B,B2_c1_GTGCTTCCAATGAAAC,B
B2_c1,HMN83556,NI,B,B2_c1_GTGTGCGGTCGGATCC,B
B2_c1,,,B,B2_c1_GTTAAGCAGAACTGTA,B
B2_c1,HMN83557,flu,B,B2_c1_GTTTCTAAGGGTTCCC,B
B2_c1,HMN83556,NI,B,B2_c1_GTTTCTACAAGCGAGT,B
B2_c1,,,B,B2_c1_GTTTCTAGTTATCCGA,B
B2_c1,,,B,B2_c1_TAAACCGAGTGAAGAG,B
B2_c1,HMN83556,NI,B,B2_c1_TAAACCGGTCTGCCAG,B
B2_c1,HMN83556,NI,B,B2_c1_TAAGAGAGTAGCCTAT,B
B2_c1,HMN83556,NI,B,B2_c1_TACAGTGAGCCCAGCT,B
B2_c1,HMN83556,NI,B,B2_c1_TACCTATGTACTCTCC,B
B2_c1,,,B,B2_c1_TACCTATTCACGAAGG,B
B2_c1,,,B,B2_c1_TACGGATGTATGGTTC,B
B2_c1,HMN83556,NI,B,B2_c1_TACTCGCAGAAACCGC,B
B2_c1,,,B,B2_c1_TACTCGCTCGCCATAA,B
B2_c1,HMN83556,NI,B,B2_c1_TACTCGCTCGTAGATC,B
B2_c1,,,B,B2_c1_TACTTACAGTACCGGA,B
B2_c1,,,B,B2_c1_TAGTGGTGTCCGAATT,B
B2_c1,HMN83556,NI,B,B2_c1_TAGTGGTTCGCCTGTT,B
B2_c1,HMN83555,NI,B,B2_c1_TATCAGGGTATCTGCA,B
B2_c1,,,B,B2_c1_TATGCCCTCTCTTGAT,B
B2_c1,HMN83556,NI,B,B2_c1_TATGCCCTCTTCTGGC,B
B2_c1,HMN83556,NI,B,B2_c1_TCAATCTCAACACCCG,B
B2_c1,HMN83556,NI,B,B2_c1_TCAATCTGTAAGTGTA,B
B2_c1,HMN83556,NI,B,B2_c1_TCAATCTTCGTACGGC,B
B2_c1,HMN83556,NI,B,B2_c1_TCACAAGTCGTCCGTT,B
B2_c1,HMN83560,NI,B,B2_c1_TCACGAATCAGTGCAT,B
B2_c1,HMN83555,NI,B,B2_c1_TCAGGATCACATCCAA,B
B2_c1,HMN83556,NI,B,B2_c1_TCAGGTAAGTGGGCTA,B
B2_c1,,,B,B2_c1_TCAGGTATCACTCTTA,B
B2_c1,,,B,B2_c1_TCATTTGAGACAGAGA,B
B2_c1,,,B,B2_c1_TCCCGATCAGATGGGT,B
B2_c1,,,B,B2_c1_TCGCGTTCAGAGCCAA,B
B2_c1,,,B,B2_c1_TCGGGACCATTACGAC,B
B2_c1,HMN83556,NI,B,B2_c1_TCTATTGCAATGACCT,B
B2_c1,HMN83555,NI,B,B2_c1_TCTGAGATCGGTCTAA,B
B2_c1,,,B,B2_c1_TCTGAGATCTCAAGTG,B
B2_c1,HMN83556,NI,B,B2_c1_TGACAACGTCGGATCC,B
B2_c1,,,B,B2_c1_TGACAACTCCACGCAG,B
B2_c1,,,B,B2_c1_TGACTAGGTAGTGAAT,B
B2_c1,,,B,B2_c1_TGATTTCAGGATTCGG,B
B2_c1,HMN83560,NI,B,B2_c1_TGCACCTAGCGATAGC,B
B2_c1,HMN83556,NI,B,B2_c1_TGGACGCGTCTAGAGG,B
B2_c1,,,B,B2_c1_TGGCGCAAGTGACTCT,B
B2_c1,HMN83556,NI,B,B2_c1_TGGGCGTAGAGACGAA,B
B2_c1,HMN83555,NI,B,B2_c1_TGGGCGTCACATCCGG,B
B2_c1,,,B,B2_c1_TGGTTAGTCACCCGAG,B
B2_c1,HMN83556,NI,B,B2_c1_TGTCCCAAGACTCGGA,B
B2_c1,HMN83560,NI,B,B2_c1_TGTTCCGCACGTGAGA,B
B2_c1,,,B,B2_c1_TGTTCCGGTGCCTGCA,B
B2_c1,HMN83555,NI,B,B2_c1_TGTTCCGGTTTGACAC,B
B2_c1,HMN83555,NI,B,B2_c1_TTAACTCAGGACATTA,B
B2_c1,HMN83560,NI,B,B2_c1_TTAGGACAGCTGTTCA,B
B2_c1,,,B,B2_c1_TTAGGCACAGCCTTGG,B
B2_c1,HMN83562,flu,B,B2_c1_TTAGTTCGTTACGTCA,B
B2_c1,HMN83556,NI,B,B2_c1_TTATGCTAGACAGGCT,B
B2_c1,,,B,B2_c1_TTCTCAAAGAGCCCAA,B
B2_c1,HMN83556,NI,B,B2_c1_TTCTCAAGTTGCGTTA,B
B2_c1,HMN83556,NI,B,B2_c1_TTGAACGTCATCTGTT,B
B2_c1,HMN83556,NI,B,B2_c1_TTGAACGTCGGTTAAC,B
B2_c1,,,B,B2_c1_TTGAACGTCTTTCCTC,B
B2_c1,HMN83556,NI,B,B2_c1_TTGACTTGTCCGTTAA,B
B2_c1,HMN83556,NI,B,B2_c1_TTGACTTGTCGAAAGC,B
B2_c1,,,B,B2_c1_TTGACTTTCCTATGTT,B
B2_c1,,,B,B2_c1_TTGCGTCTCATGTCCC,B
B2_c1,HMN83555,NI,B,B2_c1_TTGGCAAAGCGAAGGG,B
B2_c1,,,B,B2_c1_TTGGCAACAATAACGA,B
B2_c1,HMN83555,NI,B,B2_c1_TTGTAGGCACTTAAGC,B
B2_c1,,,B,B2_c1_TTTACTGAGAAGCCCA,B
B2_c1,,,B,B2_c1_TTTACTGCAATCTGCA,B
B2_c1,HMN83555,NI,B,B2_c1_TTTGCGCCAAGTCTGT,B
B2_c2,,,B,B2_c2_AAACCTGTCCTGTAGA,B
B2_c2,,,B,B2_c2_AAACCTGTCTGCGTAA,B
B2_c2,,,B,B2_c2_AAATGCCTCTTAACCT,B
B2_c2,,,B,B2_c2_AACCGCGCAGCATACT,B
B2_c2,HMN83562,NI,B,B2_c2_AACTTTCGTGCACGAA,B
B2_c2,,,B,B2_c2_AAGGAGCGTCGGGTCT,B
B2_c2,HMN83561,NI,B,B2_c2_AAGGTTCAGTGTTGAA,B
B2_c2,,,B,B2_c2_ACAGCCGAGCCGATTT,B
B2_c2,,,B,B2_c2_ACATGGTAGTTCCACA,B
B2_c2,,,B,B2_c2_ACGCCGACAACTGCTA,B
B2_c2,HMN83562,NI,B,B2_c2_ACGGCCACAGCCTATA,B
B2_c2,,,B,B2_c2_ACTGAACAGCAAATCA,B
B2_c2,,,B,B2_c2_ACTTGTTTCAGGCCCA,B
B2_c2,HMN83561,NI,B,B2_c2_AGCTCCTGTGATGATA,B
B2_c2,HMN83562,NI,B,B2_c2_AGCTCTCCATTTGCTT,B
B2_c2,HMN83557,NI,B,B2_c2_AGCTTGACAGGTCCAC,B
B2_c2,HMN83555,flu,B,B2_c2_AGCTTGAGTCTAACGT,B
B2_c2,,,B,B2_c2_AGGGTGACATACGCCG,B
B2_c2,,,B,B2_c2_AGTAGTCTCGGTCTAA,B
B2_c2,HMN83557,NI,B,B2_c2_AGTGAGGGTCCAAGTT,B
B2_c2,HMN83557,NI,B,B2_c2_ATGAGGGAGTGATCGG,B
B2_c2,,,B,B2_c2_ATGAGGGGTGCCTGTG,B
B2_c2,,,B,B2_c2_ATGGGAGTCGAATCCA,B
B2_c2,,,B,B2_c2_ATTCTACTCTTGAGAC,B
B2_c2,,,B,B2_c2_ATTGGACAGAAGCCCA,B
B2_c2,,,B,B2_c2_ATTGGACCACCTATCC,B
B2_c2,HMN83557,NI,B,B2_c2_ATTGGTGGTAGAGTGC,B
B2_c2,,,B,B2_c2_CAACCAAGTGGTTTCA,B
B2_c2,,,B,B2_c2_CAAGATCGTTTGACAC,B
B2_c2,HMN83557,NI,B,B2_c2_CACACCTTCTCCCTGA,B
B2_c2,,,B,B2_c2_CACAGGCGTGGCTCCA,B
B2_c2,HMN83557,NI,B,B2_c2_CACATAGCAGACAAGC,B
B2_c2,,,B,B2_c2_CAGAATCTCTGATACG,B
B2_c2,,,B,B2_c2_CAGAGAGGTTGTGGCC,B
B2_c2,HMN83557,NI,B,B2_c2_CAGCGACTCCTAGGGC,B
B2_c2,,,B,B2_c2_CAGCTGGGTCAGTGGA,B
B2_c2,HMN83560,flu,B,B2_c2_CATGCCTGTGCATCTA,B
B2_c2,HMN83556,flu,B,B2_c2_CCAATCCCAAACTGCT,B
B2_c2,HMN83561,NI,B,B2_c2_CCATTCGAGTAGGTGC,B
B2_c2,,,B,B2_c2_CCATTCGCAGGTTTCA,B
B2_c2,,,B,B2_c2_CCATTCGGTGAACCTT,B
B2_c2,,,B,B2_c2_CCGGGATGTCAACTGT,B
B2_c2,HMN83556,flu,B,B2_c2_CCGGTAGAGGTGACCA,B
B2_c2,HMN83557,NI,B,B2_c2_CCGGTAGAGTCTCCTC,B
B2_c2,,,B,B2_c2_CCGTTCACACTACAGT,B
B2_c2,,,B,B2_c2_CCGTTCATCGTTTATC,B
B2_c2,HMN83561,NI,B,B2_c2_CCTAAAGTCTTACCGC,B
B2_c2,HMN83561,NI,B,B2_c2_CCTAGCTGTTACGTCA,B
B2_c2,,,B,B2_c2_CCTTCCCGTCTGATTG,B
B2_c2,,,B,B2_c2_CGAACATTCTACTTAC,B
B2_c2,,,B,B2_c2_CGATTGATCCGCGTTT,B
B2_c2,,,B,B2_c2_CGCCAAGTCGAATGGG,B
B2_c2,HMN83561,NI,B,B2_c2_CGCTGGAAGGCCCGTT,B
B2_c2,HMN83562,NI,B,B2_c2_CGCTTCAGTTACAGAA,B
B2_c2,HMN83561,NI,B,B2_c2_CGGACGTAGGATGTAT,B
B2_c2,HMN83562,NI,B,B2_c2_CGTAGGCGTACCCAAT,B
B2_c2,HMN83556,flu,B,B2_c2_CGTCAGGCATTTGCTT,B
B2_c2,,,B,B2_c2_CGTCAGGTCAAGCCTA,B
B2_c2,,,B,B2_c2_CGTGTAACACTGTTAG,B
B2_c2,HMN83557,NI,B,B2_c2_CTAAGACTCCCTTGTG,B
B2_c2,,,B,B2_c2_CTACACCAGAGACGAA,B
B2_c2,HMN83557,NI,B,B2_c2_CTAGAGTAGACTAGGC,B
B2_c2,,,B,B2_c2_CTAGCCTAGAAAGTGG,B
B2_c2,,,B,B2_c2_CTAGCCTTCATCGATG,B
B2_c2,,,B,B2_c2_CTCAGAAGTCAGCTAT,B
B2_c2,,,B,B2_c2_CTCATTAGTCACAAGG,B
B2_c2,,,B,B2_c2_CTCCTAGAGCCAGTTT,B
B2_c2,,,B,B2_c2_CTCGAGGAGAGTTGGC,B
B2_c2,HMN83557,NI,B,B2_c2_CTCGTACAGACCACGA,B
B2_c2,,,B,B2_c2_CTCGTACCATTCCTCG,B
B2_c2,HMN83561,NI,B,B2_c2_CTCGTCACATTACGAC,B
B2_c2,,,B,B2_c2_CTCTGGTTCAGGTTCA,B
B2_c2,,,B,B2_c2_CTGAAGTAGAGGTAGA,B
B2_c2,HMN83562,NI,B,B2_c2_CTGATAGGTCGACTAT,B
B2_c2,,,B,B2_c2_CTGATCCCATCACGTA,B
B2_c2,,,B,B2_c2_CTGATCCTCTCAACTT,B
B2_c2,,,B,B2_c2_CTGCTGTGTGCGAAAC,B
B2_c2,,,B,B2_c2_CTTTGCGCACTTCTGC,B
B2_c2,,,B,B2_c2_GAAATGAGTCAAACTC,B
B2_c2,,,B,B2_c2_GAACCTACAAAGGTGC,B
B2_c2,,,B,B2_c2_GAACGGAAGGAATCGC,B
B2_c2,,,B,B2_c2_GAACGGATCTGTTGAG,B
B2_c2,,,B,B2_c2_GACTACAAGCGGATCA,B
B2_c2,HMN83557,NI,B,B2_c2_GACTACAAGGGCATGT,B
B2_c2,,,B,B2_c2_GACTACAGTCATATGC,B
B2_c2,,,B,B2_c2_GACTGCGTCCAGATCA,B
B2_c2,HMN83561,NI,B,B2_c2_GCACATAAGAAGGACA,B
B2_c2,HMN83561,NI,B,B2_c2_GCAGTTAAGGGCTTCC,B
B2_c2,,,B,B2_c2_GCATGTACAAAGGAAG,B
B2_c2,,,B,B2_c2_GCATGTACAGACGTAG,B
B2_c2,HMN83562,NI,B,B2_c2_GCCAAATTCTGGTATG,B
B2_c2,,,B,B2_c2_GCGACCAAGGCATGTG,B
B2_c2,HMN83557,NI,B,B2_c2_GCGACCATCAGTTTGG,B
B2_c2,HMN83561,NI,B,B2_c2_GCGCCAACACCATCCT,B
B2_c2,,,B,B2_c2_GCTGCAGAGTGAAGAG,B
B2_c2,HMN83557,NI,B,B2_c2_GCTGCTTAGCGCCTCA,B
B2_c2,HMN83556,flu,B,B2_c2_GCTTGAAAGGACTGGT,B
B2_c2,,,B,B2_c2_GCTTGAAGTCTCAACA,B
B2_c2,,,B,B2_c2_GCTTGAATCCCATTAT,B
B2_c2,,,B,B2_c2_GGAAAGCAGGCGACAT,B
B2_c2,HMN83557,NI,B,B2_c2_GGACATTAGCAGCGTA,B
B2_c2,HMN83555,flu,B,B2_c2_GGCCGATAGCACACAG,B
B2_c2,,,B,B2_c2_GGCCGATAGCTCTCGG,B
B2_c2,HMN83561,NI,B,B2_c2_GGGAATGCATTCTTAC,B
B2_c2,HMN83561,NI,B,B2_c2_GGGAGATCAGACAAAT,B
B2_c2,HMN83557,NI,B,B2_c2_GGGAGATTCTGGCGAC,B
B2_c2,,,B,B2_c2_GGGATGATCATAACCG,B
B2_c2,,,B,B2_c2_GGGCATCTCTAACTTC,B
B2_c2,HMN83561,NI,B,B2_c2_GGTGCGTAGTTCCACA,B
B2_c2,,,B,B2_c2_GTACTTTTCTGCCCTA,B
B2_c2,HMN83560,flu,B,B2_c2_GTAGTCATCTGGCGTG,B
B2_c2,,,B,B2_c2_GTGTGCGTCGCCCTTA,B
B2_c2,HMN83562,NI,B,B2_c2_TAAACCGGTAGCGTAG,B
B2_c2,HMN83555,flu,B,B2_c2_TAAGAGACACTGCCAG,B
B2_c2,HMN83557,NI,B,B2_c2_TACGGGCGTAAACACA,B
B2_c2,HMN83562,NI,B,B2_c2_TAGTGGTGTCAGAAGC,B
B2_c2,,,B,B2_c2_TCGAGGCTCTACTCAT,B
B2_c2,HMN83561,NI,B,B2_c2_TCGGTAAAGAATGTGT,B
B2_c2,HMN83561,NI,B,B2_c2_TCTCTAACATCACAAC,B
B2_c2,HMN83561,NI,B,B2_c2_TCTGGAATCAGCCTAA,B
B2_c2,HMN83561,NI,B,B2_c2_TGAGCCGAGAGTAATC,B
B2_c2,,,B,B2_c2_TGAGCCGCACAACGTT,B
B2_c2,,,B,B2_c2_TGAGGGATCGAGCCCA,B
B2_c2,,,B,B2_c2_TGCGGGTCACCTCGTT,B
B2_c2,HMN83560,flu,B,B2_c2_TGCGGGTGTACAGCAG,B
B2_c2,,,B,B2_c2_TGCTACCGTTGTCGCG,B
B2_c2,HMN83557,NI,B,B2_c2_TGGCGCATCACTGGGC,B
B2_c2,HMN83557,NI,B,B2_c2_TGTCCCAGTTCGCTAA,B
B2_c2,HMN83561,NI,B,B2_c2_TTAGTTCGTTGATTCG,B
B2_c2,HMN83557,NI,B,B2_c2_TTCGAAGGTATGAAAC,B
B2_c2,,,B,B2_c2_TTGCCGTCAGCCAATT,B
B2_c2,,,B,B2_c2_TTTACTGCAATGAATG,B
B2_c2,HMN83562,NI,B,B2_c2_TTTATGCCACTGTGTA,B
B2_c2,HMN83561,NI,B,B2_c2_TTTGGTTGTTTGTTGG,B
B3_c1,HMN83567,flu,B,B3_c1_AAAGATGGTACTTGAC,B
B3_c1,,,B,B3_c1_AAATGCCAGGTAGCCA,B
B3_c1,HMN83568,NI,B,B3_c1_AACCATGGTAGCCTAT,B
B3_c1,,,B,B3_c1_AACCGCGGTCAAGCGA,B
B3_c1,,,B,B3_c1_AACCGCGGTGAGGCTA,B
B3_c1,,,B,B3_c1_AACTCAGCAGGCAGTA,B
B3_c1,HMN83568,NI,B,B3_c1_AACTCCCGTCCAAGTT,B
B3_c1,,,B,B3_c1_AACTCTTCACACGCTG,B
B3_c1,,,B,B3_c1_AACTTTCGTCATATCG,B
B3_c1,,,B,B3_c1_AAGCCGCGTCGTCTTC,B
B3_c1,,,B,B3_c1_AAGGCAGCATATACCG,B
B3_c1,HMN83568,NI,B,B3_c1_AAGGCAGGTCCAACTA,B
B3_c1,,,B,B3_c1_AATCGGTAGGATGGAA,B
B3_c1,HMN83565,NI,B,B3_c1_ACACCCTTCTGATTCT,B
B3_c1,HMN83567,flu,B,B3_c1_ACAGCCGAGCCTATGT,B
B3_c1,HMN83568,NI,B,B3_c1_ACAGCCGAGGGTTCCC,B
B3_c1,HMN83565,NI,B,B3_c1_ACATCAGGTATTCGTG,B
B3_c1,,,B,B3_c1_ACATCAGGTTTGTTGG,B
B3_c1,HMN83568,NI,B,B3_c1_ACATCAGTCGCCCTTA,B
B3_c1,,,B,B3_c1_ACATGGTTCCGCGTTT,B
B3_c1,,,B,B3_c1_ACCAGTATCATAACCG,B
B3_c1,HMN83568,NI,B,B3_c1_ACGATACTCGCTAGCG,B
B3_c1,HMN83568,NI,B,B3_c1_ACGCAGCGTAGCCTCG,B
B3_c1,,,B,B3_c1_ACGCCAGAGATACACA,B
B3_c1,HMN83565,NI,B,B3_c1_ACGCCGAGTTGTGGAG,B
B3_c1,,,B,B3_c1_ACGGAGATCGGAGCAA,B
B3_c1,HMN83564,NI,B,B3_c1_ACGGGCTAGTGAAGTT,B
B3_c1,HMN83564,NI,B,B3_c1_ACGGGTCCAGGTCGTC,B
B3_c1,HMN83564,NI,B,B3_c1_ACTATCTAGAAGATTC,B
B3_c1,,,B,B3_c1_ACTATCTTCATTCACT,B
B3_c1,,,B,B3_c1_ACTGAGTCACCAGGTC,B
B3_c1,,,B,B3_c1_ACTTTCAAGTACTTGC,B
B3_c1,HMN83565,NI,B,B3_c1_ACTTTCAGTCAACATC,B
B3_c1,HMN83568,NI,B,B3_c1_AGAATAGGTCGCGTGT,B
B3_c1,HMN83568,NI,B,B3_c1_AGACGTTCAGCCTTTC,B
B3_c1,HMN83564,NI,B,B3_c1_AGAGCGATCACCTTAT,B
B3_c1,HMN83565,NI,B,B3_c1_AGATTGCTCAGTTCGA,B
B3_c1,,,B,B3_c1_AGCCTAACAACTGCGC,B
B3_c1,,,B,B3_c1_AGCGTATTCGAATCCA,B
B3_c1,HMN83565,NI,B,B3_c1_AGCTCCTGTTAAGGGC,B
B3_c1,HMN83565,NI,B,B3_c1_AGCTCTCTCCTAGAAC,B
B3_c1,,,B,B3_c1_AGGCCACCAGACGCTC,B
B3_c1,HMN83568,NI,B,B3_c1_AGGCCACGTAACGTTC,B
B3_c1,,,B,B3_c1_AGGCCACGTGTTAAGA,B
B3_c1,,,B,B3_c1_AGGCCGTAGGATCGCA,B
B3_c1,,,B,B3_c1_AGTAGTCTCCATGAGT,B
B3_c1,HMN83568,NI,B,B3_c1_AGTGGGAGTCATATCG,B
B3_c1,HMN83568,NI,B,B3_c1_AGTGGGAGTTCGTGAT,B
B3_c1,HMN83564,NI,B,B3_c1_AGTGTCAAGAAGGGTA,B
B3_c1,HMN83565,NI,B,B3_c1_AGTGTCAGTCCAACTA,B
B3_c1,,,B,B3_c1_ATAACGCCACTTCTGC,B
B3_c1,,,B,B3_c1_ATAAGAGGTAGCAAAT,B
B3_c1,HMN83568,NI,B,B3_c1_ATAGACCTCTATGTGG,B
B3_c1,HMN83568,NI,B,B3_c1_ATCACGACAGTAGAGC,B
B3_c1,HMN83565,NI,B,B3_c1_ATCATCTCATCGATGT,B
B3_c1,,,B,B3_c1_ATCCGAACATTTCAGG,B
B3_c1,,,B,B3_c1_ATCCGAAGTCGTTGTA,B
B3_c1,,,B,B3_c1_ATCGAGTCACAAGACG,B
B3_c1,HMN83569,flu,B,B3_c1_ATCGAGTCATAGAAAC,B
B3_c1,,,B,B3_c1_ATGAGGGAGATATGGT,B
B3_c1,,,B,B3_c1_ATGCGATAGCGTCTAT,B
B3_c1,,,B,B3_c1_ATGCGATCATGTCGAT,B
B3_c1,HMN83568,NI,B,B3_c1_ATGCGATTCATCTGTT,B
B3_c1,,,B,B3_c1_ATGGGAGAGTACATGA,B
B3_c1,HMN83568,NI,B,B3_c1_ATGGGAGCATGCTAGT,B
B3_c1,,,B,B3_c1_ATTCTACCATGAACCT,B
B3_c1,HMN83565,NI,B,B3_c1_CAACCAATCATGCATG,B
B3_c1,HMN83568,NI,B,B3_c1_CAAGATCCATGACATC,B
B3_c1,HMN83564,NI,B,B3_c1_CAAGGCCTCGTTTGCC,B
B3_c1,,,B,B3_c1_CAAGTTGAGGAGTTTA,B
B3_c1,,,B,B3_c1_CACAGGCAGAACTCGG,B
B3_c1,,,B,B3_c1_CACAGGCCACCAGCAC,B
B3_c1,,,B,B3_c1_CACAGTATCTAACTTC,B
B3_c1,HMN83568,NI,B,B3_c1_CACATAGGTGGCAAAC,B
B3_c1,,,B,B3_c1_CACATTTAGGATGTAT,B
B3_c1,,,B,B3_c1_CACCAGGTCATATCGG,B
B3_c1,,,B,B3_c1_CAGATCAGTGACAAAT,B
B3_c1,,,B,B3_c1_CAGATCATCTCTAAGG,B
B3_c1,,,B,B3_c1_CAGCGACTCGGTCTAA,B
B3_c1,,,B,B3_c1_CAGCTAACAGTAACGG,B
B3_c1,HMN83565,NI,B,B3_c1_CAGCTAATCAGAGGTG,B
B3_c1,,,B,B3_c1_CAGCTGGAGACAGAGA,B
B3_c1,,,B,B3_c1_CAGTCCTTCAGAGCTT,B
B3_c1,,,B,B3_c1_CATATTCAGCTTTGGT,B
B3_c1,HMN83564,NI,B,B3_c1_CATCAGAGTTATTCTC,B
B3_c1,HMN83568,NI,B,B3_c1_CATCCACAGACTTGAA,B
B3_c1,HMN83564,NI,B,B3_c1_CATCGGGAGGTAGCTG,B
B3_c1,HMN83568,NI,B,B3_c1_CATGGCGTCACTCCTG,B
B3_c1,,,B,B3_c1_CATTCGCGTGATGTCT,B
B3_c1,HMN83567,flu,B,B3_c1_CCACGGACAAGTTCTG,B
B3_c1,,,B,B3_c1_CCATGTCGTTCGTTGA,B
B3_c1,,,B,B3_c1_CCCAATCCAGAAGCAC,B
B3_c1,,,B,B3_c1_CCCAGTTCACCTATCC,B
B3_c1,HMN83568,NI,B,B3_c1_CCGGGATTCGAACTGT,B
B3_c1,,,B,B3_c1_CCGGTAGCAGGCGATA,B
B3_c1,,,B,B3_c1_CCGGTAGTCGAGCCCA,B
B3_c1,,,B,B3_c1_CCGTTCAAGAGTAAGG,B
B3_c1,HMN83565,NI,B,B3_c1_CCTAAAGCAGATCTGT,B
B3_c1,,,B,B3_c1_CCTAAAGGTGGCTCCA,B
B3_c1,HMN83565,NI,B,B3_c1_CCTACCAGTATGGTTC,B
B3_c1,HMN83568,NI,B,B3_c1_CCTCAGTAGCCTCGTG,B
B3_c1,HMN83565,NI,B,B3_c1_CCTCAGTAGCTAGTCT,B
B3_c1,,,B,B3_c1_CCTCAGTGTCACCCAG,B
B3_c1,HMN83564,NI,B,B3_c1_CCTCAGTTCCTGCCAT,B
B3_c1,,,B,B3_c1_CCTCTGACAAGGACAC,B
B3_c1,,,B,B3_c1_CCTTTCTTCTGCAAGT,B
B3_c1,HMN83570,flu,B,B3_c1_CGACTTCCACACCGCA,B
B3_c1,,,B,B3_c1_CGAGCACCACCACCAG,B
B3_c1,HMN83565,NI,B,B3_c1_CGATCGGTCCTTTCTC,B
B3_c1,,,B,B3_c1_CGATCGGTCTGGTATG,B
B3_c1,,,B,B3_c1_CGATGGCGTCACTTCC,B
B3_c1,,,B,B3_c1_CGATTGAAGTTGAGTA,B
B3_c1,,,B,B3_c1_CGATTGAGTGTTGGGA,B
B3_c1,HMN83565,NI,B,B3_c1_CGCTATCCACACCGCA,B
B3_c1,,,B,B3_c1_CGCTATCGTAATTGGA,B
B3_c1,,,B,B3_c1_CGGCTAGAGTGCCATT,B
B3_c1,,,B,B3_c1_CGGCTAGCAGCTTAAC,B
B3_c1,HMN83568,NI,B,B3_c1_CGGGTCATCAAACGGG,B
B3_c1,HMN83565,NI,B,B3_c1_CGTAGCGAGGGAGTAA,B
B3_c1,HMN83568,NI,B,B3_c1_CGTCCATGTCTCTCGT,B
B3_c1,,,B,B3_c1_CGTGAGCAGGCCCGTT,B
B3_c1,,,B,B3_c1_CGTGTAAAGTTCGCAT,B
B3_c1,HMN83565,NI,B,B3_c1_CTACACCGTAATCGTC,B
B3_c1,HMN83568,NI,B,B3_c1_CTACACCGTTCCATGA,B
B3_c1,,,B,B3_c1_CTACATTGTTCCACGG,B
B3_c1,HMN83564,NI,B,B3_c1_CTCGGAGGTATTCGTG,B
B3_c1,,,B,B3_c1_CTCGGAGGTCTAGGTT,B
B3_c1,,,B,B3_c1_CTCGTACAGCCACTAT,B
B3_c1,HMN83568,NI,B,B3_c1_CTCGTACGTTTCCACC,B
B3_c1,,,B,B3_c1_CTCTACGAGTATGACA,B
B3_c1,,,B,B3_c1_CTCTACGTCGGTCCGA,B
B3_c1,HMN83568,NI,B,B3_c1_CTGAAGTCATGTTCCC,B
B3_c1,,,B,B3_c1_CTGATCCGTAAGTGGC,B
B3_c1,HMN83568,NI,B,B3_c1_CTGATCCTCGAGCCCA,B
B3_c1,HMN83564,NI,B,B3_c1_CTGCTGTTCACGCGGT,B
B3_c1,HMN83568,NI,B,B3_c1_CTGCTGTTCGGAAATA,B
B3_c1,,,B,B3_c1_CTGTTTATCGTACCGG,B
B3_c1,HMN83568,NI,B,B3_c1_GAAACTCCAATGGAAT,B
B3_c1,HMN83565,NI,B,B3_c1_GAAACTCCATGCCCGA,B
B3_c1,HMN83570,flu,B,B3_c1_GAACCTACACGGTGTC,B
B3_c1,HMN83565,NI,B,B3_c1_GACACGCCATTCCTGC,B
B3_c1,HMN83565,NI,B,B3_c1_GACCAATTCCAGGGCT,B
B3_c1,HMN83565,NI,B,B3_c1_GACGGCTAGAAAGTGG,B
B3_c1,HMN83568,NI,B,B3_c1_GACGTGCAGTCCCACG,B
B3_c1,,,B,B3_c1_GACGTTATCTCCCTGA,B
B3_c1,HMN83568,NI,B,B3_c1_GACTACACATGTTCCC,B
B3_c1,,,B,B3_c1_GAGGTGAGTATAAACG,B
B3_c1,HMN83568,NI,B,B3_c1_GAGGTGAGTGCGAAAC,B
B3_c1,HMN83568,NI,B,B3_c1_GATCGTAGTGTAAGTA,B
B3_c1,,,B,B3_c1_GATCTAGAGCTCTCGG,B
B3_c1,,,B,B3_c1_GATCTAGGTCGATTGT,B
B3_c1,HMN83568,NI,B,B3_c1_GATGAAACATCTCGCT,B
B3_c1,HMN83565,NI,B,B3_c1_GATGAAATCAGTTCGA,B
B3_c1,HMN83565,NI,B,B3_c1_GATGCTACACATGACT,B
B3_c1,,,B,B3_c1_GCAATCACACGCGAAA,B
B3_c1,HMN83569,flu,B,B3_c1_GCACATAAGTGTTAGA,B
B3_c1,HMN83568,NI,B,B3_c1_GCACATAGTTCCATGA,B
B3_c1,HMN83565,NI,B,B3_c1_GCACTCTGTAGCTCCG,B
B3_c1,HMN83565,NI,B,B3_c1_GCAGTTATCGTACCGG,B
B3_c1,,,B,B3_c1_GCCTCTACATTAGGCT,B
B3_c1,HMN83568,NI,B,B3_c1_GCGCAGTGTCGCGTGT,B
B3_c1,HMN83565,NI,B,B3_c1_GCTGCAGAGTCGCCGT,B
B3_c1,,,B,B3_c1_GCTGCAGCAAGCTGAG,B
B3_c1,HMN83564,NI,B,B3_c1_GCTTCCAGTAAATACG,B
B3_c1,,,B,B3_c1_GCTTGAATCTAGCACA,B
B3_c1,HMN83568,NI,B,B3_c1_GGAACTTGTTCGTCTC,B
B3_c1,,,B,B3_c1_GGAGCAAGTGTAAGTA,B
B3_c1,,,B,B3_c1_GGCAATTCAACGATGG,B
B3_c1,,,B,B3_c1_GGCCGATGTAGCCTAT,B
B3_c1,HMN83568,NI,B,B3_c1_GGCGACTGTGCTTCTC,B
B3_c1,HMN83564,NI,B,B3_c1_GGCGTGTTCTTTACAC,B
B3_c1,HMN83565,NI,B,B3_c1_GGGACCTCAATCGAAA,B
B3_c1,HMN83570,flu,B,B3_c1_GGGACCTCAGCTGCTG,B
B3_c1,,,B,B3_c1_GGGATGAGTCTTCGTC,B
B3_c1,,,B,B3_c1_GGTGCGTAGGTTACCT,B
B3_c1,,,B,B3_c1_GGTGTTATCCGCGGTA,B
B3_c1,,,B,B3_c1_GTACGTAGTTCCACTC,B
B3_c1,,,B,B3_c1_GTACTCCTCAGAAATG,B
B3_c1,,,B,B3_c1_GTACTCCTCTAACTGG,B
B3_c1,HMN83564,NI,B,B3_c1_GTCACAAAGCGACGTA,B
B3_c1,,,B,B3_c1_GTCACAACAAAGTGCG,B
B3_c1,HMN83565,NI,B,B3_c1_GTCCTCAGTCTCAACA,B
B3_c1,,,B,B3_c1_GTCGGGTAGACCTAGG,B
B3_c1,,,B,B3_c1_GTCGGGTTCCAGGGCT,B
B3_c1,HMN83568,NI,B,B3_c1_GTCGGGTTCTGAGTGT,B
B3_c1,,,B,B3_c1_GTGCTTCCAGGATCGA,B
B3_c1,,,B,B3_c1_GTTAAGCGTTCTGGTA,B
B3_c1,HMN83565,NI,B,B3_c1_GTTACAGTCCAAACTG,B
B3_c1,,,B,B3_c1_GTTACAGTCTCTAAGG,B
B3_c1,,,B,B3_c1_GTTCATTGTTCAGGCC,B
B3_c1,HMN83568,NI,B,B3_c1_GTTCTCGGTTTAAGCC,B
B3_c1,HMN83565,NI,B,B3_c1_GTTTCTAAGGACACCA,B
B3_c1,HMN83564,NI,B,B3_c1_TACAGTGCAAGCTGGA,B
B3_c1,,,B,B3_c1_TACAGTGGTGTGACGA,B
B3_c1,,,B,B3_c1_TACAGTGTCAGCTCGG,B
B3_c1,,,B,B3_c1_TACTCATTCCACGACG,B
B3_c1,,,B,B3_c1_TACTTACGTGTTGAGG,B
B3_c1,,,B,B3_c1_TACTTACTCTGCCAGG,B
B3_c1,,,B,B3_c1_TAGAGCTGTGGCGAAT,B
B3_c1,HMN83565,NI,B,B3_c1_TAGCCGGCATGCTGGC,B
B3_c1,,,B,B3_c1_TAGGCATCACATCCGG,B
B3_c1,,,B,B3_c1_TATCAGGAGCTCCTCT,B
B3_c1,,,B,B3_c1_TCAATCTGTGATGTGG,B
B3_c1,HMN83565,NI,B,B3_c1_TCACGAAGTCACCCAG,B
B3_c1,,,B,B3_c1_TCAGATGAGGCGATAC,B
B3_c1,HMN83564,NI,B,B3_c1_TCAGCTCAGTCGTTTG,B
B3_c1,,,B,B3_c1_TCAGGTAAGGGCATGT,B
B3_c1,,,B,B3_c1_TCAGGTAGTATTAGCC,B
B3_c1,HMN83568,NI,B,B3_c1_TCATTTGCACCCTATC,B
B3_c1,HMN83568,NI,B,B3_c1_TCGAGGCCACACTGCG,B
B3_c1,HMN83568,NI,B,B3_c1_TCGCGAGGTCCAGTAT,B
B3_c1,,,B,B3_c1_TCGCGTTTCGTCGTTC,B
B3_c1,,,B,B3_c1_TCGGTAAAGAATCTCC,B
B3_c1,,,B,B3_c1_TCGGTAACAAGGTTCT,B
B3_c1,HMN83568,NI,B,B3_c1_TCGTAGAAGAGCCCAA,B
B3_c1,HMN83565,NI,B,B3_c1_TCGTAGACATTTGCCC,B
B3_c1,,,B,B3_c1_TCTGGAAAGTCTCCTC,B
B3_c1,,,B,B3_c1_TGACAACGTCTACCTC,B
B3_c1,HMN83565,NI,B,B3_c1_TGACTAGCATGTCTCC,B
B3_c1,HMN83565,NI,B,B3_c1_TGACTTTTCCACGACG,B
B3_c1,,,B,B3_c1_TGACTTTTCTCTGCTG,B
B3_c1,HMN83564,NI,B,B3_c1_TGAGCCGTCGCGATCG,B
B3_c1,,,B,B3_c1_TGCCCTAAGTCGATAA,B
B3_c1,HMN83565,NI,B,B3_c1_TGCGCAGAGCTAAACA,B
B3_c1,,,B,B3_c1_TGCGCAGTCAACTCTT,B
B3_c1,HMN83565,NI,B,B3_c1_TGCGGGTGTTGTTTGG,B
B3_c1,HMN83565,NI,B,B3_c1_TGCTGCTAGGTGTGGT,B
B3_c1,HMN83564,NI,B,B3_c1_TGGCCAGGTAAGTAGT,B
B3_c1,HMN83564,NI,B,B3_c1_TGGTTAGAGGTCGGAT,B
B3_c1,HMN83568,NI,B,B3_c1_TGTCCCAGTCTTCTCG,B
B3_c1,,,B,B3_c1_TGTGTTTGTATTAGCC,B
B3_c1,,,B,B3_c1_TTAACTCCACACCGAC,B
B3_c1,,,B,B3_c1_TTAACTCGTCATATGC,B
B3_c1,,,B,B3_c1_TTAGGCAAGGCGATAC,B
B3_c1,HMN83569,flu,B,B3_c1_TTCCCAGCAGGGTACA,B
B3_c1,,,B,B3_c1_TTCGAAGTCATGTCTT,B
B3_c1,HMN83568,NI,B,B3_c1_TTCGGTCGTTGAGGTG,B
B3_c1,HMN83568,NI,B,B3_c1_TTCTACACAGCCACCA,B
B3_c1,,,B,B3_c1_TTGAACGCACCTTGTC,B
B3_c1,,,B,B3_c1_TTGCGTCCAAGGGTCA,B
B3_c1,,,B,B3_c1_TTGCGTCGTCGCTTCT,B
B3_c1,,,B,B3_c1_TTTACTGCAGGATTGG,B
B3_c2,HMN83569,NI,B,B3_c2_AAACGGGTCTTGGGTA,B
B3_c2,,,B,B3_c2_AAAGATGAGCCGCCTA,B
B3_c2,,,B,B3_c2_AAAGATGTCCTGCCAT,B
B3_c2,,,B,B3_c2_AACACGTGTGCGATAG,B
B3_c2,,,B,B3_c2_AACACGTGTGTGTGCC,B
B3_c2,HMN83569,NI,B,B3_c2_AACCGCGCAAGGGTCA,B
B3_c2,,,B,B3_c2_AACTCCCAGGGTGTGT,B
B3_c2,,,B,B3_c2_AACTCCCTCCGTTGTC,B
B3_c2,,,B,B3_c2_AACTCCCTCTTTCCTC,B
B3_c2,,,B,B3_c2_AACTGGTAGGCTATCT,B
B3_c2,HMN83569,NI,B,B3_c2_AACTGGTTCGTTGACA,B
B3_c2,HMN83569,NI,B,B3_c2_AAGACCTAGACTGGGT,B
B3_c2,HMN83567,NI,B,B3_c2_AAGCCGCGTCGGGTCT,B
B3_c2,,,B,B3_c2_AAGGAGCCAGATTGCT,B
B3_c2,HMN83569,NI,B,B3_c2_AATCCAGTCGGAATCT,B
B3_c2,HMN83570,NI,B,B3_c2_ACACCCTAGGCATGTG,B
B3_c2,,,B,B3_c2_ACACTGAAGTCGTTTG,B
B3_c2,,,B,B3_c2_ACACTGAGTACCCAAT,B
B3_c2,HMN83569,NI,B,B3_c2_ACAGCCGAGGGATCTG,B
B3_c2,HMN83568,flu,B,B3_c2_ACAGCTACAGGAATCG,B
B3_c2,,,B,B3_c2_ACAGCTATCGGCGCTA,B
B3_c2,HMN83569,NI,B,B3_c2_ACATACGTCAGGTAAA,B
B3_c2,HMN83569,NI,B,B3_c2_ACATACGTCCGCTGTT,B
B3_c2,,,B,B3_c2_ACATGGTGTCCGAATT,B
B3_c2,,,B,B3_c2_ACCAGTAAGCTCAACT,B
B3_c2,,,B,B3_c2_ACCAGTACAGCTGCTG,B
B3_c2,HMN83567,NI,B,B3_c2_ACCGTAAGTGCACTTA,B
B3_c2,HMN83569,NI,B,B3_c2_ACCTTTAAGAGAGCTC,B
B3_c2,,,B,B3_c2_ACGATACGTTTGTTTC,B
B3_c2,,,B,B3_c2_ACGATGTCAGTGACAG,B
B3_c2,HMN83569,NI,B,B3_c2_ACGCAGCAGTTAAGTG,B
B3_c2,HMN83569,NI,B,B3_c2_ACGCCAGTCCACGTGG,B
B3_c2,,,B,B3_c2_ACGGAGATCTGTCTCG,B
B3_c2,HMN83569,NI,B,B3_c2_ACGGGTCAGGTAGCCA,B
B3_c2,,,B,B3_c2_ACGTCAAAGTTAGGTA,B
B3_c2,HMN83569,NI,B,B3_c2_ACTGAACTCAAAGACA,B
B3_c2,HMN83570,NI,B,B3_c2_ACTGATGGTGGTACAG,B
B3_c2,,,B,B3_c2_ACTTACTCAGGTGCCT,B
B3_c2,,,B,B3_c2_ACTTGTTAGGTGCAAC,B
B3_c2,,,B,B3_c2_ACTTGTTTCAGCTCGG,B
B3_c2,,,B,B3_c2_ACTTTCACATTACGAC,B
B3_c2,,,B,B3_c2_AGAATAGCAACTTGAC,B
B3_c2,,,B,B3_c2_AGACGTTGTGTGACCC,B
B3_c2,,,B,B3_c2_AGAGCTTAGGTGTGGT,B
B3_c2,,,B,B3_c2_AGAGTGGAGATAGGAG,B
B3_c2,HMN83569,NI,B,B3_c2_AGATTGCAGTTCGATC,B
B3_c2,,,B,B3_c2_AGATTGCGTTCGTCTC,B
B3_c2,HMN83570,NI,B,B3_c2_AGCAGCCTCACGAAGG,B
B3_c2,HMN83570,NI,B,B3_c2_AGCAGCCTCTGCTGTC,B
B3_c2,,,B,B3_c2_AGCCTAAGTGGTAACG,B
B3_c2,HMN83570,NI,B,B3_c2_AGCCTAATCATACGGT,B
B3_c2,,,B,B3_c2_AGCGGTCTCTCGTATT,B
B3_c2,HMN83569,NI,B,B3_c2_AGCTCTCAGACGCACA,B
B3_c2,HMN83567,NI,B,B3_c2_AGCTCTCTCTCTTGAT,B
B3_c2,HMN83569,NI,B,B3_c2_AGCTTGAAGAGGTAGA,B
B3_c2,HMN83569,NI,B,B3_c2_AGGCCGTCAGCTGCAC,B
B3_c2,HMN83570,NI,B,B3_c2_AGGCCGTTCCCATTTA,B
B3_c2,HMN83569,NI,B,B3_c2_AGGGAGTCAATTCCTT,B
B3_c2,HMN83569,NI,B,B3_c2_AGGGAGTTCAGTCAGT,B
B3_c2,HMN83569,NI,B,B3_c2_AGGGTGAAGCCGGTAA,B
B3_c2,HMN83567,NI,B,B3_c2_AGGGTGAAGTAGCCGA,B
B3_c2,,,B,B3_c2_AGGTCCGGTCTGATTG,B
B3_c2,,,B,B3_c2_AGTGGGAGTTGCTCCT,B
B3_c2,HMN83569,NI,B,B3_c2_ATCCACCCACCTTGTC,B
B3_c2,HMN83569,NI,B,B3_c2_ATCCGAAAGCGCCTCA,B
B3_c2,,,B,B3_c2_ATCTACTCAAATTGCC,B
B3_c2,,,B,B3_c2_ATCTACTGTAATCGTC,B
B3_c2,HMN83569,NI,B,B3_c2_ATCTACTGTAGCTCCG,B
B3_c2,,,B,B3_c2_ATCTGCCCACATCCAA,B
B3_c2,HMN83570,NI,B,B3_c2_ATGGGAGAGGGCATGT,B
B3_c2,HMN83569,NI,B,B3_c2_ATGTGTGAGAGGGCTT,B
B3_c2,HMN83569,NI,B,B3_c2_ATGTGTGCATGTCTCC,B
B3_c2,,,B,B3_c2_ATGTGTGGTTGGTTTG,B
B3_c2,HMN83569,NI,B,B3_c2_ATTCTACTCACAGGCC,B
B3_c2,HMN83567,NI,B,B3_c2_ATTGGTGAGCTAACTC,B
B3_c2,,,B,B3_c2_ATTGGTGGTAACGACG,B
B3_c2,,,B,B3_c2_ATTGGTGTCATAAAGG,B
B3_c2,HMN83567,NI,B,B3_c2_CAACCAAGTCAAAGAT,B
B3_c2,,,B,B3_c2_CAACCTCTCTTAGAGC,B
B3_c2,,,B,B3_c2_CAACTAGCAAGGTGTG,B
B3_c2,HMN83569,NI,B,B3_c2_CAAGAAAGTGCCTGCA,B
B3_c2,,,B,B3_c2_CAAGAAATCCTGTAGA,B
B3_c2,HMN83564,flu,B,B3_c2_CAAGGCCAGCAGGTCA,B
B3_c2,,,B,B3_c2_CAAGGCCAGGGTTCCC,B
B3_c2,,,B,B3_c2_CAAGGCCCATGCCCGA,B
B3_c2,HMN83569,NI,B,B3_c2_CACACAAGTTCTGAAC,B
B3_c2,HMN83570,NI,B,B3_c2_CACACCTCAGTGGAGT,B
B3_c2,HMN83565,flu,B,B3_c2_CACACCTCATACCATG,B
B3_c2,,,B,B3_c2_CACAGGCGTACGAAAT,B
B3_c2,,,B,B3_c2_CACAGTACATCGATTG,B
B3_c2,HMN83569,NI,B,B3_c2_CACCAGGAGTATGACA,B
B3_c2,,,B,B3_c2_CAGATCATCTCAAACG,B
B3_c2,,,B,B3_c2_CAGCAGCAGACTACAA,B
B3_c2,HMN83569,NI,B,B3_c2_CAGCATAAGGTGCTTT,B
B3_c2,,,B,B3_c2_CAGCCGACACTGCCAG,B
B3_c2,,,B,B3_c2_CAGCGACGTTCTGAAC,B
B3_c2,HMN83567,NI,B,B3_c2_CAGCGACTCCTTCAAT,B
B3_c2,,,B,B3_c2_CAGCTAACAAAGGTGC,B
B3_c2,HMN83569,NI,B,B3_c2_CAGCTAACATCCGGGT,B
B3_c2,,,B,B3_c2_CATATGGGTCTGCCAG,B
B3_c2,HMN83569,NI,B,B3_c2_CATATTCTCGCCCTTA,B
B3_c2,HMN83569,NI,B,B3_c2_CATCAAGAGACTGTAA,B
B3_c2,,,B,B3_c2_CATCAAGCACTATCTT,B
B3_c2,HMN83569,NI,B,B3_c2_CATCAAGTCCGGGTGT,B
B3_c2,,,B,B3_c2_CATCAAGTCGTGACAT,B
B3_c2,,,B,B3_c2_CATCCACCAAAGGTGC,B
B3_c2,HMN83569,NI,B,B3_c2_CATGACATCCTCGCAT,B
B3_c2,HMN83569,NI,B,B3_c2_CATGCCTTCCTCAATT,B
B3_c2,,,B,B3_c2_CATTCGCCAAATTGCC,B
B3_c2,,,B,B3_c2_CATTCGCCAGACAGGT,B
B3_c2,HMN83569,NI,B,B3_c2_CCAATCCAGCCGATTT,B
B3_c2,HMN83564,flu,B,B3_c2_CCAATCCGTGCTAGCC,B
B3_c2,HMN83569,NI,B,B3_c2_CCAATCCTCCGTACAA,B
B3_c2,HMN83569,NI,B,B3_c2_CCACCTAAGGAGTAGA,B
B3_c2,HMN83570,NI,B,B3_c2_CCCAGTTGTTACCGAT,B
B3_c2,HMN83569,NI,B,B3_c2_CCCTCCTAGTGGTAGC,B
B3_c2,,,B,B3_c2_CCGGTAGGTAGGCTGA,B
B3_c2,,,B,B3_c2_CCGTGGAAGGTAGCTG,B
B3_c2,,,B,B3_c2_CCGTGGATCAGTTAGC,B
B3_c2,,,B,B3_c2_CCTATTAAGTACGATA,B
B3_c2,,,B,B3_c2_CCTATTAGTGCAGTAG,B
B3_c2,HMN83569,NI,B,B3_c2_CCTATTATCCCTTGTG,B
B3_c2,HMN83569,NI,B,B3_c2_CCTCAGTCATATGCTG,B
B3_c2,HMN83569,NI,B,B3_c2_CCTTCCCCAATCAGAA,B
B3_c2,HMN83569,NI,B,B3_c2_CGAACATCATTCACTT,B
B3_c2,HMN83567,NI,B,B3_c2_CGAGAAGGTTCCAACA,B
B3_c2,,,B,B3_c2_CGAGCACCATTGAGCT,B
B3_c2,,,B,B3_c2_CGCCAAGCAATGGAGC,B
B3_c2,HMN83570,NI,B,B3_c2_CGCGGTAGTTCTCATT,B
B3_c2,HMN83569,NI,B,B3_c2_CGCGTTTTCGGACAAG,B
B3_c2,,,B,B3_c2_CGCTGGACATTCTCAT,B
B3_c2,,,B,B3_c2_CGGGTCACATAAAGGT,B
B3_c2,HMN83569,NI,B,B3_c2_CGTAGCGTCAGGCCCA,B
B3_c2,,,B,B3_c2_CGTGTCTTCTACCTGC,B
B3_c2,,,B,B3_c2_CGTTAGATCCTCAATT,B
B3_c2,HMN83570,NI,B,B3_c2_CTACACCCATGCCACG,B
B3_c2,,,B,B3_c2_CTAGCCTTCACCCGAG,B
B3_c2,HMN83569,NI,B,B3_c2_CTAGTGAAGACTAAGT,B
B3_c2,HMN83565,flu,B,B3_c2_CTCATTAAGTAGGTGC,B
B3_c2,HMN83570,NI,B,B3_c2_CTCGAAACATCAGTAC,B
B3_c2,HMN83564,flu,B,B3_c2_CTCGTACGTCTGATCA,B
B3_c2,,,B,B3_c2_CTCTAATTCGTTACAG,B
B3_c2,HMN83567,NI,B,B3_c2_CTGAAACCACCCTATC,B
B3_c2,HMN83570,NI,B,B3_c2_CTGAAGTAGAGGTTGC,B
B3_c2,HMN83569,NI,B,B3_c2_CTGATAGTCTCGAGTA,B
B3_c2,HMN83564,flu,B,B3_c2_CTGCGGATCCTGCTTG,B
B3_c2,,,B,B3_c2_CTGGTCTCACGGTTTA,B
B3_c2,,,B,B3_c2_CTGTTTATCCCTAATT,B
B3_c2,,,B,B3_c2_CTTAACTTCGCTGATA,B
B3_c2,HMN83569,NI,B,B3_c2_CTTAGGATCGACCAGC,B
B3_c2,HMN83569,NI,B,B3_c2_CTTGGCTAGCTCAACT,B
B3_c2,HMN83569,NI,B,B3_c2_GAACATCCAGTGACAG,B
B3_c2,HMN83569,NI,B,B3_c2_GAACGGACAGTATGCT,B
B3_c2,,,B,B3_c2_GAAGCAGGTCTCTCGT,B
B3_c2,,,B,B3_c2_GAAGCAGGTGACCAAG,B
B3_c2,,,B,B3_c2_GACGTGCAGCCACCTG,B
B3_c2,HMN83569,NI,B,B3_c2_GACTAACAGAGTTGGC,B
B3_c2,,,B,B3_c2_GACTAACGTGTCAATC,B
B3_c2,,,B,B3_c2_GACTGCGAGTGGGCTA,B
B3_c2,,,B,B3_c2_GATGCTATCGCGCCAA,B
B3_c2,HMN83569,NI,B,B3_c2_GCATGATAGTACGCGA,B
B3_c2,,,B,B3_c2_GCATGCGAGAATAGGG,B
B3_c2,HMN83569,NI,B,B3_c2_GCATGTACATTGGGCC,B
B3_c2,HMN83569,NI,B,B3_c2_GCATGTATCCTAGAAC,B
B3_c2,HMN83569,NI,B,B3_c2_GCCAAATAGATAGCAT,B
B3_c2,HMN83569,NI,B,B3_c2_GCCAAATTCCAAAGTC,B
B3_c2,,,B,B3_c2_GCCTCTATCGGACAAG,B
B3_c2,,,B,B3_c2_GCGCGATCACTCTGTC,B
B3_c2,HMN83569,NI,B,B3_c2_GCGGGTTGTCGGATCC,B
B3_c2,,,B,B3_c2_GCTCTGTAGTACGTTC,B
B3_c2,,,B,B3_c2_GCTGCAGCACGCGAAA,B
B3_c2,HMN83567,NI,B,B3_c2_GCTGCAGTCAGGCCCA,B
B3_c2,,,B,B3_c2_GCTTCCAAGCCTCGTG,B
B3_c2,HMN83569,NI,B,B3_c2_GGAAAGCAGTCAATAG,B
B3_c2,,,B,B3_c2_GGAATAACACTACAGT,B
B3_c2,HMN83569,NI,B,B3_c2_GGAATAAGTTCACGGC,B
B3_c2,HMN83569,NI,B,B3_c2_GGACAGAAGCTGCCCA,B
B3_c2,,,B,B3_c2_GGATGTTAGAGTGAGA,B
B3_c2,HMN83569,NI,B,B3_c2_GGATTACTCATAACCG,B
B3_c2,,,B,B3_c2_GGCCGATTCGAATGCT,B
B3_c2,,,B,B3_c2_GGCGACTAGATGGCGT,B
B3_c2,HMN83565,flu,B,B3_c2_GGCGACTAGCGGATCA,B
B3_c2,,,B,B3_c2_GGCTGGTGTTTCGCTC,B
B3_c2,,,B,B3_c2_GGGAATGAGCCGATTT,B
B3_c2,,,B,B3_c2_GGGACCTCACGTCAGC,B
B3_c2,HMN83569,NI,B,B3_c2_GGGACCTCATATGCTG,B
B3_c2,HMN83569,NI,B,B3_c2_GGGCACTAGACGCAAC,B
B3_c2,HMN83569,NI,B,B3_c2_GGGCACTAGCTAGTGG,B
B3_c2,HMN83569,NI,B,B3_c2_GGGTCTGAGGCAATTA,B
B3_c2,,,B,B3_c2_GGGTTGCGTCAACTGT,B
B3_c2,,,B,B3_c2_GGTGAAGTCGTACCGG,B
B3_c2,,,B,B3_c2_GGTGTTAAGGCGATAC,B
B3_c2,HMN83570,NI,B,B3_c2_GTAACTGTCAACGCTA,B
B3_c2,,,B,B3_c2_GTACTCCTCAATCTCT,B
B3_c2,HMN83569,NI,B,B3_c2_GTATCTTGTGCAGTAG,B
B3_c2,HMN83569,NI,B,B3_c2_GTATCTTTCTCGTTTA,B
B3_c2,HMN83570,NI,B,B3_c2_GTCACGGGTCCTCTTG,B
B3_c2,HMN83569,NI,B,B3_c2_GTCATTTGTTGTACAC,B
B3_c2,,,B,B3_c2_GTCGGGTAGAGCAATT,B
B3_c2,,,B,B3_c2_GTCGTAAGTTCACGGC,B
B3_c2,HMN83569,NI,B,B3_c2_GTGCAGCAGCACAGGT,B
B3_c2,HMN83569,NI,B,B3_c2_GTGCATAAGGAACTGC,B
B3_c2,HMN83569,NI,B,B3_c2_GTGCTTCCAGGACCCT,B
B3_c2,,,B,B3_c2_GTGGGTCCATGCAATC,B
B3_c2,,,B,B3_c2_GTGGGTCTCTCTAAGG,B
B3_c2,,,B,B3_c2_GTTCGGGCATTCCTCG,B
B3_c2,HMN83570,NI,B,B3_c2_GTTCTCGCACCAGGTC,B
B3_c2,HMN83569,NI,B,B3_c2_TAAGAGACACTTCGAA,B
B3_c2,HMN83569,NI,B,B3_c2_TACACGACAAGCCATT,B
B3_c2,HMN83565,flu,B,B3_c2_TACACGATCTACCTGC,B
B3_c2,,,B,B3_c2_TACCTATTCACTTCAT,B
B3_c2,HMN83569,NI,B,B3_c2_TACCTTAAGGGAACGG,B
B3_c2,HMN83570,NI,B,B3_c2_TACTCATTCGGTTAAC,B
B3_c2,,,B,B3_c2_TACTCGCCAATTGCTG,B
B3_c2,,,B,B3_c2_TACTTACTCCAGTATG,B
B3_c2,HMN83569,NI,B,B3_c2_TACTTGTAGGAGCGTT,B
B3_c2,,,B,B3_c2_TAGACCACACGACGAA,B
B3_c2,HMN83569,NI,B,B3_c2_TAGAGCTCAGCCTTTC,B
B3_c2,HMN83570,NI,B,B3_c2_TAGAGCTCATCCGTGG,B
B3_c2,HMN83567,NI,B,B3_c2_TAGGCATTCTAAGCCA,B
B3_c2,,,B,B3_c2_TAGGCATTCTGCAGTA,B
B3_c2,HMN83569,NI,B,B3_c2_TATCAGGCAGACGCAA,B
B3_c2,,,B,B3_c2_TATGCCCCAACACCTA,B
B3_c2,,,B,B3_c2_TCAACGAAGAACTCGG,B
B3_c2,HMN83569,NI,B,B3_c2_TCAATCTAGCGTGAAC,B
B3_c2,HMN83569,NI,B,B3_c2_TCACAAGAGCGTCAAG,B
B3_c2,HMN83569,NI,B,B3_c2_TCACAAGTCGTAGATC,B
B3_c2,,,B,B3_c2_TCAGATGAGTGTCCCG,B
B3_c2,,,B,B3_c2_TCAGATGGTCCATGAT,B
B3_c2,HMN83569,NI,B,B3_c2_TCAGGATCACGGCTAC,B
B3_c2,HMN83569,NI,B,B3_c2_TCCACACTCGTTTAGG,B
B3_c2,,,B,B3_c2_TCGAGGCCAATGTAAG,B
B3_c2,,,B,B3_c2_TCGCGAGCATCACAAC,B
B3_c2,HMN83569,NI,B,B3_c2_TCGCGTTAGCGTAGTG,B
B3_c2,HMN83569,NI,B,B3_c2_TCGGGACAGTCAAGCG,B
B3_c2,,,B,B3_c2_TCTCTAATCATCACCC,B
B3_c2,HMN83569,NI,B,B3_c2_TCTGGAACAATGACCT,B
B3_c2,HMN83569,NI,B,B3_c2_TCTTTCCGTACTCTCC,B
B3_c2,,,B,B3_c2_TGACTTTAGCCCAGCT,B
B3_c2,,,B,B3_c2_TGACTTTAGGGTCGAT,B
B3_c2,,,B,B3_c2_TGACTTTCAGCCAGAA,B
B3_c2,,,B,B3_c2_TGACTTTGTGACTACT,B
B3_c2,HMN83569,NI,B,B3_c2_TGAGAGGTCGTGACAT,B
B3_c2,HMN83570,NI,B,B3_c2_TGAGCATTCCTGTAGA,B
B3_c2,HMN83567,NI,B,B3_c2_TGCACCTCACGCGAAA,B
B3_c2,,,B,B3_c2_TGCGCAGGTTCCACTC,B
B3_c2,HMN83570,NI,B,B3_c2_TGCTACCTCCTCCTAG,B
B3_c2,,,B,B3_c2_TGGACGCAGCTAAGAT,B
B3_c2,,,B,B3_c2_TGGACGCTCGCGATCG,B
B3_c2,,,B,B3_c2_TGGCCAGTCTCAACTT,B
B3_c2,HMN83569,NI,B,B3_c2_TGGCGCAAGCTACCTA,B
B3_c2,HMN83570,NI,B,B3_c2_TGGGAAGGTTGTCGCG,B
B3_c2,HMN83567,NI,B,B3_c2_TTATGCTTCAGCTGGC,B
B3_c2,HMN83569,NI,B,B3_c2_TTCCCAGCACGTAAGG,B
B3_c2,HMN83569,NI,B,B3_c2_TTCGAAGGTAGGGTAC,B
B3_c2,,,B,B3_c2_TTGACTTAGAACTGTA,B
B3_c2,,,B,B3_c2_TTGACTTAGCAGACTG,B
B3_c2,HMN83569,NI,B,B3_c2_TTGGAACGTAAAGTCA,B
B3_c2,,,B,B3_c2_TTGTAGGAGGTGCACA,B
B3_c2,,,B,B3_c2_TTTACTGCAATCACAC,B
B3_c2,HMN83569,NI,B,B3_c2_TTTACTGTCCCACTTG,B
B3_c2,,,B,B3_c2_TTTGCGCTCCGTAGGC,B
B3_c2,,,B,B3_c2_TTTGGTTGTATCGCAT,B
B4_c1,,,B,B4_c1_AAAGTAGGTTACTGAC,B
B4_c1,HMN83563,NI,B,B4_c1_AACTCTTTCAAAGACA,B
B4_c1,HMN83571,flu,B,B4_c1_AAGCCGCTCACCTCGT,B
B4_c1,HMN83563,NI,B,B4_c1_AAGGAGCCAAACCTAC,B
B4_c1,HMN83575,NI,B,B4_c1_AAGGTTCAGAGATGAG,B
B4_c1,HMN83563,NI,B,B4_c1_ACATACGGTTATGTGC,B
B4_c1,HMN83563,NI,B,B4_c1_ACATGGTTCCAAATGC,B
B4_c1,,,B,B4_c1_ACCGTAATCCGCTGTT,B
B4_c1,HMN83571,flu,B,B4_c1_ACGGGCTAGTTGTCGT,B
B4_c1,HMN83566,NI,B,B4_c1_ACGTCAACATTAGCCA,B
B4_c1,HMN83563,NI,B,B4_c1_ACTGCTCTCCTATTCA,B
B4_c1,HMN83563,NI,B,B4_c1_ACTTACTAGAGCTGGT,B
B4_c1,,,B,B4_c1_ACTTGTTAGCTGCGAA,B
B4_c1,HMN83571,flu,B,B4_c1_ACTTTCAAGTGAATTG,B
B4_c1,HMN83575,NI,B,B4_c1_AGAGCTTGTGCAACTT,B
B4_c1,,,B,B4_c1_AGAGCTTGTTCGAATC,B
B4_c1,,,B,B4_c1_AGATCTGAGCCCAACC,B
B4_c1,,,B,B4_c1_AGCAGCCCACACCGAC,B
B4_c1,HMN83575,NI,B,B4_c1_AGCATACTCAGCTCGG,B
B4_c1,,,B,B4_c1_AGCCTAAGTAACGTTC,B
B4_c1,,,B,B4_c1_AGCTCCTTCCTCTAGC,B
B4_c1,HMN83575,NI,B,B4_c1_AGGCCACGTACCTACA,B
B4_c1,HMN83575,NI,B,B4_c1_AGTGTCACAGCGATCC,B
B4_c1,HMN83563,NI,B,B4_c1_AGTTGGTTCGTTTAGG,B
B4_c1,,,B,B4_c1_ATCACGACAAGGTTCT,B
B4_c1,,,B,B4_c1_ATCTACTCATGATCCA,B
B4_c1,HMN83563,NI,B,B4_c1_ATTATCCTCTATCGCC,B
B4_c1,,,B,B4_c1_CAAGAAACAGCTCCGA,B
B4_c1,HMN83566,NI,B,B4_c1_CAAGTTGGTCAGAGGT,B
B4_c1,,,B,B4_c1_CACACCTCATGTAGTC,B
B4_c1,HMN83571,flu,B,B4_c1_CACACCTTCTCGTTTA,B
B4_c1,,,B,B4_c1_CACACTCGTTTGACTG,B
B4_c1,,,B,B4_c1_CACATTTAGCGTGTCC,B
B4_c1,,,B,B4_c1_CACATTTAGCTCCTTC,B
B4_c1,,,B,B4_c1_CACCACTCAGGTGGAT,B
B4_c1,HMN83563,NI,B,B4_c1_CACCAGGAGCCAGTAG,B
B4_c1,,,B,B4_c1_CAGCCGAAGGCATTGG,B
B4_c1,HMN83566,NI,B,B4_c1_CAGCCGATCTGCTGCT,B
B4_c1,HMN83563,NI,B,B4_c1_CATCAAGCAAGTACCT,B
B4_c1,,,B,B4_c1_CATGACACAACACCCG,B
B4_c1,HMN83563,NI,B,B4_c1_CATTCGCCAAGAAGAG,B
B4_c1,HMN83566,NI,B,B4_c1_CCAATCCGTAAGAGAG,B
B4_c1,HMN83563,NI,B,B4_c1_CCAGCGATCTAAGCCA,B
B4_c1,,,B,B4_c1_CCTAAAGAGCCATCGC,B
B4_c1,HMN83563,NI,B,B4_c1_CCTAAAGGTTCCCGAG,B
B4_c1,HMN83563,NI,B,B4_c1_CCTACACGTAGTGAAT,B
B4_c1,HMN83563,NI,B,B4_c1_CCTCAGTCAAACGCGA,B
B4_c1,,,B,B4_c1_CCTCAGTCACATCTTT,B
B4_c1,HMN83566,NI,B,B4_c1_CCTCTGACAGTATAAG,B
B4_c1,,,B,B4_c1_CCTCTGATCAAACCGT,B
B4_c1,,,B,B4_c1_CGGACTGTCATGTCCC,B
B4_c1,HMN83566,NI,B,B4_c1_CGGAGCTGTTCAGACT,B
B4_c1,HMN83563,NI,B,B4_c1_CGTCAGGCACGAGAGT,B
B4_c1,,,B,B4_c1_CGTCCATGTTGCGTTA,B
B4_c1,,,B,B4_c1_CGTGAGCGTCTGATCA,B
B4_c1,,,B,B4_c1_CTAAGACCAGCTGTTA,B
B4_c1,HMN83566,NI,B,B4_c1_CTACGTCCACAGACAG,B
B4_c1,,,B,B4_c1_CTACGTCGTCAGCTAT,B
B4_c1,,,B,B4_c1_CTAGAGTCATCCAACA,B
B4_c1,HMN83563,NI,B,B4_c1_CTCGTACCAAGCCATT,B
B4_c1,,,B,B4_c1_CTGAAGTAGGCTAGGT,B
B4_c1,HMN83563,NI,B,B4_c1_CTGCGGACAGGCTCAC,B
B4_c1,HMN83563,NI,B,B4_c1_CTGGTCTGTTGCGTTA,B
B4_c1,,,B,B4_c1_CTTGGCTAGCGGATCA,B
B4_c1,,,B,B4_c1_CTTTGCGAGAACAATC,B
B4_c1,,,B,B4_c1_GAACCTAGTGCATCTA,B
B4_c1,,,B,B4_c1_GACAGAGGTTGCCTCT,B
B4_c1,,,B,B4_c1_GACTGCGGTGTTTGTG,B
B4_c1,HMN83563,NI,B,B4_c1_GATCGCGAGGCATGTG,B
B4_c1,,,B,B4_c1_GATCGTAGTAGCTTGT,B
B4_c1,,,B,B4_c1_GCATGTAAGCTGTTCA,B
B4_c1,,,B,B4_c1_GCTGCTTGTCGACTGC,B
B4_c1,HMN83566,NI,B,B4_c1_GGACAAGCACTAGTAC,B
B4_c1,,,B,B4_c1_GGATGTTCATTCTTAC,B
B4_c1,,,B,B4_c1_GGATGTTTCTCTAAGG,B
B4_c1,HMN83563,NI,B,B4_c1_GGGAATGGTCACTGGC,B
B4_c1,,,B,B4_c1_GGGATGAGTTGCTCCT,B
B4_c1,,,B,B4_c1_GGGTTGCAGCTTCGCG,B
B4_c1,,,B,B4_c1_GGTGAAGTCGTGGACC,B
B4_c1,HMN83575,NI,B,B4_c1_GTAACGTAGGTGATAT,B
B4_c1,HMN83563,NI,B,B4_c1_GTACTTTAGGAATCGC,B
B4_c1,,,B,B4_c1_GTATCTTTCCGTTGTC,B
B4_c1,,,B,B4_c1_GTGGGTCTCCGTCATC,B
B4_c1,,,B,B4_c1_GTTAAGCTCCTTTCGG,B
B4_c1,,,B,B4_c1_TACACGAGTTAGGGTG,B
B4_c1,,,B,B4_c1_TACCTATGTCTGCAAT,B
B4_c1,,,B,B4_c1_TACTTACAGGAGCGTT,B
B4_c1,,,B,B4_c1_TAGACCAAGTCATGCT,B
B4_c1,HMN83563,NI,B,B4_c1_TAGGCATAGCGTGAGT,B
B4_c1,HMN83563,NI,B,B4_c1_TAGGCATGTAGCGTCC,B
B4_c1,HMN83575,NI,B,B4_c1_TAGTTGGCAAGTTGTC,B
B4_c1,HMN83563,NI,B,B4_c1_TAGTTGGCATGGTCAT,B
B4_c1,,,B,B4_c1_TAGTTGGGTAATCGTC,B
B4_c1,,,B,B4_c1_TATGCCCGTCGACTAT,B
B4_c1,,,B,B4_c1_TCAGATGAGCCACGCT,B
B4_c1,,,B,B4_c1_TCAGGATCATGCAACT,B
B4_c1,HMN83563,NI,B,B4_c1_TCCCGATTCTGGCGAC,B
B4_c1,,,B,B4_c1_TCTTTCCAGCCGCCTA,B
B4_c1,HMN83566,NI,B,B4_c1_TGACAACTCCGTCATC,B
B4_c1,HMN83563,NI,B,B4_c1_TGACGGCGTACAGACG,B
B4_c1,HMN83563,NI,B,B4_c1_TGACTTTTCGCTTGTC,B
B4_c1,,,B,B4_c1_TGAGAGGCACGAGGTA,B
B4_c1,,,B,B4_c1_TGATTTCCAGATGAGC,B
B4_c1,,,B,B4_c1_TGCACCTTCTGGAGCC,B
B4_c1,,,B,B4_c1_TGCTACCTCCTTTACA,B
B4_c1,,,B,B4_c1_TGCTGCTCAAACTGTC,B
B4_c1,HMN83563,NI,B,B4_c1_TGGCGCAAGCTGTTCA,B
B4_c1,HMN83563,NI,B,B4_c1_TGGCGCAAGTGTGGCA,B
B4_c1,HMN83563,NI,B,B4_c1_TGGGCGTTCAAACAAG,B
B4_c1,,,B,B4_c1_TGTCCCACAGCTCCGA,B
B4_c1,,,B,B4_c1_TTAACTCCATCTGGTA,B
B4_c1,,,B,B4_c1_TTAGGCAGTAGCACGA,B
B4_c1,HMN83571,flu,B,B4_c1_TTAGTTCTCTCTAAGG,B
B4_c1,HMN83575,NI,B,B4_c1_TTCTTAGCATAGAAAC,B
B4_c2,,,B,B4_c2_AAACCTGAGCCTATGT,B
B4_c2,,,B,B4_c2_AAACGGGAGGTTACCT,B
B4_c2,HMN83571,NI,B,B4_c2_AAAGATGTCAAACCGT,B
B4_c2,,,B,B4_c2_AACACGTGTGCAACGA,B
B4_c2,,,B,B4_c2_AACTCTTAGCTGCCCA,B
B4_c2,HMN83576,NI,B,B4_c2_AACTCTTCATGCAATC,B
B4_c2,,,B,B4_c2_AAGACCTTCACGACTA,B
B4_c2,HMN83572,NI,B,B4_c2_AAGGAGCCATCACCCT,B
B4_c2,HMN83571,NI,B,B4_c2_AAGGCAGGTTTCCACC,B
B4_c2,,,B,B4_c2_AATCGGTGTAGCGTGA,B
B4_c2,HMN83572,NI,B,B4_c2_ACACCAAAGCACGCCT,B
B4_c2,HMN83571,NI,B,B4_c2_ACAGCCGAGAGTACAT,B
B4_c2,,,B,B4_c2_ACAGCCGGTAGAAGGA,B
B4_c2,,,B,B4_c2_ACATCAGTCGTATCAG,B
B4_c2,,,B,B4_c2_ACCAGTAAGCGTGAAC,B
B4_c2,,,B,B4_c2_ACCCACTAGTCGATAA,B
B4_c2,,,B,B4_c2_ACGATGTAGAAGGCCT,B
B4_c2,,,B,B4_c2_ACGCCAGAGTGATCGG,B
B4_c2,,,B,B4_c2_ACGCCGAGTCAATGTC,B
B4_c2,,,B,B4_c2_ACGGAGAAGAAACCAT,B
B4_c2,,,B,B4_c2_ACGGCCAAGGAGCGAG,B
B4_c2,,,B,B4_c2_ACGGCCAGTTGGAGGT,B
B4_c2,,,B,B4_c2_ACGGGTCTCCGGCACA,B
B4_c2,HMN83572,NI,B,B4_c2_ACGTCAAGTGCACCAC,B
B4_c2,HMN83576,NI,B,B4_c2_ACTATCTCAATGTTGC,B
B4_c2,HMN83566,flu,B,B4_c2_ACTGAGTCACCTTGTC,B
B4_c2,,,B,B4_c2_ACTGCTCCACGCGAAA,B
B4_c2,,,B,B4_c2_AGAGCGATCTCTAGGA,B
B4_c2,HMN83572,NI,B,B4_c2_AGCGGTCTCCAAAGTC,B
B4_c2,HMN83572,NI,B,B4_c2_AGCGGTCTCGAACGGA,B
B4_c2,,,B,B4_c2_AGTCTTTAGGAGTTTA,B
B4_c2,HMN83572,NI,B,B4_c2_AGTCTTTCATGGTAGG,B
B4_c2,,,B,B4_c2_AGTGGGAAGCATGGCA,B
B4_c2,,,B,B4_c2_AGTGGGAAGTTCGCAT,B
B4_c2,HMN83566,flu,B,B4_c2_AGTGGGAGTAGCCTAT,B
B4_c2,,,B,B4_c2_AGTGTCATCAAGATCC,B
B4_c2,HMN83572,NI,B,B4_c2_AGTGTCATCTTAGAGC,B
B4_c2,,,B,B4_c2_AGTTGGTGTGTTGAGG,B
B4_c2,,,B,B4_c2_ATAACGCCAATAGCAA,B
B4_c2,,,B,B4_c2_ATAACGCCACTTCGAA,B
B4_c2,HMN83571,NI,B,B4_c2_ATCACGACAGCTGGCT,B
B4_c2,,,B,B4_c2_ATCATCTCATGTAAGA,B
B4_c2,HMN83571,NI,B,B4_c2_ATCATGGGTTCCATGA,B
B4_c2,,,B,B4_c2_ATCATGGTCACCCTCA,B
B4_c2,HMN83576,NI,B,B4_c2_ATCCGAACATCTCCCA,B
B4_c2,HMN83572,NI,B,B4_c2_ATCGAGTAGAATGTGT,B
B4_c2,,,B,B4_c2_ATCGAGTGTGTCAATC,B
B4_c2,,,B,B4_c2_ATCTACTGTAGTGAAT,B
B4_c2,,,B,B4_c2_ATTACTCAGACCACGA,B
B4_c2,,,B,B4_c2_CAAGATCTCAGCTTAG,B
B4_c2,,,B,B4_c2_CAAGGCCGTCAGTGGA,B
B4_c2,,,B,B4_c2_CACAAACTCCGTCAAA,B
B4_c2,HMN83572,NI,B,B4_c2_CACACCTCAGGGTTAG,B
B4_c2,HMN83572,NI,B,B4_c2_CACAGGCAGTTCGATC,B
B4_c2,HMN83572,NI,B,B4_c2_CACATAGGTCCAACTA,B
B4_c2,HMN83576,NI,B,B4_c2_CACATAGGTTATCGGT,B
B4_c2,,,B,B4_c2_CACATAGGTTCGTCTC,B
B4_c2,,,B,B4_c2_CACATTTGTAATCGTC,B
B4_c2,,,B,B4_c2_CACATTTTCGAATGGG,B
B4_c2,HMN83572,NI,B,B4_c2_CAGAGAGAGCTGATAA,B
B4_c2,HMN83572,NI,B,B4_c2_CAGCGACTCACCAGGC,B
B4_c2,HMN83563,flu,B,B4_c2_CAGCGACTCTGCGGCA,B
B4_c2,,,B,B4_c2_CAGTAACTCGGATGTT,B
B4_c2,,,B,B4_c2_CAGTCCTTCCGCAGTG,B
B4_c2,HMN83563,flu,B,B4_c2_CATATTCGTCTCCACT,B
B4_c2,,,B,B4_c2_CATCAAGGTTCAACCA,B
B4_c2,,,B,B4_c2_CATCGAATCTTGTCAT,B
B4_c2,HMN83572,NI,B,B4_c2_CATCGGGCAGTATGCT,B
B4_c2,,,B,B4_c2_CATGACAAGGACGAAA,B
B4_c2,HMN83575,flu,B,B4_c2_CATGACAGTAAACCTC,B
B4_c2,,,B,B4_c2_CATGACAGTGGCGAAT,B
B4_c2,HMN83576,NI,B,B4_c2_CATGCCTGTAGCGCTC,B
B4_c2,HMN83572,NI,B,B4_c2_CATGCCTGTTTAAGCC,B
B4_c2,HMN83571,NI,B,B4_c2_CATTATCTCCTTGGTC,B
B4_c2,,,B,B4_c2_CATTATCTCTAACTCT,B
B4_c2,HMN83575,flu,B,B4_c2_CCACTACTCCTGCCAT,B
B4_c2,,,B,B4_c2_CCCAATCTCCTACAGA,B
B4_c2,,,B,B4_c2_CCCATACGTCAGCTAT,B
B4_c2,,,B,B4_c2_CCCATACGTCGAACAG,B
B4_c2,,,B,B4_c2_CCGGGATCATATACCG,B
B4_c2,,,B,B4_c2_CCGGTAGAGGGAAACA,B
B4_c2,HMN83576,NI,B,B4_c2_CCTAGCTCAGGGTACA,B
B4_c2,HMN83576,NI,B,B4_c2_CCTAGCTGTTGTTTGG,B
B4_c2,HMN83576,NI,B,B4_c2_CCTAGCTTCTCCGGTT,B
B4_c2,,,B,B4_c2_CCTATTAAGTGTCCCG,B
B4_c2,,,B,B4_c2_CCTCAGTCATCCGTGG,B
B4_c2,HMN83576,NI,B,B4_c2_CCTCAGTGTGGGTATG,B
B4_c2,HMN83576,NI,B,B4_c2_CCTTCCCAGAATGTTG,B
B4_c2,,,B,B4_c2_CCTTCCCCATTGGGCC,B
B4_c2,,,B,B4_c2_CCTTCCCTCAGCTTAG,B
B4_c2,,,B,B4_c2_CCTTCCCTCCCTCTTT,B
B4_c2,HMN83576,NI,B,B4_c2_CGACTTCTCCCTAACC,B
B4_c2,,,B,B4_c2_CGAGAAGTCAGCTCTC,B
B4_c2,,,B,B4_c2_CGATCGGCAAGGACAC,B
B4_c2,,,B,B4_c2_CGATGTACACTTGGAT,B
B4_c2,,,B,B4_c2_CGATGTATCCGAAGAG,B
B4_c2,,,B,B4_c2_CGATTGAAGATCCCAT,B
B4_c2,HMN83576,NI,B,B4_c2_CGCCAAGGTCTCTCGT,B
B4_c2,,,B,B4_c2_CGCGGTATCCTGTAGA,B
B4_c2,HMN83571,NI,B,B4_c2_CGCGTTTAGTTAGCGG,B
B4_c2,HMN83572,NI,B,B4_c2_CGCGTTTGTTATGCGT,B
B4_c2,HMN83576,NI,B,B4_c2_CGCTTCATCACCGGGT,B
B4_c2,,,B,B4_c2_CGGACGTCAGGACCCT,B
B4_c2,,,B,B4_c2_CGGACGTTCTCCGGTT,B
B4_c2,HMN83572,NI,B,B4_c2_CGGACTGCATGCCTAA,B
B4_c2,HMN83572,NI,B,B4_c2_CGGACTGGTCTGCGGT,B
B4_c2,,,B,B4_c2_CGGACTGTCCGCGTTT,B
B4_c2,,,B,B4_c2_CGGAGCTCAAATACAG,B
B4_c2,,,B,B4_c2_CGGAGCTTCTCCTATA,B
B4_c2,,,B,B4_c2_CGGCTAGAGGTCATCT,B
B4_c2,,,B,B4_c2_CGGCTAGCACCACGTG,B
B4_c2,,,B,B4_c2_CGTCCATTCCACTCCA,B
B4_c2,HMN83571,NI,B,B4_c2_CGTCTACGTTCCGTCT,B
B4_c2,HMN83575,flu,B,B4_c2_CGTTAGAGTGGCGAAT,B
B4_c2,HMN83576,NI,B,B4_c2_CGTTGGGGTAAGCACG,B
B4_c2,,,B,B4_c2_CTAAGACGTGAAATCA,B
B4_c2,HMN83571,NI,B,B4_c2_CTACCCACAATGACCT,B
B4_c2,,,B,B4_c2_CTACGTCGTAGAGCTG,B
B4_c2,,,B,B4_c2_CTAGAGTTCTCATTCA,B
B4_c2,,,B,B4_c2_CTCAGAAGTTCCACTC,B
B4_c2,,,B,B4_c2_CTCATTAGTACCAGTT,B
B4_c2,,,B,B4_c2_CTCCTAGGTCGAATCT,B
B4_c2,,,B,B4_c2_CTCGTCAGTGACAAAT,B
B4_c2,HMN83576,NI,B,B4_c2_CTGATAGAGGCATGGT,B
B4_c2,,,B,B4_c2_CTGATCCGTCTAGAGG,B
B4_c2,,,B,B4_c2_CTGCCTAAGTCCGGTC,B
B4_c2,,,B,B4_c2_CTGCCTACAGTATGCT,B
B4_c2,,,B,B4_c2_CTGCGGAGTCGCGTGT,B
B4_c2,,,B,B4_c2_CTGCTGTAGTTACGGG,B
B4_c2,,,B,B4_c2_CTGCTGTCATTACCTT,B
B4_c2,,,B,B4_c2_CTGTTTAAGATGTGGC,B
B4_c2,,,B,B4_c2_CTGTTTAGTGCTTCTC,B
B4_c2,,,B,B4_c2_CTTCTCTTCCACGTTC,B
B4_c2,,,B,B4_c2_CTTGGCTTCTAGAGTC,B
B4_c2,HMN83572,NI,B,B4_c2_GACACGCAGGACATTA,B
B4_c2,,,B,B4_c2_GACAGAGAGACACGAC,B
B4_c2,,,B,B4_c2_GACGGCTAGGGCTCTC,B
B4_c2,HMN83572,NI,B,B4_c2_GAGGTGAGTAGCGCTC,B
B4_c2,HMN83572,NI,B,B4_c2_GATCGCGAGAGAGCTC,B
B4_c2,,,B,B4_c2_GATGAAAAGACCTAGG,B
B4_c2,,,B,B4_c2_GATGAAACAGGAATCG,B
B4_c2,,,B,B4_c2_GATGAGGCAGGCTGAA,B
B4_c2,HMN83576,NI,B,B4_c2_GCAATCAGTGAAATCA,B
B4_c2,,,B,B4_c2_GCACATACAAAGTGCG,B
B4_c2,HMN83576,NI,B,B4_c2_GCACATAGTTAAGACA,B
B4_c2,HMN83576,NI,B,B4_c2_GCACATATCGCGTAGC,B
B4_c2,,,B,B4_c2_GCATACAAGACTAGGC,B
B4_c2,HMN83572,NI,B,B4_c2_GCATGCGAGGCCCGTT,B
B4_c2,HMN83576,NI,B,B4_c2_GCCTCTAGTAAATGAC,B
B4_c2,,,B,B4_c2_GCTGCAGCACAAGTAA,B
B4_c2,,,B,B4_c2_GCTGCTTAGGGCTTGA,B
B4_c2,,,B,B4_c2_GCTGGGTAGAGTGACC,B
B4_c2,,,B,B4_c2_GCTGGGTAGCTAACAA,B
B4_c2,HMN83576,NI,B,B4_c2_GGAAAGCTCTGTCTAT,B
B4_c2,,,B,B4_c2_GGAATAAAGGAGTTGC,B
B4_c2,HMN83576,NI,B,B4_c2_GGACAAGCACACAGAG,B
B4_c2,,,B,B4_c2_GGACAGAGTCACTGGC,B
B4_c2,,,B,B4_c2_GGAGCAACAAACTGCT,B
B4_c2,,,B,B4_c2_GGAGCAATCAATAAGG,B
B4_c2,,,B,B4_c2_GGCAATTCATCTCGCT,B
B4_c2,HMN83571,NI,B,B4_c2_GGCGACTCACAGGTTT,B
B4_c2,HMN83572,NI,B,B4_c2_GGGACCTCACCGCTAG,B
B4_c2,,,B,B4_c2_GGGCACTCAATAGCGG,B
B4_c2,HMN83563,flu,B,B4_c2_GGGCATCAGACTTTCG,B
B4_c2,,,B,B4_c2_GGGCATCGTAGCTTGT,B
B4_c2,,,B,B4_c2_GGGCATCGTAGTGAAT,B
B4_c2,,,B,B4_c2_GGGCATCTCTTCTGGC,B
B4_c2,HMN83576,NI,B,B4_c2_GGGTTGCGTTAAGAAC,B
B4_c2,,,B,B4_c2_GGTATTGGTGTTAAGA,B
B4_c2,,,B,B4_c2_GGTGCGTGTAAATGAC,B
B4_c2,,,B,B4_c2_GGTGTTAGTCTCGTTC,B
B4_c2,,,B,B4_c2_GTAACTGAGTCAAGCG,B
B4_c2,HMN83576,NI,B,B4_c2_GTAACTGAGTTAGGTA,B
B4_c2,,,B,B4_c2_GTACGTAAGGTGCACA,B
B4_c2,HMN83572,NI,B,B4_c2_GTACGTATCGTAGGTT,B
B4_c2,,,B,B4_c2_GTACTCCCACGACTCG,B
B4_c2,HMN83572,NI,B,B4_c2_GTACTTTCATAGACTC,B
B4_c2,,,B,B4_c2_GTAGGCCCAGTTTACG,B
B4_c2,HMN83572,NI,B,B4_c2_GTAGGCCTCAACACCA,B
B4_c2,,,B,B4_c2_GTAGTCAAGCGACGTA,B
B4_c2,HMN83563,flu,B,B4_c2_GTAGTCATCTTCATGT,B
B4_c2,,,B,B4_c2_GTCAAGTAGCCGGTAA,B
B4_c2,HMN83572,NI,B,B4_c2_GTCAAGTTCAACCATG,B
B4_c2,HMN83572,NI,B,B4_c2_GTCAAGTTCGCCTGAG,B
B4_c2,,,B,B4_c2_GTCACAAGTGTGAAAT,B
B4_c2,,,B,B4_c2_GTCATTTGTAGATTAG,B
B4_c2,,,B,B4_c2_GTCGGGTAGTCACGCC,B
B4_c2,,,B,B4_c2_GTCTCGTAGGAGTAGA,B
B4_c2,,,B,B4_c2_GTGGGTCAGTTAACGA,B
B4_c2,,,B,B4_c2_GTGTTAGCACCGAAAG,B
B4_c2,HMN83572,NI,B,B4_c2_GTTAAGCCACAACTGT,B
B4_c2,,,B,B4_c2_GTTACAGTCACAATGC,B
B4_c2,,,B,B4_c2_GTTCGGGTCTGCCCTA,B
B4_c2,,,B,B4_c2_GTTCTCGAGGATCGCA,B
B4_c2,HMN83576,NI,B,B4_c2_TAAACCGGTTTGTTTC,B
B4_c2,HMN83572,NI,B,B4_c2_TACAGTGGTACTCTCC,B
B4_c2,,,B,B4_c2_TACAGTGTCCCTCAGT,B
B4_c2,HMN83575,flu,B,B4_c2_TACAGTGTCTGTGCAA,B
B4_c2,,,B,B4_c2_TACGGATTCAGCTCGG,B
B4_c2,,,B,B4_c2_TACGGATTCGCAAGCC,B
B4_c2,,,B,B4_c2_TACGGATTCTTGAGGT,B
B4_c2,,,B,B4_c2_TACGGTAGTTATCCGA,B
B4_c2,,,B,B4_c2_TACTCATTCCAGTATG,B
B4_c2,,,B,B4_c2_TACTTGTCACACTGCG,B
B4_c2,,,B,B4_c2_TAGAGCTCAAGCTGTT,B
B4_c2,HMN83572,NI,B,B4_c2_TAGGCATCATGACATC,B
B4_c2,,,B,B4_c2_TATCAGGAGACACGAC,B
B4_c2,,,B,B4_c2_TATCAGGAGTACACCT,B
B4_c2,,,B,B4_c2_TATCAGGCAACACCTA,B
B4_c2,,,B,B4_c2_TATCAGGTCACTCTTA,B
B4_c2,HMN83563,flu,B,B4_c2_TATCTCAAGTCCATAC,B
B4_c2,HMN83572,NI,B,B4_c2_TATGCCCAGTACGTAA,B
B4_c2,,,B,B4_c2_TATTACCGTTCGAATC,B
B4_c2,,,B,B4_c2_TCACGAAAGAAACCAT,B
B4_c2,,,B,B4_c2_TCACGAAAGACCTAGG,B
B4_c2,,,B,B4_c2_TCAGCAAGTAAGTGTA,B
B4_c2,HMN83571,NI,B,B4_c2_TCAGCTCAGAGCCCAA,B
B4_c2,,,B,B4_c2_TCAGCTCAGTACACCT,B
B4_c2,,,B,B4_c2_TCAGGATAGCGGATCA,B
B4_c2,HMN83572,NI,B,B4_c2_TCATTACTCATACGGT,B
B4_c2,,,B,B4_c2_TCATTTGGTATAGGGC,B
B4_c2,,,B,B4_c2_TCATTTGGTTCTGGTA,B
B4_c2,,,B,B4_c2_TCCACACTCGTCTGAA,B
B4_c2,,,B,B4_c2_TCGAGGCAGTGAAGAG,B
B4_c2,,,B,B4_c2_TCGTACCTCACGATGT,B
B4_c2,,,B,B4_c2_TCTCTAATCATGTAGC,B
B4_c2,,,B,B4_c2_TCTGGAACACATCTTT,B
B4_c2,,,B,B4_c2_TGAAAGAGTCTCAACA,B
B4_c2,,,B,B4_c2_TGAAAGAGTTGATTCG,B
B4_c2,HMN83572,NI,B,B4_c2_TGAGCATGTTCTCATT,B
B4_c2,,,B,B4_c2_TGAGCATTCCTAGAAC,B
B4_c2,,,B,B4_c2_TGAGCCGAGAGTACAT,B
B4_c2,,,B,B4_c2_TGAGCCGGTTTGGCGC,B
B4_c2,,,B,B4_c2_TGATTTCCACGGTAGA,B
B4_c2,,,B,B4_c2_TGCACCTGTCACCTAA,B
B4_c2,,,B,B4_c2_TGCGGGTAGAGGACGG,B
B4_c2,,,B,B4_c2_TGCGGGTAGCAGACTG,B
B4_c2,HMN83566,flu,B,B4_c2_TGCGTGGCAAGTTCTG,B
B4_c2,,,B,B4_c2_TGCTACCGTCAATACC,B
B4_c2,HMN83572,NI,B,B4_c2_TGCTGCTAGAACAACT,B
B4_c2,,,B,B4_c2_TGGACGCGTAGTACCT,B
B4_c2,HMN83572,NI,B,B4_c2_TGGCCAGCAGACGCTC,B
B4_c2,,,B,B4_c2_TGGCTGGAGGGAACGG,B
B4_c2,,,B,B4_c2_TGGCTGGAGTTGCAGG,B
B4_c2,,,B,B4_c2_TGGGAAGGTCTCCACT,B
B4_c2,,,B,B4_c2_TGGGCGTTCGGAAATA,B
B4_c2,,,B,B4_c2_TGTATTCAGGAGCGTT,B
B4_c2,HMN83563,flu,B,B4_c2_TTAACTCAGGATGGAA,B
B4_c2,,,B,B4_c2_TTAACTCCATTGGTAC,B
B4_c2,,,B,B4_c2_TTAACTCTCAGTTCGA,B
B4_c2,HMN83576,NI,B,B4_c2_TTAGGCAGTTACCAGT,B
B4_c2,,,B,B4_c2_TTAGTTCTCTCTAGGA,B
B4_c2,HMN83571,NI,B,B4_c2_TTATGCTTCATCGATG,B
B4_c2,HMN83576,NI,B,B4_c2_TTCCCAGAGCGCTTAT,B
B4_c2,HMN83563,flu,B,B4_c2_TTCGGTCGTAATCACC,B
B4_c2,HMN83572,NI,B,B4_c2_TTCTCAATCCGTCATC,B
B4_c2,,,B,B4_c2_TTCTCCTGTCTAACGT,B
B4_c2,,,B,B4_c2_TTCTCCTTCGCTTGTC,B
B4_c2,,,B,B4_c2_TTCTTAGGTCTGATTG,B
B4_c2,,,B,B4_c2_TTGAACGAGACTGGGT,B
B4_c2,HMN83571,NI,B,B4_c2_TTGAACGGTACGCTGC,B
B4_c2,HMN83566,flu,B,B4_c2_TTGGAACTCCGTTGTC,B
B4_c2,,,B,B4_c2_TTGGCAAGTTATGTGC,B
B4_c2,HMN83566,flu,B,B4_c2_TTGTAGGCATATGCTG,B
B4_c2,HMN83571,NI,B,B4_c2_TTTATGCTCACAAACC,B
B4_c2,HMN83571,NI,B,B4_c2_TTTCCTCGTACTCGCG,B
B4_c2,HMN83572,NI,B,B4_c2_TTTCCTCGTGGGTATG,B
B4_c2,HMN83571,NI,B,B4_c2_TTTGCGCAGAATGTTG,B
B5_c1,,,B,B5_c1_AAAGATGCATATGGTC,B
B5_c1,HMN83577,NI,B,B5_c1_AAAGTAGCAAATACAG,B
B5_c1,HMN83578,NI,B,B5_c1_AACCATGTCTCTGCTG,B
B5_c1,HMN83578,NI,B,B5_c1_AACTCCCGTTCATGGT,B
B5_c1,HMN83577,NI,B,B5_c1_AAGCCGCGTAGGGACT,B
B5_c1,,,B,B5_c1_AAGGAGCCACCATGTA,B
B5_c1,HMN83577,NI,B,B5_c1_AAGGCAGGTTCCATGA,B
B5_c1,HMN83578,NI,B,B5_c1_AAGGCAGTCGCAAGCC,B
B5_c1,HMN83577,NI,B,B5_c1_AATCGGTCAGCCTATA,B
B5_c1,HMN83578,NI,B,B5_c1_ACACCGGAGCCTATGT,B
B5_c1,,,B,B5_c1_ACACCGGTCTGTCAAG,B
B5_c1,HMN83577,NI,B,B5_c1_ACAGCCGCAGCGTCCA,B
B5_c1,,,B,B5_c1_ACATCAGGTGATAAGT,B
B5_c1,,,B,B5_c1_ACATGGTGTAACGTTC,B
B5_c1,HMN83577,NI,B,B5_c1_ACGAGGATCCTTCAAT,B
B5_c1,HMN83577,NI,B,B5_c1_ACGGCCAGTACGACCC,B
B5_c1,HMN83578,NI,B,B5_c1_ACGGGCTCATCCCATC,B
B5_c1,HMN83577,NI,B,B5_c1_ACGGGCTTCAGCATGT,B
B5_c1,HMN83574,NI,B,B5_c1_ACGGGTCCAAAGTCAA,B
B5_c1,HMN83574,NI,B,B5_c1_ACGGGTCGTAAGGATT,B
B5_c1,HMN83578,NI,B,B5_c1_ACGGGTCGTCTAAAGA,B
B5_c1,,,B,B5_c1_ACTATCTGTGCCTGCA,B
B5_c1,HMN83578,NI,B,B5_c1_ACTGAACTCTTGAGGT,B
B5_c1,,,B,B5_c1_ACTGAGTTCGTGTAGT,B
B5_c1,,,B,B5_c1_ACTTACTCACATGGGA,B
B5_c1,HMN83574,NI,B,B5_c1_ACTTACTCACTCGACG,B
B5_c1,,,B,B5_c1_ACTTTCAGTGCAACGA,B
B5_c1,HMN83574,NI,B,B5_c1_AGACGTTGTATAATGG,B
B5_c1,HMN83573,flu,B,B5_c1_AGAGCGAAGAGCTGCA,B
B5_c1,,,B,B5_c1_AGATCTGAGACGCAAC,B
B5_c1,HMN83577,NI,B,B5_c1_AGATTGCCAATCCAAC,B
B5_c1,,,B,B5_c1_AGCAGCCTCTGTTGAG,B
B5_c1,HMN83578,NI,B,B5_c1_AGCGTATGTAAGTGGC,B
B5_c1,,,B,B5_c1_AGCTTGACACCAACCG,B
B5_c1,HMN83577,NI,B,B5_c1_AGGCCACAGGGCTCTC,B
B5_c1,HMN83577,NI,B,B5_c1_AGGGTGAGTCAAACTC,B
B5_c1,,,B,B5_c1_AGGTCATCAACACCTA,B
B5_c1,HMN83578,NI,B,B5_c1_AGGTCCGAGCAATCTC,B
B5_c1,HMN83577,NI,B,B5_c1_AGGTCCGTCACATGCA,B
B5_c1,HMN52532,flu,B,B5_c1_AGTAGTCTCACCGGGT,B
B5_c1,,,B,B5_c1_AGTGGGACATGAACCT,B
B5_c1,HMN83577,NI,B,B5_c1_AGTGTCAGTTACAGAA,B
B5_c1,,,B,B5_c1_AGTTGGTCAGCATGAG,B
B5_c1,HMN83577,NI,B,B5_c1_ATAAGAGTCAAACCAC,B
B5_c1,HMN83578,NI,B,B5_c1_ATCCACCCAAGCCATT,B
B5_c1,,,B,B5_c1_ATCCGAAAGGGATGGG,B
B5_c1,HMN83577,NI,B,B5_c1_ATCTGCCAGAGACGAA,B
B5_c1,HMN83578,NI,B,B5_c1_ATTACTCCAAGAGTCG,B
B5_c1,,,B,B5_c1_ATTATCCCAAGGTTTC,B
B5_c1,HMN83577,NI,B,B5_c1_ATTGGTGCACCTCGTT,B
B5_c1,HMN83578,NI,B,B5_c1_ATTTCTGAGAATTGTG,B
B5_c1,HMN83577,NI,B,B5_c1_CAACCAAGTTGCGCAC,B
B5_c1,HMN83578,NI,B,B5_c1_CAACCTCGTCAAACTC,B
B5_c1,HMN83578,NI,B,B5_c1_CACAAACCACGGACAA,B
B5_c1,HMN83577,NI,B,B5_c1_CACAAACGTTGCGTTA,B
B5_c1,,,B,B5_c1_CACACAAGTAGAGCTG,B
B5_c1,,,B,B5_c1_CACACTCTCCACGAAT,B
B5_c1,HMN83577,NI,B,B5_c1_CACATAGGTTACAGAA,B
B5_c1,,,B,B5_c1_CACATTTAGCAAATCA,B
B5_c1,HMN83577,NI,B,B5_c1_CACCTTGTCCAGTAGT,B
B5_c1,HMN83577,NI,B,B5_c1_CACTCCACAAAGTCAA,B
B5_c1,,,B,B5_c1_CAGAGAGAGAGGTAGA,B
B5_c1,HMN83574,NI,B,B5_c1_CAGAGAGGTCTAGCGC,B
B5_c1,HMN83577,NI,B,B5_c1_CAGCAGCAGACTAAGT,B
B5_c1,HMN83577,NI,B,B5_c1_CAGCATAAGGAGTTTA,B
B5_c1,,,B,B5_c1_CAGCATAAGGTGTTAA,B
B5_c1,HMN83574,NI,B,B5_c1_CAGCATAGTGCACTTA,B
B5_c1,,,B,B5_c1_CAGCGACAGTACGACG,B
B5_c1,HMN83578,NI,B,B5_c1_CAGCTGGGTGGGTATG,B
B5_c1,HMN83578,NI,B,B5_c1_CAGTAACTCGTCTGCT,B
B5_c1,,,B,B5_c1_CAGTCCTAGAATGTTG,B
B5_c1,,,B,B5_c1_CATATGGAGTACGATA,B
B5_c1,,,B,B5_c1_CATATTCCATACGCCG,B
B5_c1,HMN83577,NI,B,B5_c1_CATCAGACAATGGTCT,B
B5_c1,HMN83577,NI,B,B5_c1_CATCAGATCAGAGCTT,B
B5_c1,,,B,B5_c1_CATCCACAGTTGTAGA,B
B5_c1,HMN83574,NI,B,B5_c1_CCAATCCTCGCTTGTC,B
B5_c1,HMN83578,NI,B,B5_c1_CCACCTACAACCGCCA,B
B5_c1,,,B,B5_c1_CCACCTACATATGGTC,B
B5_c1,HMN83578,NI,B,B5_c1_CCACTACGTGAACCTT,B
B5_c1,,,B,B5_c1_CCATGTCAGTGTCTCA,B
B5_c1,HMN83578,NI,B,B5_c1_CCATGTCGTACTTCTT,B
B5_c1,HMN83578,NI,B,B5_c1_CCATTCGCAGGTTTCA,B
B5_c1,HMN83577,NI,B,B5_c1_CCCAGTTTCAGCTCGG,B
B5_c1,,,B,B5_c1_CCCATACGTCGAAAGC,B
B5_c1,HMN83577,NI,B,B5_c1_CCGGGATTCTGCTGTC,B
B5_c1,HMN83577,NI,B,B5_c1_CCGTACTCAAATCCGT,B
B5_c1,HMN83578,NI,B,B5_c1_CCGTGGAAGAGGACGG,B
B5_c1,HMN83578,NI,B,B5_c1_CCGTGGAGTTTGGGCC,B
B5_c1,HMN83577,NI,B,B5_c1_CCTAAAGCAGCTGTGC,B
B5_c1,,,B,B5_c1_CCTAAAGCATTACGAC,B
B5_c1,,,B,B5_c1_CCTACACAGTTAGCGG,B
B5_c1,HMN52532,flu,B,B5_c1_CCTACACTCTAACTCT,B
B5_c1,HMN83577,NI,B,B5_c1_CCTAGCTCACCTGGTG,B
B5_c1,,,B,B5_c1_CCTTCGATCCTGTAGA,B
B5_c1,,,B,B5_c1_CCTTTCTCATGCCTAA,B
B5_c1,HMN83577,NI,B,B5_c1_CGAATGTCAGGTGGAT,B
B5_c1,HMN83577,NI,B,B5_c1_CGACTTCTCACAAACC,B
B5_c1,HMN83577,NI,B,B5_c1_CGAGAAGGTGTTTGGT,B
B5_c1,HMN83578,NI,B,B5_c1_CGAGAAGTCCGTCATC,B
B5_c1,HMN83577,NI,B,B5_c1_CGAGCACAGCTGATAA,B
B5_c1,HMN83574,NI,B,B5_c1_CGAGCACCACGTGAGA,B
B5_c1,HMN83577,NI,B,B5_c1_CGAGCACTCAGTTAGC,B
B5_c1,,,B,B5_c1_CGAGCCAAGCTGTTCA,B
B5_c1,HMN83579,flu,B,B5_c1_CGAGCCATCAATCTCT,B
B5_c1,HMN83577,NI,B,B5_c1_CGATCGGAGAAACCAT,B
B5_c1,HMN83577,NI,B,B5_c1_CGATGGCGTAAACGCG,B
B5_c1,,,B,B5_c1_CGCCAAGTCACCATAG,B
B5_c1,HMN83578,NI,B,B5_c1_CGCGTTTCAGAGCCAA,B
B5_c1,HMN83578,NI,B,B5_c1_CGGACGTAGACTAGGC,B
B5_c1,HMN83578,NI,B,B5_c1_CGGGTCAAGATCTGCT,B
B5_c1,HMN83578,NI,B,B5_c1_CGTAGGCTCATGGTCA,B
B5_c1,HMN52532,flu,B,B5_c1_CGTAGGCTCTACTTAC,B
B5_c1,,,B,B5_c1_CGTCACTAGTACGTAA,B
B5_c1,HMN83577,NI,B,B5_c1_CGTCCATAGCCCAATT,B
B5_c1,HMN83578,NI,B,B5_c1_CGTGTCTAGAGTCGGT,B
B5_c1,HMN83578,NI,B,B5_c1_CGTTAGACAGTGACAG,B
B5_c1,,,B,B5_c1_CGTTCTGCATTCCTGC,B
B5_c1,HMN83577,NI,B,B5_c1_CTAACTTAGCGAAGGG,B
B5_c1,HMN83577,NI,B,B5_c1_CTAACTTGTGTGTGCC,B
B5_c1,,,B,B5_c1_CTAAGACAGAGAACAG,B
B5_c1,HMN83577,NI,B,B5_c1_CTAGCCTGTAGCGTAG,B
B5_c1,HMN83577,NI,B,B5_c1_CTAGTGAGTTTGTTTC,B
B5_c1,HMN83577,NI,B,B5_c1_CTCACACTCTGCAGTA,B
B5_c1,,,B,B5_c1_CTCATTAGTGATGTCT,B
B5_c1,,,B,B5_c1_CTCATTATCTTGCAAG,B
B5_c1,,,B,B5_c1_CTCCTAGAGCACCGTC,B
B5_c1,HMN83577,NI,B,B5_c1_CTCGGAGGTTGGTGGA,B
B5_c1,HMN83577,NI,B,B5_c1_CTCGGAGTCTGCAGTA,B
B5_c1,HMN83578,NI,B,B5_c1_CTCGGGAAGGACATTA,B
B5_c1,HMN83578,NI,B,B5_c1_CTCGTCAAGTAGCGGT,B
B5_c1,HMN83578,NI,B,B5_c1_CTGAAACGTCAGTGGA,B
B5_c1,,,B,B5_c1_CTGATAGAGATCACGG,B
B5_c1,,,B,B5_c1_CTGATCCAGGGTATCG,B
B5_c1,,,B,B5_c1_CTGATCCCATCCGTGG,B
B5_c1,,,B,B5_c1_CTGATCCGTATTCGTG,B
B5_c1,,,B,B5_c1_CTGATCCTCATCGCTC,B
B5_c1,HMN83577,NI,B,B5_c1_CTGCGGAAGCCCGAAA,B
B5_c1,HMN83577,NI,B,B5_c1_CTTAGGAAGATACACA,B
B5_c1,HMN83577,NI,B,B5_c1_CTTGGCTTCACCTCGT,B
B5_c1,HMN83578,NI,B,B5_c1_GAACATCAGGGTCGAT,B
B5_c1,HMN83578,NI,B,B5_c1_GAACATCTCTGTCCGT,B
B5_c1,HMN83577,NI,B,B5_c1_GAACGGAAGGGTGTTG,B
B5_c1,HMN83577,NI,B,B5_c1_GAACGGAGTTCCGGCA,B
B5_c1,HMN83578,NI,B,B5_c1_GAATAAGGTACGACCC,B
B5_c1,,,B,B5_c1_GAATAAGGTAGCACGA,B
B5_c1,,,B,B5_c1_GACGCGTGTCGGCATC,B
B5_c1,,,B,B5_c1_GACGTGCGTCTCATCC,B
B5_c1,HMN83578,NI,B,B5_c1_GACTGCGCATATGAGA,B
B5_c1,HMN83578,NI,B,B5_c1_GAGGTGATCTTTAGTC,B
B5_c1,,,B,B5_c1_GAGTCCGAGATCCTGT,B
B5_c1,HMN83578,NI,B,B5_c1_GATCAGTGTTGCGCAC,B
B5_c1,HMN83578,NI,B,B5_c1_GATCGATTCCAGTATG,B
B5_c1,HMN83578,NI,B,B5_c1_GATCGCGCACCAGGCT,B
B5_c1,HMN83577,NI,B,B5_c1_GATCGTATCCAGGGCT,B
B5_c1,,,B,B5_c1_GATGAAAAGTAGCCGA,B
B5_c1,,,B,B5_c1_GATGAAACACACATGT,B
B5_c1,HMN83577,NI,B,B5_c1_GATGAAACACTTACGA,B
B5_c1,HMN83574,NI,B,B5_c1_GATGAAATCAACCATG,B
B5_c1,,,B,B5_c1_GATGAGGAGAGCTATA,B
B5_c1,,,B,B5_c1_GATGAGGCAAGGTTCT,B
B5_c1,HMN83577,NI,B,B5_c1_GATGCTATCCAGAGGA,B
B5_c1,HMN83577,NI,B,B5_c1_GATTCAGGTCGACTAT,B
B5_c1,,,B,B5_c1_GCAATCAAGAGATGAG,B
B5_c1,HMN83574,NI,B,B5_c1_GCAGTTATCGGCGGTT,B
B5_c1,HMN83578,NI,B,B5_c1_GCAGTTATCTGCAAGT,B
B5_c1,,,B,B5_c1_GCATACACAAGGTTCT,B
B5_c1,HMN83578,NI,B,B5_c1_GCCAAATAGAGGTACC,B
B5_c1,HMN83578,NI,B,B5_c1_GCGACCACACCGGAAA,B
B5_c1,,,B,B5_c1_GCGAGAAAGCTTCGCG,B
B5_c1,HMN83578,NI,B,B5_c1_GCGAGAATCTGTCTCG,B
B5_c1,,,B,B5_c1_GCGCCAACACTGTTAG,B
B5_c1,,,B,B5_c1_GCGCGATCACCAGGCT,B
B5_c1,HMN83577,NI,B,B5_c1_GCTCTGTAGACAGACC,B
B5_c1,HMN83579,flu,B,B5_c1_GGACAAGGTACTTGAC,B
B5_c1,HMN83578,NI,B,B5_c1_GGACATTCAGCGTAAG,B
B5_c1,HMN83578,NI,B,B5_c1_GGACATTCATGTTGAC,B
B5_c1,HMN83574,NI,B,B5_c1_GGATGTTAGATAGGAG,B
B5_c1,HMN83574,NI,B,B5_c1_GGATGTTGTCCGACGT,B
B5_c1,HMN83577,NI,B,B5_c1_GGCAATTTCATAACCG,B
B5_c1,HMN83578,NI,B,B5_c1_GGCCGATCAGACAGGT,B
B5_c1,HMN83577,NI,B,B5_c1_GGCGACTTCAACGGCC,B
B5_c1,,,B,B5_c1_GGCGTGTAGCCACGTC,B
B5_c1,HMN83578,NI,B,B5_c1_GGCGTGTTCTCAAACG,B
B5_c1,HMN83577,NI,B,B5_c1_GGCTGGTTCACAAACC,B
B5_c1,HMN83577,NI,B,B5_c1_GGGAATGGTCATGCCG,B
B5_c1,,,B,B5_c1_GGGACCTTCTGCGTAA,B
B5_c1,HMN83577,NI,B,B5_c1_GGGATGACATACGCTA,B
B5_c1,HMN83577,NI,B,B5_c1_GGGATGACATGGTAGG,B
B5_c1,,,B,B5_c1_GGGATGAGTCCCTTGT,B
B5_c1,,,B,B5_c1_GGGCACTTCATTCACT,B
B5_c1,HMN83578,NI,B,B5_c1_GGGCATCCATCTATGG,B
B5_c1,,,B,B5_c1_GGGTCTGCAAGGTGTG,B
B5_c1,,,B,B5_c1_GGGTCTGCATGCTGGC,B
B5_c1,,,B,B5_c1_GGTATTGGTCGCGAAA,B
B5_c1,HMN83577,NI,B,B5_c1_GGTGCGTCAGAGTGTG,B
B5_c1,HMN83574,NI,B,B5_c1_GGTGCGTGTTACGTCA,B
B5_c1,HMN83577,NI,B,B5_c1_GGTGTTAAGCAACGGT,B
B5_c1,HMN83574,NI,B,B5_c1_GGTGTTACACTAGTAC,B
B5_c1,,,B,B5_c1_GTAACGTAGTTGCAGG,B
B5_c1,,,B,B5_c1_GTAACTGGTAAGAGGA,B
B5_c1,HMN83577,NI,B,B5_c1_GTACGTAAGGTTACCT,B
B5_c1,HMN83577,NI,B,B5_c1_GTACTTTAGTGTTAGA,B
B5_c1,,,B,B5_c1_GTAGTCAAGTCCGGTC,B
B5_c1,HMN83574,NI,B,B5_c1_GTAGTCACATTAGCCA,B
B5_c1,,,B,B5_c1_GTATCTTCAGCCAGAA,B
B5_c1,,,B,B5_c1_GTATTCTGTGCCTGGT,B
B5_c1,HMN83577,NI,B,B5_c1_GTCACGGAGATAGCAT,B
B5_c1,HMN83577,NI,B,B5_c1_GTCACGGAGCCACGTC,B
B5_c1,HMN83574,NI,B,B5_c1_GTCACGGCATTTGCCC,B
B5_c1,,,B,B5_c1_GTCGTAAGTCAAAGAT,B
B5_c1,HMN83578,NI,B,B5_c1_GTGCAGCAGGATGTAT,B
B5_c1,HMN83577,NI,B,B5_c1_GTGCATATCGCCCTTA,B
B5_c1,HMN83578,NI,B,B5_c1_GTGTGCGGTATTAGCC,B
B5_c1,,,B,B5_c1_GTTAAGCCAATCGAAA,B
B5_c1,HMN83578,NI,B,B5_c1_GTTAAGCCAGCGTCCA,B
B5_c1,,,B,B5_c1_GTTCATTTCATCTGTT,B
B5_c1,,,B,B5_c1_TAAGAGAAGGAGTTTA,B
B5_c1,HMN83578,NI,B,B5_c1_TAAGAGAGTGTTGGGA,B
B5_c1,,,B,B5_c1_TAAGAGAGTTCGTTGA,B
B5_c1,,,B,B5_c1_TACCTATCAGCTGTAT,B
B5_c1,HMN83577,NI,B,B5_c1_TACCTTAAGGTGATAT,B
B5_c1,HMN83577,NI,B,B5_c1_TACGGGCGTCCGAATT,B
B5_c1,,,B,B5_c1_TACGGGCGTGTTTGGT,B
B5_c1,HMN83578,NI,B,B5_c1_TACTCATGTGACCAAG,B
B5_c1,HMN83577,NI,B,B5_c1_TACTCATTCTGGCGTG,B
B5_c1,HMN83577,NI,B,B5_c1_TACTCGCAGGGTATCG,B
B5_c1,,,B,B5_c1_TACTTACCAGCTGCTG,B
B5_c1,,,B,B5_c1_TACTTGTCAGATCCAT,B
B5_c1,HMN83574,NI,B,B5_c1_TAGGCATAGCGTCAAG,B
B5_c1,,,B,B5_c1_TAGTTGGTCATTATCC,B
B5_c1,,,B,B5_c1_TATGCCCAGACCTTTG,B
B5_c1,HMN83577,NI,B,B5_c1_TATGCCCGTGCTTCTC,B
B5_c1,,,B,B5_c1_TATGCCCGTTCGAATC,B
B5_c1,HMN83577,NI,B,B5_c1_TATGCCCTCCAGAAGG,B
B5_c1,HMN83577,NI,B,B5_c1_TATGCCCTCTTGAGAC,B
B5_c1,HMN83573,flu,B,B5_c1_TCACAAGAGAACAACT,B
B5_c1,HMN83577,NI,B,B5_c1_TCACGAACAACAACCT,B
B5_c1,HMN83579,flu,B,B5_c1_TCAGCTCGTAGGGACT,B
B5_c1,HMN83577,NI,B,B5_c1_TCCACACTCAACCAAC,B
B5_c1,,,B,B5_c1_TCCCGATAGAAGGTGA,B
B5_c1,,,B,B5_c1_TCGCGTTAGTACACCT,B
B5_c1,HMN83578,NI,B,B5_c1_TCGGTAAGTCATCGGC,B
B5_c1,,,B,B5_c1_TCTATTGGTGCCTGCA,B
B5_c1,HMN83578,NI,B,B5_c1_TCTGAGAGTTGGTTTG,B
B5_c1,HMN83577,NI,B,B5_c1_TCTTTCCAGTGAAGAG,B
B5_c1,HMN83578,NI,B,B5_c1_TGAAAGACACAGACAG,B
B5_c1,,,B,B5_c1_TGACGGCAGGGATCTG,B
B5_c1,HMN83578,NI,B,B5_c1_TGAGCATAGTACGTTC,B
B5_c1,HMN83578,NI,B,B5_c1_TGATTTCCAGCTCGAC,B
B5_c1,HMN83578,NI,B,B5_c1_TGCCAAATCAACGGGA,B
B5_c1,HMN83578,NI,B,B5_c1_TGCGGGTCAGTAACGG,B
B5_c1,,,B,B5_c1_TGCTACCCACAGTCGC,B
B5_c1,,,B,B5_c1_TGCTACCTCTCTAGGA,B
B5_c1,,,B,B5_c1_TGGCCAGTCCATTCTA,B
B5_c1,,,B,B5_c1_TGGCGCAGTCAATGTC,B
B5_c1,HMN83577,NI,B,B5_c1_TGGCGCATCACATGCA,B
B5_c1,HMN83574,NI,B,B5_c1_TGGGCGTTCACGCATA,B
B5_c1,HMN83577,NI,B,B5_c1_TGGTTCCTCTCGTTTA,B
B5_c1,HMN83578,NI,B,B5_c1_TGTCCCAGTTCCACAA,B
B5_c1,HMN83577,NI,B,B5_c1_TGTGTTTCATCGACGC,B
B5_c1,HMN83578,NI,B,B5_c1_TGTTCCGCATTGCGGC,B
B5_c1,,,B,B5_c1_TGTTCCGTCACGATGT,B
B5_c1,HMN83577,NI,B,B5_c1_TTAACTCCACACCGCA,B
B5_c1,,,B,B5_c1_TTAACTCGTGTTAAGA,B
B5_c1,HMN83577,NI,B,B5_c1_TTAGGACCACCTCGGA,B
B5_c1,,,B,B5_c1_TTATGCTAGAAGCCCA,B
B5_c1,,,B,B5_c1_TTCGAAGTCCTTGCCA,B
B5_c1,HMN83577,NI,B,B5_c1_TTCGGTCCACAGATTC,B
B5_c1,,,B,B5_c1_TTGAACGAGAGATGAG,B
B5_c1,,,B,B5_c1_TTGACTTAGCGTTGCC,B
B5_c1,,,B,B5_c1_TTGCCGTCATCTACGA,B
B5_c1,HMN83577,NI,B,B5_c1_TTGCCGTTCGGCTACG,B
B5_c1,HMN83577,NI,B,B5_c1_TTGGAACAGCCACCTG,B
B5_c1,HMN83577,NI,B,B5_c1_TTTCCTCTCATGTCTT,B
B5_c1,HMN83578,NI,B,B5_c1_TTTGCGCGTAGAGTGC,B
B5_c1,HMN83577,NI,B,B5_c1_TTTGCGCGTCAGAGGT,B
B5_c2,,,B,B5_c2_AAAGATGAGATGTGGC,B
B5_c2,,,B,B5_c2_AAAGTAGGTCACCCAG,B
B5_c2,,,B,B5_c2_AAAGTAGTCCTACAGA,B
B5_c2,,,B,B5_c2_AAATGCCAGGCACATG,B
B5_c2,,,B,B5_c2_AAATGCCCACAGACTT,B
B5_c2,,,B,B5_c2_AACACGTGTCATTAGC,B
B5_c2,HMN83578,flu,B,B5_c2_AACACGTGTTCTGGTA,B
B5_c2,,,B,B5_c2_AACCATGTCCTTGCCA,B
B5_c2,,,B,B5_c2_AACCGCGCATGAGCGA,B
B5_c2,,,B,B5_c2_AACGTTGTCGCTGATA,B
B5_c2,HMN83579,NI,B,B5_c2_AACTCAGTCCCAACGG,B
B5_c2,,,B,B5_c2_AACTCCCAGTCAAGGC,B
B5_c2,,,B,B5_c2_AACTCTTAGTGGTAAT,B
B5_c2,,,B,B5_c2_AACTCTTTCCTAGGGC,B
B5_c2,HMN83579,NI,B,B5_c2_AACTTTCCAACACGCC,B
B5_c2,,,B,B5_c2_AACTTTCTCCCACTTG,B
B5_c2,,,B,B5_c2_AAGACCTGTCCAACTA,B
B5_c2,,,B,B5_c2_AAGACCTGTGGGTATG,B
B5_c2,HMN52532,NI,B,B5_c2_AAGGTTCGTAATTGGA,B
B5_c2,HMN83579,NI,B,B5_c2_AAGTCTGCACCAGCAC,B
B5_c2,HMN52532,NI,B,B5_c2_AAGTCTGTCTGCTGTC,B
B5_c2,,,B,B5_c2_AATCCAGCATAGAAAC,B
B5_c2,HMN52532,NI,B,B5_c2_AATCGGTTCAGTCAGT,B
B5_c2,,,B,B5_c2_ACACCAATCGTCGTTC,B
B5_c2,HMN52532,NI,B,B5_c2_ACACCCTTCCGGCACA,B
B5_c2,,,B,B5_c2_ACACCGGTCCGCAAGC,B
B5_c2,,,B,B5_c2_ACAGCTACATACGCCG,B
B5_c2,,,B,B5_c2_ACAGCTAGTAAACGCG,B
B5_c2,,,B,B5_c2_ACATGGTAGTTAAGTG,B
B5_c2,HMN52532,NI,B,B5_c2_ACCAGTAAGCCTTGAT,B
B5_c2,,,B,B5_c2_ACCAGTATCGGCGCAT,B
B5_c2,,,B,B5_c2_ACCCACTGTTGAGTTC,B
B5_c2,,,B,B5_c2_ACCGTAACAATCTACG,B
B5_c2,,,B,B5_c2_ACCGTAACATTACGAC,B
B5_c2,,,B,B5_c2_ACGAGCCAGAATTGTG,B
B5_c2,HMN52532,NI,B,B5_c2_ACGAGGATCGCGTTTC,B
B5_c2,,,B,B5_c2_ACGATACCAAACTGTC,B
B5_c2,,,B,B5_c2_ACGATGTTCTTTAGGG,B
B5_c2,,,B,B5_c2_ACGCAGCAGGGTCGAT,B
B5_c2,,,B,B5_c2_ACGCCGACAGCTCCGA,B
B5_c2,,,B,B5_c2_ACTATCTCAAGCGCTC,B
B5_c2,,,B,B5_c2_ACTGAACCATCCGTGG,B
B5_c2,,,B,B5_c2_ACTGAGTGTCACACGC,B
B5_c2,,,B,B5_c2_ACTGCTCAGACATAAC,B
B5_c2,HMN83579,NI,B,B5_c2_ACTGCTCCAAGTTCTG,B
B5_c2,,,B,B5_c2_ACTGTCCTCATAAAGG,B
B5_c2,,,B,B5_c2_ACTTACTAGTGTCCAT,B
B5_c2,,,B,B5_c2_ACTTGTTCAAAGGAAG,B
B5_c2,,,B,B5_c2_ACTTGTTTCTCGTATT,B
B5_c2,,,B,B5_c2_ACTTGTTTCTCTTGAT,B
B5_c2,,,B,B5_c2_ACTTTCAAGAGATGAG,B
B5_c2,,,B,B5_c2_AGAGCGACAAGTTCTG,B
B5_c2,HMN83573,NI,B,B5_c2_AGAGCTTCAGACGCTC,B
B5_c2,HMN52532,NI,B,B5_c2_AGAGCTTTCTTGTCAT,B
B5_c2,,,B,B5_c2_AGAGTGGAGGACGAAA,B
B5_c2,,,B,B5_c2_AGAGTGGAGTCGCCGT,B
B5_c2,,,B,B5_c2_AGATCTGAGATCTGAA,B
B5_c2,,,B,B5_c2_AGATTGCAGAGTCTGG,B
B5_c2,,,B,B5_c2_AGCAGCCAGGTGACCA,B
B5_c2,,,B,B5_c2_AGCAGCCAGTCACGCC,B
B5_c2,,,B,B5_c2_AGCCTAAGTACCGAGA,B
B5_c2,HMN52532,NI,B,B5_c2_AGCGTATCACCCTATC,B
B5_c2,,,B,B5_c2_AGCGTATTCAGCTCGG,B
B5_c2,,,B,B5_c2_AGCTCCTAGGTTACCT,B
B5_c2,,,B,B5_c2_AGCTCCTGTTAAGACA,B
B5_c2,HMN83579,NI,B,B5_c2_AGCTCTCGTCGTCTTC,B
B5_c2,,,B,B5_c2_AGGCCACAGATCCCAT,B
B5_c2,HMN83578,flu,B,B5_c2_AGGCCACTCTCCAACC,B
B5_c2,,,B,B5_c2_AGGCCGTTCAAGAAGT,B
B5_c2,,,B,B5_c2_AGGGATGGTTCAGTAC,B
B5_c2,,,B,B5_c2_AGGGATGTCCGAATGT,B
B5_c2,HMN83579,NI,B,B5_c2_AGGGTGAAGATGTTAG,B
B5_c2,,,B,B5_c2_AGGGTGACATCGGACC,B
B5_c2,,,B,B5_c2_AGGGTGAGTGGCTCCA,B
B5_c2,,,B,B5_c2_AGGTCATTCGCGGATC,B
B5_c2,,,B,B5_c2_AGTAGTCTCGTCTGAA,B
B5_c2,,,B,B5_c2_AGTCTTTAGAGGACGG,B
B5_c2,,,B,B5_c2_AGTCTTTTCTTGAGGT,B
B5_c2,,,B,B5_c2_AGTGAGGTCACTTCAT,B
B5_c2,,,B,B5_c2_AGTGGGACACGTTGGC,B
B5_c2,,,B,B5_c2_AGTGGGATCACGCATA,B
B5_c2,,,B,B5_c2_AGTGTCATCGTAGGAG,B
B5_c2,,,B,B5_c2_ATAACGCAGAAGAAGC,B
B5_c2,,,B,B5_c2_ATAAGAGAGAAACGAG,B
B5_c2,,,B,B5_c2_ATAGACCGTCCAGTGC,B
B5_c2,,,B,B5_c2_ATCACGAAGATGTAAC,B
B5_c2,,,B,B5_c2_ATCATGGAGATGCCAG,B
B5_c2,,,B,B5_c2_ATGAGGGGTACCGGCT,B
B5_c2,HMN52532,NI,B,B5_c2_ATTACTCAGTACGACG,B
B5_c2,HMN83579,NI,B,B5_c2_ATTCTACAGCGTGAAC,B
B5_c2,HMN52532,NI,B,B5_c2_ATTGGTGAGACGCACA,B
B5_c2,,,B,B5_c2_ATTTCTGTCAGTCCCT,B
B5_c2,,,B,B5_c2_CAACCAAAGTGACATA,B
B5_c2,HMN83578,flu,B,B5_c2_CAACCAAGTAAACACA,B
B5_c2,,,B,B5_c2_CAACCAAGTGACTCAT,B
B5_c2,,,B,B5_c2_CAACCAATCCCATTAT,B
B5_c2,,,B,B5_c2_CAAGAAAGTTGAGGTG,B
B5_c2,,,B,B5_c2_CAAGATCCATGAAGTA,B
B5_c2,HMN83579,NI,B,B5_c2_CAAGGCCCAATCCAAC,B
B5_c2,,,B,B5_c2_CAAGGCCTCAACGGGA,B
B5_c2,HMN83579,NI,B,B5_c2_CACAAACAGGAGCGTT,B
B5_c2,HMN52532,NI,B,B5_c2_CACAAACCAGCTGTGC,B
B5_c2,HMN52532,NI,B,B5_c2_CACAAACGTAGAGTGC,B
B5_c2,,,B,B5_c2_CACAAACTCCCGACTT,B
B5_c2,,,B,B5_c2_CACACAAAGGCAGTCA,B
B5_c2,,,B,B5_c2_CACACAACACCTATCC,B
B5_c2,,,B,B5_c2_CACACCTAGATATGCA,B
B5_c2,,,B,B5_c2_CACAGGCCATTATCTC,B
B5_c2,HMN52532,NI,B,B5_c2_CACAGTATCGCTTGTC,B
B5_c2,,,B,B5_c2_CACATAGTCGTTACAG,B
B5_c2,HMN52532,NI,B,B5_c2_CACATTTTCATCATTC,B
B5_c2,HMN83573,NI,B,B5_c2_CACATTTTCGCTAGCG,B
B5_c2,,,B,B5_c2_CACTCCAAGATGGCGT,B
B5_c2,,,B,B5_c2_CACTCCACATTCACTT,B
B5_c2,,,B,B5_c2_CAGAATCCACATCCGG,B
B5_c2,,,B,B5_c2_CAGATCACAAACCTAC,B
B5_c2,,,B,B5_c2_CAGATCACAAATCCGT,B
B5_c2,,,B,B5_c2_CAGCCGACAATAAGCA,B
B5_c2,HMN83577,flu,B,B5_c2_CAGCTAAGTCGTGGCT,B
B5_c2,,,B,B5_c2_CAGCTGGAGCTTATCG,B
B5_c2,HMN83573,NI,B,B5_c2_CAGTAACGTTCGTGAT,B
B5_c2,,,B,B5_c2_CATATGGCAATTCCTT,B
B5_c2,,,B,B5_c2_CATCAAGAGATACACA,B
B5_c2,HMN52532,NI,B,B5_c2_CATCAAGAGGAATTAC,B
B5_c2,,,B,B5_c2_CATCAAGAGTTTGCGT,B
B5_c2,HMN83578,flu,B,B5_c2_CATCAGACATGGTAGG,B
B5_c2,HMN52532,NI,B,B5_c2_CATCGAATCTGTCAAG,B
B5_c2,,,B,B5_c2_CATCGGGCATGAACCT,B
B5_c2,HMN52532,NI,B,B5_c2_CATGCCTTCGGCATCG,B
B5_c2,,,B,B5_c2_CATTCGCCAATAAGCA,B
B5_c2,HMN52532,NI,B,B5_c2_CCACCTAGTAAGTGTA,B
B5_c2,,,B,B5_c2_CCACGGAGTCTCACCT,B
B5_c2,HMN83574,flu,B,B5_c2_CCACGGAGTTACCAGT,B
B5_c2,HMN83577,flu,B,B5_c2_CCACGGATCTAACTTC,B
B5_c2,,,B,B5_c2_CCAGCGATCTGTACGA,B
B5_c2,,,B,B5_c2_CCATTCGCACACTGCG,B
B5_c2,,,B,B5_c2_CCCAATCAGCGATGAC,B
B5_c2,HMN52532,NI,B,B5_c2_CCCAATCGTCGCTTTC,B
B5_c2,,,B,B5_c2_CCCAATCTCGAATGGG,B
B5_c2,HMN83578,flu,B,B5_c2_CCCATACGTTCCCGAG,B
B5_c2,,,B,B5_c2_CCCTCCTTCGTTGACA,B
B5_c2,,,B,B5_c2_CCGGGATTCTGCTTGC,B
B5_c2,HMN83579,NI,B,B5_c2_CCGTACTAGTGGGATC,B
B5_c2,,,B,B5_c2_CCGTACTGTGATAAAC,B
B5_c2,,,B,B5_c2_CCGTGGACAACTGCTA,B
B5_c2,,,B,B5_c2_CCTACACAGTGATCGG,B
B5_c2,,,B,B5_c2_CCTAGCTGTAGCTTGT,B
B5_c2,,,B,B5_c2_CCTCAGTCAACGATGG,B
B5_c2,HMN83573,NI,B,B5_c2_CCTTCCCAGCGGATCA,B
B5_c2,HMN83578,flu,B,B5_c2_CCTTCCCGTATCACCA,B
B5_c2,,,B,B5_c2_CCTTTCTTCAACACAC,B
B5_c2,,,B,B5_c2_CGACTTCCACGACTCG,B
B5_c2,,,B,B5_c2_CGATCGGAGTAGTGCG,B
B5_c2,HMN83578,flu,B,B5_c2_CGATGTAGTGCAGTAG,B
B5_c2,,,B,B5_c2_CGCCAAGTCAGGTTCA,B
B5_c2,,,B,B5_c2_CGCGGTACAAACGTGG,B
B5_c2,,,B,B5_c2_CGCGGTAGTGTGAAAT,B
B5_c2,HMN83577,flu,B,B5_c2_CGCGGTAGTTGAGGTG,B
B5_c2,,,B,B5_c2_CGCGTTTAGCGTCTAT,B
B5_c2,,,B,B5_c2_CGCTGGAGTCGCTTCT,B
B5_c2,,,B,B5_c2_CGCTGGATCCGTCATC,B
B5_c2,HMN83579,NI,B,B5_c2_CGCTTCAAGTGAATTG,B
B5_c2,,,B,B5_c2_CGCTTCAGTACCGTTA,B
B5_c2,,,B,B5_c2_CGCTTCATCCCAAGAT,B
B5_c2,HMN83579,NI,B,B5_c2_CGGACACAGATCTGCT,B
B5_c2,,,B,B5_c2_CGGACACTCCACTGGG,B
B5_c2,HMN52532,NI,B,B5_c2_CGGACTGAGTCCGGTC,B
B5_c2,,,B,B5_c2_CGGACTGCAAGCTGTT,B
B5_c2,,,B,B5_c2_CGGACTGCACGTTGGC,B
B5_c2,HMN52532,NI,B,B5_c2_CGGACTGGTGCGGTAA,B
B5_c2,,,B,B5_c2_CGGAGCTCACGGCGTT,B
B5_c2,HMN83573,NI,B,B5_c2_CGGAGTCAGGACACCA,B
B5_c2,,,B,B5_c2_CGGAGTCTCACCCGAG,B
B5_c2,,,B,B5_c2_CGGGTCAAGGGTATCG,B
B5_c2,HMN83573,NI,B,B5_c2_CGGGTCACAAGCTGTT,B
B5_c2,HMN52532,NI,B,B5_c2_CGGTTAACAGCTTAAC,B
B5_c2,,,B,B5_c2_CGTAGCGTCAGAGACG,B
B5_c2,,,B,B5_c2_CGTCACTCAATTGCTG,B
B5_c2,,,B,B5_c2_CGTCACTTCTACTTAC,B
B5_c2,,,B,B5_c2_CGTCAGGAGTGTACGG,B
B5_c2,HMN52532,NI,B,B5_c2_CGTCAGGTCAACGGGA,B
B5_c2,,,B,B5_c2_CGTCAGGTCGCCAGCA,B
B5_c2,,,B,B5_c2_CGTGAGCAGATTACCC,B
B5_c2,,,B,B5_c2_CGTTCTGAGAATTCCC,B
B5_c2,,,B,B5_c2_CGTTGGGGTCGCTTCT,B
B5_c2,,,B,B5_c2_CGTTGGGTCTTCGAGA,B
B5_c2,HMN83578,flu,B,B5_c2_CTAACTTTCCTAGAAC,B
B5_c2,HMN83573,NI,B,B5_c2_CTAAGACCAAGCGCTC,B
B5_c2,,,B,B5_c2_CTAATGGAGAGGACGG,B
B5_c2,,,B,B5_c2_CTAATGGAGAGTACCG,B
B5_c2,HMN83579,NI,B,B5_c2_CTAATGGCATGCCCGA,B
B5_c2,,,B,B5_c2_CTACATTGTTGTCTTT,B
B5_c2,,,B,B5_c2_CTAGAGTCAGTTCATG,B
B5_c2,,,B,B5_c2_CTAGCCTCAGCGTAAG,B
B5_c2,,,B,B5_c2_CTCACACAGTGTTAGA,B
B5_c2,HMN83577,flu,B,B5_c2_CTCAGAAGTCCATGAT,B
B5_c2,,,B,B5_c2_CTCAGAATCCTGCCAT,B
B5_c2,,,B,B5_c2_CTCATTAGTATGGTTC,B
B5_c2,,,B,B5_c2_CTCATTATCCTCCTAG,B
B5_c2,,,B,B5_c2_CTCGAAAAGGAGTACC,B
B5_c2,,,B,B5_c2_CTCGAAACAGCGTAAG,B
B5_c2,HMN83578,flu,B,B5_c2_CTCGGAGCAGTTAACC,B
B5_c2,,,B,B5_c2_CTCGGAGGTCTCACCT,B
B5_c2,HMN52532,NI,B,B5_c2_CTCGTACCAAGAAAGG,B
B5_c2,HMN52532,NI,B,B5_c2_CTCTAATTCGGCGCTA,B
B5_c2,,,B,B5_c2_CTCTACGCATTGGCGC,B
B5_c2,,,B,B5_c2_CTGAAACAGAGTAAGG,B
B5_c2,HMN83573,NI,B,B5_c2_CTGAAACGTGTTCTTT,B
B5_c2,HMN83573,NI,B,B5_c2_CTGAAGTTCGCGTAGC,B
B5_c2,,,B,B5_c2_CTGATAGCAATGGAAT,B
B5_c2,,,B,B5_c2_CTGATAGCATAAAGGT,B
B5_c2,,,B,B5_c2_CTGATCCAGGGTTTCT,B
B5_c2,,,B,B5_c2_CTGCTGTAGGAGCGTT,B
B5_c2,HMN52532,NI,B,B5_c2_CTGCTGTTCAGGCGAA,B
B5_c2,,,B,B5_c2_CTGTGCTGTTCGAATC,B
B5_c2,,,B,B5_c2_CTTAACTTCGTCCAGG,B
B5_c2,,,B,B5_c2_CTTAGGAAGTGTCTCA,B
B5_c2,,,B,B5_c2_CTTGGCTAGTGGGTTG,B
B5_c2,HMN83578,flu,B,B5_c2_CTTTGCGGTTCAGTAC,B
B5_c2,HMN83579,NI,B,B5_c2_GAAATGAAGTAACCCT,B
B5_c2,,,B,B5_c2_GAACCTACAGCTGCTG,B
B5_c2,,,B,B5_c2_GAACCTAGTTTGTTTC,B
B5_c2,,,B,B5_c2_GAACCTATCAGGTAAA,B
B5_c2,,,B,B5_c2_GAACGGAAGCTCTCGG,B
B5_c2,,,B,B5_c2_GAACGGAAGTACGTTC,B
B5_c2,HMN83573,NI,B,B5_c2_GAAGCAGGTCGAGATG,B
B5_c2,,,B,B5_c2_GAAGCAGTCCCACTTG,B
B5_c2,HMN52532,NI,B,B5_c2_GAATAAGAGATCCGAG,B
B5_c2,HMN83579,NI,B,B5_c2_GACACGCTCACTTCAT,B
B5_c2,,,B,B5_c2_GACAGAGAGTAGCGGT,B
B5_c2,HMN83574,flu,B,B5_c2_GACCTGGAGATTACCC,B
B5_c2,HMN83573,NI,B,B5_c2_GACGCGTCATCCGGGT,B
B5_c2,,,B,B5_c2_GACGGCTCACAGAGGT,B
B5_c2,HMN83579,NI,B,B5_c2_GACGGCTTCAAACCGT,B
B5_c2,HMN83573,NI,B,B5_c2_GACGTTACACGTCAGC,B
B5_c2,,,B,B5_c2_GACTAACGTTAGGGTG,B
B5_c2,,,B,B5_c2_GACTACATCAGTTCGA,B
B5_c2,HMN83579,NI,B,B5_c2_GAGCAGAAGCACAGGT,B
B5_c2,HMN83574,flu,B,B5_c2_GAGGTGAAGGATCGCA,B
B5_c2,HMN83579,NI,B,B5_c2_GAGGTGATCATAAAGG,B
B5_c2,,,B,B5_c2_GATCAGTAGCCGATTT,B
B5_c2,,,B,B5_c2_GATCGATAGTGCAAGC,B
B5_c2,,,B,B5_c2_GATCGATTCTATCGCC,B
B5_c2,,,B,B5_c2_GATCGTAAGGAGTACC,B
B5_c2,,,B,B5_c2_GATCTAGGTAAAGTCA,B
B5_c2,,,B,B5_c2_GATGCTACAGTGGGAT,B
B5_c2,,,B,B5_c2_GATGCTAGTTACGACT,B
B5_c2,HMN83573,NI,B,B5_c2_GATGCTATCGTACGGC,B
B5_c2,,,B,B5_c2_GATTCAGCACCATGTA,B
B5_c2,,,B,B5_c2_GATTCAGGTCTTTCAT,B
B5_c2,,,B,B5_c2_GCACATAGTGAAGGCT,B
B5_c2,,,B,B5_c2_GCACATATCGACCAGC,B
B5_c2,HMN83573,NI,B,B5_c2_GCACTCTTCGCAGGCT,B
B5_c2,,,B,B5_c2_GCAGTTACAGTCAGAG,B
B5_c2,HMN83579,NI,B,B5_c2_GCATGCGGTGGCTCCA,B
B5_c2,HMN83579,NI,B,B5_c2_GCCAAATCAGGTTTCA,B
B5_c2,HMN83579,NI,B,B5_c2_GCCAAATGTCAATGTC,B
B5_c2,,,B,B5_c2_GCGAGAATCCCTTGCA,B
B5_c2,HMN52532,NI,B,B5_c2_GCGCAACTCTTTACGT,B
B5_c2,,,B,B5_c2_GCGCGATCAGCTGTGC,B
B5_c2,,,B,B5_c2_GCGGGTTAGATAGCAT,B
B5_c2,,,B,B5_c2_GCTCTGTCAATGGATA,B
B5_c2,,,B,B5_c2_GCTCTGTCACAACGTT,B
B5_c2,,,B,B5_c2_GCTGCGATCCGAGCCA,B
B5_c2,HMN52532,NI,B,B5_c2_GCTGCTTCACAAGTAA,B
B5_c2,HMN52532,NI,B,B5_c2_GCTTGAAGTACAGACG,B
B5_c2,HMN83579,NI,B,B5_c2_GGAAAGCAGTAGCGGT,B
B5_c2,,,B,B5_c2_GGAAAGCGTTCAGACT,B
B5_c2,HMN52532,NI,B,B5_c2_GGAACTTCAAATTGCC,B
B5_c2,HMN52532,NI,B,B5_c2_GGAACTTCAGATCCAT,B
B5_c2,,,B,B5_c2_GGAACTTTCACAGGCC,B
B5_c2,,,B,B5_c2_GGACAAGCAGGAATCG,B
B5_c2,,,B,B5_c2_GGACAGATCTGCAGTA,B
B5_c2,,,B,B5_c2_GGAGCAAAGCGCCTTG,B
B5_c2,,,B,B5_c2_GGATGTTTCAACTCTT,B
B5_c2,HMN83578,flu,B,B5_c2_GGCAATTAGGCATGTG,B
B5_c2,,,B,B5_c2_GGCAATTCATGACGGA,B
B5_c2,,,B,B5_c2_GGCCGATTCCCACTTG,B
B5_c2,HMN52532,NI,B,B5_c2_GGCGACTAGTGGTAGC,B
B5_c2,,,B,B5_c2_GGCGACTGTTCTGGTA,B
B5_c2,,,B,B5_c2_GGCTCGAGTCCGAAGA,B
B5_c2,HMN83579,NI,B,B5_c2_GGCTGGTAGCTACCGC,B
B5_c2,,,B,B5_c2_GGGACCTAGGTAGCCA,B
B5_c2,,,B,B5_c2_GGGACCTTCTGCGGCA,B
B5_c2,,,B,B5_c2_GGGATGACATATACGC,B
B5_c2,,,B,B5_c2_GGGCACTTCAAGATCC,B
B5_c2,,,B,B5_c2_GGGCATCCATCTACGA,B
B5_c2,HMN83579,NI,B,B5_c2_GGTATTGTCAAACGGG,B
B5_c2,,,B,B5_c2_GGTGAAGGTGTGAATA,B
B5_c2,HMN83573,NI,B,B5_c2_GGTGAAGTCGAATCCA,B
B5_c2,,,B,B5_c2_GGTGCGTGTGCAGACA,B
B5_c2,HMN52532,NI,B,B5_c2_GGTGTTACATCGATTG,B
B5_c2,HMN83577,flu,B,B5_c2_GTAACGTCAAGTTAAG,B
B5_c2,,,B,B5_c2_GTAACGTCAGCCTTTC,B
B5_c2,,,B,B5_c2_GTAACTGCAGCTGGCT,B
B5_c2,HMN83573,NI,B,B5_c2_GTAACTGGTGCGATAG,B
B5_c2,,,B,B5_c2_GTACGTAAGGGTTTCT,B
B5_c2,,,B,B5_c2_GTACTCCAGATCACGG,B
B5_c2,,,B,B5_c2_GTAGTCAAGAGTACAT,B
B5_c2,HMN52532,NI,B,B5_c2_GTATCTTGTAGCGTAG,B
B5_c2,,,B,B5_c2_GTATTCTGTACAAGTA,B
B5_c2,HMN52532,NI,B,B5_c2_GTATTCTTCGTTACAG,B
B5_c2,,,B,B5_c2_GTCAAGTCATAAGACA,B
B5_c2,,,B,B5_c2_GTCAAGTGTTCACGGC,B
B5_c2,HMN52532,NI,B,B5_c2_GTCACAATCGTGACAT,B
B5_c2,HMN83573,NI,B,B5_c2_GTCACGGAGCTAGTTC,B
B5_c2,,,B,B5_c2_GTCATTTTCTTACCGC,B
B5_c2,,,B,B5_c2_GTCCTCAAGTGGACGT,B
B5_c2,,,B,B5_c2_GTCCTCAGTAAGAGGA,B
B5_c2,,,B,B5_c2_GTCCTCAGTTATTCTC,B
B5_c2,HMN83573,NI,B,B5_c2_GTCGGGTGTAGCACGA,B
B5_c2,HMN52532,NI,B,B5_c2_GTCGGGTTCTGCAAGT,B
B5_c2,,,B,B5_c2_GTCGTAAAGAGCTATA,B
B5_c2,,,B,B5_c2_GTCGTAAAGCTAGCCC,B
B5_c2,HMN83573,NI,B,B5_c2_GTCGTAATCCACGTGG,B
B5_c2,,,B,B5_c2_GTCTTCGAGCGCTCCA,B
B5_c2,,,B,B5_c2_GTCTTCGAGTCAAGGC,B
B5_c2,,,B,B5_c2_GTGAAGGCACTGTCGG,B
B5_c2,,,B,B5_c2_GTGAAGGGTCCAAGTT,B
B5_c2,,,B,B5_c2_GTGAAGGGTTTAGGAA,B
B5_c2,,,B,B5_c2_GTGCGGTCAATCCGAT,B
B5_c2,,,B,B5_c2_GTGTTAGGTATATGAG,B
B5_c2,HMN83579,NI,B,B5_c2_GTTAAGCCACACATGT,B
B5_c2,,,B,B5_c2_GTTAAGCCACATCTTT,B
B5_c2,,,B,B5_c2_GTTAAGCGTAGGGACT,B
B5_c2,HMN83577,flu,B,B5_c2_GTTAAGCTCAAAGACA,B
B5_c2,,,B,B5_c2_GTTACAGCACACAGAG,B
B5_c2,,,B,B5_c2_GTTACAGGTCGTGGCT,B
B5_c2,,,B,B5_c2_GTTCATTGTGACTCAT,B
B5_c2,,,B,B5_c2_GTTCGGGTCAGAGACG,B
B5_c2,,,B,B5_c2_GTTTCTACATGTTGAC,B
B5_c2,,,B,B5_c2_GTTTCTAGTGATAAGT,B
B5_c2,,,B,B5_c2_TAAGTGCTCAACCAAC,B
B5_c2,,,B,B5_c2_TACAGTGCAGCCAATT,B
B5_c2,,,B,B5_c2_TACAGTGTCTGGAGCC,B
B5_c2,,,B,B5_c2_TACCTTAAGCTAAACA,B
B5_c2,,,B,B5_c2_TACGGATCATTCCTGC,B
B5_c2,,,B,B5_c2_TACGGTACATCCAACA,B
B5_c2,,,B,B5_c2_TACGGTAGTACCTACA,B
B5_c2,HMN83573,NI,B,B5_c2_TACTCATGTGGAAAGA,B
B5_c2,,,B,B5_c2_TACTCGCGTATATGAG,B
B5_c2,,,B,B5_c2_TAGACCATCCTTGGTC,B
B5_c2,,,B,B5_c2_TAGAGCTGTTACCAGT,B
B5_c2,HMN52532,NI,B,B5_c2_TAGCCGGCATATGGTC,B
B5_c2,,,B,B5_c2_TAGGCATGTATAGGTA,B
B5_c2,,,B,B5_c2_TAGGCATTCGCTAGCG,B
B5_c2,,,B,B5_c2_TAGTGGTAGAGTAATC,B
B5_c2,HMN83573,NI,B,B5_c2_TATCTCAAGGCTCTTA,B
B5_c2,,,B,B5_c2_TATTACCAGCATGGCA,B
B5_c2,,,B,B5_c2_TATTACCGTACGCTGC,B
B5_c2,,,B,B5_c2_TCAACGAGTTGCCTCT,B
B5_c2,HMN52532,NI,B,B5_c2_TCAACGATCAGAGACG,B
B5_c2,,,B,B5_c2_TCAATCTTCCATGAGT,B
B5_c2,,,B,B5_c2_TCAGATGAGTTTCCTT,B
B5_c2,,,B,B5_c2_TCAGATGCATCCTAGA,B
B5_c2,HMN83579,NI,B,B5_c2_TCAGATGGTCTCACCT,B
B5_c2,HMN52532,NI,B,B5_c2_TCAGGATCATCACAAC,B
B5_c2,,,B,B5_c2_TCAGGATTCTCGTTTA,B
B5_c2,,,B,B5_c2_TCAGGTATCATCTGTT,B
B5_c2,,,B,B5_c2_TCATTTGGTATATGGA,B
B5_c2,HMN52532,NI,B,B5_c2_TCATTTGTCAGCATGT,B
B5_c2,,,B,B5_c2_TCCACACTCAGGCAAG,B
B5_c2,,,B,B5_c2_TCCCGATTCAACACAC,B
B5_c2,,,B,B5_c2_TCGAGGCAGGGCTCTC,B
B5_c2,,,B,B5_c2_TCGCGAGGTGCCTGTG,B
B5_c2,,,B,B5_c2_TCGCGTTGTTAGTGGG,B
B5_c2,,,B,B5_c2_TCGGTAACAACTGCTA,B
B5_c2,,,B,B5_c2_TCGGTAAGTGCATCTA,B
B5_c2,,,B,B5_c2_TCGTACCCATACGCTA,B
B5_c2,,,B,B5_c2_TCGTACCGTCTTCTCG,B
B5_c2,,,B,B5_c2_TCGTACCGTGAGTGAC,B
B5_c2,,,B,B5_c2_TCTATTGTCTCCAACC,B
B5_c2,,,B,B5_c2_TCTCATACACACCGCA,B
B5_c2,,,B,B5_c2_TCTCTAACACACCGCA,B
B5_c2,,,B,B5_c2_TCTGAGAAGTTTAGGA,B
B5_c2,,,B,B5_c2_TCTTCGGAGCGATCCC,B
B5_c2,,,B,B5_c2_TCTTTCCTCCTTCAAT,B
B5_c2,,,B,B5_c2_TGAAAGAAGATAGGAG,B
B5_c2,HMN52532,NI,B,B5_c2_TGAGAGGAGTCCGTAT,B
B5_c2,,,B,B5_c2_TGAGCCGCACGGACAA,B
B5_c2,,,B,B5_c2_TGAGCCGGTCTTGCGG,B
B5_c2,,,B,B5_c2_TGATTTCGTTCAGGCC,B
B5_c2,HMN83573,NI,B,B5_c2_TGCACCTCAAGGTTCT,B
B5_c2,,,B,B5_c2_TGCACCTCATCGACGC,B
B5_c2,,,B,B5_c2_TGCCAAACAGGTCTCG,B
B5_c2,HMN83578,flu,B,B5_c2_TGCCAAATCAGCGACC,B
B5_c2,,,B,B5_c2_TGCCCTAGTCATACTG,B
B5_c2,,,B,B5_c2_TGCGCAGAGAATGTGT,B
B5_c2,,,B,B5_c2_TGCGCAGCATGCGCAC,B
B5_c2,HMN83573,NI,B,B5_c2_TGGACGCGTCATATGC,B
B5_c2,,,B,B5_c2_TGGCGCACACGAAAGC,B
B5_c2,,,B,B5_c2_TGGCGCACATGTCTCC,B
B5_c2,,,B,B5_c2_TGGCGCAGTGACTACT,B
B5_c2,HMN52532,NI,B,B5_c2_TGGCGCAGTTGTGGAG,B
B5_c2,,,B,B5_c2_TGGCTGGAGGGAAACA,B
B5_c2,,,B,B5_c2_TGGGCGTAGGGCTTCC,B
B5_c2,HMN83578,flu,B,B5_c2_TGGGCGTAGTTCCACA,B
B5_c2,,,B,B5_c2_TGGGCGTTCATTATCC,B
B5_c2,,,B,B5_c2_TGGTTAGGTCCGTGAC,B
B5_c2,HMN52532,NI,B,B5_c2_TGTATTCGTCTCATCC,B
B5_c2,HMN83573,NI,B,B5_c2_TGTCCCACACGACTCG,B
B5_c2,,,B,B5_c2_TGTGTTTGTTACGCGC,B
B5_c2,,,B,B5_c2_TTAGGACTCCCTCAGT,B
B5_c2,,,B,B5_c2_TTAGGACTCGCTAGCG,B
B5_c2,,,B,B5_c2_TTAGGACTCTAACTCT,B
B5_c2,HMN83579,NI,B,B5_c2_TTAGTTCCAAGTCTAC,B
B5_c2,HMN83579,NI,B,B5_c2_TTAGTTCGTACCTACA,B
B5_c2,,,B,B5_c2_TTATGCTCACAGATTC,B
B5_c2,,,B,B5_c2_TTCGGTCTCGCGTAGC,B
B5_c2,,,B,B5_c2_TTCTACAAGTTCCACA,B
B5_c2,,,B,B5_c2_TTCTACACACATTCGA,B
B5_c2,,,B,B5_c2_TTCTACAGTAAATGTG,B
B5_c2,,,B,B5_c2_TTCTTAGAGTGCCATT,B
B5_c2,,,B,B5_c2_TTCTTAGCAGGCTGAA,B
B5_c2,,,B,B5_c2_TTCTTAGGTACCGAGA,B
B5_c2,,,B,B5_c2_TTGAACGCATTCTCAT,B
B5_c2,HMN83574,flu,B,B5_c2_TTGACTTCACGTTGGC,B
B5_c2,,,B,B5_c2_TTGCCGTGTTCTGGTA,B
B5_c2,,,B,B5_c2_TTGCCGTTCAAAGACA,B
B5_c2,,,B,B5_c2_TTGCGTCGTAACGCGA,B
B5_c2,,,B,B5_c2_TTGCGTCTCAATACCG,B
B5_c2,,,B,B5_c2_TTGGCAAAGATGTAAC,B
B5_c2,,,B,B5_c2_TTGGCAACAAAGGAAG,B
B5_c2,,,B,B5_c2_TTGGCAACATTCGACA,B
B5_c2,,,B,B5_c2_TTGTAGGAGAGTACAT,B
B5_c2,,,B,B5_c2_TTGTAGGCACGGTGTC,B
B5_c2,,,B,B5_c2_TTGTAGGCACTATCTT,B
B5_c2,,,B,B5_c2_TTTACTGAGGGTCGAT,B
B5_c2,,,B,B5_c2_TTTACTGGTTTAAGCC,B
B5_c2,,,B,B5_c2_TTTATGCCAGACAAGC,B
B5_c2,HMN83577,flu,B,B5_c2_TTTCCTCGTACATGTC,B
B5_c2,,,B,B5_c2_TTTCCTCGTCAGCTAT,B
B5_c2,HMN52532,NI,B,B5_c2_TTTGTCATCCAACCAA,B
B6_c1,,,B,B6_c1_AAACCTGCAAACTGTC,B
B6_c1,,,B,B6_c1_AAAGATGTCCAAGCCG,B
B6_c1,,,B,B6_c1_AAAGCAAGTTGGTAAA,B
B6_c1,HMN52533,NI,B,B6_c1_AAAGTAGGTGAAGGCT,B
B6_c1,,,B,B6_c1_AAAGTAGGTTCCTCCA,B
B6_c1,HMN52538,NI,B,B6_c1_AAATGCCGTGTTTGTG,B
B6_c1,,,B,B6_c1_AAATGCCTCGTTACAG,B
B6_c1,,,B,B6_c1_AACACGTAGAGCCCAA,B
B6_c1,HMN52533,NI,B,B6_c1_AACCGCGCAGACGCCT,B
B6_c1,,,B,B6_c1_AACCGCGTCAGCTCTC,B
B6_c1,,,B,B6_c1_AACTCCCAGACTAAGT,B
B6_c1,,,B,B6_c1_AACTCCCGTCCGACGT,B
B6_c1,HMN52533,NI,B,B6_c1_AAGGCAGCAGGCAGTA,B
B6_c1,,,B,B6_c1_AAGGTTCAGTTAGCGG,B
B6_c1,HMN52533,NI,B,B6_c1_AAGGTTCGTCTAAACC,B
B6_c1,HMN52533,NI,B,B6_c1_AAGTCTGGTCGGCATC,B
B6_c1,HMN52533,NI,B,B6_c1_ACACCAACACTGCCAG,B
B6_c1,,,B,B6_c1_ACACCCTAGTACCGGA,B
B6_c1,HMN52538,NI,B,B6_c1_ACAGCCGGTTCTGTTT,B
B6_c1,,,B,B6_c1_ACATACGAGATCGATA,B
B6_c1,HMN52533,NI,B,B6_c1_ACATACGAGTGCTGCC,B
B6_c1,,,B,B6_c1_ACATACGCAAGGCTCC,B
B6_c1,HMN52538,NI,B,B6_c1_ACATACGGTACCAGTT,B
B6_c1,HMN83580,NI,B,B6_c1_ACATGGTGTACAAGTA,B
B6_c1,HMN52533,NI,B,B6_c1_ACCAGTACACGTAAGG,B
B6_c1,,,B,B6_c1_ACCCACTAGATGGGTC,B
B6_c1,,,B,B6_c1_ACCGTAAAGCCGTCGT,B
B6_c1,,,B,B6_c1_ACCGTAACATATACCG,B
B6_c1,,,B,B6_c1_ACCGTAAGTTGTCTTT,B
B6_c1,,,B,B6_c1_ACCTTTACAATGTAAG,B
B6_c1,HMN52538,NI,B,B6_c1_ACCTTTATCTTACCGC,B
B6_c1,,,B,B6_c1_ACGAGGATCGTTTGCC,B
B6_c1,HMN83580,NI,B,B6_c1_ACGATACAGGAATTAC,B
B6_c1,HMN52538,NI,B,B6_c1_ACGATACCAAATTGCC,B
B6_c1,,,B,B6_c1_ACGCAGCAGGTAGCCA,B
B6_c1,HMN52533,NI,B,B6_c1_ACGCAGCTCTATGTGG,B
B6_c1,,,B,B6_c1_ACGCCGACAAGCGCTC,B
B6_c1,,,B,B6_c1_ACGGAGATCGTGACAT,B
B6_c1,HMN83580,NI,B,B6_c1_ACGGCCATCTGTACGA,B
B6_c1,,,B,B6_c1_ACGGGCTGTCCGAAGA,B
B6_c1,,,B,B6_c1_ACGGGTCAGCGTTCCG,B
B6_c1,,,B,B6_c1_ACGTCAACAACACGCC,B
B6_c1,HMN83580,NI,B,B6_c1_ACGTCAATCCTCAATT,B
B6_c1,,,B,B6_c1_ACTATCTCAACACCTA,B
B6_c1,HMN52538,NI,B,B6_c1_ACTATCTTCTACCTGC,B
B6_c1,,,B,B6_c1_ACTGAACCACAGATTC,B
B6_c1,,,B,B6_c1_ACTGAACCATTCCTCG,B
B6_c1,,,B,B6_c1_ACTGAGTTCTTTCCTC,B
B6_c1,HMN83580,NI,B,B6_c1_ACTGATGCAAGCGATG,B
B6_c1,,,B,B6_c1_ACTGCTCAGAGCTATA,B
B6_c1,,,B,B6_c1_ACTGCTCGTATGAAAC,B
B6_c1,HMN52536,flu,B,B6_c1_ACTTGTTAGTACGACG,B
B6_c1,HMN52533,NI,B,B6_c1_AGAATAGCATGACGGA,B
B6_c1,HMN52533,NI,B,B6_c1_AGAATAGTCGGATGTT,B
B6_c1,,,B,B6_c1_AGAGCGAGTAGCGATG,B
B6_c1,,,B,B6_c1_AGAGCTTGTTGGTAAA,B
B6_c1,,,B,B6_c1_AGAGTGGAGTGCGTGA,B
B6_c1,,,B,B6_c1_AGATCTGCACCTCGGA,B
B6_c1,HMN83580,NI,B,B6_c1_AGCCTAAAGGTAAACT,B
B6_c1,,,B,B6_c1_AGCCTAACACCCTATC,B
B6_c1,,,B,B6_c1_AGCGGTCAGAAGAAGC,B
B6_c1,,,B,B6_c1_AGCGGTCAGTCTTGCA,B
B6_c1,,,B,B6_c1_AGCGGTCCAAGCGATG,B
B6_c1,,,B,B6_c1_AGCGTATAGCTAGGCA,B
B6_c1,HMN52533,NI,B,B6_c1_AGCGTATAGTACGATA,B
B6_c1,,,B,B6_c1_AGCGTCGAGGGTCTCC,B
B6_c1,HMN52533,NI,B,B6_c1_AGCTCCTCATCTATGG,B
B6_c1,,,B,B6_c1_AGGCCACTCTCTAAGG,B
B6_c1,,,B,B6_c1_AGGGAGTGTCTGCGGT,B
B6_c1,HMN83580,NI,B,B6_c1_AGGGATGCATGGTCTA,B
B6_c1,,,B,B6_c1_AGTAGTCAGTAGGTGC,B
B6_c1,HMN52533,NI,B,B6_c1_AGTCTTTAGATGAGAG,B
B6_c1,,,B,B6_c1_AGTGAGGTCTTTACGT,B
B6_c1,,,B,B6_c1_AGTGGGACACCAGATT,B
B6_c1,HMN83580,NI,B,B6_c1_AGTGTCAAGCGATAGC,B
B6_c1,,,B,B6_c1_AGTTGGTCACTTGGAT,B
B6_c1,,,B,B6_c1_ATAACGCTCCTCTAGC,B
B6_c1,,,B,B6_c1_ATAAGAGAGTCTCGGC,B
B6_c1,,,B,B6_c1_ATCACGAAGTCTCGGC,B
B6_c1,,,B,B6_c1_ATCATCTCACGACTCG,B
B6_c1,,,B,B6_c1_ATCATGGAGAAACCGC,B
B6_c1,,,B,B6_c1_ATCATGGAGTTTAGGA,B
B6_c1,,,B,B6_c1_ATCATGGTCCGCGGTA,B
B6_c1,HMN52533,NI,B,B6_c1_ATCCGAACAGACGCCT,B
B6_c1,,,B,B6_c1_ATCCGAATCATCGGAT,B
B6_c1,,,B,B6_c1_ATCGAGTCAGGACGTA,B
B6_c1,,,B,B6_c1_ATCTACTCAGGATTGG,B
B6_c1,,,B,B6_c1_ATCTACTTCTCTAAGG,B
B6_c1,HMN83580,NI,B,B6_c1_ATGAGGGCAAAGGCGT,B
B6_c1,,,B,B6_c1_ATGAGGGCACAGCCCA,B
B6_c1,HMN83580,NI,B,B6_c1_ATGGGAGCAAGCCTAT,B
B6_c1,,,B,B6_c1_ATGGGAGCACTATCTT,B
B6_c1,HMN52538,NI,B,B6_c1_ATGGGAGTCACCGGGT,B
B6_c1,HMN83580,NI,B,B6_c1_ATGTGTGAGAGTACCG,B
B6_c1,HMN52533,NI,B,B6_c1_ATGTGTGGTTGTGGCC,B
B6_c1,HMN83580,NI,B,B6_c1_ATTACTCAGAGCCCAA,B
B6_c1,,,B,B6_c1_ATTACTCAGTTACCCA,B
B6_c1,,,B,B6_c1_ATTACTCCATCTCCCA,B
B6_c1,,,B,B6_c1_CAACCTCAGAGTAAGG,B
B6_c1,HMN52536,flu,B,B6_c1_CAAGAAAAGACAGGCT,B
B6_c1,,,B,B6_c1_CAAGAAACAATGGTCT,B
B6_c1,,,B,B6_c1_CAAGAAACATAGACTC,B
B6_c1,,,B,B6_c1_CAAGATCGTGATAAAC,B
B6_c1,,,B,B6_c1_CAAGGCCCACAGCGTC,B
B6_c1,,,B,B6_c1_CAAGGCCGTCTGCAAT,B
B6_c1,,,B,B6_c1_CAAGGCCTCTTCGAGA,B
B6_c1,,,B,B6_c1_CAAGTTGGTAGCTTGT,B
B6_c1,,,B,B6_c1_CAAGTTGTCAATCTCT,B
B6_c1,HMN52533,NI,B,B6_c1_CACACAATCATGTCCC,B
B6_c1,HMN52533,NI,B,B6_c1_CACACAATCATGTGGT,B
B6_c1,HMN52538,NI,B,B6_c1_CACAGTAGTATCACCA,B
B6_c1,,,B,B6_c1_CACATAGCAAACCCAT,B
B6_c1,,,B,B6_c1_CACATTTCAAGCCGTC,B
B6_c1,,,B,B6_c1_CACCTTGGTGAGGGAG,B
B6_c1,,,B,B6_c1_CAGAATCCATGGGAAC,B
B6_c1,,,B,B6_c1_CAGAATCGTAAGCACG,B
B6_c1,,,B,B6_c1_CAGATCAGTAGCCTAT,B
B6_c1,HMN52533,NI,B,B6_c1_CAGCAGCAGGGCTTGA,B
B6_c1,HMN52533,NI,B,B6_c1_CAGCATATCGGTGTTA,B
B6_c1,,,B,B6_c1_CAGCCGAAGTCGATAA,B
B6_c1,,,B,B6_c1_CAGCCGAGTCCAGTTA,B
B6_c1,HMN83580,NI,B,B6_c1_CAGCGACCAGGAATCG,B
B6_c1,,,B,B6_c1_CAGCGACGTAGCTTGT,B
B6_c1,HMN52533,NI,B,B6_c1_CAGCTAAGTCCTCCAT,B
B6_c1,,,B,B6_c1_CAGCTAAGTGCTGTAT,B
B6_c1,HMN83580,NI,B,B6_c1_CAGTAACTCTCCAACC,B
B6_c1,,,B,B6_c1_CAGTCCTAGTTATCGC,B
B6_c1,,,B,B6_c1_CATATGGCATCGACGC,B
B6_c1,HMN52538,NI,B,B6_c1_CATATGGTCCTATTCA,B
B6_c1,,,B,B6_c1_CATATTCCAAGTCATC,B
B6_c1,,,B,B6_c1_CATATTCTCCAGAAGG,B
B6_c1,,,B,B6_c1_CATCAGAAGAGGTACC,B
B6_c1,HMN52533,NI,B,B6_c1_CATCAGATCGTGGACC,B
B6_c1,,,B,B6_c1_CATCGAACAAGCGCTC,B
B6_c1,,,B,B6_c1_CATCGAAGTAACGCGA,B
B6_c1,,,B,B6_c1_CATCGAATCAATCACG,B
B6_c1,,,B,B6_c1_CATGACAAGTAGATGT,B
B6_c1,HMN52538,NI,B,B6_c1_CATGCCTAGAGTCTGG,B
B6_c1,,,B,B6_c1_CATTCGCGTCCGAATT,B
B6_c1,,,B,B6_c1_CATTCGCTCTGTACGA,B
B6_c1,,,B,B6_c1_CCACCTACAGATCTGT,B
B6_c1,HMN52533,NI,B,B6_c1_CCACCTATCTTTAGGG,B
B6_c1,,,B,B6_c1_CCACGGACAGACTCGC,B
B6_c1,,,B,B6_c1_CCAGCGACACTTAAGC,B
B6_c1,HMN83580,NI,B,B6_c1_CCAGCGAGTGTCGCTG,B
B6_c1,,,B,B6_c1_CCAGCGATCCAAATGC,B
B6_c1,,,B,B6_c1_CCATTCGCATAGACTC,B
B6_c1,,,B,B6_c1_CCCAGTTGTTGAACTC,B
B6_c1,,,B,B6_c1_CCCAGTTGTTGTACAC,B
B6_c1,,,B,B6_c1_CCCAGTTTCCAAACTG,B
B6_c1,HMN52538,NI,B,B6_c1_CCCAGTTTCGGCGCAT,B
B6_c1,HMN52538,NI,B,B6_c1_CCCATACAGGAACTGC,B
B6_c1,,,B,B6_c1_CCGTGGACATGACATC,B
B6_c1,HMN52533,NI,B,B6_c1_CCGTTCAAGAGGGCTT,B
B6_c1,HMN52533,NI,B,B6_c1_CCGTTCAAGATGCGAC,B
B6_c1,,,B,B6_c1_CCGTTCAAGCCTTGAT,B
B6_c1,,,B,B6_c1_CCGTTCAGTATGGTTC,B
B6_c1,HMN83580,NI,B,B6_c1_CCGTTCAGTTACCAGT,B
B6_c1,,,B,B6_c1_CCGTTCATCGCCAAAT,B
B6_c1,,,B,B6_c1_CCTAAAGAGCGTAATA,B
B6_c1,HMN52533,NI,B,B6_c1_CCTAAAGTCCTGCAGG,B
B6_c1,,,B,B6_c1_CCTACACCAAGAAAGG,B
B6_c1,,,B,B6_c1_CCTACCACATACGCCG,B
B6_c1,HMN52538,NI,B,B6_c1_CCTAGCTGTGGACGAT,B
B6_c1,,,B,B6_c1_CCTATTAGTCGAGTTT,B
B6_c1,HMN52533,NI,B,B6_c1_CCTATTATCAGTGTTG,B
B6_c1,,,B,B6_c1_CCTCAGTGTGTGAATA,B
B6_c1,HMN52533,NI,B,B6_c1_CCTCTGAGTTGGACCC,B
B6_c1,,,B,B6_c1_CCTCTGATCCAATGGT,B
B6_c1,,,B,B6_c1_CCTCTGATCTGTCTAT,B
B6_c1,,,B,B6_c1_CCTTCGACACGCATCG,B
B6_c1,HMN52538,NI,B,B6_c1_CCTTTCTTCTGGCGAC,B
B6_c1,,,B,B6_c1_CGAACATAGTCTCCTC,B
B6_c1,,,B,B6_c1_CGAACATGTGCACCAC,B
B6_c1,,,B,B6_c1_CGAACATTCCCTTGCA,B
B6_c1,HMN83580,NI,B,B6_c1_CGACCTTGTTAAGGGC,B
B6_c1,,,B,B6_c1_CGACTTCTCTGTGCAA,B
B6_c1,,,B,B6_c1_CGAGAAGCACAGCCCA,B
B6_c1,,,B,B6_c1_CGAGAAGCAGTATGCT,B
B6_c1,,,B,B6_c1_CGAGCACGTCGACTAT,B
B6_c1,,,B,B6_c1_CGAGCCAGTTATGCGT,B
B6_c1,HMN52533,NI,B,B6_c1_CGAGCCATCACCCTCA,B
B6_c1,HMN52538,NI,B,B6_c1_CGATGGCGTGATGATA,B
B6_c1,,,B,B6_c1_CGATGTAAGCGCCTTG,B
B6_c1,HMN52538,NI,B,B6_c1_CGATGTATCAACCATG,B
B6_c1,,,B,B6_c1_CGATTGACACCGAAAG,B
B6_c1,,,B,B6_c1_CGCCAAGGTGAGCGAT,B
B6_c1,HMN52533,NI,B,B6_c1_CGCGTTTTCCTAGTGA,B
B6_c1,,,B,B6_c1_CGCTATCAGTAGATGT,B
B6_c1,HMN52533,NI,B,B6_c1_CGCTATCGTAAATACG,B
B6_c1,,,B,B6_c1_CGCTATCGTTCCACTC,B
B6_c1,,,B,B6_c1_CGCTATCTCCTACAGA,B
B6_c1,HMN83580,NI,B,B6_c1_CGCTGGACATTACGAC,B
B6_c1,HMN52533,NI,B,B6_c1_CGCTGGAGTGCCTGGT,B
B6_c1,,,B,B6_c1_CGCTTCACACGACGAA,B
B6_c1,HMN52533,NI,B,B6_c1_CGGACACCACTCAGGC,B
B6_c1,,,B,B6_c1_CGGAGTCCAGTATGCT,B
B6_c1,,,B,B6_c1_CGGGTCATCCGCATCT,B
B6_c1,,,B,B6_c1_CGGTTAAAGCAGGCTA,B
B6_c1,,,B,B6_c1_CGGTTAAAGTGTTTGC,B
B6_c1,HMN52533,NI,B,B6_c1_CGTAGCGGTATGAAAC,B
B6_c1,,,B,B6_c1_CGTAGGCTCCATGAAC,B
B6_c1,,,B,B6_c1_CGTCAGGCATGTAAGA,B
B6_c1,,,B,B6_c1_CGTCCATCAACGCACC,B
B6_c1,,,B,B6_c1_CGTCTACAGGTACTCT,B
B6_c1,,,B,B6_c1_CGTGAGCAGGGCATGT,B
B6_c1,HMN52533,NI,B,B6_c1_CGTGAGCCATGCTGGC,B
B6_c1,,,B,B6_c1_CGTGTAAAGTTCGCGC,B
B6_c1,,,B,B6_c1_CGTGTAAGTAGCAAAT,B
B6_c1,,,B,B6_c1_CGTGTCTTCCACTGGG,B
B6_c1,,,B,B6_c1_CGTTCTGCAAATACAG,B
B6_c1,,,B,B6_c1_CGTTGGGAGGCATGGT,B
B6_c1,HMN83580,NI,B,B6_c1_CGTTGGGGTCTGGAGA,B
B6_c1,,,B,B6_c1_CTAAGACGTCCAGTAT,B
B6_c1,HMN52533,NI,B,B6_c1_CTAATGGAGATGTGTA,B
B6_c1,,,B,B6_c1_CTACATTCATAACCTG,B
B6_c1,,,B,B6_c1_CTACGTCAGCGTAATA,B
B6_c1,HMN52533,NI,B,B6_c1_CTAGAGTAGACCACGA,B
B6_c1,,,B,B6_c1_CTAGAGTAGATCTGAA,B
B6_c1,HMN52533,NI,B,B6_c1_CTAGTGAAGCAGGCTA,B
B6_c1,,,B,B6_c1_CTAGTGAAGCCCAATT,B
B6_c1,HMN52533,NI,B,B6_c1_CTCAGAAGTATTAGCC,B
B6_c1,HMN52533,NI,B,B6_c1_CTCAGAATCCTGCAGG,B
B6_c1,,,B,B6_c1_CTCATTACAGCTGTGC,B
B6_c1,HMN83580,NI,B,B6_c1_CTCATTAGTTATGCGT,B
B6_c1,,,B,B6_c1_CTCATTATCACGAAGG,B
B6_c1,,,B,B6_c1_CTCCTAGGTAACGTTC,B
B6_c1,HMN52533,NI,B,B6_c1_CTCCTAGGTTCGTCTC,B
B6_c1,,,B,B6_c1_CTCGAAACAATAGCGG,B
B6_c1,,,B,B6_c1_CTCGAAAGTAGCAAAT,B
B6_c1,,,B,B6_c1_CTCGGGACAGATCGGA,B
B6_c1,,,B,B6_c1_CTCGTCAAGGCTAGGT,B
B6_c1,,,B,B6_c1_CTCGTCATCAAACCAC,B
B6_c1,,,B,B6_c1_CTCTAATTCACTCTTA,B
B6_c1,HMN52533,NI,B,B6_c1_CTCTACGCAGAGCCAA,B
B6_c1,,,B,B6_c1_CTCTGGTTCACGAAGG,B
B6_c1,,,B,B6_c1_CTGAAACTCAGCGATT,B
B6_c1,,,B,B6_c1_CTGAAGTTCACAATGC,B
B6_c1,HMN83580,NI,B,B6_c1_CTGATCCCAGACGTAG,B
B6_c1,,,B,B6_c1_CTGCCTACAGATCTGT,B
B6_c1,,,B,B6_c1_CTGCCTACATGGTTGT,B
B6_c1,,,B,B6_c1_CTGCCTAGTCCTCCAT,B
B6_c1,,,B,B6_c1_CTGCGGAAGACGACGT,B
B6_c1,HMN52538,NI,B,B6_c1_CTGCGGAAGTGACTCT,B
B6_c1,HMN52533,NI,B,B6_c1_CTGCGGACAATTGCTG,B
B6_c1,,,B,B6_c1_CTGCGGAGTCCTGCTT,B
B6_c1,,,B,B6_c1_CTGTGCTGTCTGATTG,B
B6_c1,HMN52538,NI,B,B6_c1_CTTCTCTGTATAGGTA,B
B6_c1,HMN52533,NI,B,B6_c1_CTTCTCTTCTTAGAGC,B
B6_c1,,,B,B6_c1_CTTGGCTCAATGTTGC,B
B6_c1,,,B,B6_c1_CTTGGCTCATGAACCT,B
B6_c1,HMN52538,NI,B,B6_c1_CTTTGCGAGCGACGTA,B
B6_c1,HMN52533,NI,B,B6_c1_GAAACTCCAGTTCCCT,B
B6_c1,,,B,B6_c1_GAAACTCTCACCCTCA,B
B6_c1,,,B,B6_c1_GAACATCTCGCTTGTC,B
B6_c1,,,B,B6_c1_GAACGGACACCTCGGA,B
B6_c1,HMN52538,NI,B,B6_c1_GAAGCAGGTCCTAGCG,B
B6_c1,HMN52533,NI,B,B6_c1_GAATGAATCATATCGG,B
B6_c1,,,B,B6_c1_GACACGCAGAAGAAGC,B
B6_c1,,,B,B6_c1_GACACGCAGCACACAG,B
B6_c1,,,B,B6_c1_GACAGAGGTTCCCTTG,B
B6_c1,HMN52533,NI,B,B6_c1_GACCAATGTCTCAACA,B
B6_c1,,,B,B6_c1_GACCAATTCACTTCAT,B
B6_c1,,,B,B6_c1_GACCAATTCTGGTATG,B
B6_c1,HMN83580,NI,B,B6_c1_GACCTGGAGACATAAC,B
B6_c1,,,B,B6_c1_GACCTGGAGTCATGCT,B
B6_c1,,,B,B6_c1_GACCTGGGTTGGAGGT,B
B6_c1,HMN52538,NI,B,B6_c1_GACGCGTAGATCCGAG,B
B6_c1,,,B,B6_c1_GACGCGTCATAAGACA,B
B6_c1,,,B,B6_c1_GACGCGTTCCGTAGTA,B
B6_c1,HMN52533,NI,B,B6_c1_GACGTTAAGCGATAGC,B
B6_c1,,,B,B6_c1_GACGTTAAGTTGCAGG,B
B6_c1,HMN83580,NI,B,B6_c1_GACGTTATCGCGATCG,B
B6_c1,,,B,B6_c1_GACGTTATCTACGAGT,B
B6_c1,,,B,B6_c1_GACTAACGTAGGCATG,B
B6_c1,,,B,B6_c1_GACTACAGTAGCTAAA,B
B6_c1,,,B,B6_c1_GACTACATCACGAAGG,B
B6_c1,HMN83580,NI,B,B6_c1_GAGCAGATCTGTTGAG,B
B6_c1,,,B,B6_c1_GAGGTGACAAGCTGGA,B
B6_c1,HMN52538,NI,B,B6_c1_GAGTCCGCAAGGACTG,B
B6_c1,,,B,B6_c1_GAGTCCGGTGCTTCTC,B
B6_c1,,,B,B6_c1_GATCGCGGTACTTGAC,B
B6_c1,,,B,B6_c1_GATCGTAGTATAGGTA,B
B6_c1,HMN52538,NI,B,B6_c1_GATCTAGAGCGTTTAC,B
B6_c1,HMN52534,flu,B,B6_c1_GATCTAGCAGCTCCGA,B
B6_c1,,,B,B6_c1_GATGAAACATCACCCT,B
B6_c1,,,B,B6_c1_GATGCTACACAGAGGT,B
B6_c1,,,B,B6_c1_GATGCTAGTTCCCGAG,B
B6_c1,HMN52533,NI,B,B6_c1_GATTCAGTCCGCATAA,B
B6_c1,,,B,B6_c1_GCACTCTAGTTGTCGT,B
B6_c1,HMN52533,NI,B,B6_c1_GCAGTTAAGTTGAGTA,B
B6_c1,,,B,B6_c1_GCATACAAGAGTGACC,B
B6_c1,,,B,B6_c1_GCATACAAGCGTCTAT,B
B6_c1,HMN52533,NI,B,B6_c1_GCATACACATAGACTC,B
B6_c1,,,B,B6_c1_GCATGATTCACCTCGT,B
B6_c1,,,B,B6_c1_GCATGCGAGGAATGGA,B
B6_c1,HMN52533,NI,B,B6_c1_GCATGTACACTCAGGC,B
B6_c1,,,B,B6_c1_GCCAAATCACTCGACG,B
B6_c1,HMN52533,NI,B,B6_c1_GCCTCTAAGCTGCAAG,B
B6_c1,,,B,B6_c1_GCCTCTAGTAGAGCTG,B
B6_c1,,,B,B6_c1_GCGACCATCAACACGT,B
B6_c1,HMN52533,NI,B,B6_c1_GCGCAGTAGCGTGAAC,B
B6_c1,HMN52533,NI,B,B6_c1_GCGCGATAGAGCTATA,B
B6_c1,,,B,B6_c1_GCTCCTACACAACGCC,B
B6_c1,HMN52533,NI,B,B6_c1_GCTCCTATCGAGGTAG,B
B6_c1,,,B,B6_c1_GCTCTGTCACAGCCCA,B
B6_c1,,,B,B6_c1_GCTGCAGAGTCAATAG,B
B6_c1,,,B,B6_c1_GCTGCAGGTCGGCATC,B
B6_c1,,,B,B6_c1_GCTGCAGTCGACCAGC,B
B6_c1,HMN52533,NI,B,B6_c1_GCTGCGATCGGCCGAT,B
B6_c1,HMN52533,NI,B,B6_c1_GCTGGGTAGCCGATTT,B
B6_c1,,,B,B6_c1_GCTGGGTCATACGCTA,B
B6_c1,,,B,B6_c1_GCTTCCAGTCAATGTC,B
B6_c1,,,B,B6_c1_GCTTCCATCAGTGCAT,B
B6_c1,HMN52533,NI,B,B6_c1_GCTTGAACAGGTGCCT,B
B6_c1,,,B,B6_c1_GCTTGAATCCGTCAAA,B
B6_c1,,,B,B6_c1_GCTTGAATCTTGAGAC,B
B6_c1,HMN52538,NI,B,B6_c1_GGAAAGCGTGCTTCTC,B
B6_c1,,,B,B6_c1_GGAACTTTCACCAGGC,B
B6_c1,HMN52533,NI,B,B6_c1_GGAATAACAAGCGAGT,B
B6_c1,HMN52538,NI,B,B6_c1_GGAATAAGTCGCGAAA,B
B6_c1,,,B,B6_c1_GGAATAATCATCATTC,B
B6_c1,HMN52533,NI,B,B6_c1_GGACATTTCCTACAGA,B
B6_c1,,,B,B6_c1_GGACGTCCAGAAGCAC,B
B6_c1,HMN52538,NI,B,B6_c1_GGACGTCGTTCCATGA,B
B6_c1,HMN52533,NI,B,B6_c1_GGAGCAAAGGAGTCTG,B
B6_c1,,,B,B6_c1_GGAGCAATCAACGGGA,B
B6_c1,HMN52533,NI,B,B6_c1_GGATGTTCATTAGGCT,B
B6_c1,,,B,B6_c1_GGCAATTGTAGGACAC,B
B6_c1,HMN52538,NI,B,B6_c1_GGCAATTGTTCCGTCT,B
B6_c1,HMN52533,NI,B,B6_c1_GGCCGATGTGCATCTA,B
B6_c1,,,B,B6_c1_GGCCGATTCCTTTCTC,B
B6_c1,,,B,B6_c1_GGCGACTAGAGTACAT,B
B6_c1,HMN83580,NI,B,B6_c1_GGCGACTCAATAAGCA,B
B6_c1,,,B,B6_c1_GGCGTGTCAAACTGTC,B
B6_c1,HMN52538,NI,B,B6_c1_GGCTCGACACACCGCA,B
B6_c1,HMN52533,NI,B,B6_c1_GGCTCGATCTGTCAAG,B
B6_c1,HMN52533,NI,B,B6_c1_GGCTGGTAGATCGGGT,B
B6_c1,,,B,B6_c1_GGCTGGTCAATGTAAG,B
B6_c1,HMN83580,NI,B,B6_c1_GGCTGGTGTCCCTACT,B
B6_c1,,,B,B6_c1_GGGATGAAGAACTGTA,B
B6_c1,HMN52533,NI,B,B6_c1_GGTATTGCACAGATTC,B
B6_c1,,,B,B6_c1_GGTGAAGCATTGTGCA,B
B6_c1,HMN52533,NI,B,B6_c1_GGTGAAGTCACCCTCA,B
B6_c1,HMN83580,NI,B,B6_c1_GGTGCGTCAGTCCTTC,B
B6_c1,,,B,B6_c1_GGTGCGTGTCAGCTAT,B
B6_c1,HMN52533,NI,B,B6_c1_GGTGCGTGTCCGTCAG,B
B6_c1,,,B,B6_c1_GTAACTGTCTAGCACA,B
B6_c1,,,B,B6_c1_GTACGTAAGTCGTTTG,B
B6_c1,,,B,B6_c1_GTACTCCTCTGTACGA,B
B6_c1,,,B,B6_c1_GTACTTTAGTCGCCGT,B
B6_c1,,,B,B6_c1_GTAGGCCAGGAGTCTG,B
B6_c1,HMN52533,NI,B,B6_c1_GTAGGCCGTGCACCAC,B
B6_c1,HMN52536,flu,B,B6_c1_GTATCTTAGATGCCTT,B
B6_c1,,,B,B6_c1_GTATCTTAGGAGTTGC,B
B6_c1,,,B,B6_c1_GTATTCTGTCGTGGCT,B
B6_c1,,,B,B6_c1_GTCACAACATCTGGTA,B
B6_c1,,,B,B6_c1_GTCACGGTCTCAAGTG,B
B6_c1,,,B,B6_c1_GTCATTTAGCTCCCAG,B
B6_c1,,,B,B6_c1_GTGAAGGAGAGATGAG,B
B6_c1,,,B,B6_c1_GTGAAGGAGGTAGCCA,B
B6_c1,HMN52533,NI,B,B6_c1_GTGCAGCGTATATCCG,B
B6_c1,HMN52533,NI,B,B6_c1_GTGCAGCGTGTGAAAT,B
B6_c1,,,B,B6_c1_GTGCAGCGTTCCGTCT,B
B6_c1,HMN52533,NI,B,B6_c1_GTGCGGTTCACGATGT,B
B6_c1,,,B,B6_c1_GTGTGCGTCCAGATCA,B
B6_c1,HMN52537,flu,B,B6_c1_GTGTTAGAGGGAACGG,B
B6_c1,,,B,B6_c1_GTGTTAGCAGACGCCT,B
B6_c1,HMN52533,NI,B,B6_c1_GTGTTAGCATCGGTTA,B
B6_c1,,,B,B6_c1_GTTAAGCAGCCAGTAG,B
B6_c1,HMN52538,NI,B,B6_c1_GTTCTCGCACTGCCAG,B
B6_c1,HMN52538,NI,B,B6_c1_GTTTCTACACCAGGCT,B
B6_c1,,,B,B6_c1_GTTTCTACAGGGAGAG,B
B6_c1,,,B,B6_c1_TAAGAGACACAACGTT,B
B6_c1,,,B,B6_c1_TAAGAGATCATTGCCC,B
B6_c1,HMN83580,NI,B,B6_c1_TAAGAGATCGAACTGT,B
B6_c1,HMN52533,NI,B,B6_c1_TAAGTGCCAATGTTGC,B
B6_c1,,,B,B6_c1_TAAGTGCGTAGGCATG,B
B6_c1,HMN52536,flu,B,B6_c1_TACCTATGTATGGTTC,B
B6_c1,,,B,B6_c1_TACCTTACAGGAATCG,B
B6_c1,HMN52533,NI,B,B6_c1_TACCTTATCGGCGCTA,B
B6_c1,,,B,B6_c1_TACGGATCATTATCTC,B
B6_c1,,,B,B6_c1_TACGGGCAGGCAGGTT,B
B6_c1,,,B,B6_c1_TACGGGCCAGTCTTCC,B
B6_c1,,,B,B6_c1_TACGGTAGTATGAATG,B
B6_c1,,,B,B6_c1_TACTCGCTCAAACGGG,B
B6_c1,,,B,B6_c1_TACTTGTGTGCAGGTA,B
B6_c1,HMN52533,NI,B,B6_c1_TACTTGTGTTGCCTCT,B
B6_c1,HMN52533,NI,B,B6_c1_TAGACCAGTTACAGAA,B
B6_c1,,,B,B6_c1_TAGACCATCACCCGAG,B
B6_c1,,,B,B6_c1_TAGACCATCACCCTCA,B
B6_c1,,,B,B6_c1_TAGCCGGCATTAGCCA,B
B6_c1,HMN83580,NI,B,B6_c1_TAGGCATAGATGTGGC,B
B6_c1,HMN83580,NI,B,B6_c1_TAGTGGTAGGGATGGG,B
B6_c1,HMN52533,NI,B,B6_c1_TAGTTGGGTGCAGGTA,B
B6_c1,,,B,B6_c1_TATCAGGTCATACGGT,B
B6_c1,,,B,B6_c1_TATCAGGTCCACGACG,B
B6_c1,,,B,B6_c1_TATCTCAAGAAACCAT,B
B6_c1,HMN83580,NI,B,B6_c1_TATTACCAGATGAGAG,B
B6_c1,,,B,B6_c1_TATTACCGTAGGGTAC,B
B6_c1,,,B,B6_c1_TATTACCTCATACGGT,B
B6_c1,,,B,B6_c1_TATTACCTCTCAAACG,B
B6_c1,,,B,B6_c1_TCACGAACACATCCAA,B
B6_c1,,,B,B6_c1_TCAGCTCTCTCGTATT,B
B6_c1,HMN52536,flu,B,B6_c1_TCAGGATGTTATCACG,B
B6_c1,,,B,B6_c1_TCAGGATTCACCCTCA,B
B6_c1,,,B,B6_c1_TCAGGTACAAGCCTAT,B
B6_c1,HMN52533,NI,B,B6_c1_TCATTTGTCATTATCC,B
B6_c1,,,B,B6_c1_TCCACACTCAAAGACA,B
B6_c1,,,B,B6_c1_TCCACACTCAAGGCTT,B
B6_c1,HMN83580,NI,B,B6_c1_TCCCGATAGTTCGATC,B
B6_c1,,,B,B6_c1_TCCCGATGTACTTCTT,B
B6_c1,,,B,B6_c1_TCGAGGCCAATAGCAA,B
B6_c1,HMN52533,NI,B,B6_c1_TCGCGAGCAAGTACCT,B
B6_c1,,,B,B6_c1_TCGCGAGGTTGGTTTG,B
B6_c1,HMN52538,NI,B,B6_c1_TCTATTGGTCGATTGT,B
B6_c1,HMN52533,NI,B,B6_c1_TCTCTAAAGTTTCCTT,B
B6_c1,HMN52533,NI,B,B6_c1_TCTCTAAGTGCAACGA,B
B6_c1,,,B,B6_c1_TCTGAGAGTGTGGTTT,B
B6_c1,,,B,B6_c1_TCTGGAAAGCCCAGCT,B
B6_c1,HMN52538,NI,B,B6_c1_TCTGGAAGTGAAATCA,B
B6_c1,HMN52533,NI,B,B6_c1_TGACAACCATACGCTA,B
B6_c1,HMN52533,NI,B,B6_c1_TGACAACGTCCATCCT,B
B6_c1,HMN52533,NI,B,B6_c1_TGACTTTCAGGTGCCT,B
B6_c1,,,B,B6_c1_TGACTTTGTACCTACA,B
B6_c1,HMN52538,NI,B,B6_c1_TGAGCATGTCTAGCCG,B
B6_c1,HMN52533,NI,B,B6_c1_TGAGCCGCAAAGTCAA,B
B6_c1,HMN52533,NI,B,B6_c1_TGAGCCGTCTATCGCC,B
B6_c1,HMN52533,NI,B,B6_c1_TGAGCCGTCTGCTGCT,B
B6_c1,,,B,B6_c1_TGAGGGAAGCTGGAAC,B
B6_c1,HMN52533,NI,B,B6_c1_TGATTTCTCCGAGCCA,B
B6_c1,,,B,B6_c1_TGCACCTTCACCTCGT,B
B6_c1,,,B,B6_c1_TGCCAAACAAATTGCC,B
B6_c1,HMN52533,NI,B,B6_c1_TGCCCTAAGAGGTTAT,B
B6_c1,HMN52538,NI,B,B6_c1_TGCCCTACAAGCCCAC,B
B6_c1,,,B,B6_c1_TGCCCTATCCCTTGCA,B
B6_c1,,,B,B6_c1_TGCGCAGCAGCTCGCA,B
B6_c1,,,B,B6_c1_TGCGCAGGTCAAAGCG,B
B6_c1,HMN52538,NI,B,B6_c1_TGCGGGTAGTCTCGGC,B
B6_c1,,,B,B6_c1_TGCGGGTGTTCCCTTG,B
B6_c1,HMN52538,NI,B,B6_c1_TGCTGCTAGAGACTTA,B
B6_c1,HMN52538,NI,B,B6_c1_TGGACGCTCAAGATCC,B
B6_c1,,,B,B6_c1_TGGCCAGCAAGCGCTC,B
B6_c1,HMN52533,NI,B,B6_c1_TGGCTGGAGCCTTGAT,B
B6_c1,HMN52538,NI,B,B6_c1_TGGCTGGCAGCGATCC,B
B6_c1,,,B,B6_c1_TGGGCGTTCATTGCCC,B
B6_c1,HMN52533,NI,B,B6_c1_TGGGCGTTCTGTACGA,B
B6_c1,,,B,B6_c1_TGTATTCAGTCACGCC,B
B6_c1,,,B,B6_c1_TGTGGTAAGAGGTTGC,B
B6_c1,HMN52533,NI,B,B6_c1_TGTGGTAGTCCCTTGT,B
B6_c1,HMN52533,NI,B,B6_c1_TGTGTTTTCATGGTCA,B
B6_c1,HMN52538,NI,B,B6_c1_TTAACTCAGACCTTTG,B
B6_c1,,,B,B6_c1_TTAGGACGTCTCTCGT,B
B6_c1,,,B,B6_c1_TTAGGCACAAAGAATC,B
B6_c1,,,B,B6_c1_TTAGGCATCTAGCACA,B
B6_c1,,,B,B6_c1_TTCCCAGCAGCAGTTT,B
B6_c1,,,B,B6_c1_TTCCCAGCATATACCG,B
B6_c1,,,B,B6_c1_TTCGAAGTCATGCATG,B
B6_c1,,,B,B6_c1_TTCTACATCTTTAGTC,B
B6_c1,,,B,B6_c1_TTCTCAAAGGTTCCTA,B
B6_c1,,,B,B6_c1_TTCTCCTTCGGACAAG,B
B6_c1,,,B,B6_c1_TTCTTAGAGCTCCTCT,B
B6_c1,HMN83580,NI,B,B6_c1_TTGAACGAGTTCGCAT,B
B6_c1,HMN52533,NI,B,B6_c1_TTGCGTCCAATGACCT,B
B6_c1,,,B,B6_c1_TTGCGTCTCACGCATA,B
B6_c1,,,B,B6_c1_TTGGAACAGGTTACCT,B
B6_c1,,,B,B6_c1_TTGGAACCAGCCTATA,B
B6_c1,HMN52533,NI,B,B6_c1_TTGGAACTCTGGTATG,B
B6_c1,,,B,B6_c1_TTGTAGGAGGACTGGT,B
B6_c1,,,B,B6_c1_TTTATGCCAAGGACTG,B
B6_c1,,,B,B6_c1_TTTCCTCGTCCGCTGA,B
B6_c1,,,B,B6_c1_TTTCCTCGTTGAACTC,B
B6_c1,,,B,B6_c1_TTTGCGCTCAAGAAGT,B
B6_c1,,,B,B6_c1_TTTGGTTAGTCCCACG,B
B6_c1,,,B,B6_c1_TTTGGTTCACTTCTGC,B
B6_c1,HMN52533,NI,B,B6_c1_TTTGTCAAGATGGCGT,B
B6_c1,,,B,B6_c1_TTTGTCACATTGAGCT,B
B6_c1,HMN52533,NI,B,B6_c1_TTTGTCATCTGGGCCA,B
B6_c2,HMN52538,flu,B,B6_c2_AAACCTGAGGACATTA,B
B6_c2,,,B,B6_c2_AAACCTGCATGGGACA,B
B6_c2,HMN83580,flu,B,B6_c2_AAAGATGAGTGGTAAT,B
B6_c2,HMN52536,NI,B,B6_c2_AAAGCAAGTCGCCATG,B
B6_c2,,,B,B6_c2_AAAGTAGAGAGCAATT,B
B6_c2,,,B,B6_c2_AAAGTAGAGGCTCATT,B
B6_c2,,,B,B6_c2_AAAGTAGCAAAGGTGC,B
B6_c2,HMN83580,flu,B,B6_c2_AAAGTAGGTGACTCAT,B
B6_c2,HMN52534,NI,B,B6_c2_AAATGCCTCCCTTGCA,B
B6_c2,,,B,B6_c2_AACACGTGTACCGAGA,B
B6_c2,HMN52534,NI,B,B6_c2_AACACGTGTGTTTGGT,B
B6_c2,HMN52534,NI,B,B6_c2_AACCGCGAGACGCACA,B
B6_c2,,,B,B6_c2_AACCGCGAGGCTAGCA,B
B6_c2,,,B,B6_c2_AACCGCGCATCATCCC,B
B6_c2,,,B,B6_c2_AACCGCGTCCGAACGC,B
B6_c2,,,B,B6_c2_AACGTTGCATCGATTG,B
B6_c2,HMN52534,NI,B,B6_c2_AACGTTGGTCTTGCGG,B
B6_c2,,,B,B6_c2_AACGTTGTCGCTTGTC,B
B6_c2,HMN52534,NI,B,B6_c2_AACTCAGAGTCATGCT,B
B6_c2,,,B,B6_c2_AACTCAGCATGGTCAT,B
B6_c2,,,B,B6_c2_AACTCAGTCTTCGGTC,B
B6_c2,HMN52534,NI,B,B6_c2_AACTCCCTCAGCTCGG,B
B6_c2,,,B,B6_c2_AACTCTTTCAGCATGT,B
B6_c2,HMN83580,flu,B,B6_c2_AACTCTTTCGTTGACA,B
B6_c2,,,B,B6_c2_AACTGGTAGTCTTGCA,B
B6_c2,,,B,B6_c2_AAGACCTGTCCCTACT,B
B6_c2,,,B,B6_c2_AAGCCGCAGAGAACAG,B
B6_c2,,,B,B6_c2_AAGGAGCCAACACCCG,B
B6_c2,,,B,B6_c2_AAGGCAGCACAAGTAA,B
B6_c2,,,B,B6_c2_AAGGTTCGTACGCTGC,B
B6_c2,,,B,B6_c2_AAGGTTCTCTTGTCAT,B
B6_c2,,,B,B6_c2_AAGTCTGAGATGTAAC,B
B6_c2,,,B,B6_c2_AATCCAGGTTAAGAAC,B
B6_c2,,,B,B6_c2_AATCCAGGTTGGTGGA,B
B6_c2,HMN52534,NI,B,B6_c2_AATCCAGTCTCGCTTG,B
B6_c2,,,B,B6_c2_ACACCCTGTATTCGTG,B
B6_c2,,,B,B6_c2_ACACCGGCATACTACG,B
B6_c2,HMN52537,NI,B,B6_c2_ACACCGGGTTCAGACT,B
B6_c2,,,B,B6_c2_ACACTGAAGTGGCACA,B
B6_c2,,,B,B6_c2_ACAGCCGAGAGGTTAT,B
B6_c2,,,B,B6_c2_ACAGCCGGTGAGGGAG,B
B6_c2,HMN52534,NI,B,B6_c2_ACAGCTAAGACTAAGT,B
B6_c2,,,B,B6_c2_ACAGCTACATGCTGGC,B
B6_c2,,,B,B6_c2_ACATCAGAGAAGAAGC,B
B6_c2,,,B,B6_c2_ACCCACTTCAGCTCGG,B
B6_c2,HMN83580,flu,B,B6_c2_ACCCACTTCGTCACGG,B
B6_c2,,,B,B6_c2_ACGAGCCAGCAGGCTA,B
B6_c2,HMN52537,NI,B,B6_c2_ACGAGCCCAGTGGAGT,B
B6_c2,,,B,B6_c2_ACGAGCCGTACAGCAG,B
B6_c2,,,B,B6_c2_ACGATGTCATCACAAC,B
B6_c2,HMN52534,NI,B,B6_c2_ACGCCAGCAGCCACCA,B
B6_c2,,,B,B6_c2_ACGCCAGGTTAAAGAC,B
B6_c2,HMN52534,NI,B,B6_c2_ACGCCGATCAGCATGT,B
B6_c2,HMN83580,flu,B,B6_c2_ACGCCGATCTCTGTCG,B
B6_c2,,,B,B6_c2_ACGGAGAAGTGTTTGC,B
B6_c2,,,B,B6_c2_ACGGCCATCGTACGGC,B
B6_c2,,,B,B6_c2_ACGGGTCAGCAACGGT,B
B6_c2,,,B,B6_c2_ACGGGTCGTTACGCGC,B
B6_c2,,,B,B6_c2_ACTATCTGTAGCGTAG,B
B6_c2,,,B,B6_c2_ACTGAACAGTACGTTC,B
B6_c2,HMN52534,NI,B,B6_c2_ACTGAACTCTCTTGAT,B
B6_c2,HMN52534,NI,B,B6_c2_ACTGAGTAGGCTCAGA,B
B6_c2,,,B,B6_c2_ACTGATGAGATGTGTA,B
B6_c2,HMN83580,flu,B,B6_c2_ACTGATGCACGGTAGA,B
B6_c2,HMN52536,NI,B,B6_c2_ACTGTCCCACGGCTAC,B
B6_c2,,,B,B6_c2_ACTGTCCGTTACTGAC,B
B6_c2,,,B,B6_c2_ACTGTCCGTTCTCATT,B
B6_c2,HMN52534,NI,B,B6_c2_ACTTGTTCACCGGAAA,B
B6_c2,HMN52536,NI,B,B6_c2_ACTTTCAAGGCATGGT,B
B6_c2,,,B,B6_c2_AGAATAGGTCGCATAT,B
B6_c2,,,B,B6_c2_AGACGTTTCTCTGCTG,B
B6_c2,HMN83580,flu,B,B6_c2_AGAGCGATCGCGTAGC,B
B6_c2,,,B,B6_c2_AGAGCGATCTCGATGA,B
B6_c2,,,B,B6_c2_AGAGCTTCATGCTGGC,B
B6_c2,HMN83580,flu,B,B6_c2_AGAGCTTTCTCGCTTG,B
B6_c2,,,B,B6_c2_AGATTGCAGTGTCCAT,B
B6_c2,HMN83580,flu,B,B6_c2_AGATTGCGTATAAACG,B
B6_c2,HMN52537,NI,B,B6_c2_AGCAGCCTCATTATCC,B
B6_c2,,,B,B6_c2_AGCCTAACAGATTGCT,B
B6_c2,,,B,B6_c2_AGCCTAACAGTATAAG,B
B6_c2,,,B,B6_c2_AGCGTCGGTTCATGGT,B
B6_c2,,,B,B6_c2_AGCTCTCAGCTCCCAG,B
B6_c2,HMN52534,NI,B,B6_c2_AGGCCGTTCTTCGAGA,B
B6_c2,HMN83580,flu,B,B6_c2_AGGGAGTAGAGACTTA,B
B6_c2,HMN52538,flu,B,B6_c2_AGGGAGTCACAGACAG,B
B6_c2,,,B,B6_c2_AGGGATGCAATAGCGG,B
B6_c2,HMN52534,NI,B,B6_c2_AGGGTGAGTGTGGTTT,B
B6_c2,HMN52534,NI,B,B6_c2_AGGTCATAGATGCCTT,B
B6_c2,HMN83580,flu,B,B6_c2_AGGTCCGAGAACAATC,B
B6_c2,HMN52534,NI,B,B6_c2_AGTCTTTTCGTACGGC,B
B6_c2,HMN52537,NI,B,B6_c2_AGTGTCAGTTCAGTAC,B
B6_c2,,,B,B6_c2_AGTTGGTAGTAGGTGC,B
B6_c2,,,B,B6_c2_AGTTGGTCAGCTTAAC,B
B6_c2,HMN83580,flu,B,B6_c2_AGTTGGTCAGGTGCCT,B
B6_c2,HMN83580,flu,B,B6_c2_AGTTGGTGTGTCCTCT,B
B6_c2,HMN52538,flu,B,B6_c2_ATAGACCGTAGGGTAC,B
B6_c2,HMN52534,NI,B,B6_c2_ATCACGACAGATTGCT,B
B6_c2,HMN83580,flu,B,B6_c2_ATCACGAGTGAGGGTT,B
B6_c2,,,B,B6_c2_ATCATGGAGTTGTCGT,B
B6_c2,HMN52534,NI,B,B6_c2_ATCCACCAGTAATCCC,B
B6_c2,,,B,B6_c2_ATCCACCAGTTAGCGG,B
B6_c2,HMN52538,flu,B,B6_c2_ATCCACCGTGCCTTGG,B
B6_c2,,,B,B6_c2_ATCCGAACATATGGTC,B
B6_c2,,,B,B6_c2_ATCGAGTAGAACTCGG,B
B6_c2,,,B,B6_c2_ATGCGATAGGGCTTCC,B
B6_c2,HMN52534,NI,B,B6_c2_ATGCGATTCTAAGCCA,B
B6_c2,HMN52534,NI,B,B6_c2_ATGGGAGGTGTTTGTG,B
B6_c2,,,B,B6_c2_ATTATCCAGGTGCTTT,B
B6_c2,,,B,B6_c2_ATTATCCGTAGCACGA,B
B6_c2,HMN52534,NI,B,B6_c2_ATTATCCGTGGCCCTA,B
B6_c2,HMN52537,NI,B,B6_c2_ATTATCCGTTGCTCCT,B
B6_c2,HMN52537,NI,B,B6_c2_ATTGGACAGGCACATG,B
B6_c2,HMN52536,NI,B,B6_c2_ATTGGACGTACTCTCC,B
B6_c2,,,B,B6_c2_ATTGGTGAGCAATATG,B
B6_c2,,,B,B6_c2_ATTGGTGCACAACTGT,B
B6_c2,HMN52534,NI,B,B6_c2_ATTTCTGGTGTAATGA,B
B6_c2,,,B,B6_c2_ATTTCTGTCGCGTAGC,B
B6_c2,HMN52536,NI,B,B6_c2_CAACCAATCTGGCGAC,B
B6_c2,,,B,B6_c2_CAAGAAACACTCGACG,B
B6_c2,,,B,B6_c2_CAAGTTGAGTACTTGC,B
B6_c2,HMN52534,NI,B,B6_c2_CAAGTTGCACATTAGC,B
B6_c2,HMN52534,NI,B,B6_c2_CACACCTGTGTGGTTT,B
B6_c2,,,B,B6_c2_CACAGGCAGATCCGAG,B
B6_c2,HMN52537,NI,B,B6_c2_CACAGGCGTCCTCCAT,B
B6_c2,,,B,B6_c2_CACAGGCGTGTTTGTG,B
B6_c2,,,B,B6_c2_CACATAGAGCTGTCTA,B
B6_c2,,,B,B6_c2_CACATAGAGGTAGCCA,B
B6_c2,,,B,B6_c2_CACCACTCAATGGAAT,B
B6_c2,,,B,B6_c2_CAGAGAGCACGTCAGC,B
B6_c2,HMN52534,NI,B,B6_c2_CAGATCATCTGGTTCC,B
B6_c2,,,B,B6_c2_CAGCAGCGTTTAGGAA,B
B6_c2,,,B,B6_c2_CAGCATAAGATATGGT,B
B6_c2,,,B,B6_c2_CAGCATATCAACACTG,B
B6_c2,,,B,B6_c2_CAGCGACCATGAAGTA,B
B6_c2,HMN83580,flu,B,B6_c2_CAGCTAATCATCATTC,B
B6_c2,HMN52534,NI,B,B6_c2_CAGCTAATCGGTTCGG,B
B6_c2,,,B,B6_c2_CAGCTGGAGCCAGAAC,B
B6_c2,,,B,B6_c2_CAGGTGCCATTTCACT,B
B6_c2,,,B,B6_c2_CAGTAACTCTTATCTG,B
B6_c2,HMN52536,NI,B,B6_c2_CATCAAGGTACGAAAT,B
B6_c2,,,B,B6_c2_CATCAGAAGCGTCAAG,B
B6_c2,HMN52534,NI,B,B6_c2_CATCCACGTATAGTAG,B
B6_c2,HMN52537,NI,B,B6_c2_CATCCACTCTCAACTT,B
B6_c2,HMN52534,NI,B,B6_c2_CATCGAAAGCGTTGCC,B
B6_c2,,,B,B6_c2_CATCGAAGTGACTCAT,B
B6_c2,,,B,B6_c2_CATCGAATCAACGGGA,B
B6_c2,,,B,B6_c2_CATGACATCCGTCATC,B
B6_c2,,,B,B6_c2_CATGGCGGTTCAGTAC,B
B6_c2,HMN52533,flu,B,B6_c2_CATTATCGTAAATACG,B
B6_c2,HMN83580,flu,B,B6_c2_CATTCGCTCTGAGTGT,B
B6_c2,,,B,B6_c2_CCATGTCTCTATGTGG,B
B6_c2,,,B,B6_c2_CCCAATCAGAGACGAA,B
B6_c2,,,B,B6_c2_CCCAATCCATAAAGGT,B
B6_c2,HMN83580,flu,B,B6_c2_CCCAGTTCACATTAGC,B
B6_c2,HMN52536,NI,B,B6_c2_CCGGTAGCATTACCTT,B
B6_c2,,,B,B6_c2_CCGTACTCAGTCAGCC,B
B6_c2,,,B,B6_c2_CCGTGGAGTAAGCACG,B
B6_c2,,,B,B6_c2_CCGTGGAGTGTGGCTC,B
B6_c2,HMN52534,NI,B,B6_c2_CCTACACGTGCAGACA,B
B6_c2,HMN83580,flu,B,B6_c2_CCTACCATCATAGCAC,B
B6_c2,,,B,B6_c2_CCTAGCTAGGGATGGG,B
B6_c2,HMN52534,NI,B,B6_c2_CCTAGCTCACCTCGGA,B
B6_c2,,,B,B6_c2_CCTATTAAGGTGGGTT,B
B6_c2,,,B,B6_c2_CCTCAGTCAACCGCCA,B
B6_c2,,,B,B6_c2_CCTTACGTCACGACTA,B
B6_c2,HMN52534,NI,B,B6_c2_CCTTCCCCACAGCGTC,B
B6_c2,,,B,B6_c2_CCTTCCCTCCTGTAGA,B
B6_c2,,,B,B6_c2_CCTTTCTCAGCTTCGG,B
B6_c2,,,B,B6_c2_CGAACATTCGATCCCT,B
B6_c2,,,B,B6_c2_CGAGCACCACGTCTCT,B
B6_c2,,,B,B6_c2_CGAGCCATCGTGGACC,B
B6_c2,HMN52534,NI,B,B6_c2_CGATGTAGTTAAGGGC,B
B6_c2,,,B,B6_c2_CGATTGAGTCGAATCT,B
B6_c2,,,B,B6_c2_CGCCAAGTCGGGAGTA,B
B6_c2,,,B,B6_c2_CGCTTCAAGCAGGCTA,B
B6_c2,,,B,B6_c2_CGGACGTCAGCTGTTA,B
B6_c2,,,B,B6_c2_CGGACTGAGTGGAGAA,B
B6_c2,HMN83580,flu,B,B6_c2_CGGACTGTCCGTAGTA,B
B6_c2,,,B,B6_c2_CGGAGTCTCGCGGATC,B
B6_c2,,,B,B6_c2_CGGCTAGCAGGAACGT,B
B6_c2,HMN52534,NI,B,B6_c2_CGTAGGCCATTGAGCT,B
B6_c2,HMN52534,NI,B,B6_c2_CGTAGGCTCGCGGATC,B
B6_c2,,,B,B6_c2_CGTCACTCAGATGAGC,B
B6_c2,HMN83580,flu,B,B6_c2_CGTCAGGCAATGTAAG,B
B6_c2,HMN52534,NI,B,B6_c2_CGTCAGGGTATATGAG,B
B6_c2,HMN52534,NI,B,B6_c2_CGTGAGCAGCTCCTTC,B
B6_c2,HMN52534,NI,B,B6_c2_CGTGAGCGTTAGATGA,B
B6_c2,,,B,B6_c2_CGTGTAACATTACCTT,B
B6_c2,HMN52534,NI,B,B6_c2_CGTGTAAGTATATGAG,B
B6_c2,,,B,B6_c2_CGTGTAATCGTCTGCT,B
B6_c2,HMN52537,NI,B,B6_c2_CGTTAGACAGCGTTCG,B
B6_c2,HMN83580,flu,B,B6_c2_CTAAGACCAGTCAGCC,B
B6_c2,,,B,B6_c2_CTAAGACTCCTTGGTC,B
B6_c2,,,B,B6_c2_CTACACCCATTTCAGG,B
B6_c2,HMN52537,NI,B,B6_c2_CTACATTTCGAACGGA,B
B6_c2,,,B,B6_c2_CTACATTTCGGAGGTA,B
B6_c2,,,B,B6_c2_CTACCCAGTCCCTACT,B
B6_c2,HMN52537,NI,B,B6_c2_CTACCCATCATCGCTC,B
B6_c2,HMN52538,flu,B,B6_c2_CTAGCCTTCTATCCCG,B
B6_c2,,,B,B6_c2_CTCCTAGAGAGCTGGT,B
B6_c2,,,B,B6_c2_CTCCTAGAGCGTTTAC,B
B6_c2,,,B,B6_c2_CTCGTACAGCGTGTCC,B
B6_c2,,,B,B6_c2_CTCGTCACACAGCCCA,B
B6_c2,HMN52534,NI,B,B6_c2_CTCGTCAGTCTCAACA,B
B6_c2,,,B,B6_c2_CTCTGGTCAAACGTGG,B
B6_c2,HMN52534,NI,B,B6_c2_CTGAAACTCAGCACAT,B
B6_c2,,,B,B6_c2_CTGAAACTCTAACTGG,B
B6_c2,HMN52534,NI,B,B6_c2_CTGAAGTTCTTTAGTC,B
B6_c2,HMN52534,NI,B,B6_c2_CTGATAGAGTACGTAA,B
B6_c2,HMN52534,NI,B,B6_c2_CTGATAGCACACGCTG,B
B6_c2,,,B,B6_c2_CTGATCCCATGCCACG,B
B6_c2,,,B,B6_c2_CTGCCTATCTCGATGA,B
B6_c2,HMN52534,NI,B,B6_c2_CTGCGGAAGAGTGAGA,B
B6_c2,,,B,B6_c2_CTGCGGATCCTAAGTG,B
B6_c2,,,B,B6_c2_CTGGTCTAGCATCATC,B
B6_c2,HMN52537,NI,B,B6_c2_CTGTGCTGTTATGTGC,B
B6_c2,,,B,B6_c2_CTTAACTCACGGTAAG,B
B6_c2,,,B,B6_c2_CTTACCGAGGCGCTCT,B
B6_c2,,,B,B6_c2_CTTAGGAAGAGTACAT,B
B6_c2,HMN52536,NI,B,B6_c2_CTTAGGAGTAAACGCG,B
B6_c2,HMN52533,flu,B,B6_c2_CTTCTCTCAGGCTGAA,B
B6_c2,,,B,B6_c2_CTTCTCTGTTACGTCA,B
B6_c2,,,B,B6_c2_CTTGGCTGTATTACCG,B
B6_c2,HMN52537,NI,B,B6_c2_CTTGGCTTCCAAAGTC,B
B6_c2,,,B,B6_c2_CTTGGCTTCCGTCATC,B
B6_c2,,,B,B6_c2_CTTGGCTTCTCTGTCG,B
B6_c2,,,B,B6_c2_GAACCTACAGCTGTGC,B
B6_c2,,,B,B6_c2_GAACGGACACGTCTCT,B
B6_c2,,,B,B6_c2_GAATGAATCTCAACTT,B
B6_c2,HMN52534,NI,B,B6_c2_GACCTGGCACGCTTTC,B
B6_c2,HMN52534,NI,B,B6_c2_GACCTGGGTATGGTTC,B
B6_c2,,,B,B6_c2_GACCTGGGTTCATGGT,B
B6_c2,HMN52537,NI,B,B6_c2_GACCTGGTCCCTCAGT,B
B6_c2,,,B,B6_c2_GACGTGCCACGGACAA,B
B6_c2,HMN52534,NI,B,B6_c2_GACTAACTCCGTAGGC,B
B6_c2,,,B,B6_c2_GAGCAGAGTCAGGACA,B
B6_c2,,,B,B6_c2_GAGGTGACAGTGACAG,B
B6_c2,HMN52534,NI,B,B6_c2_GAGGTGATCAGTTGAC,B
B6_c2,,,B,B6_c2_GAGTCCGTCAGCGACC,B
B6_c2,HMN52537,NI,B,B6_c2_GATCGCGGTATTCGTG,B
B6_c2,,,B,B6_c2_GATCGTACAGACGTAG,B
B6_c2,,,B,B6_c2_GATCGTAGTAACGCGA,B
B6_c2,,,B,B6_c2_GATGAAAGTTCTGTTT,B
B6_c2,,,B,B6_c2_GATGAGGCAATGGAAT,B
B6_c2,,,B,B6_c2_GATGAGGTCGGACAAG,B
B6_c2,,,B,B6_c2_GATGAGGTCTGCGACG,B
B6_c2,HMN83580,flu,B,B6_c2_GCAAACTTCCCTCTTT,B
B6_c2,HMN83580,flu,B,B6_c2_GCACTCTAGAGTCGGT,B
B6_c2,HMN52534,NI,B,B6_c2_GCACTCTGTAAGTAGT,B
B6_c2,HMN52534,NI,B,B6_c2_GCAGCCAGTACCGCTG,B
B6_c2,,,B,B6_c2_GCATACACAAGGACAC,B
B6_c2,HMN52534,NI,B,B6_c2_GCATGATGTAAGGGAA,B
B6_c2,HMN52534,NI,B,B6_c2_GCATGATGTTGTCGCG,B
B6_c2,HMN52534,NI,B,B6_c2_GCATGCGTCAACGGGA,B
B6_c2,,,B,B6_c2_GCATGTAAGAGTTGGC,B
B6_c2,,,B,B6_c2_GCCAAATAGTGTGGCA,B
B6_c2,HMN52537,NI,B,B6_c2_GCCTCTATCCTTTCGG,B
B6_c2,,,B,B6_c2_GCGCGATAGACGCTTT,B
B6_c2,HMN52533,flu,B,B6_c2_GCGGGTTTCTGTTGAG,B
B6_c2,HMN52537,NI,B,B6_c2_GCTCTGTAGCGTTTAC,B
B6_c2,,,B,B6_c2_GCTCTGTCATGCCTAA,B
B6_c2,,,B,B6_c2_GCTGCTTCACAAGACG,B
B6_c2,,,B,B6_c2_GGAATAAAGCTAGCCC,B
B6_c2,,,B,B6_c2_GGACGTCAGCTGAACG,B
B6_c2,HMN52534,NI,B,B6_c2_GGATGTTTCGGCATCG,B
B6_c2,,,B,B6_c2_GGCAATTAGCTAACAA,B
B6_c2,,,B,B6_c2_GGCAATTCACTTACGA,B
B6_c2,,,B,B6_c2_GGCGTGTAGGGTTTCT,B
B6_c2,HMN52537,NI,B,B6_c2_GGCTCGAGTCGCGAAA,B
B6_c2,,,B,B6_c2_GGGACCTAGTATCGAA,B
B6_c2,HMN83580,flu,B,B6_c2_GGGACCTCAGGCTGAA,B
B6_c2,,,B,B6_c2_GGGAGATTCAATCACG,B
B6_c2,HMN52537,NI,B,B6_c2_GGGAGATTCGTGGACC,B
B6_c2,,,B,B6_c2_GGGATGAGTAGCGCAA,B
B6_c2,,,B,B6_c2_GGGCACTAGTACGACG,B
B6_c2,HMN83580,flu,B,B6_c2_GGGCACTTCGGTTAAC,B
B6_c2,,,B,B6_c2_GGGCATCAGAGTCTGG,B
B6_c2,HMN52534,NI,B,B6_c2_GGGTTGCGTCTCTTTA,B
B6_c2,,,B,B6_c2_GGTATTGTCGAGCCCA,B
B6_c2,HMN83580,flu,B,B6_c2_GGTGCGTGTCACACGC,B
B6_c2,,,B,B6_c2_GGTGTTAGTAGGGTAC,B
B6_c2,,,B,B6_c2_GTAACGTGTTCCATGA,B
B6_c2,,,B,B6_c2_GTAACGTTCCAGTAGT,B
B6_c2,,,B,B6_c2_GTAACGTTCGCTAGCG,B
B6_c2,,,B,B6_c2_GTACTTTCATCACGAT,B
B6_c2,,,B,B6_c2_GTAGGCCCACCAGCAC,B
B6_c2,,,B,B6_c2_GTATCTTGTAGTGAAT,B
B6_c2,HMN52534,NI,B,B6_c2_GTCACAAGTCAGTGGA,B
B6_c2,HMN52534,NI,B,B6_c2_GTCATTTGTACCCAAT,B
B6_c2,,,B,B6_c2_GTCATTTTCGTGGACC,B
B6_c2,HMN52536,NI,B,B6_c2_GTCCTCAGTTGATTGC,B
B6_c2,,,B,B6_c2_GTCGGGTAGTTGTCGT,B
B6_c2,,,B,B6_c2_GTCGTAAGTCATCGGC,B
B6_c2,HMN52534,NI,B,B6_c2_GTCGTAATCACCCTCA,B
B6_c2,HMN52534,NI,B,B6_c2_GTCGTAATCAGGCGAA,B
B6_c2,,,B,B6_c2_GTCTTCGAGAAGGTGA,B
B6_c2,,,B,B6_c2_GTGCAGCCATTCGACA,B
B6_c2,,,B,B6_c2_GTGCGGTAGCTAACTC,B
B6_c2,,,B,B6_c2_GTGCGGTGTGGTACAG,B
B6_c2,HMN52536,NI,B,B6_c2_GTGGGTCCAAGCCGTC,B
B6_c2,,,B,B6_c2_GTGTTAGAGTACGCGA,B
B6_c2,,,B,B6_c2_GTGTTAGGTAAGTTCC,B
B6_c2,,,B,B6_c2_GTTACAGGTTAAGGGC,B
B6_c2,HMN83580,flu,B,B6_c2_GTTCATTAGACTACAA,B
B6_c2,,,B,B6_c2_GTTCATTGTGATGTCT,B
B6_c2,HMN52536,NI,B,B6_c2_GTTCATTTCGAGGTAG,B
B6_c2,,,B,B6_c2_GTTCGGGGTGCAACGA,B
B6_c2,,,B,B6_c2_GTTCTCGCATTGGTAC,B
B6_c2,,,B,B6_c2_GTTTCTAAGCCACTAT,B
B6_c2,,,B,B6_c2_GTTTCTACATTCTCAT,B
B6_c2,HMN52534,NI,B,B6_c2_TACAGTGAGCTCCCAG,B
B6_c2,,,B,B6_c2_TACAGTGCAGTGGAGT,B
B6_c2,,,B,B6_c2_TACCTATGTACTCAAC,B
B6_c2,HMN83580,flu,B,B6_c2_TACGGATAGTACGATA,B
B6_c2,,,B,B6_c2_TACGGATCACCTATCC,B
B6_c2,HMN83580,flu,B,B6_c2_TACTTGTCATGGATGG,B
B6_c2,HMN52534,NI,B,B6_c2_TATGCCCGTTCCGGCA,B
B6_c2,HMN52534,NI,B,B6_c2_TCAATCTGTAATTGGA,B
B6_c2,,,B,B6_c2_TCACGAATCAACACGT,B
B6_c2,HMN52533,flu,B,B6_c2_TCACGAATCCATGCTC,B
B6_c2,,,B,B6_c2_TCACGAATCCGTAGGC,B
B6_c2,,,B,B6_c2_TCAGATGTCGGACAAG,B
B6_c2,,,B,B6_c2_TCAGCTCGTATGGTTC,B
B6_c2,,,B,B6_c2_TCAGGTAAGGCTCAGA,B
B6_c2,,,B,B6_c2_TCATTTGAGATGAGAG,B
B6_c2,,,B,B6_c2_TCGAGGCAGTTACCCA,B
B6_c2,,,B,B6_c2_TCGAGGCCAAATTGCC,B
B6_c2,HMN52538,flu,B,B6_c2_TCGCGAGGTTATGCGT,B
B6_c2,HMN83580,flu,B,B6_c2_TCGGGACTCGCTAGCG,B
B6_c2,,,B,B6_c2_TCGTAGAAGTATCGAA,B
B6_c2,,,B,B6_c2_TCGTAGATCTAACCGA,B
B6_c2,,,B,B6_c2_TCTATTGTCAGTTTGG,B
B6_c2,HMN52534,NI,B,B6_c2_TCTCATAAGAAGGTGA,B
B6_c2,,,B,B6_c2_TCTTCGGAGGGTGTGT,B
B6_c2,,,B,B6_c2_TCTTTCCGTTGCTCCT,B
B6_c2,,,B,B6_c2_TGAGCATAGCTAAACA,B
B6_c2,HMN52534,NI,B,B6_c2_TGAGCCGAGGAGCGAG,B
B6_c2,,,B,B6_c2_TGATTTCCACGGCTAC,B
B6_c2,,,B,B6_c2_TGCCCATAGTCGTACT,B
B6_c2,,,B,B6_c2_TGCCCATCAGGTGCCT,B
B6_c2,,,B,B6_c2_TGCCCTAGTCCGACGT,B
B6_c2,HMN83580,flu,B,B6_c2_TGCCCTATCTAAGCCA,B
B6_c2,HMN52538,flu,B,B6_c2_TGCGGGTTCGCAAGCC,B
B6_c2,HMN52534,NI,B,B6_c2_TGCGTGGAGTAAGTAC,B
B6_c2,,,B,B6_c2_TGCGTGGCACCAGGTC,B
B6_c2,,,B,B6_c2_TGCGTGGTCGTAGGTT,B
B6_c2,HMN52534,NI,B,B6_c2_TGGACGCGTACATGTC,B
B6_c2,,,B,B6_c2_TGGCCAGAGTGATCGG,B
B6_c2,HMN52534,NI,B,B6_c2_TGGCTGGAGTGCCAGA,B
B6_c2,,,B,B6_c2_TGGCTGGCAGCGTTCG,B
B6_c2,,,B,B6_c2_TGGGAAGCAGACAGGT,B
B6_c2,HMN52534,NI,B,B6_c2_TGGTTAGTCCCATTAT,B
B6_c2,,,B,B6_c2_TGGTTCCCACATCCGG,B
B6_c2,,,B,B6_c2_TGGTTCCCATGCGCAC,B
B6_c2,,,B,B6_c2_TGTATTCAGGTAAACT,B
B6_c2,,,B,B6_c2_TGTCCCACAGCGTTCG,B
B6_c2,,,B,B6_c2_TGTCCCATCGTGTAGT,B
B6_c2,,,B,B6_c2_TGTGGTACAAACTGCT,B
B6_c2,,,B,B6_c2_TGTTCCGGTCATGCAT,B
B6_c2,HMN52538,flu,B,B6_c2_TGTTCCGTCCACTCCA,B
B6_c2,HMN52537,NI,B,B6_c2_TTAGGCAAGTGTTTGC,B
B6_c2,,,B,B6_c2_TTAGTTCCACTTAACG,B
B6_c2,,,B,B6_c2_TTAGTTCGTACCTACA,B
B6_c2,HMN52536,NI,B,B6_c2_TTAGTTCTCGTTACAG,B
B6_c2,,,B,B6_c2_TTATGCTAGTTACCCA,B
B6_c2,,,B,B6_c2_TTCGAAGCACTGTTAG,B
B6_c2,HMN52534,NI,B,B6_c2_TTCGAAGGTCAAAGAT,B
B6_c2,,,B,B6_c2_TTCGAAGTCTTAGCCC,B
B6_c2,,,B,B6_c2_TTCGGTCTCTGCCAGG,B
B6_c2,,,B,B6_c2_TTCTTAGGTACCTACA,B
B6_c2,,,B,B6_c2_TTGGAACTCTTGCATT,B
B6_c2,,,B,B6_c2_TTGTAGGTCAGAGCTT,B
B6_c2,,,B,B6_c2_TTTACTGCACACGCTG,B
B6_c2,HMN52534,NI,B,B6_c2_TTTGGTTAGCCTCGTG,B
B6_c2,,,B,B6_c2_TTTGGTTTCAGCTCGG,B
B7_c1,HMN52558,flu,B,B7_c1_AAACCTGAGGTAGCTG,B
B7_c1,,,B,B7_c1_AAACCTGTCGGGAGTA,B
B7_c1,,,B,B7_c1_AAACGGGAGTCAATAG,B
B7_c1,,,B,B7_c1_AAACGGGGTGGTAACG,B
B7_c1,,,B,B7_c1_AAAGATGTCCGCGTTT,B
B7_c1,,,B,B7_c1_AAAGATGTCGCTTGTC,B
B7_c1,HMN52544,NI,B,B7_c1_AAAGTAGAGACTAGAT,B
B7_c1,HMN52558,flu,B,B7_c1_AAATGCCAGGCAGTCA,B
B7_c1,,,B,B7_c1_AAATGCCAGTTCCACA,B
B7_c1,,,B,B7_c1_AACCATGAGGTAGCCA,B
B7_c1,,,B,B7_c1_AACCATGGTGTGTGCC,B
B7_c1,HMN52545,NI,B,B7_c1_AACCATGGTTCAACCA,B
B7_c1,,,B,B7_c1_AACCGCGAGAAGGACA,B
B7_c1,,,B,B7_c1_AACCGCGAGGACTGGT,B
B7_c1,,,B,B7_c1_AACGTTGAGATCCGAG,B
B7_c1,HMN52552,flu,B,B7_c1_AACTCAGTCAGGCCCA,B
B7_c1,,,B,B7_c1_AACTGGTAGTCTTGCA,B
B7_c1,HMN52545,NI,B,B7_c1_AACTGGTGTGGTCCGT,B
B7_c1,,,B,B7_c1_AACTTTCGTACAAGTA,B
B7_c1,HMN52535,NI,B,B7_c1_AACTTTCGTAGCCTCG,B
B7_c1,,,B,B7_c1_AAGACCTTCCTTTACA,B
B7_c1,HMN52545,NI,B,B7_c1_AAGCCGCCAAGTCTGT,B
B7_c1,,,B,B7_c1_AAGGAGCGTAGCTCCG,B
B7_c1,HMN52545,NI,B,B7_c1_AAGGCAGTCTGCTGTC,B
B7_c1,,,B,B7_c1_AAGGTTCAGAAGGGTA,B
B7_c1,HMN52535,NI,B,B7_c1_AAGGTTCAGTACGACG,B
B7_c1,,,B,B7_c1_AAGGTTCTCCACGTTC,B
B7_c1,,,B,B7_c1_AATCCAGAGTTCGCGC,B
B7_c1,HMN52545,NI,B,B7_c1_AATCCAGGTACCGTAT,B
B7_c1,,,B,B7_c1_AATCGGTTCACATACG,B
B7_c1,,,B,B7_c1_ACACCAAAGGAGTAGA,B
B7_c1,HMN52545,NI,B,B7_c1_ACACCAAGTGTGTGCC,B
B7_c1,,,B,B7_c1_ACACCCTAGCATCATC,B
B7_c1,,,B,B7_c1_ACACCCTAGCCACCTG,B
B7_c1,,,B,B7_c1_ACACCGGTCTATCGCC,B
B7_c1,,,B,B7_c1_ACACTGAAGATGCCTT,B
B7_c1,,,B,B7_c1_ACACTGACACAGAGGT,B
B7_c1,,,B,B7_c1_ACACTGACAGCGTTCG,B
B7_c1,,,B,B7_c1_ACACTGACATCGATTG,B
B7_c1,,,B,B7_c1_ACAGCCGGTGCTTCTC,B
B7_c1,,,B,B7_c1_ACAGCCGTCATGTCTT,B
B7_c1,HMN52544,NI,B,B7_c1_ACAGCTACATTACGAC,B
B7_c1,HMN52545,NI,B,B7_c1_ACATACGGTCCTGCTT,B
B7_c1,,,B,B7_c1_ACATACGGTTGAGTTC,B
B7_c1,,,B,B7_c1_ACATCAGAGGAACTGC,B
B7_c1,,,B,B7_c1_ACATCAGAGGGAGTAA,B
B7_c1,,,B,B7_c1_ACATCAGGTATCTGCA,B
B7_c1,,,B,B7_c1_ACCAGTACACATCCAA,B
B7_c1,HMN52544,NI,B,B7_c1_ACCCACTTCATCACCC,B
B7_c1,,,B,B7_c1_ACCGTAACACAGAGGT,B
B7_c1,HMN52545,NI,B,B7_c1_ACCGTAATCACAGGCC,B
B7_c1,,,B,B7_c1_ACCTTTATCAGGTTCA,B
B7_c1,HMN52545,NI,B,B7_c1_ACGAGCCCATCATCCC,B
B7_c1,,,B,B7_c1_ACGATACGTCCGCTGA,B
B7_c1,,,B,B7_c1_ACGCCAGCATTGTGCA,B
B7_c1,HMN52544,NI,B,B7_c1_ACGCCAGTCGGCTTGG,B
B7_c1,,,B,B7_c1_ACGCCGAGTCATACTG,B
B7_c1,HMN52545,NI,B,B7_c1_ACGGAGATCCAAACAC,B
B7_c1,HMN52535,NI,B,B7_c1_ACGGCCACACTTAACG,B
B7_c1,HMN52544,NI,B,B7_c1_ACGGCCAGTCGGCTCA,B
B7_c1,,,B,B7_c1_ACGGCCATCGCCTGTT,B
B7_c1,,,B,B7_c1_ACGGGCTAGGACACCA,B
B7_c1,,,B,B7_c1_ACGTCAACAGGTCGTC,B
B7_c1,,,B,B7_c1_ACTATCTCAATCCAAC,B
B7_c1,,,B,B7_c1_ACTATCTGTCCAGTTA,B
B7_c1,,,B,B7_c1_ACTATCTTCGTACCGG,B
B7_c1,,,B,B7_c1_ACTGAACCAGGACGTA,B
B7_c1,HMN52552,flu,B,B7_c1_ACTGAGTCACAGCGTC,B
B7_c1,,,B,B7_c1_ACTGCTCTCTAACTTC,B
B7_c1,,,B,B7_c1_ACTTGTTGTGATGCCC,B
B7_c1,,,B,B7_c1_ACTTTCATCAACGAAA,B
B7_c1,HMN52543,flu,B,B7_c1_ACTTTCATCACTATTC,B
B7_c1,,,B,B7_c1_AGAATAGAGAAGCCCA,B
B7_c1,,,B,B7_c1_AGAATAGAGACTAGAT,B
B7_c1,,,B,B7_c1_AGAATAGTCTGTCCGT,B
B7_c1,,,B,B7_c1_AGAGCGAAGACGCTTT,B
B7_c1,HMN52558,flu,B,B7_c1_AGAGCGAGTCTAGTCA,B
B7_c1,,,B,B7_c1_AGATCTGTCCCAAGAT,B
B7_c1,,,B,B7_c1_AGATTGCCACAGCCCA,B
B7_c1,,,B,B7_c1_AGATTGCTCCAGTAGT,B
B7_c1,HMN52545,NI,B,B7_c1_AGCAGCCTCTACCAGA,B
B7_c1,,,B,B7_c1_AGCATACTCTGCGACG,B
B7_c1,,,B,B7_c1_AGCCTAAAGAAGGTGA,B
B7_c1,,,B,B7_c1_AGCCTAACACTGTTAG,B
B7_c1,HMN52545,NI,B,B7_c1_AGCCTAATCATGGTCA,B
B7_c1,,,B,B7_c1_AGCGGTCAGAACTGTA,B
B7_c1,,,B,B7_c1_AGCGGTCCATGGGAAC,B
B7_c1,,,B,B7_c1_AGCGTATTCCTGCTTG,B
B7_c1,,,B,B7_c1_AGCGTCGGTATCTGCA,B
B7_c1,,,B,B7_c1_AGCTCCTCACGTCTCT,B
B7_c1,HMN52544,NI,B,B7_c1_AGCTCCTTCTGCTTGC,B
B7_c1,HMN52545,NI,B,B7_c1_AGCTCTCCACTTAAGC,B
B7_c1,HMN52544,NI,B,B7_c1_AGCTTGACACCGAATT,B
B7_c1,,,B,B7_c1_AGCTTGACATCGACGC,B
B7_c1,,,B,B7_c1_AGGCCACAGGAGTTGC,B
B7_c1,HMN52545,NI,B,B7_c1_AGGCCACGTACCCAAT,B
B7_c1,HMN52543,flu,B,B7_c1_AGGCCACGTTACGACT,B
B7_c1,,,B,B7_c1_AGGCCACTCCTGCAGG,B
B7_c1,,,B,B7_c1_AGGCCGTTCACGCGGT,B
B7_c1,,,B,B7_c1_AGGCCGTTCGTCCAGG,B
B7_c1,,,B,B7_c1_AGGTCATGTATGCTTG,B
B7_c1,,,B,B7_c1_AGGTCATTCCCAAGAT,B
B7_c1,,,B,B7_c1_AGGTCCGCATGCTAGT,B
B7_c1,HMN52558,flu,B,B7_c1_AGGTCCGGTCCGAGTC,B
B7_c1,HMN52545,NI,B,B7_c1_AGTGAGGGTTGGGACA,B
B7_c1,,,B,B7_c1_AGTGTCAAGTGTTTGC,B
B7_c1,HMN52544,NI,B,B7_c1_AGTTGGTGTGTTTGGT,B
B7_c1,,,B,B7_c1_ATAACGCAGTGTACGG,B
B7_c1,,,B,B7_c1_ATAAGAGAGACAAGCC,B
B7_c1,,,B,B7_c1_ATAGACCGTACCATCA,B
B7_c1,,,B,B7_c1_ATCATGGGTTAAGAAC,B
B7_c1,,,B,B7_c1_ATCCACCTCGTGGACC,B
B7_c1,HMN52545,NI,B,B7_c1_ATCCACCTCTGCTTGC,B
B7_c1,,,B,B7_c1_ATCGAGTGTGCATCTA,B
B7_c1,HMN52543,flu,B,B7_c1_ATCGAGTTCTATCGCC,B
B7_c1,HMN52535,NI,B,B7_c1_ATCTACTAGACGACGT,B
B7_c1,,,B,B7_c1_ATCTGCCCACTGAAGG,B
B7_c1,,,B,B7_c1_ATGAGGGTCAACACTG,B
B7_c1,,,B,B7_c1_ATGGGAGAGATGTAAC,B
B7_c1,,,B,B7_c1_ATGTGTGGTTGATTGC,B
B7_c1,,,B,B7_c1_ATTCTACTCTCAAGTG,B
B7_c1,HMN52545,NI,B,B7_c1_ATTGGACCATCACCCT,B
B7_c1,,,B,B7_c1_ATTTCTGAGAGGTTAT,B
B7_c1,,,B,B7_c1_ATTTCTGTCCGCAAGC,B
B7_c1,HMN52544,NI,B,B7_c1_CAACCAATCGGCGGTT,B
B7_c1,,,B,B7_c1_CAACCAATCGTTTATC,B
B7_c1,,,B,B7_c1_CAACCTCAGATATGGT,B
B7_c1,,,B,B7_c1_CAACCTCTCAGCTCTC,B
B7_c1,HMN52552,flu,B,B7_c1_CAACCTCTCTCGTTTA,B
B7_c1,HMN52544,NI,B,B7_c1_CAAGAAAGTCGACTAT,B
B7_c1,,,B,B7_c1_CAAGGCCCATATGCTG,B
B7_c1,HMN52545,NI,B,B7_c1_CAAGGCCGTCCAAGTT,B
B7_c1,,,B,B7_c1_CACAAACAGTCTTGCA,B
B7_c1,HMN52544,NI,B,B7_c1_CACAAACTCGAGGTAG,B
B7_c1,HMN52545,NI,B,B7_c1_CACACTCAGTCCAGGA,B
B7_c1,HMN52544,NI,B,B7_c1_CACAGTAGTCGCGTGT,B
B7_c1,HMN52545,NI,B,B7_c1_CACATAGCAGCTTCGG,B
B7_c1,,,B,B7_c1_CACATTTGTTGAGTTC,B
B7_c1,HMN52544,NI,B,B7_c1_CACATTTTCTCTGTCG,B
B7_c1,,,B,B7_c1_CACCACTCACATTCGA,B
B7_c1,,,B,B7_c1_CACCAGGCAATAGCGG,B
B7_c1,,,B,B7_c1_CACCAGGTCACAGGCC,B
B7_c1,,,B,B7_c1_CACTCCAAGCCTTGAT,B
B7_c1,HMN52545,NI,B,B7_c1_CAGAATCAGCACCGCT,B
B7_c1,,,B,B7_c1_CAGCAGCTCGGTGTCG,B
B7_c1,,,B,B7_c1_CAGCAGCTCTAGCACA,B
B7_c1,,,B,B7_c1_CAGCATACAACGATCT,B
B7_c1,HMN52544,NI,B,B7_c1_CAGCATACACGAAACG,B
B7_c1,,,B,B7_c1_CAGCGACAGCGAAGGG,B
B7_c1,,,B,B7_c1_CAGCTGGCACCTATCC,B
B7_c1,,,B,B7_c1_CAGCTGGGTTGTGGCC,B
B7_c1,,,B,B7_c1_CAGGTGCCATTGAGCT,B
B7_c1,HMN52544,NI,B,B7_c1_CAGTAACCACATGACT,B
B7_c1,,,B,B7_c1_CAGTCCTAGCGTTGCC,B
B7_c1,,,B,B7_c1_CATCAAGTCCAACCAA,B
B7_c1,,,B,B7_c1_CATCAAGTCCATGAGT,B
B7_c1,,,B,B7_c1_CATCAAGTCGGTCTAA,B
B7_c1,HMN52545,NI,B,B7_c1_CATCAGACACGGTTTA,B
B7_c1,,,B,B7_c1_CATCGAAAGAGACTAT,B
B7_c1,,,B,B7_c1_CATCGAATCTCAACTT,B
B7_c1,HMN52544,NI,B,B7_c1_CATCGGGTCCTGTACC,B
B7_c1,,,B,B7_c1_CATGACACACCCAGTG,B
B7_c1,,,B,B7_c1_CATGACAGTATTCTCT,B
B7_c1,HMN52544,NI,B,B7_c1_CATGCCTCATGGGACA,B
B7_c1,HMN52544,NI,B,B7_c1_CATGCCTGTCGAATCT,B
B7_c1,HMN52544,NI,B,B7_c1_CCAATCCAGAGTTGGC,B
B7_c1,HMN52544,NI,B,B7_c1_CCACCTAAGCAAATCA,B
B7_c1,HMN52544,NI,B,B7_c1_CCACCTACAGTCACTA,B
B7_c1,,,B,B7_c1_CCACCTATCGCAAACT,B
B7_c1,HMN52544,NI,B,B7_c1_CCACGGACAAATTGCC,B
B7_c1,,,B,B7_c1_CCACTACCAAGCTGAG,B
B7_c1,HMN52544,NI,B,B7_c1_CCATGTCAGCGTCTAT,B
B7_c1,HMN52552,flu,B,B7_c1_CCATGTCAGTGTTAGA,B
B7_c1,,,B,B7_c1_CCATGTCCAATGGTCT,B
B7_c1,,,B,B7_c1_CCATTCGCACATTTCT,B
B7_c1,,,B,B7_c1_CCATTCGGTGCACCAC,B
B7_c1,HMN52552,flu,B,B7_c1_CCATTCGTCTGATACG,B
B7_c1,,,B,B7_c1_CCCATACCATGGATGG,B
B7_c1,,,B,B7_c1_CCCTCCTTCACCTTAT,B
B7_c1,,,B,B7_c1_CCCTCCTTCATAACCG,B
B7_c1,,,B,B7_c1_CCGGGATAGATGAGAG,B
B7_c1,HMN52552,flu,B,B7_c1_CCGGTAGCACGGTAAG,B
B7_c1,HMN52545,NI,B,B7_c1_CCGGTAGTCTATCCCG,B
B7_c1,HMN52545,NI,B,B7_c1_CCGTACTCAGTATAAG,B
B7_c1,,,B,B7_c1_CCGTGGAAGTGTACTC,B
B7_c1,HMN52544,NI,B,B7_c1_CCGTGGAGTAAAGTCA,B
B7_c1,,,B,B7_c1_CCGTGGAGTCGCATCG,B
B7_c1,,,B,B7_c1_CCGTGGATCTGCTGTC,B
B7_c1,,,B,B7_c1_CCGTTCAAGTGGCACA,B
B7_c1,,,B,B7_c1_CCTACACTCGACGGAA,B
B7_c1,,,B,B7_c1_CCTACCAGTTACAGAA,B
B7_c1,,,B,B7_c1_CCTACCATCGGTCTAA,B
B7_c1,HMN52544,NI,B,B7_c1_CCTATTAAGAAGAAGC,B
B7_c1,,,B,B7_c1_CCTCAGTAGTCCGGTC,B
B7_c1,HMN52545,NI,B,B7_c1_CCTCAGTGTCGCCATG,B
B7_c1,,,B,B7_c1_CCTTACGAGGGTTTCT,B
B7_c1,HMN52545,NI,B,B7_c1_CCTTACGAGTGGTCCC,B
B7_c1,HMN52558,flu,B,B7_c1_CCTTCGAGTCAAAGAT,B
B7_c1,,,B,B7_c1_CCTTTCTCAGCTCGAC,B
B7_c1,,,B,B7_c1_CGACCTTGTCATGCAT,B
B7_c1,HMN52545,NI,B,B7_c1_CGACTTCCACAGGTTT,B
B7_c1,HMN52545,NI,B,B7_c1_CGAGCACCAGTACACT,B
B7_c1,,,B,B7_c1_CGAGCCATCCAGTATG,B
B7_c1,,,B,B7_c1_CGATCGGAGAGCCTAG,B
B7_c1,HMN52545,NI,B,B7_c1_CGATCGGGTGTTCTTT,B
B7_c1,HMN52544,NI,B,B7_c1_CGATGGCCACTTCTGC,B
B7_c1,,,B,B7_c1_CGATGTATCGTACGGC,B
B7_c1,,,B,B7_c1_CGCCAAGAGACAAAGG,B
B7_c1,,,B,B7_c1_CGCCAAGCAGTAACGG,B
B7_c1,HMN52552,flu,B,B7_c1_CGCCAAGTCAATAAGG,B
B7_c1,,,B,B7_c1_CGCGTTTCACGACGAA,B
B7_c1,,,B,B7_c1_CGCGTTTTCGTCGTTC,B
B7_c1,,,B,B7_c1_CGCTATCCAGTAAGCG,B
B7_c1,,,B,B7_c1_CGCTATCGTTACGCGC,B
B7_c1,,,B,B7_c1_CGCTATCTCAGAAATG,B
B7_c1,HMN52544,NI,B,B7_c1_CGCTTCATCCGAGCCA,B
B7_c1,,,B,B7_c1_CGGACGTTCAAACAAG,B
B7_c1,,,B,B7_c1_CGGACGTTCGAGGTAG,B
B7_c1,,,B,B7_c1_CGGACTGAGGAGTTTA,B
B7_c1,HMN52552,flu,B,B7_c1_CGGAGCTTCGTTGCCT,B
B7_c1,HMN52545,NI,B,B7_c1_CGGGTCACAACACCCG,B
B7_c1,,,B,B7_c1_CGGGTCATCAGTTAGC,B
B7_c1,,,B,B7_c1_CGGGTCATCCAGGGCT,B
B7_c1,,,B,B7_c1_CGGGTCATCCGAGCCA,B
B7_c1,,,B,B7_c1_CGTAGGCCACCGAAAG,B
B7_c1,,,B,B7_c1_CGTCACTGTGAACCTT,B
B7_c1,,,B,B7_c1_CGTCCATGTACCATCA,B
B7_c1,HMN52545,NI,B,B7_c1_CGTCCATTCAGCATGT,B
B7_c1,HMN52543,flu,B,B7_c1_CGTCCATTCGAATCCA,B
B7_c1,,,B,B7_c1_CGTCTACCACGTTGGC,B
B7_c1,HMN52544,NI,B,B7_c1_CGTCTACGTTGGTTTG,B
B7_c1,,,B,B7_c1_CGTCTACTCCAATGGT,B
B7_c1,,,B,B7_c1_CGTGAGCGTCCTCTTG,B
B7_c1,,,B,B7_c1_CGTGTAATCACTTACT,B
B7_c1,,,B,B7_c1_CGTGTCTGTAGCGTGA,B
B7_c1,HMN52545,NI,B,B7_c1_CGTTAGAAGTAAGTAC,B
B7_c1,HMN52535,NI,B,B7_c1_CGTTAGATCACATGCA,B
B7_c1,HMN52545,NI,B,B7_c1_CTAACTTGTAACGTTC,B
B7_c1,HMN52558,flu,B,B7_c1_CTACCCACAGACAGGT,B
B7_c1,HMN52545,NI,B,B7_c1_CTACCCACAGTCCTTC,B
B7_c1,,,B,B7_c1_CTAGAGTGTCATATCG,B
B7_c1,HMN52544,NI,B,B7_c1_CTCACACCACGCCAGT,B
B7_c1,,,B,B7_c1_CTCACACTCGGGAGTA,B
B7_c1,HMN52544,NI,B,B7_c1_CTCCTAGAGTTAACGA,B
B7_c1,,,B,B7_c1_CTCGAAAAGAGTAATC,B
B7_c1,HMN52543,flu,B,B7_c1_CTCGAAACAAGCCGTC,B
B7_c1,,,B,B7_c1_CTCGAAAGTCCGTTAA,B
B7_c1,HMN52545,NI,B,B7_c1_CTCGGGAGTCAATGTC,B
B7_c1,,,B,B7_c1_CTCGGGATCACTTATC,B
B7_c1,HMN52544,NI,B,B7_c1_CTCGGGATCAGCAACT,B
B7_c1,HMN52552,flu,B,B7_c1_CTCGTACAGACTAAGT,B
B7_c1,,,B,B7_c1_CTCGTACAGTACGACG,B
B7_c1,,,B,B7_c1_CTCTAATTCAACACAC,B
B7_c1,,,B,B7_c1_CTCTACGTCCAGTAGT,B
B7_c1,HMN52558,flu,B,B7_c1_CTGAAACCAGCCTGTG,B
B7_c1,HMN52544,NI,B,B7_c1_CTGAAACGTCGCCATG,B
B7_c1,HMN52543,flu,B,B7_c1_CTGAAGTAGAGCTGGT,B
B7_c1,HMN52544,NI,B,B7_c1_CTGATAGCATGCTGGC,B
B7_c1,,,B,B7_c1_CTGATCCCATCACCCT,B
B7_c1,HMN52545,NI,B,B7_c1_CTGCTGTGTACCGCTG,B
B7_c1,,,B,B7_c1_CTGGTCTAGAAGGTTT,B
B7_c1,,,B,B7_c1_CTGTGCTGTTCACCTC,B
B7_c1,,,B,B7_c1_CTTAACTCAAACAACA,B
B7_c1,,,B,B7_c1_CTTAACTTCGGCCGAT,B
B7_c1,HMN52545,NI,B,B7_c1_CTTGGCTGTAAACACA,B
B7_c1,,,B,B7_c1_CTTGGCTTCTTAGAGC,B
B7_c1,,,B,B7_c1_CTTTGCGGTGCGGTAA,B
B7_c1,,,B,B7_c1_CTTTGCGTCAAGAAGT,B
B7_c1,HMN52545,NI,B,B7_c1_GAAACTCAGATGCGAC,B
B7_c1,,,B,B7_c1_GAAATGAGTACCATCA,B
B7_c1,HMN52544,NI,B,B7_c1_GAACATCAGTCCTCCT,B
B7_c1,,,B,B7_c1_GAACATCCAGCCACCA,B
B7_c1,,,B,B7_c1_GAACATCCATCAGTAC,B
B7_c1,HMN52544,NI,B,B7_c1_GAACCTATCATCACCC,B
B7_c1,,,B,B7_c1_GAAGCAGAGCCGTCGT,B
B7_c1,,,B,B7_c1_GAATAAGGTAAGCACG,B
B7_c1,,,B,B7_c1_GAATAAGGTAAGGGCT,B
B7_c1,,,B,B7_c1_GACAGAGCAGTCTTCC,B
B7_c1,,,B,B7_c1_GACCTGGTCTTAGCCC,B
B7_c1,,,B,B7_c1_GACGGCTTCGGCCGAT,B
B7_c1,,,B,B7_c1_GACTACAAGTGGCACA,B
B7_c1,,,B,B7_c1_GACTGCGCATCCTTGC,B
B7_c1,,,B,B7_c1_GATCAGTAGGTTACCT,B
B7_c1,HMN52544,NI,B,B7_c1_GATCAGTCAGACGCAA,B
B7_c1,HMN52545,NI,B,B7_c1_GATCGATCAGCCAATT,B
B7_c1,,,B,B7_c1_GATCGCGCACTCAGGC,B
B7_c1,,,B,B7_c1_GATCTAGGTCCAGTGC,B
B7_c1,,,B,B7_c1_GATGAAAAGTGGGCTA,B
B7_c1,,,B,B7_c1_GATGAAAGTTCGTTGA,B
B7_c1,,,B,B7_c1_GATGAGGGTGAAAGAG,B
B7_c1,,,B,B7_c1_GATGAGGTCTGTCCGT,B
B7_c1,,,B,B7_c1_GATGCTAAGTTAAGTG,B
B7_c1,HMN52545,NI,B,B7_c1_GATTCAGCATTGCGGC,B
B7_c1,,,B,B7_c1_GATTCAGTCGAACTGT,B
B7_c1,HMN52545,NI,B,B7_c1_GCAAACTGTGGTAACG,B
B7_c1,,,B,B7_c1_GCAATCACATCGGTTA,B
B7_c1,,,B,B7_c1_GCAATCAGTGGTCCGT,B
B7_c1,HMN52544,NI,B,B7_c1_GCACTCTAGACCACGA,B
B7_c1,,,B,B7_c1_GCACTCTCAAGCCCAC,B
B7_c1,,,B,B7_c1_GCAGCCAAGCATCATC,B
B7_c1,,,B,B7_c1_GCAGCCAAGCTGCCCA,B
B7_c1,,,B,B7_c1_GCAGCCATCTGCAAGT,B
B7_c1,,,B,B7_c1_GCAGTTAAGCTTATCG,B
B7_c1,,,B,B7_c1_GCATGCGCAAGGCTCC,B
B7_c1,HMN52544,NI,B,B7_c1_GCATGCGCACATTCGA,B
B7_c1,,,B,B7_c1_GCATGCGGTTTCGCTC,B
B7_c1,HMN52544,NI,B,B7_c1_GCATGCGTCAGCTGGC,B
B7_c1,,,B,B7_c1_GCATGTACATATGGTC,B
B7_c1,,,B,B7_c1_GCCAAATGTTGGACCC,B
B7_c1,,,B,B7_c1_GCCTCTAGTAGGGTAC,B
B7_c1,,,B,B7_c1_GCGACCAAGCTCCTTC,B
B7_c1,HMN52544,NI,B,B7_c1_GCGAGAAGTTGTCGCG,B
B7_c1,,,B,B7_c1_GCGAGAATCAGCGATT,B
B7_c1,,,B,B7_c1_GCGCAACAGTAGGTGC,B
B7_c1,,,B,B7_c1_GCGCAGTAGTTCGATC,B
B7_c1,,,B,B7_c1_GCGCAGTCAGTAACGG,B
B7_c1,,,B,B7_c1_GCGCGATAGTAGATGT,B
B7_c1,HMN52544,NI,B,B7_c1_GCGGGTTAGGTACTCT,B
B7_c1,,,B,B7_c1_GCTCCTAGTGCACTTA,B
B7_c1,,,B,B7_c1_GCTCTGTAGATACACA,B
B7_c1,HMN52544,NI,B,B7_c1_GCTCTGTTCGCCAGCA,B
B7_c1,HMN52544,NI,B,B7_c1_GCTGCAGAGACTAGAT,B
B7_c1,HMN52545,NI,B,B7_c1_GCTGCAGCACAACTGT,B
B7_c1,,,B,B7_c1_GCTGCGAAGTATCTCG,B
B7_c1,,,B,B7_c1_GCTGCGATCCACGAAT,B
B7_c1,,,B,B7_c1_GCTGCTTCATTGCGGC,B
B7_c1,,,B,B7_c1_GCTGCTTGTGATGCCC,B
B7_c1,HMN52545,NI,B,B7_c1_GCTGCTTTCGCCAAAT,B
B7_c1,,,B,B7_c1_GCTTGAATCGAGAGCA,B
B7_c1,,,B,B7_c1_GGAAAGCTCGTACCGG,B
B7_c1,,,B,B7_c1_GGAACTTCAAATTGCC,B
B7_c1,HMN52544,NI,B,B7_c1_GGACAGAAGATAGCAT,B
B7_c1,,,B,B7_c1_GGACAGACAACTGGCC,B
B7_c1,,,B,B7_c1_GGACAGACACGAAGCA,B
B7_c1,HMN52545,NI,B,B7_c1_GGACATTCAGCCTGTG,B
B7_c1,HMN52544,NI,B,B7_c1_GGACATTCATCTCCCA,B
B7_c1,HMN52535,NI,B,B7_c1_GGACGTCAGTTGTCGT,B
B7_c1,HMN52545,NI,B,B7_c1_GGACGTCTCATCTGTT,B
B7_c1,,,B,B7_c1_GGAGCAACACCATCCT,B
B7_c1,HMN52545,NI,B,B7_c1_GGAGCAAGTTGGTTTG,B
B7_c1,,,B,B7_c1_GGAGCAATCATCACCC,B
B7_c1,HMN52545,NI,B,B7_c1_GGCCGATGTCATCGGC,B
B7_c1,,,B,B7_c1_GGCGACTTCCGCATAA,B
B7_c1,,,B,B7_c1_GGCGTGTCAATCCAAC,B
B7_c1,,,B,B7_c1_GGCTCGAAGTGTACCT,B
B7_c1,,,B,B7_c1_GGCTCGAGTCCCTACT,B
B7_c1,HMN52545,NI,B,B7_c1_GGCTCGATCCTAAGTG,B
B7_c1,HMN52544,NI,B,B7_c1_GGCTGGTCAGCTGTGC,B
B7_c1,,,B,B7_c1_GGGACCTTCCACGTTC,B
B7_c1,,,B,B7_c1_GGGATGATCCTAGAAC,B
B7_c1,HMN52544,NI,B,B7_c1_GGGCATCGTGTCAATC,B
B7_c1,,,B,B7_c1_GTAACTGGTCAGTGGA,B
B7_c1,HMN52558,flu,B,B7_c1_GTACGTACAATCGAAA,B
B7_c1,,,B,B7_c1_GTACTCCCATCCGCGA,B
B7_c1,HMN52545,NI,B,B7_c1_GTACTCCCATCGATGT,B
B7_c1,HMN52544,NI,B,B7_c1_GTACTTTAGCTACCGC,B
B7_c1,,,B,B7_c1_GTAGGCCGTCCCTTGT,B
B7_c1,HMN52545,NI,B,B7_c1_GTAGGCCGTTTGCATG,B
B7_c1,,,B,B7_c1_GTAGTCATCACTATTC,B
B7_c1,HMN52544,NI,B,B7_c1_GTATTCTGTAGCGTCC,B
B7_c1,,,B,B7_c1_GTCACAATCTTGTCAT,B
B7_c1,,,B,B7_c1_GTCACGGGTCCTCTTG,B
B7_c1,HMN52558,flu,B,B7_c1_GTCATTTAGAATTCCC,B
B7_c1,,,B,B7_c1_GTCCTCACACCACGTG,B
B7_c1,HMN52558,flu,B,B7_c1_GTCGGGTGTTCTGAAC,B
B7_c1,,,B,B7_c1_GTCGTAAGTGTGACCC,B
B7_c1,,,B,B7_c1_GTCTCGTGTCTAGAGG,B
B7_c1,,,B,B7_c1_GTGAAGGTCATGCAAC,B
B7_c1,,,B,B7_c1_GTGCAGCCAGTTAACC,B
B7_c1,,,B,B7_c1_GTGCAGCTCATTTGGG,B
B7_c1,,,B,B7_c1_GTGCGGTAGTGCCATT,B
B7_c1,,,B,B7_c1_GTGCTTCTCTTAGCCC,B
B7_c1,,,B,B7_c1_GTGTGCGAGGCGTACA,B
B7_c1,,,B,B7_c1_GTGTGCGGTCTCCCTA,B
B7_c1,,,B,B7_c1_GTGTTAGCATTTGCCC,B
B7_c1,,,B,B7_c1_GTTACAGAGCGTTGCC,B
B7_c1,,,B,B7_c1_GTTCATTCAATTGCTG,B
B7_c1,HMN52544,NI,B,B7_c1_GTTCATTCACAGCCCA,B
B7_c1,,,B,B7_c1_TAAGAGACATTACCTT,B
B7_c1,HMN52544,NI,B,B7_c1_TAAGAGAGTAGCGTAG,B
B7_c1,,,B,B7_c1_TAAGAGATCGTCTGCT,B
B7_c1,HMN52543,flu,B,B7_c1_TAAGCGTCAAATACAG,B
B7_c1,,,B,B7_c1_TAAGCGTCACCAGCAC,B
B7_c1,,,B,B7_c1_TACACGACAAGTCTAC,B
B7_c1,,,B,B7_c1_TACAGTGAGGTTCCTA,B
B7_c1,,,B,B7_c1_TACGGGCCATCTATGG,B
B7_c1,,,B,B7_c1_TACGGTACACAAGCCC,B
B7_c1,,,B,B7_c1_TACGGTACAGCCTGTG,B
B7_c1,,,B,B7_c1_TACGGTACATCACAAC,B
B7_c1,,,B,B7_c1_TACGGTAGTACCGTAT,B
B7_c1,,,B,B7_c1_TACTCATCAATGGACG,B
B7_c1,,,B,B7_c1_TACTCATGTATCGCAT,B
B7_c1,,,B,B7_c1_TACTCGCCATGTAGTC,B
B7_c1,,,B,B7_c1_TACTTGTCACACGCTG,B
B7_c1,,,B,B7_c1_TAGAGCTCACCATCCT,B
B7_c1,,,B,B7_c1_TAGCCGGAGAGCCCAA,B
B7_c1,,,B,B7_c1_TAGCCGGCACCGAAAG,B
B7_c1,HMN52543,flu,B,B7_c1_TAGGCATCACGGTTTA,B
B7_c1,,,B,B7_c1_TAGGCATGTGCAACGA,B
B7_c1,,,B,B7_c1_TAGTGGTTCAAACCAC,B
B7_c1,HMN52558,flu,B,B7_c1_TAGTTGGTCTGGTTCC,B
B7_c1,,,B,B7_c1_TATCTCATCGCCATAA,B
B7_c1,,,B,B7_c1_TCAACGATCCTCAACC,B
B7_c1,,,B,B7_c1_TCACAAGTCGTAGGTT,B
B7_c1,,,B,B7_c1_TCACGAACACACAGAG,B
B7_c1,,,B,B7_c1_TCACGAATCTGCTTGC,B
B7_c1,,,B,B7_c1_TCAGATGCAAGACACG,B
B7_c1,HMN52545,NI,B,B7_c1_TCAGATGCAATACGCT,B
B7_c1,,,B,B7_c1_TCAGCTCCACGTAAGG,B
B7_c1,HMN52543,flu,B,B7_c1_TCAGCTCGTCAAAGCG,B
B7_c1,HMN52545,NI,B,B7_c1_TCAGGATGTCTCCACT,B
B7_c1,,,B,B7_c1_TCAGGTAGTAGCGTAG,B
B7_c1,,,B,B7_c1_TCAGGTAGTATGAATG,B
B7_c1,HMN52552,flu,B,B7_c1_TCATTACTCAGTGCAT,B
B7_c1,HMN52544,NI,B,B7_c1_TCATTACTCTTCAACT,B
B7_c1,,,B,B7_c1_TCATTTGGTGTTCTTT,B
B7_c1,,,B,B7_c1_TCCACACCATCTACGA,B
B7_c1,,,B,B7_c1_TCCACACCATGCTAGT,B
B7_c1,,,B,B7_c1_TCCCGATGTCATACTG,B
B7_c1,,,B,B7_c1_TCGCGAGAGAAACCAT,B
B7_c1,HMN52544,NI,B,B7_c1_TCGCGAGTCGGCATCG,B
B7_c1,,,B,B7_c1_TCGCGTTGTGTTTGGT,B
B7_c1,,,B,B7_c1_TCGGGACAGAGCCCAA,B
B7_c1,,,B,B7_c1_TCGGGACTCGTTTATC,B
B7_c1,,,B,B7_c1_TCGGTAATCAGTCCCT,B
B7_c1,HMN52544,NI,B,B7_c1_TCGTACCAGCGTGAGT,B
B7_c1,,,B,B7_c1_TCTCATAGTGCGCTTG,B
B7_c1,,,B,B7_c1_TGACAACTCAAACGGG,B
B7_c1,,,B,B7_c1_TGACAACTCCCAGGTG,B
B7_c1,HMN52544,NI,B,B7_c1_TGACTAGAGGCTCATT,B
B7_c1,HMN52543,flu,B,B7_c1_TGACTTTTCGGGAGTA,B
B7_c1,,,B,B7_c1_TGAGAGGAGATGTTAG,B
B7_c1,HMN52535,NI,B,B7_c1_TGAGAGGAGGTACTCT,B
B7_c1,,,B,B7_c1_TGAGCATCAAATACAG,B
B7_c1,,,B,B7_c1_TGAGCATCATGGATGG,B
B7_c1,,,B,B7_c1_TGAGCATTCAGTTTGG,B
B7_c1,,,B,B7_c1_TGAGCCGTCATGTAGC,B
B7_c1,,,B,B7_c1_TGAGGGAAGAATTGTG,B
B7_c1,,,B,B7_c1_TGAGGGAAGCGATTCT,B
B7_c1,,,B,B7_c1_TGAGGGACAGCATGAG,B
B7_c1,,,B,B7_c1_TGAGGGATCCCTAACC,B
B7_c1,,,B,B7_c1_TGATTTCAGTGCAAGC,B
B7_c1,HMN52545,NI,B,B7_c1_TGCACCTGTTACGTCA,B
B7_c1,HMN52544,NI,B,B7_c1_TGCACCTTCAGTGCAT,B
B7_c1,,,B,B7_c1_TGCCCATAGCAATCTC,B
B7_c1,HMN52545,NI,B,B7_c1_TGCCCATCATGACATC,B
B7_c1,,,B,B7_c1_TGCGCAGTCCTACAGA,B
B7_c1,HMN52545,NI,B,B7_c1_TGCGCAGTCGCATGGC,B
B7_c1,,,B,B7_c1_TGCGGGTCATTGGCGC,B
B7_c1,,,B,B7_c1_TGCGTGGAGCCCTAAT,B
B7_c1,,,B,B7_c1_TGCTGCTAGTATCTCG,B
B7_c1,,,B,B7_c1_TGGACGCAGCTAAACA,B
B7_c1,HMN52545,NI,B,B7_c1_TGGCCAGGTCATATGC,B
B7_c1,,,B,B7_c1_TGGGAAGGTCCGAACC,B
B7_c1,,,B,B7_c1_TGGGAAGGTTCGCTAA,B
B7_c1,,,B,B7_c1_TGGGCGTCAGAAGCAC,B
B7_c1,,,B,B7_c1_TGGTTAGAGCGTTTAC,B
B7_c1,,,B,B7_c1_TGGTTAGTCAGGCAAG,B
B7_c1,,,B,B7_c1_TGGTTAGTCTGTCTAT,B
B7_c1,,,B,B7_c1_TGTGTTTGTAGAAAGG,B
B7_c1,,,B,B7_c1_TGTGTTTTCAGCTTAG,B
B7_c1,,,B,B7_c1_TGTTCCGTCGCAAGCC,B
B7_c1,,,B,B7_c1_TTCGGTCCAGATGGCA,B
B7_c1,,,B,B7_c1_TTCTACAAGAATTGTG,B
B7_c1,,,B,B7_c1_TTCTACAAGCGTTGCC,B
B7_c1,HMN52544,NI,B,B7_c1_TTCTCAACAATTGCTG,B
B7_c1,HMN52544,NI,B,B7_c1_TTCTCAACAGACAAAT,B
B7_c1,,,B,B7_c1_TTCTCAATCTTAACCT,B
B7_c1,,,B,B7_c1_TTCTTAGTCGAGCCCA,B
B7_c1,,,B,B7_c1_TTGAACGGTCTAAACC,B
B7_c1,,,B,B7_c1_TTGAACGGTTCCGGCA,B
B7_c1,,,B,B7_c1_TTGCCGTAGAGTGACC,B
B7_c1,,,B,B7_c1_TTGGAACTCCAAATGC,B
B7_c1,,,B,B7_c1_TTGGCAAGTCTCTTTA,B
B7_c1,,,B,B7_c1_TTGTAGGAGGAACTGC,B
B7_c1,,,B,B7_c1_TTGTAGGGTTTACTCT,B
B7_c1,,,B,B7_c1_TTTACTGAGCCACCTG,B
B7_c1,,,B,B7_c1_TTTACTGTCTCTGTCG,B
B7_c1,,,B,B7_c1_TTTATGCCATGCAATC,B
B7_c1,,,B,B7_c1_TTTCCTCGTACCTACA,B
B7_c1,HMN52544,NI,B,B7_c1_TTTGCGCCATTAGCCA,B
B7_c1,,,B,B7_c1_TTTGGTTAGACTTTCG,B
B7_c1,HMN52545,NI,B,B7_c1_TTTGGTTTCGCAAGCC,B
B7_c2,HMN52543,NI,B,B7_c2_AAACCTGAGCCTTGAT,B
B7_c2,HMN52552,NI,B,B7_c2_AAACGGGCACCAACCG,B
B7_c2,,,B,B7_c2_AAAGATGCATGGGAAC,B
B7_c2,,,B,B7_c2_AAAGTAGAGAATGTGT,B
B7_c2,,,B,B7_c2_AAATGCCCAGGGCATA,B
B7_c2,,,B,B7_c2_AAATGCCTCCACTGGG,B
B7_c2,,,B,B7_c2_AACACGTTCGTGGTCG,B
B7_c2,,,B,B7_c2_AACCATGCAATGCCAT,B
B7_c2,,,B,B7_c2_AACCATGCAGTATGCT,B
B7_c2,HMN52544,flu,B,B7_c2_AACCGCGAGTGAAGTT,B
B7_c2,HMN52543,NI,B,B7_c2_AACCGCGGTTCGGGCT,B
B7_c2,,,B,B7_c2_AACCGCGGTTCGTGAT,B
B7_c2,HMN52552,NI,B,B7_c2_AACGTTGTCGAGCCCA,B
B7_c2,,,B,B7_c2_AACTCAGAGGGCTTCC,B
B7_c2,,,B,B7_c2_AACTCAGGTACGCACC,B
B7_c2,,,B,B7_c2_AACTCCCAGAAGCCCA,B
B7_c2,,,B,B7_c2_AACTCCCCAGTATAAG,B
B7_c2,,,B,B7_c2_AACTCTTAGCGTTTAC,B
B7_c2,,,B,B7_c2_AACTCTTGTCATGCAT,B
B7_c2,HMN52543,NI,B,B7_c2_AACTGGTAGGGATACC,B
B7_c2,,,B,B7_c2_AACTGGTTCTGCTGCT,B
B7_c2,,,B,B7_c2_AACTTTCCAGCTGTAT,B
B7_c2,,,B,B7_c2_AAGACCTCATGAACCT,B
B7_c2,,,B,B7_c2_AAGCCGCGTGTAACGG,B
B7_c2,,,B,B7_c2_AAGCCGCGTGTGACGA,B
B7_c2,HMN52552,NI,B,B7_c2_AAGGAGCCACACTGCG,B
B7_c2,,,B,B7_c2_AAGGAGCGTTTAGGAA,B
B7_c2,HMN52558,NI,B,B7_c2_AAGGCAGCATGACATC,B
B7_c2,,,B,B7_c2_AAGGCAGTCAGTGCAT,B
B7_c2,,,B,B7_c2_AAGGCAGTCTTGCCGT,B
B7_c2,,,B,B7_c2_AAGGTTCAGAATGTTG,B
B7_c2,HMN52543,NI,B,B7_c2_AAGTCTGAGTTAGGTA,B
B7_c2,,,B,B7_c2_AAGTCTGTCCGTAGTA,B
B7_c2,,,B,B7_c2_AAGTCTGTCTTGCCGT,B
B7_c2,,,B,B7_c2_ACACCGGCATTGTGCA,B
B7_c2,HMN52552,NI,B,B7_c2_ACACCGGGTATCAGTC,B
B7_c2,HMN52558,NI,B,B7_c2_ACACCGGGTCTAGAGG,B
B7_c2,HMN52558,NI,B,B7_c2_ACACCGGTCGCCGTGA,B
B7_c2,,,B,B7_c2_ACATACGCAAAGGAAG,B
B7_c2,,,B,B7_c2_ACATGGTCAGCGATCC,B
B7_c2,,,B,B7_c2_ACATGGTCATCGGGTC,B
B7_c2,,,B,B7_c2_ACCAGTAGTCGGCTCA,B
B7_c2,,,B,B7_c2_ACCGTAACACTAAGTC,B
B7_c2,,,B,B7_c2_ACCTTTATCATTTGGG,B
B7_c2,,,B,B7_c2_ACGAGCCAGAAGGTGA,B
B7_c2,,,B,B7_c2_ACGAGCCGTCGAACAG,B
B7_c2,,,B,B7_c2_ACGATGTCATAAAGGT,B
B7_c2,,,B,B7_c2_ACGATGTTCAGTGTTG,B
B7_c2,HMN52543,NI,B,B7_c2_ACGCAGCTCTACCTGC,B
B7_c2,HMN52558,NI,B,B7_c2_ACGCCAGCATAGGATA,B
B7_c2,,,B,B7_c2_ACGCCGACACTCGACG,B
B7_c2,,,B,B7_c2_ACGGCCAAGAGATGAG,B
B7_c2,,,B,B7_c2_ACGTCAAGTCGGCTCA,B
B7_c2,,,B,B7_c2_ACTATCTCAGGGAGAG,B
B7_c2,,,B,B7_c2_ACTGAACGTACAGCAG,B
B7_c2,,,B,B7_c2_ACTGCTCAGCCCTAAT,B
B7_c2,,,B,B7_c2_ACTGCTCGTGAACCTT,B
B7_c2,,,B,B7_c2_ACTTACTGTAGGACAC,B
B7_c2,,,B,B7_c2_ACTTGTTCACGACGAA,B
B7_c2,,,B,B7_c2_AGAATAGAGTCCCACG,B
B7_c2,HMN52558,NI,B,B7_c2_AGACGTTAGAAGGGTA,B
B7_c2,,,B,B7_c2_AGAGCGAAGCAATCTC,B
B7_c2,,,B,B7_c2_AGAGCGAGTGAAAGAG,B
B7_c2,HMN52552,NI,B,B7_c2_AGAGCTTAGCCACGCT,B
B7_c2,,,B,B7_c2_AGAGCTTTCTGGTGTA,B
B7_c2,HMN52544,flu,B,B7_c2_AGAGTGGAGCTGCGAA,B
B7_c2,HMN52543,NI,B,B7_c2_AGAGTGGAGTAGATGT,B
B7_c2,,,B,B7_c2_AGATTGCGTCCAACTA,B
B7_c2,,,B,B7_c2_AGCAGCCAGTACATGA,B
B7_c2,,,B,B7_c2_AGCATACGTTAAGAAC,B
B7_c2,,,B,B7_c2_AGCCTAAGTAGCCTCG,B
B7_c2,,,B,B7_c2_AGCGGTCAGGATGCGT,B
B7_c2,,,B,B7_c2_AGCTCCTTCGTAGGTT,B
B7_c2,HMN52543,NI,B,B7_c2_AGCTCTCTCCTCAACC,B
B7_c2,,,B,B7_c2_AGCTTGAGTAAATGTG,B
B7_c2,,,B,B7_c2_AGCTTGAGTCAATACC,B
B7_c2,,,B,B7_c2_AGGCCACGTAGGAGTC,B
B7_c2,HMN52543,NI,B,B7_c2_AGGCCGTGTCTAAAGA,B
B7_c2,,,B,B7_c2_AGGGTGATCCTTAATC,B
B7_c2,,,B,B7_c2_AGGGTGATCTGGTTCC,B
B7_c2,,,B,B7_c2_AGGTCATTCTGCGTAA,B
B7_c2,HMN52535,flu,B,B7_c2_AGGTCCGGTAAACCTC,B
B7_c2,HMN52552,NI,B,B7_c2_AGGTCCGGTTGATTCG,B
B7_c2,,,B,B7_c2_AGTAGTCCAAACGTGG,B
B7_c2,,,B,B7_c2_AGTAGTCTCAGCATGT,B
B7_c2,HMN52558,NI,B,B7_c2_AGTCTTTAGCGCTCCA,B
B7_c2,,,B,B7_c2_AGTCTTTAGTCGTTTG,B
B7_c2,HMN52535,flu,B,B7_c2_AGTCTTTTCCGCATAA,B
B7_c2,,,B,B7_c2_AGTGAGGCACATGACT,B
B7_c2,,,B,B7_c2_AGTGGGATCACAACGT,B
B7_c2,,,B,B7_c2_AGTGTCAGTTCGGGCT,B
B7_c2,,,B,B7_c2_ATAACGCAGAAACCAT,B
B7_c2,HMN52545,flu,B,B7_c2_ATAGACCAGATGAGAG,B
B7_c2,,,B,B7_c2_ATAGACCCACGACGAA,B
B7_c2,HMN52558,NI,B,B7_c2_ATCACGAAGGTGCACA,B
B7_c2,HMN52558,NI,B,B7_c2_ATCACGACAAGCGTAG,B
B7_c2,,,B,B7_c2_ATCATCTCATCCGTGG,B
B7_c2,,,B,B7_c2_ATCATCTCATGAACCT,B
B7_c2,HMN52552,NI,B,B7_c2_ATCATCTGTACGAAAT,B
B7_c2,,,B,B7_c2_ATCATGGCAGGGTTAG,B
B7_c2,HMN52535,flu,B,B7_c2_ATCCACCGTAGCGATG,B
B7_c2,HMN52552,NI,B,B7_c2_ATCCGAAGTCATCCCT,B
B7_c2,,,B,B7_c2_ATCGAGTCATGACATC,B
B7_c2,,,B,B7_c2_ATCGAGTGTCCCGACA,B
B7_c2,,,B,B7_c2_ATCTGCCAGCCCAATT,B
B7_c2,HMN52558,NI,B,B7_c2_ATGAGGGGTTAAGAAC,B
B7_c2,,,B,B7_c2_ATGCGATGTTTCGCTC,B
B7_c2,,,B,B7_c2_ATGGGAGAGCGTGAAC,B
B7_c2,,,B,B7_c2_ATGGGAGGTTCAGACT,B
B7_c2,,,B,B7_c2_ATGGGAGTCTGGTTCC,B
B7_c2,,,B,B7_c2_ATGTGTGCAGATCCAT,B
B7_c2,HMN52558,NI,B,B7_c2_ATGTGTGTCCCAAGTA,B
B7_c2,,,B,B7_c2_ATTACTCAGCGTGTCC,B
B7_c2,,,B,B7_c2_ATTACTCAGCTAAACA,B
B7_c2,HMN52545,flu,B,B7_c2_ATTACTCAGGACTGGT,B
B7_c2,,,B,B7_c2_ATTACTCGTATCTGCA,B
B7_c2,,,B,B7_c2_ATTACTCGTTCCACTC,B
B7_c2,HMN52544,flu,B,B7_c2_ATTCTACTCCTTGCCA,B
B7_c2,,,B,B7_c2_ATTGGACCACGACGAA,B
B7_c2,,,B,B7_c2_ATTGGTGGTCTTTCAT,B
B7_c2,,,B,B7_c2_ATTGGTGTCTGTCCGT,B
B7_c2,,,B,B7_c2_ATTTCTGTCGTTTAGG,B
B7_c2,,,B,B7_c2_CAACCTCCAATCTGCA,B
B7_c2,,,B,B7_c2_CAACCTCGTAGCACGA,B
B7_c2,,,B,B7_c2_CAAGAAAGTCAAGCGA,B
B7_c2,,,B,B7_c2_CAAGATCAGAGTCTGG,B
B7_c2,,,B,B7_c2_CAAGATCGTAAGAGAG,B
B7_c2,,,B,B7_c2_CAAGGCCTCCCACTTG,B
B7_c2,,,B,B7_c2_CACACCTGTCAGGACA,B
B7_c2,,,B,B7_c2_CACAGGCTCAGAGCTT,B
B7_c2,,,B,B7_c2_CACAGGCTCGGGAGTA,B
B7_c2,HMN52543,NI,B,B7_c2_CACAGTACAGTGGAGT,B
B7_c2,,,B,B7_c2_CACAGTAGTAGGCATG,B
B7_c2,HMN52543,NI,B,B7_c2_CACAGTAGTCTTGTCC,B
B7_c2,,,B,B7_c2_CACATAGAGCACGCCT,B
B7_c2,HMN52544,flu,B,B7_c2_CACCACTCAACACCCG,B
B7_c2,,,B,B7_c2_CACCACTCAAGACGTG,B
B7_c2,,,B,B7_c2_CACCACTCACTGTCGG,B
B7_c2,HMN52543,NI,B,B7_c2_CACCACTGTAGGCTGA,B
B7_c2,,,B,B7_c2_CACCACTGTTGGTAAA,B
B7_c2,,,B,B7_c2_CACCAGGTCTGCGTAA,B
B7_c2,,,B,B7_c2_CACCTTGCATCCCACT,B
B7_c2,,,B,B7_c2_CACCTTGTCCGCGGTA,B
B7_c2,HMN52558,NI,B,B7_c2_CACTCCACAAATCCGT,B
B7_c2,,,B,B7_c2_CAGAATCGTAATCACC,B
B7_c2,HMN52535,flu,B,B7_c2_CAGAGAGAGTGTACGG,B
B7_c2,HMN52552,NI,B,B7_c2_CAGCAGCTCCGAACGC,B
B7_c2,HMN52558,NI,B,B7_c2_CAGCAGCTCTATCGCC,B
B7_c2,HMN52552,NI,B,B7_c2_CAGCATATCAACACTG,B
B7_c2,,,B,B7_c2_CAGCCGAAGGCAGTCA,B
B7_c2,,,B,B7_c2_CAGCGACAGAGCTTCT,B
B7_c2,HMN52543,NI,B,B7_c2_CAGCGACTCAGTACGT,B
B7_c2,,,B,B7_c2_CAGGTGCCACAAGACG,B
B7_c2,,,B,B7_c2_CAGGTGCCAGCTCCGA,B
B7_c2,HMN52552,NI,B,B7_c2_CAGGTGCTCACATAGC,B
B7_c2,,,B,B7_c2_CAGTAACTCTTGTATC,B
B7_c2,,,B,B7_c2_CAGTCCTGTGACTCAT,B
B7_c2,,,B,B7_c2_CATATGGCACCTCGGA,B
B7_c2,,,B,B7_c2_CATATGGCACGCCAGT,B
B7_c2,,,B,B7_c2_CATATGGCATGTAGTC,B
B7_c2,HMN52543,NI,B,B7_c2_CATCAAGGTGACAAAT,B
B7_c2,,,B,B7_c2_CATCAGATCCCAGGTG,B
B7_c2,HMN52558,NI,B,B7_c2_CATCCACCATCGGGTC,B
B7_c2,,,B,B7_c2_CATCCACTCGTGGTCG,B
B7_c2,,,B,B7_c2_CATCGGGAGGATTCGG,B
B7_c2,,,B,B7_c2_CATGACAGTATATGGA,B
B7_c2,HMN52552,NI,B,B7_c2_CATGACAGTTCCAACA,B
B7_c2,,,B,B7_c2_CATGCCTGTGTTGAGG,B
B7_c2,,,B,B7_c2_CATTATCAGCTCCCAG,B
B7_c2,,,B,B7_c2_CATTATCTCTGAGGGA,B
B7_c2,HMN52558,NI,B,B7_c2_CATTCGCAGTGTACCT,B
B7_c2,HMN52552,NI,B,B7_c2_CCAATCCGTCATCCCT,B
B7_c2,,,B,B7_c2_CCACGGAGTCGATTGT,B
B7_c2,,,B,B7_c2_CCACTACCACTGTGTA,B
B7_c2,,,B,B7_c2_CCACTACGTAATAGCA,B
B7_c2,,,B,B7_c2_CCACTACGTGTAAGTA,B
B7_c2,,,B,B7_c2_CCATGTCAGTGAACAT,B
B7_c2,,,B,B7_c2_CCATGTCTCACTGGGC,B
B7_c2,,,B,B7_c2_CCATTCGCACGTCTCT,B
B7_c2,,,B,B7_c2_CCCAATCAGTCAAGCG,B
B7_c2,,,B,B7_c2_CCCATACAGAATGTGT,B
B7_c2,HMN52545,flu,B,B7_c2_CCGGTAGCAAGTTCTG,B
B7_c2,,,B,B7_c2_CCGTACTTCGAGGTAG,B
B7_c2,,,B,B7_c2_CCGTGGATCGTTTGCC,B
B7_c2,HMN52543,NI,B,B7_c2_CCGTTCAGTTAAGACA,B
B7_c2,,,B,B7_c2_CCGTTCATCAGCAACT,B
B7_c2,,,B,B7_c2_CCTAAAGCACATGGGA,B
B7_c2,HMN52552,NI,B,B7_c2_CCTAAAGGTTCCACTC,B
B7_c2,HMN52543,NI,B,B7_c2_CCTACACGTCCGTCAG,B
B7_c2,,,B,B7_c2_CCTCTGAAGGTGATAT,B
B7_c2,,,B,B7_c2_CCTCTGACACGGTTTA,B
B7_c2,HMN52558,NI,B,B7_c2_CCTCTGAGTTGCCTCT,B
B7_c2,,,B,B7_c2_CCTTACGCAAGAGGCT,B
B7_c2,,,B,B7_c2_CCTTCCCTCCTATGTT,B
B7_c2,,,B,B7_c2_CCTTCCCTCTCCGGTT,B
B7_c2,,,B,B7_c2_CCTTTCTGTTATGCGT,B
B7_c2,,,B,B7_c2_CCTTTCTTCCAAGTAC,B
B7_c2,HMN52558,NI,B,B7_c2_CGAACATTCTTAACCT,B
B7_c2,,,B,B7_c2_CGAGAAGCACGACGAA,B
B7_c2,,,B,B7_c2_CGAGCACAGTGCCAGA,B
B7_c2,,,B,B7_c2_CGAGCACTCGTCTGCT,B
B7_c2,HMN52545,flu,B,B7_c2_CGAGCCATCTGTTTGT,B
B7_c2,,,B,B7_c2_CGATCGGGTTTGTTTC,B
B7_c2,HMN52543,NI,B,B7_c2_CGATCGGTCCTCCTAG,B
B7_c2,HMN52558,NI,B,B7_c2_CGATCGGTCGTATCAG,B
B7_c2,,,B,B7_c2_CGATGGCTCACTGGGC,B
B7_c2,HMN52552,NI,B,B7_c2_CGATGGCTCGGCGGTT,B
B7_c2,,,B,B7_c2_CGCCAAGGTCCGACGT,B
B7_c2,,,B,B7_c2_CGCGGTAGTCCAACTA,B
B7_c2,,,B,B7_c2_CGCGTTTGTCAGCTAT,B
B7_c2,,,B,B7_c2_CGGACACCACTAAGTC,B
B7_c2,,,B,B7_c2_CGGACACCACTTACGA,B
B7_c2,,,B,B7_c2_CGGACACCAGGTCGTC,B
B7_c2,,,B,B7_c2_CGGACGTAGCGGATCA,B
B7_c2,HMN52543,NI,B,B7_c2_CGGACTGAGCCCTAAT,B
B7_c2,,,B,B7_c2_CGGAGTCAGAAGGGTA,B
B7_c2,,,B,B7_c2_CGGAGTCGTGTTGAGG,B
B7_c2,,,B,B7_c2_CGGAGTCGTTAAGAAC,B
B7_c2,HMN52543,NI,B,B7_c2_CGGCTAGGTCGACTAT,B
B7_c2,,,B,B7_c2_CGGCTAGGTTCTCATT,B
B7_c2,,,B,B7_c2_CGGGTCACACTTAACG,B
B7_c2,,,B,B7_c2_CGGGTCATCCTAGTGA,B
B7_c2,,,B,B7_c2_CGGTTAAGTCTGATCA,B
B7_c2,HMN52552,NI,B,B7_c2_CGTAGGCGTCCCTTGT,B
B7_c2,,,B,B7_c2_CGTAGGCGTTGTACAC,B
B7_c2,,,B,B7_c2_CGTCACTAGAGACGAA,B
B7_c2,,,B,B7_c2_CGTCACTAGCTACCTA,B
B7_c2,,,B,B7_c2_CGTCAGGAGCTTATCG,B
B7_c2,,,B,B7_c2_CGTCTACGTGAGGCTA,B
B7_c2,HMN52552,NI,B,B7_c2_CGTCTACTCTGCTGTC,B
B7_c2,,,B,B7_c2_CGTGTAATCCTCAATT,B
B7_c2,,,B,B7_c2_CGTGTCTCACAGATTC,B
B7_c2,,,B,B7_c2_CGTGTCTTCTCTTGAT,B
B7_c2,,,B,B7_c2_CGTTAGAAGCCAGTAG,B
B7_c2,HMN52545,flu,B,B7_c2_CGTTCTGCAAGTTAAG,B
B7_c2,,,B,B7_c2_CGTTCTGCATCACCCT,B
B7_c2,,,B,B7_c2_CGTTCTGGTAAGTAGT,B
B7_c2,,,B,B7_c2_CGTTGGGTCCATGAGT,B
B7_c2,,,B,B7_c2_CTAACTTTCACAGTAC,B
B7_c2,HMN52543,NI,B,B7_c2_CTAATGGGTAAACGCG,B
B7_c2,,,B,B7_c2_CTACACCGTTATCCGA,B
B7_c2,,,B,B7_c2_CTACACCTCATACGGT,B
B7_c2,HMN52543,NI,B,B7_c2_CTACATTTCTTGTATC,B
B7_c2,,,B,B7_c2_CTACCCAGTGCACGAA,B
B7_c2,,,B,B7_c2_CTACCCATCCATTCTA,B
B7_c2,HMN52558,NI,B,B7_c2_CTAGAGTCAACGCACC,B
B7_c2,,,B,B7_c2_CTAGAGTGTCCAGTAT,B
B7_c2,HMN52552,NI,B,B7_c2_CTAGAGTTCAAGATCC,B
B7_c2,,,B,B7_c2_CTCACACGTTTGACAC,B
B7_c2,HMN52545,flu,B,B7_c2_CTCAGAACACTCTGTC,B
B7_c2,,,B,B7_c2_CTCAGAAGTCGCATCG,B
B7_c2,,,B,B7_c2_CTCATTAGTATATGGA,B
B7_c2,,,B,B7_c2_CTCCTAGTCGTAGGAG,B
B7_c2,,,B,B7_c2_CTCGGAGAGATCCCGC,B
B7_c2,,,B,B7_c2_CTCGGAGAGCCCTAAT,B
B7_c2,,,B,B7_c2_CTCGGGACAGTACACT,B
B7_c2,,,B,B7_c2_CTCGGGAGTCGTTGTA,B
B7_c2,,,B,B7_c2_CTCGTACCACGAAAGC,B
B7_c2,HMN52535,flu,B,B7_c2_CTCGTACGTCCGAGTC,B
B7_c2,HMN52552,NI,B,B7_c2_CTCGTCACACTTCTGC,B
B7_c2,,,B,B7_c2_CTCTAATGTGGGTATG,B
B7_c2,HMN52543,NI,B,B7_c2_CTCTAATTCAGCTCGG,B
B7_c2,,,B,B7_c2_CTCTACGAGAAGCCCA,B
B7_c2,HMN52558,NI,B,B7_c2_CTCTACGTCCTGCCAT,B
B7_c2,,,B,B7_c2_CTGAAGTTCAAACGGG,B
B7_c2,,,B,B7_c2_CTGATAGAGCGTCTAT,B
B7_c2,,,B,B7_c2_CTGATAGAGGGATGGG,B
B7_c2,,,B,B7_c2_CTGCGGAAGGGTGTGT,B
B7_c2,HMN52552,NI,B,B7_c2_CTGCGGATCGTCCGTT,B
B7_c2,HMN52558,NI,B,B7_c2_CTTACCGGTGATGATA,B
B7_c2,,,B,B7_c2_CTTAGGAGTTTAAGCC,B
B7_c2,,,B,B7_c2_CTTCTCTAGTGACATA,B
B7_c2,,,B,B7_c2_CTTGGCTCAGGCTGAA,B
B7_c2,HMN52552,NI,B,B7_c2_CTTTGCGTCAAGAAGT,B
B7_c2,,,B,B7_c2_GAAACTCGTTCTCATT,B
B7_c2,,,B,B7_c2_GAAATGACATGCAATC,B
B7_c2,HMN52558,NI,B,B7_c2_GAACATCCAATAGCAA,B
B7_c2,,,B,B7_c2_GAACATCCACCTCGGA,B
B7_c2,,,B,B7_c2_GAACCTAAGCTAAGAT,B
B7_c2,HMN52543,NI,B,B7_c2_GAAGCAGCACCACCAG,B
B7_c2,HMN52558,NI,B,B7_c2_GAAGCAGTCGATAGAA,B
B7_c2,,,B,B7_c2_GAATAAGGTTATGCGT,B
B7_c2,HMN52558,NI,B,B7_c2_GAATAAGTCCTATTCA,B
B7_c2,HMN52552,NI,B,B7_c2_GAATGAAAGCAGCCTC,B
B7_c2,,,B,B7_c2_GAATGAATCAGCAACT,B
B7_c2,,,B,B7_c2_GACACGCAGGCAGGTT,B
B7_c2,,,B,B7_c2_GACACGCCACGGTGTC,B
B7_c2,HMN52543,NI,B,B7_c2_GACAGAGAGAATAGGG,B
B7_c2,,,B,B7_c2_GACAGAGTCTAACGGT,B
B7_c2,HMN52535,flu,B,B7_c2_GACCAATTCGTCTGCT,B
B7_c2,HMN52543,NI,B,B7_c2_GACCTGGCAATAGCGG,B
B7_c2,HMN52543,NI,B,B7_c2_GACGCGTGTCAACTGT,B
B7_c2,,,B,B7_c2_GACGCGTGTGTTAAGA,B
B7_c2,,,B,B7_c2_GACGGCTGTCTCCATC,B
B7_c2,HMN52543,NI,B,B7_c2_GACGGCTTCGGAGGTA,B
B7_c2,HMN52543,NI,B,B7_c2_GACGTTACAGTATCTG,B
B7_c2,HMN52552,NI,B,B7_c2_GACGTTATCAGCGACC,B
B7_c2,,,B,B7_c2_GACTAACCACTTCGAA,B
B7_c2,,,B,B7_c2_GACTACAGTTCCACAA,B
B7_c2,,,B,B7_c2_GAGGTGACAGCATACT,B
B7_c2,,,B,B7_c2_GATCAGTAGACTCGGA,B
B7_c2,,,B,B7_c2_GATCGATAGGAATCGC,B
B7_c2,,,B,B7_c2_GATCGCGAGAGCTGGT,B
B7_c2,HMN52543,NI,B,B7_c2_GATGAGGTCAACGGGA,B
B7_c2,,,B,B7_c2_GATGCTACATGTCTCC,B
B7_c2,,,B,B7_c2_GATTCAGGTTACGACT,B
B7_c2,,,B,B7_c2_GCAAACTTCCGTAGGC,B
B7_c2,,,B,B7_c2_GCAATCATCCTCAACC,B
B7_c2,,,B,B7_c2_GCAATCATCGGCCGAT,B
B7_c2,,,B,B7_c2_GCACATACATGTTGAC,B
B7_c2,,,B,B7_c2_GCAGCCACAAGAAGAG,B
B7_c2,HMN52543,NI,B,B7_c2_GCAGTTAAGTTTAGGA,B
B7_c2,,,B,B7_c2_GCAGTTACATATGGTC,B
B7_c2,,,B,B7_c2_GCATACAAGGATGCGT,B
B7_c2,,,B,B7_c2_GCATACAGTACTCGCG,B
B7_c2,,,B,B7_c2_GCATGATAGGATGGTC,B
B7_c2,,,B,B7_c2_GCATGATCAATGTTGC,B
B7_c2,,,B,B7_c2_GCATGATGTTCAGACT,B
B7_c2,,,B,B7_c2_GCATGATTCCTTTACA,B
B7_c2,HMN52552,NI,B,B7_c2_GCATGCGCAAGCTGGA,B
B7_c2,,,B,B7_c2_GCATGCGCATCCGCGA,B
B7_c2,,,B,B7_c2_GCATGTACATCACCCT,B
B7_c2,HMN52558,NI,B,B7_c2_GCGAGAAGTACACCGC,B
B7_c2,,,B,B7_c2_GCGAGAATCATTTGGG,B
B7_c2,HMN52545,flu,B,B7_c2_GCGAGAATCGTACGGC,B
B7_c2,,,B,B7_c2_GCGCAGTAGATGTTAG,B
B7_c2,,,B,B7_c2_GCGCAGTCAGATGGGT,B
B7_c2,,,B,B7_c2_GCGCCAATCTGGTGTA,B
B7_c2,HMN52558,NI,B,B7_c2_GCTCCTAAGGTGATAT,B
B7_c2,HMN52543,NI,B,B7_c2_GCTCCTACAAGCTGAG,B
B7_c2,,,B,B7_c2_GCTCCTAGTCATACTG,B
B7_c2,,,B,B7_c2_GCTGCGACATTCTTAC,B
B7_c2,HMN52552,NI,B,B7_c2_GCTGCGAGTACGAAAT,B
B7_c2,,,B,B7_c2_GCTGCTTAGTATCGAA,B
B7_c2,HMN52535,flu,B,B7_c2_GCTGCTTCATGGAATA,B
B7_c2,HMN52545,flu,B,B7_c2_GCTGGGTGTTCCCGAG,B
B7_c2,,,B,B7_c2_GCTTCCAAGATATGCA,B
B7_c2,,,B,B7_c2_GGAAAGCAGTGAAGAG,B
B7_c2,,,B,B7_c2_GGAACTTAGCCTCGTG,B
B7_c2,,,B,B7_c2_GGAACTTCATAGGATA,B
B7_c2,,,B,B7_c2_GGAACTTTCGCGTAGC,B
B7_c2,,,B,B7_c2_GGAATAAAGTGTCTCA,B
B7_c2,,,B,B7_c2_GGAATAACACATCTTT,B
B7_c2,HMN52552,NI,B,B7_c2_GGAATAATCACGCATA,B
B7_c2,,,B,B7_c2_GGACAAGGTTAGATGA,B
B7_c2,,,B,B7_c2_GGACAGACATTCTCAT,B
B7_c2,,,B,B7_c2_GGACAGAGTAAGTAGT,B
B7_c2,HMN52535,flu,B,B7_c2_GGACAGAGTGCACCAC,B
B7_c2,,,B,B7_c2_GGACATTCATAGACTC,B
B7_c2,,,B,B7_c2_GGACATTTCCTTCAAT,B
B7_c2,HMN52543,NI,B,B7_c2_GGACGTCAGCTAACTC,B
B7_c2,,,B,B7_c2_GGACGTCCAAGGTTCT,B
B7_c2,,,B,B7_c2_GGACGTCCAGAAGCAC,B
B7_c2,,,B,B7_c2_GGAGCAAAGATAGTCA,B
B7_c2,HMN52543,NI,B,B7_c2_GGCCGATGTAGGGTAC,B
B7_c2,,,B,B7_c2_GGCCGATTCAGCTCTC,B
B7_c2,,,B,B7_c2_GGCTGGTCAGATTGCT,B
B7_c2,,,B,B7_c2_GGCTGGTTCTTGACGA,B
B7_c2,,,B,B7_c2_GGGAATGGTGTTTGTG,B
B7_c2,,,B,B7_c2_GGGAATGGTTCCACTC,B
B7_c2,HMN52552,NI,B,B7_c2_GGGACCTGTGCAACGA,B
B7_c2,,,B,B7_c2_GGGACCTTCCACGTGG,B
B7_c2,,,B,B7_c2_GGGAGATAGAATTGTG,B
B7_c2,HMN52543,NI,B,B7_c2_GGGATGAGTTCGGGCT,B
B7_c2,,,B,B7_c2_GGGCACTGTGAACCTT,B
B7_c2,HMN52543,NI,B,B7_c2_GGGCATCCACTCTGTC,B
B7_c2,HMN52535,flu,B,B7_c2_GGGTCTGGTGATAAAC,B
B7_c2,,,B,B7_c2_GGGTTGCAGCTGTTCA,B
B7_c2,HMN52543,NI,B,B7_c2_GGGTTGCCACAAGCCC,B
B7_c2,,,B,B7_c2_GGTATTGGTAAGCACG,B
B7_c2,HMN52543,NI,B,B7_c2_GGTATTGGTGTTAAGA,B
B7_c2,,,B,B7_c2_GGTATTGTCCGTCAAA,B
B7_c2,,,B,B7_c2_GGTGAAGGTCCTGCTT,B
B7_c2,,,B,B7_c2_GGTGTTACACATGGGA,B
B7_c2,HMN52543,NI,B,B7_c2_GTAACGTAGAGCCCAA,B
B7_c2,,,B,B7_c2_GTACGTACATACGCCG,B
B7_c2,,,B,B7_c2_GTACGTAGTTCCACAA,B
B7_c2,,,B,B7_c2_GTACTCCAGTCTCCTC,B
B7_c2,,,B,B7_c2_GTAGGCCTCAATCACG,B
B7_c2,HMN52558,NI,B,B7_c2_GTATCTTAGAGGTAGA,B
B7_c2,,,B,B7_c2_GTATCTTGTTCAGCGC,B
B7_c2,,,B,B7_c2_GTATTCTGTCCGAATT,B
B7_c2,,,B,B7_c2_GTCACAAAGTGGTAGC,B
B7_c2,,,B,B7_c2_GTCACAAGTCCGAACC,B
B7_c2,,,B,B7_c2_GTCACAATCCCTCAGT,B
B7_c2,HMN52543,NI,B,B7_c2_GTCATTTAGTACGTTC,B
B7_c2,,,B,B7_c2_GTCATTTGTAAACGCG,B
B7_c2,,,B,B7_c2_GTCCTCAGTCAGATAA,B
B7_c2,,,B,B7_c2_GTCCTCAGTTGGTTTG,B
B7_c2,,,B,B7_c2_GTCGGGTAGTCGAGTG,B
B7_c2,HMN52543,NI,B,B7_c2_GTCGGGTGTTATGTGC,B
B7_c2,,,B,B7_c2_GTCGGGTTCTATGTGG,B
B7_c2,HMN52552,NI,B,B7_c2_GTCTTCGCATACGCTA,B
B7_c2,,,B,B7_c2_GTGAAGGAGCTAACTC,B
B7_c2,,,B,B7_c2_GTGCAGCGTGGCTCCA,B
B7_c2,HMN52545,flu,B,B7_c2_GTGCAGCGTTGCGCAC,B
B7_c2,,,B,B7_c2_GTGCAGCTCTGGTATG,B
B7_c2,HMN52552,NI,B,B7_c2_GTGCATACATAAAGGT,B
B7_c2,,,B,B7_c2_GTGCGGTCAACACCCG,B
B7_c2,,,B,B7_c2_GTGCTTCGTCCAGTTA,B
B7_c2,HMN52543,NI,B,B7_c2_GTGCTTCGTCCCTTGT,B
B7_c2,,,B,B7_c2_GTGCTTCTCATCTGCC,B
B7_c2,HMN52535,flu,B,B7_c2_GTGGGTCAGAAACCGC,B
B7_c2,,,B,B7_c2_GTGGGTCCAAACGTGG,B
B7_c2,,,B,B7_c2_GTGGGTCCAATCCAAC,B
B7_c2,HMN52558,NI,B,B7_c2_GTGTTAGAGATATACG,B
B7_c2,,,B,B7_c2_GTGTTAGAGCTCCTTC,B
B7_c2,,,B,B7_c2_GTGTTAGCAATTGCTG,B
B7_c2,,,B,B7_c2_GTGTTAGTCAGCTCGG,B
B7_c2,,,B,B7_c2_GTTAAGCGTTCAACCA,B
B7_c2,HMN52552,NI,B,B7_c2_GTTACAGTCCTAGGGC,B
B7_c2,,,B,B7_c2_GTTCATTAGTGTTTGC,B
B7_c2,HMN52545,flu,B,B7_c2_GTTCATTTCCGAGCCA,B
B7_c2,HMN52552,NI,B,B7_c2_GTTCATTTCTGTCCGT,B
B7_c2,,,B,B7_c2_GTTCTCGGTACCATCA,B
B7_c2,,,B,B7_c2_GTTCTCGGTAGCTTGT,B
B7_c2,,,B,B7_c2_GTTTCTAAGCCGCCTA,B
B7_c2,,,B,B7_c2_GTTTCTAGTAATCACC,B
B7_c2,,,B,B7_c2_TAAGAGACACGCGAAA,B
B7_c2,HMN52558,NI,B,B7_c2_TAAGTGCGTATGAAAC,B
B7_c2,HMN52543,NI,B,B7_c2_TACACGAGTCAAAGAT,B
B7_c2,,,B,B7_c2_TACACGAGTCGGATCC,B
B7_c2,HMN52535,flu,B,B7_c2_TACAGTGTCAAGATCC,B
B7_c2,HMN52552,NI,B,B7_c2_TACAGTGTCATCGATG,B
B7_c2,,,B,B7_c2_TACCTATAGCAGACTG,B
B7_c2,HMN52543,NI,B,B7_c2_TACCTATAGCCAGTTT,B
B7_c2,HMN52545,flu,B,B7_c2_TACCTATCAAACTGTC,B
B7_c2,,,B,B7_c2_TACGGATGTCCGAAGA,B
B7_c2,,,B,B7_c2_TACGGTATCTACTCAT,B
B7_c2,,,B,B7_c2_TACTTACGTGCAGACA,B
B7_c2,,,B,B7_c2_TACTTACGTGTTTGTG,B
B7_c2,,,B,B7_c2_TAGAGCTCAAAGTGCG,B
B7_c2,HMN52558,NI,B,B7_c2_TAGTGGTCATTTCAGG,B
B7_c2,,,B,B7_c2_TAGTTGGGTACCAGTT,B
B7_c2,,,B,B7_c2_TAGTTGGTCCCTAACC,B
B7_c2,HMN52558,NI,B,B7_c2_TATCAGGAGACGACGT,B
B7_c2,,,B,B7_c2_TATCTCATCCTTCAAT,B
B7_c2,,,B,B7_c2_TCAACGACACCGATAT,B
B7_c2,,,B,B7_c2_TCAACGACATGTAGTC,B
B7_c2,,,B,B7_c2_TCAACGAGTGTAAGTA,B
B7_c2,,,B,B7_c2_TCAATCTGTACAGTGG,B
B7_c2,,,B,B7_c2_TCACAAGAGTCTTGCA,B
B7_c2,HMN52535,flu,B,B7_c2_TCACGAAAGTGGAGTC,B
B7_c2,,,B,B7_c2_TCAGATGAGTCCTCCT,B
B7_c2,HMN52535,flu,B,B7_c2_TCAGCTCGTTCAACCA,B
B7_c2,,,B,B7_c2_TCAGGATAGATAGCAT,B
B7_c2,,,B,B7_c2_TCAGGTAAGGATCGCA,B
B7_c2,HMN52543,NI,B,B7_c2_TCAGGTAGTAGCGATG,B
B7_c2,HMN52543,NI,B,B7_c2_TCATTACTCCTTGACC,B
B7_c2,,,B,B7_c2_TCATTTGGTTGAACTC,B
B7_c2,,,B,B7_c2_TCCACACAGCAGCCTC,B
B7_c2,,,B,B7_c2_TCCACACGTGCAGTAG,B
B7_c2,,,B,B7_c2_TCCCGATTCGTTTAGG,B
B7_c2,,,B,B7_c2_TCGAGGCCAGAAGCAC,B
B7_c2,HMN52552,NI,B,B7_c2_TCGAGGCGTACTCAAC,B
B7_c2,,,B,B7_c2_TCGAGGCTCAAGAAGT,B
B7_c2,,,B,B7_c2_TCGCGAGAGCGATATA,B
B7_c2,HMN52543,NI,B,B7_c2_TCGCGAGAGCGTAATA,B
B7_c2,,,B,B7_c2_TCGCGAGCACGTCTCT,B
B7_c2,,,B,B7_c2_TCGCGAGCAGCTGTAT,B
B7_c2,,,B,B7_c2_TCGCGTTCATCCGTGG,B
B7_c2,,,B,B7_c2_TCGGTAACACGAAACG,B
B7_c2,,,B,B7_c2_TCGTAGACAAGTCTGT,B
B7_c2,HMN52535,flu,B,B7_c2_TCTATTGGTCAACATC,B
B7_c2,HMN52552,NI,B,B7_c2_TCTATTGGTTGTCTTT,B
B7_c2,HMN52558,NI,B,B7_c2_TCTATTGTCAGGCGAA,B
B7_c2,HMN52545,flu,B,B7_c2_TCTATTGTCTTAACCT,B
B7_c2,HMN52535,flu,B,B7_c2_TCTCTAATCACTCCTG,B
B7_c2,HMN52552,NI,B,B7_c2_TCTGGAACACTGAAGG,B
B7_c2,,,B,B7_c2_TCTGGAAGTTCGTCTC,B
B7_c2,HMN52543,NI,B,B7_c2_TCTGGAAGTTGGTAAA,B
B7_c2,,,B,B7_c2_TCTTCGGGTCGAAAGC,B
B7_c2,HMN52544,flu,B,B7_c2_TGAAAGAAGGTAGCCA,B
B7_c2,,,B,B7_c2_TGAAAGAAGTTCCACA,B
B7_c2,,,B,B7_c2_TGACGGCTCTAGAGTC,B
B7_c2,,,B,B7_c2_TGACTAGAGACTGGGT,B
B7_c2,,,B,B7_c2_TGACTTTGTACCATCA,B
B7_c2,,,B,B7_c2_TGACTTTTCGCCGTGA,B
B7_c2,,,B,B7_c2_TGAGAGGGTTCCATGA,B
B7_c2,,,B,B7_c2_TGAGCATAGCCCTAAT,B
B7_c2,HMN52558,NI,B,B7_c2_TGAGCATCAAAGCAAT,B
B7_c2,HMN52545,flu,B,B7_c2_TGAGCCGAGCAATATG,B
B7_c2,HMN52543,NI,B,B7_c2_TGAGCCGCAGACTCGC,B
B7_c2,,,B,B7_c2_TGAGGGACATTCCTCG,B
B7_c2,,,B,B7_c2_TGAGGGACATTTCAGG,B
B7_c2,,,B,B7_c2_TGATTTCAGCACACAG,B
B7_c2,,,B,B7_c2_TGATTTCAGCCAACAG,B
B7_c2,HMN52558,NI,B,B7_c2_TGATTTCCATCTACGA,B
B7_c2,,,B,B7_c2_TGCACCTTCCTGCTTG,B
B7_c2,HMN52543,NI,B,B7_c2_TGCACCTTCTGCCCTA,B
B7_c2,,,B,B7_c2_TGCCAAAAGCGAAGGG,B
B7_c2,HMN52543,NI,B,B7_c2_TGCCAAAGTCAGGACA,B
B7_c2,,,B,B7_c2_TGCCAAATCTACTATC,B
B7_c2,HMN52558,NI,B,B7_c2_TGCCAAATCTTGTACT,B
B7_c2,,,B,B7_c2_TGCCCATGTTCAGACT,B
B7_c2,,,B,B7_c2_TGCCCTATCGTTTATC,B
B7_c2,,,B,B7_c2_TGCGTGGCACTTAAGC,B
B7_c2,,,B,B7_c2_TGCTACCCACAACGCC,B
B7_c2,,,B,B7_c2_TGCTACCTCTACTCAT,B
B7_c2,,,B,B7_c2_TGCTGCTAGCACCGTC,B
B7_c2,,,B,B7_c2_TGCTGCTGTTAGTGGG,B
B7_c2,,,B,B7_c2_TGCTGCTTCATCTGTT,B
B7_c2,,,B,B7_c2_TGGACGCCACTAGTAC,B
B7_c2,HMN52543,NI,B,B7_c2_TGGACGCGTCTGCAAT,B
B7_c2,,,B,B7_c2_TGGCCAGAGACAAAGG,B
B7_c2,,,B,B7_c2_TGGCGCAAGACTAAGT,B
B7_c2,,,B,B7_c2_TGGCGCACAGGAACGT,B
B7_c2,HMN52552,NI,B,B7_c2_TGGCTGGAGCTAAACA,B
B7_c2,,,B,B7_c2_TGGGAAGAGAGTAAGG,B
B7_c2,HMN52543,NI,B,B7_c2_TGGGCGTCAGGCAGTA,B
B7_c2,,,B,B7_c2_TGGGCGTTCTCAACTT,B
B7_c2,,,B,B7_c2_TGGTTAGAGAGCTGGT,B
B7_c2,,,B,B7_c2_TGGTTAGCATCTACGA,B
B7_c2,,,B,B7_c2_TGGTTAGTCCGAACGC,B
B7_c2,,,B,B7_c2_TGTATTCCATTGGCGC,B
B7_c2,,,B,B7_c2_TGTATTCTCTGCGGCA,B
B7_c2,HMN52535,flu,B,B7_c2_TTAACTCAGCTCCCAG,B
B7_c2,,,B,B7_c2_TTAACTCGTGTGACCC,B
B7_c2,,,B,B7_c2_TTAACTCTCCTTGCCA,B
B7_c2,,,B,B7_c2_TTAACTCTCGTCACGG,B
B7_c2,,,B,B7_c2_TTAGGACGTGAAATCA,B
B7_c2,,,B,B7_c2_TTAGGACGTTTAAGCC,B
B7_c2,HMN52558,NI,B,B7_c2_TTAGGCAAGGCTAGAC,B
B7_c2,,,B,B7_c2_TTAGGCACATTCACTT,B
B7_c2,,,B,B7_c2_TTATGCTGTATCACCA,B
B7_c2,,,B,B7_c2_TTCCCAGTCCTGCAGG,B
B7_c2,,,B,B7_c2_TTCGAAGGTACGAAAT,B
B7_c2,,,B,B7_c2_TTCGGTCAGGTGCTAG,B
B7_c2,,,B,B7_c2_TTCGGTCGTAACGTTC,B
B7_c2,,,B,B7_c2_TTCGGTCGTTGTCGCG,B
B7_c2,,,B,B7_c2_TTCTCAAGTCGCATAT,B
B7_c2,,,B,B7_c2_TTCTCCTGTTCAGTAC,B
B7_c2,,,B,B7_c2_TTCTCCTTCCCAGGTG,B
B7_c2,,,B,B7_c2_TTCTCCTTCCTCGCAT,B
B7_c2,,,B,B7_c2_TTGAACGGTGGCTCCA,B
B7_c2,,,B,B7_c2_TTGACTTTCTGCAGTA,B
B7_c2,,,B,B7_c2_TTGCGTCAGACAGAGA,B
B7_c2,,,B,B7_c2_TTGCGTCAGTACGTAA,B
B7_c2,,,B,B7_c2_TTGGAACTCCAAATGC,B
B7_c2,HMN52543,NI,B,B7_c2_TTGGAACTCTTGTATC,B
B7_c2,,,B,B7_c2_TTGGCAACACATCCGG,B
B7_c2,,,B,B7_c2_TTGGCAAGTATGGTTC,B
B7_c2,,,B,B7_c2_TTGTAGGTCTCGGACG,B
B7_c2,,,B,B7_c2_TTTACTGGTTTGCATG,B
B7_c2,,,B,B7_c2_TTTACTGTCCCTAACC,B
B7_c2,HMN52543,NI,B,B7_c2_TTTGCGCCACAGACTT,B
B7_c2,,,B,B7_c2_TTTGTCATCCGAAGAG,B
B8_c1,HMN52551,NI,B,B8_c1_AAACCTGTCGTTACGA,B
B8_c1,HMN52551,NI,B,B8_c1_AAACGGGAGTTAGGTA,B
B8_c1,,,B,B8_c1_AAACGGGAGTTGTAGA,B
B8_c1,HMN52540,NI,B,B8_c1_AAAGATGCAAATCCGT,B
B8_c1,,,B,B8_c1_AAAGCAAAGTTCGATC,B
B8_c1,HMN52551,NI,B,B8_c1_AAAGTAGGTAAGTGGC,B
B8_c1,,,B,B8_c1_AAATGCCTCATTATCC,B
B8_c1,HMN52542,NI,B,B8_c1_AACACGTCATACCATG,B
B8_c1,HMN52542,NI,B,B8_c1_AACACGTTCACCATAG,B
B8_c1,,,B,B8_c1_AACCATGGTATTAGCC,B
B8_c1,HMN52551,NI,B,B8_c1_AACCGCGCAAAGAATC,B
B8_c1,HMN52540,NI,B,B8_c1_AACGTTGGTCTCTTTA,B
B8_c1,HMN52540,NI,B,B8_c1_AACTCCCTCACAGTAC,B
B8_c1,,,B,B8_c1_AACTCTTCAGATAATG,B
B8_c1,,,B,B8_c1_AAGCCGCCATTCTCAT,B
B8_c1,HMN52542,NI,B,B8_c1_AAGGCAGAGACTAAGT,B
B8_c1,,,B,B8_c1_AATCCAGAGGACATTA,B
B8_c1,,,B,B8_c1_AATCCAGCAAACGCGA,B
B8_c1,,,B,B8_c1_AATCGGTGTAGTACCT,B
B8_c1,HMN52542,NI,B,B8_c1_ACACCAAAGGACAGAA,B
B8_c1,,,B,B8_c1_ACACTGACATAACCTG,B
B8_c1,,,B,B8_c1_ACAGCCGAGATCCGAG,B
B8_c1,HMN52542,NI,B,B8_c1_ACAGCCGAGTCTCCTC,B
B8_c1,HMN52551,NI,B,B8_c1_ACATACGCAGCCTTTC,B
B8_c1,,,B,B8_c1_ACATGGTAGTCACGCC,B
B8_c1,HMN52551,NI,B,B8_c1_ACCCACTGTCGACTGC,B
B8_c1,,,B,B8_c1_ACCTTTAAGTGTCCAT,B
B8_c1,HMN52551,NI,B,B8_c1_ACCTTTAGTTCAGACT,B
B8_c1,,,B,B8_c1_ACGAGGAGTCTAAACC,B
B8_c1,,,B,B8_c1_ACGATACGTCTGGAGA,B
B8_c1,HMN52551,NI,B,B8_c1_ACGCAGCGTCTTGTCC,B
B8_c1,HMN52542,NI,B,B8_c1_ACGCCAGAGAAGGGTA,B
B8_c1,,,B,B8_c1_ACGCCAGGTATCGCAT,B
B8_c1,HMN52551,NI,B,B8_c1_ACGCCGAAGACCCACC,B
B8_c1,HMN52542,NI,B,B8_c1_ACGGGCTTCAACGCTA,B
B8_c1,HMN52540,NI,B,B8_c1_ACGGGTCAGAGATGAG,B
B8_c1,HMN52551,NI,B,B8_c1_ACGGGTCGTCATACTG,B
B8_c1,HMN52540,NI,B,B8_c1_ACGTCAACATGTAAGA,B
B8_c1,,,B,B8_c1_ACGTCAATCACAATGC,B
B8_c1,HMN52540,NI,B,B8_c1_ACTGATGAGCGAAGGG,B
B8_c1,,,B,B8_c1_ACTGTCCAGTCAAGCG,B
B8_c1,HMN52551,NI,B,B8_c1_ACTGTCCCAAACGTGG,B
B8_c1,,,B,B8_c1_ACTGTCCGTTGGTAAA,B
B8_c1,,,B,B8_c1_ACTTACTAGGCTACGA,B
B8_c1,,,B,B8_c1_ACTTTCATCCGCGTTT,B
B8_c1,,,B,B8_c1_AGACGTTAGGACACCA,B
B8_c1,,,B,B8_c1_AGACGTTAGTGACATA,B
B8_c1,,,B,B8_c1_AGAGCGACATAGAAAC,B
B8_c1,,,B,B8_c1_AGAGTGGAGAGCTATA,B
B8_c1,,,B,B8_c1_AGATTGCAGGGCATGT,B
B8_c1,,,B,B8_c1_AGATTGCGTCACTTCC,B
B8_c1,,,B,B8_c1_AGCAGCCTCTTCGAGA,B
B8_c1,HMN52551,NI,B,B8_c1_AGCATACGTAAATGAC,B
B8_c1,HMN52540,NI,B,B8_c1_AGCCTAAGTGAAATCA,B
B8_c1,,,B,B8_c1_AGCCTAAGTTGATTGC,B
B8_c1,,,B,B8_c1_AGCGTATAGTGAAGTT,B
B8_c1,,,B,B8_c1_AGCGTCGCAAACCCAT,B
B8_c1,,,B,B8_c1_AGCGTCGCACTTCGAA,B
B8_c1,HMN52551,NI,B,B8_c1_AGCTTGACACCGCTAG,B
B8_c1,,,B,B8_c1_AGGCCACGTGATAAGT,B
B8_c1,HMN52542,NI,B,B8_c1_AGGCCGTCATCATCCC,B
B8_c1,,,B,B8_c1_AGGGATGGTCGACTGC,B
B8_c1,HMN52551,NI,B,B8_c1_AGGGTGAAGTGACTCT,B
B8_c1,HMN52551,NI,B,B8_c1_AGTCTTTCAGTCCTTC,B
B8_c1,,,B,B8_c1_AGTGAGGAGAGCTGCA,B
B8_c1,HMN52542,NI,B,B8_c1_AGTGAGGAGTGGGCTA,B
B8_c1,HMN52542,NI,B,B8_c1_AGTGGGAAGGACATTA,B
B8_c1,HMN52542,NI,B,B8_c1_AGTGGGAGTCATCGGC,B
B8_c1,,,B,B8_c1_AGTGTCAGTAAATGAC,B
B8_c1,,,B,B8_c1_AGTTGGTAGGTGTTAA,B
B8_c1,HMN52551,NI,B,B8_c1_AGTTGGTAGTGTACGG,B
B8_c1,,,B,B8_c1_AGTTGGTCAAGTCTAC,B
B8_c1,,,B,B8_c1_AGTTGGTGTATGGTTC,B
B8_c1,,,B,B8_c1_AGTTGGTGTGCTCTTC,B
B8_c1,HMN52551,NI,B,B8_c1_ATAACGCCAAGGTTCT,B
B8_c1,,,B,B8_c1_ATAGACCTCCCTTGTG,B
B8_c1,,,B,B8_c1_ATAGACCTCTCAACTT,B
B8_c1,HMN52540,NI,B,B8_c1_ATCACGAAGCTTCGCG,B
B8_c1,HMN52551,NI,B,B8_c1_ATCACGACAATCCGAT,B
B8_c1,,,B,B8_c1_ATCACGACAGTAAGAT,B
B8_c1,,,B,B8_c1_ATCCACCCACATTAGC,B
B8_c1,,,B,B8_c1_ATCCGAAAGAGTCGGT,B
B8_c1,HMN52551,NI,B,B8_c1_ATCCGAAAGTCCAGGA,B
B8_c1,HMN52540,NI,B,B8_c1_ATCTGCCGTGATGTCT,B
B8_c1,,,B,B8_c1_ATCTGCCTCAACACCA,B
B8_c1,HMN52542,NI,B,B8_c1_ATGAGGGAGCGTGTCC,B
B8_c1,,,B,B8_c1_ATGCGATAGGTGTTAA,B
B8_c1,,,B,B8_c1_ATGCGATTCAACGCTA,B
B8_c1,,,B,B8_c1_ATTCTACAGTGGCACA,B
B8_c1,HMN52551,NI,B,B8_c1_ATTCTACAGTTGCAGG,B
B8_c1,HMN52542,NI,B,B8_c1_ATTGGTGCACTGTCGG,B
B8_c1,,,B,B8_c1_ATTTCTGGTACCCAAT,B
B8_c1,,,B,B8_c1_CAACCAAAGATAGGAG,B
B8_c1,HMN52542,NI,B,B8_c1_CAACCAATCCTATGTT,B
B8_c1,,,B,B8_c1_CAACCTCCACGAAATA,B
B8_c1,HMN52542,NI,B,B8_c1_CAACCTCGTCGGCACT,B
B8_c1,HMN52553,flu,B,B8_c1_CAAGAAACAGACGTAG,B
B8_c1,,,B,B8_c1_CAAGAAATCCAAATGC,B
B8_c1,HMN52542,NI,B,B8_c1_CAAGATCGTGCGGTAA,B
B8_c1,HMN52542,NI,B,B8_c1_CAAGGCCAGTATTGGA,B
B8_c1,HMN52551,NI,B,B8_c1_CAAGTTGGTGACCAAG,B
B8_c1,,,B,B8_c1_CACACAATCTTGAGAC,B
B8_c1,,,B,B8_c1_CACAGTATCCGGGTGT,B
B8_c1,,,B,B8_c1_CACAGTATCTGCTTGC,B
B8_c1,HMN52551,NI,B,B8_c1_CACATAGAGTGAAGTT,B
B8_c1,HMN52540,NI,B,B8_c1_CACATAGTCTAACTGG,B
B8_c1,,,B,B8_c1_CACATTTTCATGTCCC,B
B8_c1,,,B,B8_c1_CACCACTGTCGAATCT,B
B8_c1,HMN52542,NI,B,B8_c1_CACCAGGCACGCGAAA,B
B8_c1,,,B,B8_c1_CAGAATCCAGTTAACC,B
B8_c1,,,B,B8_c1_CAGCATACACGGTGTC,B
B8_c1,HMN52553,flu,B,B8_c1_CAGCGACCATGCATGT,B
B8_c1,HMN52551,NI,B,B8_c1_CAGCTAACATCGGGTC,B
B8_c1,HMN52551,NI,B,B8_c1_CAGGTGCCATCTATGG,B
B8_c1,,,B,B8_c1_CATATGGCACTTCTGC,B
B8_c1,,,B,B8_c1_CATCAAGTCTGCGGCA,B
B8_c1,HMN52542,NI,B,B8_c1_CATCAGAAGAGCTGCA,B
B8_c1,,,B,B8_c1_CATCAGAGTCGCGAAA,B
B8_c1,,,B,B8_c1_CATCCACGTGGAAAGA,B
B8_c1,,,B,B8_c1_CATCCACTCAGTACGT,B
B8_c1,HMN52551,NI,B,B8_c1_CATCCACTCGGATGGA,B
B8_c1,,,B,B8_c1_CATGACATCAGCTTAG,B
B8_c1,HMN52542,NI,B,B8_c1_CATGCCTAGAAAGTGG,B
B8_c1,HMN52551,NI,B,B8_c1_CATGGCGTCTACGAGT,B
B8_c1,,,B,B8_c1_CATTATCTCCCGACTT,B
B8_c1,HMN52551,NI,B,B8_c1_CATTCGCCATTCCTGC,B
B8_c1,,,B,B8_c1_CCAATCCAGTATTGGA,B
B8_c1,,,B,B8_c1_CCAATCCGTCACACGC,B
B8_c1,HMN52542,NI,B,B8_c1_CCACTACCAGTGAGTG,B
B8_c1,,,B,B8_c1_CCAGCGACAGGTCCAC,B
B8_c1,,,B,B8_c1_CCATTCGTCTGTCCGT,B
B8_c1,HMN52542,NI,B,B8_c1_CCATTCGTCTTCATGT,B
B8_c1,HMN52551,NI,B,B8_c1_CCCATACCACGAGAGT,B
B8_c1,,,B,B8_c1_CCCTCCTAGATGTCGG,B
B8_c1,,,B,B8_c1_CCCTCCTAGTTTCCTT,B
B8_c1,,,B,B8_c1_CCCTCCTCAAGGTTTC,B
B8_c1,HMN52551,NI,B,B8_c1_CCCTCCTGTGTTGAGG,B
B8_c1,HMN52553,flu,B,B8_c1_CCGGGATGTATCTGCA,B
B8_c1,HMN52542,NI,B,B8_c1_CCGGTAGAGTCATCCA,B
B8_c1,,,B,B8_c1_CCGGTAGTCCCTAATT,B
B8_c1,HMN52542,NI,B,B8_c1_CCGTACTCACTGCCAG,B
B8_c1,,,B,B8_c1_CCGTACTGTCTCCACT,B
B8_c1,,,B,B8_c1_CCTAAAGCACATGACT,B
B8_c1,,,B,B8_c1_CCTACCAAGATAGCAT,B
B8_c1,HMN52542,NI,B,B8_c1_CCTACCAAGATAGGAG,B
B8_c1,,,B,B8_c1_CCTAGCTCAGGGTTAG,B
B8_c1,,,B,B8_c1_CCTAGCTGTCGCCATG,B
B8_c1,,,B,B8_c1_CCTATTAGTGGTAACG,B
B8_c1,HMN52542,NI,B,B8_c1_CCTATTATCTGCCAGG,B
B8_c1,,,B,B8_c1_CCTCTGAGTCTGCAAT,B
B8_c1,,,B,B8_c1_CCTTCGAGTCCGAAGA,B
B8_c1,,,B,B8_c1_CGAACATCAAACGTGG,B
B8_c1,HMN52551,NI,B,B8_c1_CGAATGTGTATAGTAG,B
B8_c1,HMN52542,NI,B,B8_c1_CGACCTTAGGGTTTCT,B
B8_c1,,,B,B8_c1_CGACCTTAGTCATGCT,B
B8_c1,,,B,B8_c1_CGACTTCTCTGCAAGT,B
B8_c1,,,B,B8_c1_CGAGAAGAGTACGTAA,B
B8_c1,HMN52542,NI,B,B8_c1_CGAGAAGCATGACATC,B
B8_c1,,,B,B8_c1_CGAGCACCAGCTTAAC,B
B8_c1,,,B,B8_c1_CGATGGCTCCGATATG,B
B8_c1,,,B,B8_c1_CGATGTAAGGTGACCA,B
B8_c1,HMN52551,NI,B,B8_c1_CGATTGATCTTCAACT,B
B8_c1,HMN52542,NI,B,B8_c1_CGCGGTAGTCCGACGT,B
B8_c1,HMN52540,NI,B,B8_c1_CGCGGTATCATGCATG,B
B8_c1,HMN52551,NI,B,B8_c1_CGCGTTTAGTAAGTAC,B
B8_c1,,,B,B8_c1_CGCGTTTAGTACGACG,B
B8_c1,HMN52542,NI,B,B8_c1_CGCGTTTAGTAGCCGA,B
B8_c1,HMN52540,NI,B,B8_c1_CGCTGGAAGAGCCTAG,B
B8_c1,,,B,B8_c1_CGCTTCATCAGCCTAA,B
B8_c1,HMN52551,NI,B,B8_c1_CGGACACCAACAACCT,B
B8_c1,,,B,B8_c1_CGGACACGTTAGAACA,B
B8_c1,HMN52540,NI,B,B8_c1_CGGACACTCCAAACTG,B
B8_c1,HMN52542,NI,B,B8_c1_CGGACGTGTTACGTCA,B
B8_c1,HMN52551,NI,B,B8_c1_CGGACTGGTCATACTG,B
B8_c1,,,B,B8_c1_CGGAGTCGTGCAACGA,B
B8_c1,,,B,B8_c1_CGGAGTCTCGCCAAAT,B
B8_c1,,,B,B8_c1_CGGTTAACAGCTGTAT,B
B8_c1,HMN52551,NI,B,B8_c1_CGTAGCGAGCGCCTCA,B
B8_c1,HMN52542,NI,B,B8_c1_CGTAGCGCATCCTAGA,B
B8_c1,HMN52542,NI,B,B8_c1_CGTAGCGGTCTAGCGC,B
B8_c1,,,B,B8_c1_CGTAGGCAGTTGCAGG,B
B8_c1,,,B,B8_c1_CGTCACTAGAGTAAGG,B
B8_c1,,,B,B8_c1_CGTCACTTCTAACTTC,B
B8_c1,,,B,B8_c1_CGTCTACGTCCGAGTC,B
B8_c1,HMN52542,NI,B,B8_c1_CGTGAGCAGTTACCCA,B
B8_c1,,,B,B8_c1_CGTGTAAAGATCTGCT,B
B8_c1,HMN52551,NI,B,B8_c1_CGTGTCTGTATTAGCC,B
B8_c1,HMN52540,NI,B,B8_c1_CGTTAGATCTAACCGA,B
B8_c1,,,B,B8_c1_CGTTCTGAGAGACTAT,B
B8_c1,HMN52551,NI,B,B8_c1_CGTTCTGGTTCGAATC,B
B8_c1,,,B,B8_c1_CGTTGGGCATCTCGCT,B
B8_c1,,,B,B8_c1_CGTTGGGGTCCGCTGA,B
B8_c1,HMN52542,NI,B,B8_c1_CTACATTTCCCTAACC,B
B8_c1,,,B,B8_c1_CTACCCAGTAGGAGTC,B
B8_c1,HMN52551,NI,B,B8_c1_CTCAGAAAGGCTAGGT,B
B8_c1,,,B,B8_c1_CTCAGAATCCTTGGTC,B
B8_c1,,,B,B8_c1_CTCATTACACGGCTAC,B
B8_c1,,,B,B8_c1_CTCGAAATCGTTTATC,B
B8_c1,,,B,B8_c1_CTCGAGGAGACACGAC,B
B8_c1,,,B,B8_c1_CTCGAGGGTGCAACTT,B
B8_c1,HMN52551,NI,B,B8_c1_CTCGTACAGTGCAAGC,B
B8_c1,HMN52542,NI,B,B8_c1_CTCGTACGTCAGTGGA,B
B8_c1,,,B,B8_c1_CTCGTCAAGGGCTTCC,B
B8_c1,,,B,B8_c1_CTCGTCATCATCATTC,B
B8_c1,,,B,B8_c1_CTCTACGAGACATAAC,B
B8_c1,HMN52540,NI,B,B8_c1_CTCTACGGTGTATGGG,B
B8_c1,,,B,B8_c1_CTGAAGTAGTAGCGGT,B
B8_c1,,,B,B8_c1_CTGATAGTCAACGGCC,B
B8_c1,,,B,B8_c1_CTGATCCAGTCTCGGC,B
B8_c1,HMN52540,NI,B,B8_c1_CTGCCTAAGCTCAACT,B
B8_c1,HMN52540,NI,B,B8_c1_CTGCGGAAGTCGATAA,B
B8_c1,,,B,B8_c1_CTGCTGTAGAGTCGGT,B
B8_c1,HMN52551,NI,B,B8_c1_CTGCTGTAGCGATATA,B
B8_c1,HMN52551,NI,B,B8_c1_CTGGTCTAGGATGCGT,B
B8_c1,,,B,B8_c1_CTGTGCTAGATGCCTT,B
B8_c1,,,B,B8_c1_CTGTGCTTCAAGCCTA,B
B8_c1,,,B,B8_c1_CTTAACTAGGCTACGA,B
B8_c1,,,B,B8_c1_CTTAACTTCCTCTAGC,B
B8_c1,,,B,B8_c1_CTTACCGTCAGGCAAG,B
B8_c1,HMN52539,flu,B,B8_c1_CTTAGGAAGTGTGGCA,B
B8_c1,HMN52542,NI,B,B8_c1_CTTAGGACACCATCCT,B
B8_c1,,,B,B8_c1_CTTCTCTGTTAAAGTG,B
B8_c1,,,B,B8_c1_CTTGGCTAGACCGGAT,B
B8_c1,HMN52551,NI,B,B8_c1_GAAACTCAGTTCGCGC,B
B8_c1,,,B,B8_c1_GAACATCAGGTAGCTG,B
B8_c1,HMN52551,NI,B,B8_c1_GAACCTAAGCGCCTCA,B
B8_c1,,,B,B8_c1_GAACGGAAGACGACGT,B
B8_c1,,,B,B8_c1_GAACGGACACGAGGTA,B
B8_c1,HMN52542,NI,B,B8_c1_GAAGCAGCAGATCGGA,B
B8_c1,HMN52551,NI,B,B8_c1_GAAGCAGTCTGAAAGA,B
B8_c1,,,B,B8_c1_GACACGCAGTATCGAA,B
B8_c1,,,B,B8_c1_GACCAATTCTCTAAGG,B
B8_c1,,,B,B8_c1_GACCTGGGTCAGAATA,B
B8_c1,HMN52539,flu,B,B8_c1_GACGTGCAGAGTGACC,B
B8_c1,,,B,B8_c1_GACGTGCGTCTCACCT,B
B8_c1,,,B,B8_c1_GACGTGCGTTATCGGT,B
B8_c1,HMN52542,NI,B,B8_c1_GACTGCGAGGCGCTCT,B
B8_c1,,,B,B8_c1_GACTGCGCACGTTGGC,B
B8_c1,HMN52542,NI,B,B8_c1_GACTGCGGTTGTCGCG,B
B8_c1,,,B,B8_c1_GAGCAGACAGGTTTCA,B
B8_c1,HMN52551,NI,B,B8_c1_GAGTCCGCAAGTCTGT,B
B8_c1,,,B,B8_c1_GATCGCGAGGACGAAA,B
B8_c1,HMN52542,NI,B,B8_c1_GATCGCGGTCTAGCGC,B
B8_c1,HMN52551,NI,B,B8_c1_GATCGTAAGTAGATGT,B
B8_c1,HMN52551,NI,B,B8_c1_GATCGTATCTGCTGCT,B
B8_c1,HMN52551,NI,B,B8_c1_GATGAAAAGACCGGAT,B
B8_c1,,,B,B8_c1_GATGAGGCAGCGTTCG,B
B8_c1,,,B,B8_c1_GATTCAGGTCGATTGT,B
B8_c1,HMN52551,NI,B,B8_c1_GCAAACTCACCCATGG,B
B8_c1,HMN52551,NI,B,B8_c1_GCACATAGTCCGAAGA,B
B8_c1,HMN52540,NI,B,B8_c1_GCACATAGTGTTGGGA,B
B8_c1,,,B,B8_c1_GCAGCCAAGTACGCCC,B
B8_c1,,,B,B8_c1_GCAGCCATCTAACTCT,B
B8_c1,HMN52542,NI,B,B8_c1_GCATACAGTGACTCAT,B
B8_c1,HMN52540,NI,B,B8_c1_GCATGTAGTATCACCA,B
B8_c1,,,B,B8_c1_GCCAAATGTGTAATGA,B
B8_c1,HMN52551,NI,B,B8_c1_GCCTCTACAGATAATG,B
B8_c1,HMN52542,NI,B,B8_c1_GCCTCTAGTACTCGCG,B
B8_c1,,,B,B8_c1_GCCTCTAGTAGCGTCC,B
B8_c1,HMN52542,NI,B,B8_c1_GCCTCTAGTCTGGTCG,B
B8_c1,,,B,B8_c1_GCGACCAAGAGTACAT,B
B8_c1,HMN52540,NI,B,B8_c1_GCGAGAACACGAAACG,B
B8_c1,HMN52551,NI,B,B8_c1_GCGAGAATCCTGCAGG,B
B8_c1,,,B,B8_c1_GCGAGAATCGTTGACA,B
B8_c1,HMN52542,NI,B,B8_c1_GCGCAACAGCTGTTCA,B
B8_c1,,,B,B8_c1_GCGCAGTTCCTACAGA,B
B8_c1,HMN52540,NI,B,B8_c1_GCGGGTTCATTTCACT,B
B8_c1,,,B,B8_c1_GCTGCAGCAACTGCTA,B
B8_c1,,,B,B8_c1_GCTGCAGGTAGTACCT,B
B8_c1,HMN52540,NI,B,B8_c1_GCTGCGATCTGCAGTA,B
B8_c1,,,B,B8_c1_GCTGCTTTCCGAATGT,B
B8_c1,HMN52542,NI,B,B8_c1_GCTTCCACATTAGGCT,B
B8_c1,,,B,B8_c1_GCTTGAATCCACTGGG,B
B8_c1,,,B,B8_c1_GGAACTTCATTCCTCG,B
B8_c1,,,B,B8_c1_GGAATAAAGTCAAGGC,B
B8_c1,HMN52551,NI,B,B8_c1_GGAATAACACTTCGAA,B
B8_c1,,,B,B8_c1_GGAATAATCTGCTTGC,B
B8_c1,HMN52542,NI,B,B8_c1_GGACGTCCAAGTCTGT,B
B8_c1,,,B,B8_c1_GGATTACAGCACCGCT,B
B8_c1,,,B,B8_c1_GGATTACAGCCCAATT,B
B8_c1,HMN52542,NI,B,B8_c1_GGATTACAGCCCAGCT,B
B8_c1,,,B,B8_c1_GGCTCGAAGACGACGT,B
B8_c1,HMN52551,NI,B,B8_c1_GGCTCGAAGATAGGAG,B
B8_c1,,,B,B8_c1_GGCTCGAGTAAGTGGC,B
B8_c1,HMN52540,NI,B,B8_c1_GGCTCGATCGTCGTTC,B
B8_c1,HMN52542,NI,B,B8_c1_GGCTGGTCATCCGGGT,B
B8_c1,HMN52540,NI,B,B8_c1_GGCTGGTTCGTTACAG,B
B8_c1,,,B,B8_c1_GGGAGATCAACACCTA,B
B8_c1,,,B,B8_c1_GGGATGAGTAGGCATG,B
B8_c1,HMN52540,NI,B,B8_c1_GGGCACTTCTTGCCGT,B
B8_c1,HMN52551,NI,B,B8_c1_GGTATTGAGCTTCGCG,B
B8_c1,HMN52540,NI,B,B8_c1_GGTGCGTAGAGGTAGA,B
B8_c1,,,B,B8_c1_GGTGTTACAGCTGCAC,B
B8_c1,HMN52542,NI,B,B8_c1_GTAACGTAGATCCCGC,B
B8_c1,,,B,B8_c1_GTAACGTCAGATAATG,B
B8_c1,,,B,B8_c1_GTACGTAAGAGACGAA,B
B8_c1,,,B,B8_c1_GTACGTATCGGCGCAT,B
B8_c1,HMN52551,NI,B,B8_c1_GTACTTTAGATCCCAT,B
B8_c1,,,B,B8_c1_GTAGGCCTCTGCGACG,B
B8_c1,,,B,B8_c1_GTAGTCAAGAGCAATT,B
B8_c1,,,B,B8_c1_GTCAAGTCACCTTGTC,B
B8_c1,,,B,B8_c1_GTCACGGGTTCGGCAC,B
B8_c1,HMN52542,NI,B,B8_c1_GTCACGGTCAAGGCTT,B
B8_c1,HMN52542,NI,B,B8_c1_GTCATTTTCCATTCTA,B
B8_c1,HMN52542,NI,B,B8_c1_GTCATTTTCGTACGGC,B
B8_c1,,,B,B8_c1_GTCCTCAGTCGTTGTA,B
B8_c1,,,B,B8_c1_GTCGGGTAGACCCACC,B
B8_c1,HMN52551,NI,B,B8_c1_GTGAAGGAGCAGCCTC,B
B8_c1,HMN52551,NI,B,B8_c1_GTGAAGGAGTAGGTGC,B
B8_c1,,,B,B8_c1_GTGCATAGTCGGATCC,B
B8_c1,,,B,B8_c1_GTGCATATCCTTCAAT,B
B8_c1,,,B,B8_c1_GTGCGGTCACCGATAT,B
B8_c1,,,B,B8_c1_GTGGGTCTCGACAGCC,B
B8_c1,,,B,B8_c1_GTGTTAGCAATAGCAA,B
B8_c1,HMN52540,NI,B,B8_c1_GTTAAGCCACCCATGG,B
B8_c1,HMN52551,NI,B,B8_c1_GTTACAGTCACATGCA,B
B8_c1,,,B,B8_c1_GTTCATTAGACTTTCG,B
B8_c1,,,B,B8_c1_TAAACCGAGATCCCGC,B
B8_c1,HMN52551,NI,B,B8_c1_TAAACCGTCGGTCCGA,B
B8_c1,HMN52539,flu,B,B8_c1_TAAGAGACAAGGACTG,B
B8_c1,,,B,B8_c1_TAAGAGATCTCGTTTA,B
B8_c1,,,B,B8_c1_TAAGCGTTCAGCAACT,B
B8_c1,,,B,B8_c1_TAAGCGTTCGGTGTTA,B
B8_c1,HMN52542,NI,B,B8_c1_TAAGTGCAGTGAATTG,B
B8_c1,HMN52542,NI,B,B8_c1_TACACGAAGGGATACC,B
B8_c1,,,B,B8_c1_TACACGAGTGTGGCTC,B
B8_c1,,,B,B8_c1_TACAGTGAGACTTGAA,B
B8_c1,,,B,B8_c1_TACCTATAGTTCGCAT,B
B8_c1,HMN52541,flu,B,B8_c1_TACCTATTCGGATGTT,B
B8_c1,,,B,B8_c1_TACGGATCATCAGTCA,B
B8_c1,HMN52542,NI,B,B8_c1_TACGGATGTGAAATCA,B
B8_c1,,,B,B8_c1_TACGGGCAGAGGGATA,B
B8_c1,HMN52540,NI,B,B8_c1_TACGGGCCAGTATGCT,B
B8_c1,,,B,B8_c1_TACGGGCGTTTGCATG,B
B8_c1,,,B,B8_c1_TACGGGCTCTGGAGCC,B
B8_c1,HMN52540,NI,B,B8_c1_TACGGTAGTAACGTTC,B
B8_c1,HMN52551,NI,B,B8_c1_TACTCATCAACACGCC,B
B8_c1,HMN52542,NI,B,B8_c1_TACTTACTCAGGATCT,B
B8_c1,,,B,B8_c1_TACTTGTTCAGCTCGG,B
B8_c1,HMN52540,NI,B,B8_c1_TAGACCAAGTGGAGAA,B
B8_c1,HMN52542,NI,B,B8_c1_TAGACCAGTGTAATGA,B
B8_c1,HMN52551,NI,B,B8_c1_TAGGCATAGGCTAGAC,B
B8_c1,,,B,B8_c1_TAGGCATGTATCTGCA,B
B8_c1,HMN52542,NI,B,B8_c1_TATCTCAAGCCCTAAT,B
B8_c1,,,B,B8_c1_TATTACCCAGGAATGC,B
B8_c1,,,B,B8_c1_TCAATCTAGTAGCGGT,B
B8_c1,HMN52551,NI,B,B8_c1_TCACAAGAGCTAAACA,B
B8_c1,HMN52551,NI,B,B8_c1_TCACAAGAGTTTCCTT,B
B8_c1,,,B,B8_c1_TCAGATGTCAACACTG,B
B8_c1,,,B,B8_c1_TCAGCAAGTCGAAAGC,B
B8_c1,,,B,B8_c1_TCAGCAAGTGTGCCTG,B
B8_c1,,,B,B8_c1_TCAGCAATCTTAGAGC,B
B8_c1,,,B,B8_c1_TCATTACGTTCCGGCA,B
B8_c1,,,B,B8_c1_TCATTTGCAGATGGCA,B
B8_c1,,,B,B8_c1_TCCACACAGGGATACC,B
B8_c1,HMN52542,NI,B,B8_c1_TCCACACTCGGGAGTA,B
B8_c1,HMN52542,NI,B,B8_c1_TCCCGATCAAGCGCTC,B
B8_c1,HMN52542,NI,B,B8_c1_TCCCGATTCATACGGT,B
B8_c1,HMN52551,NI,B,B8_c1_TCCCGATTCGGAGCAA,B
B8_c1,HMN52540,NI,B,B8_c1_TCGAGGCAGCGCCTCA,B
B8_c1,,,B,B8_c1_TCGCGAGAGCATGGCA,B
B8_c1,,,B,B8_c1_TCGCGTTAGAGGGCTT,B
B8_c1,HMN52542,NI,B,B8_c1_TCGCGTTAGATCTGCT,B
B8_c1,,,B,B8_c1_TCGCGTTTCTCATTCA,B
B8_c1,,,B,B8_c1_TCGGGACTCTTAGCCC,B
B8_c1,,,B,B8_c1_TCGGTAACACCAGTTA,B
B8_c1,,,B,B8_c1_TCGGTAACAGTTCCCT,B
B8_c1,,,B,B8_c1_TCGGTAAGTACCGTAT,B
B8_c1,HMN52540,NI,B,B8_c1_TCGGTAATCCTTAATC,B
B8_c1,HMN52542,NI,B,B8_c1_TCGTAGACACCAACCG,B
B8_c1,,,B,B8_c1_TCGTAGAGTTAGAACA,B
B8_c1,,,B,B8_c1_TCGTAGATCCAATGGT,B
B8_c1,HMN52551,NI,B,B8_c1_TCTCATAAGCGTTCCG,B
B8_c1,HMN52540,NI,B,B8_c1_TCTCATAGTCCCTTGT,B
B8_c1,,,B,B8_c1_TCTTCGGTCGTTTATC,B
B8_c1,HMN52542,NI,B,B8_c1_TGACGGCTCTCCGGTT,B
B8_c1,,,B,B8_c1_TGACTAGTCAACACAC,B
B8_c1,HMN52541,flu,B,B8_c1_TGAGAGGCAAGAAGAG,B
B8_c1,HMN52551,NI,B,B8_c1_TGAGAGGCACAACTGT,B
B8_c1,,,B,B8_c1_TGAGCATGTGAGCGAT,B
B8_c1,,,B,B8_c1_TGCACCTAGTGGGATC,B
B8_c1,,,B,B8_c1_TGCCAAATCGGATGGA,B
B8_c1,HMN52539,flu,B,B8_c1_TGCCCATTCCATGAAC,B
B8_c1,HMN52542,NI,B,B8_c1_TGCCCTAAGAGTAAGG,B
B8_c1,HMN52551,NI,B,B8_c1_TGCGCAGCATTTCACT,B
B8_c1,,,B,B8_c1_TGCGTGGCAATGACCT,B
B8_c1,,,B,B8_c1_TGCGTGGGTTAGAACA,B
B8_c1,,,B,B8_c1_TGCTACCAGAACTCGG,B
B8_c1,,,B,B8_c1_TGCTACCAGTGTGAAT,B
B8_c1,,,B,B8_c1_TGCTGCTAGACAGAGA,B
B8_c1,HMN52542,NI,B,B8_c1_TGCTGCTGTTGTTTGG,B
B8_c1,HMN52551,NI,B,B8_c1_TGGACGCGTCGACTAT,B
B8_c1,,,B,B8_c1_TGGCCAGTCGCACTCT,B
B8_c1,,,B,B8_c1_TGGCGCACACTTAACG,B
B8_c1,HMN52551,NI,B,B8_c1_TGGCTGGAGCTCAACT,B
B8_c1,,,B,B8_c1_TGGGAAGCATCCTAGA,B
B8_c1,,,B,B8_c1_TGGGAAGGTCAAGCGA,B
B8_c1,,,B,B8_c1_TGGTTAGAGTGAAGAG,B
B8_c1,,,B,B8_c1_TGGTTAGTCCCAAGTA,B
B8_c1,,,B,B8_c1_TTAACTCGTGTGGCTC,B
B8_c1,HMN52539,flu,B,B8_c1_TTAGGACAGAATAGGG,B
B8_c1,,,B,B8_c1_TTAGTTCAGACTAGAT,B
B8_c1,,,B,B8_c1_TTATGCTTCATGTGGT,B
B8_c1,,,B,B8_c1_TTCCCAGAGCCAGTAG,B
B8_c1,HMN52542,NI,B,B8_c1_TTCGAAGTCCTCGCAT,B
B8_c1,HMN52542,NI,B,B8_c1_TTCGGTCAGAAACCTA,B
B8_c1,,,B,B8_c1_TTCGGTCGTGGACGAT,B
B8_c1,,,B,B8_c1_TTCGGTCTCACCGGGT,B
B8_c1,,,B,B8_c1_TTCGGTCTCTTACCGC,B
B8_c1,,,B,B8_c1_TTCTCAAGTACCGCTG,B
B8_c1,HMN52551,NI,B,B8_c1_TTCTCAAGTGTGGCTC,B
B8_c1,,,B,B8_c1_TTCTCCTTCTATCCTA,B
B8_c1,HMN52542,NI,B,B8_c1_TTGCGTCGTCTCAACA,B
B8_c1,HMN52551,NI,B,B8_c1_TTGGCAAAGCACCGCT,B
B8_c1,,,B,B8_c1_TTTACTGAGTTGAGTA,B
B8_c1,HMN52551,NI,B,B8_c1_TTTACTGCACATGACT,B
B8_c1,HMN52551,NI,B,B8_c1_TTTATGCCAAATACAG,B
B8_c1,HMN52551,NI,B,B8_c1_TTTGCGCCAAAGGAAG,B
B8_c1,HMN52551,NI,B,B8_c1_TTTGGTTAGACCTAGG,B
B8_c1,HMN52542,NI,B,B8_c1_TTTGGTTGTACTCTCC,B
B8_c1,HMN52540,NI,B,B8_c1_TTTGTCACAATAGCGG,B
B8_c2,,,B,B8_c2_AAACGGGAGAGACTTA,B
B8_c2,,,B,B8_c2_AAAGCAAAGCCGCCTA,B
B8_c2,HMN52540,flu,B,B8_c2_AAAGTAGTCACAATGC,B
B8_c2,,,B,B8_c2_AAATGCCAGTTGCAGG,B
B8_c2,HMN52553,NI,B,B8_c2_AAATGCCCAGCTGTTA,B
B8_c2,HMN52553,NI,B,B8_c2_AAATGCCGTTGGTTTG,B
B8_c2,HMN52541,NI,B,B8_c2_AACACGTTCAGTACGT,B
B8_c2,,,B,B8_c2_AACCATGAGAGCAATT,B
B8_c2,HMN52551,flu,B,B8_c2_AACCATGAGCCATCGC,B
B8_c2,HMN52553,NI,B,B8_c2_AACCATGGTCATATGC,B
B8_c2,HMN52553,NI,B,B8_c2_AACGTTGGTAATAGCA,B
B8_c2,,,B,B8_c2_AACTCAGTCCCAACGG,B
B8_c2,,,B,B8_c2_AACTCAGTCGCGTAGC,B
B8_c2,HMN52553,NI,B,B8_c2_AACTCCCAGACTAAGT,B
B8_c2,HMN52553,NI,B,B8_c2_AACTCCCCAAGACACG,B
B8_c2,,,B,B8_c2_AACTCCCCAATGGACG,B
B8_c2,HMN52539,NI,B,B8_c2_AACTCTTCATGGGACA,B
B8_c2,,,B,B8_c2_AACTTTCAGGCTCTTA,B
B8_c2,HMN52553,NI,B,B8_c2_AAGCCGCGTACCATCA,B
B8_c2,HMN52553,NI,B,B8_c2_AAGGAGCTCGGATGGA,B
B8_c2,,,B,B8_c2_AAGGAGCTCTGTCTCG,B
B8_c2,,,B,B8_c2_AAGGCAGTCGCCAAAT,B
B8_c2,HMN52540,flu,B,B8_c2_AATCCAGAGGAATTAC,B
B8_c2,,,B,B8_c2_AATCCAGAGTTTGCGT,B
B8_c2,HMN52540,flu,B,B8_c2_AATCCAGGTGAAAGAG,B
B8_c2,,,B,B8_c2_ACACCAATCAGTTAGC,B
B8_c2,,,B,B8_c2_ACACCCTGTAATCACC,B
B8_c2,HMN52542,flu,B,B8_c2_ACACCCTTCTTCCTTC,B
B8_c2,HMN52553,NI,B,B8_c2_ACAGCCGAGGTCGGAT,B
B8_c2,,,B,B8_c2_ACAGCCGGTTCTCATT,B
B8_c2,HMN52553,NI,B,B8_c2_ACATACGCAGGGAGAG,B
B8_c2,,,B,B8_c2_ACATCAGGTCCAACTA,B
B8_c2,,,B,B8_c2_ACATGGTAGCGATCCC,B
B8_c2,HMN52553,NI,B,B8_c2_ACATGGTGTCATCCCT,B
B8_c2,,,B,B8_c2_ACCAGTAAGAGTAATC,B
B8_c2,HMN52541,NI,B,B8_c2_ACCAGTAAGCCACTAT,B
B8_c2,,,B,B8_c2_ACCAGTAGTCTCTCTG,B
B8_c2,,,B,B8_c2_ACCCACTCAAGTAGTA,B
B8_c2,,,B,B8_c2_ACCCACTGTATAGGGC,B
B8_c2,,,B,B8_c2_ACCGTAAGTCACTTCC,B
B8_c2,HMN52553,NI,B,B8_c2_ACCGTAATCAAGATCC,B
B8_c2,,,B,B8_c2_ACGAGCCGTATAGGGC,B
B8_c2,HMN52539,NI,B,B8_c2_ACGAGCCTCCTTTCTC,B
B8_c2,HMN52551,flu,B,B8_c2_ACGAGGAGTCTCCATC,B
B8_c2,,,B,B8_c2_ACGAGGAGTTTGCATG,B
B8_c2,HMN52541,NI,B,B8_c2_ACGAGGATCAAAGTAG,B
B8_c2,,,B,B8_c2_ACGAGGATCGAGCCCA,B
B8_c2,HMN52539,NI,B,B8_c2_ACGATACAGAAACCAT,B
B8_c2,HMN52553,NI,B,B8_c2_ACGATACAGAAAGTGG,B
B8_c2,HMN52553,NI,B,B8_c2_ACGATACAGAGACGAA,B
B8_c2,HMN52553,NI,B,B8_c2_ACGCAGCAGCTCCCAG,B
B8_c2,,,B,B8_c2_ACGCCAGGTCAGAGGT,B
B8_c2,HMN52541,NI,B,B8_c2_ACGCCAGGTTAAGATG,B
B8_c2,,,B,B8_c2_ACGGCCAGTCCAGTTA,B
B8_c2,,,B,B8_c2_ACGGCCAGTGCAGTAG,B
B8_c2,HMN52551,flu,B,B8_c2_ACGTCAACAGCATGAG,B
B8_c2,,,B,B8_c2_ACGTCAATCGCTGATA,B
B8_c2,HMN52541,NI,B,B8_c2_ACTATCTAGTGAAGAG,B
B8_c2,,,B,B8_c2_ACTGAGTGTACTCTCC,B
B8_c2,HMN52541,NI,B,B8_c2_ACTGAGTTCGATGAGG,B
B8_c2,HMN52553,NI,B,B8_c2_ACTGATGAGATCCCAT,B
B8_c2,,,B,B8_c2_ACTGCTCAGTGTTTGC,B
B8_c2,,,B,B8_c2_ACTTGTTTCCGCATCT,B
B8_c2,HMN52542,flu,B,B8_c2_AGAGCGAGTTTGTTGG,B
B8_c2,HMN52541,NI,B,B8_c2_AGAGCTTCACTGTTAG,B
B8_c2,,,B,B8_c2_AGAGTGGTCAGGCGAA,B
B8_c2,,,B,B8_c2_AGATCTGAGTTATCGC,B
B8_c2,,,B,B8_c2_AGATCTGGTCTAAACC,B
B8_c2,HMN52553,NI,B,B8_c2_AGCGTATAGAGATGAG,B
B8_c2,,,B,B8_c2_AGCGTATCATACCATG,B
B8_c2,,,B,B8_c2_AGCGTCGAGTGTTTGC,B
B8_c2,,,B,B8_c2_AGCTTGACACGAGAGT,B
B8_c2,HMN52553,NI,B,B8_c2_AGCTTGATCTTACCTA,B
B8_c2,,,B,B8_c2_AGGCCACAGGGATCTG,B
B8_c2,HMN52553,NI,B,B8_c2_AGGGAGTAGTCTCGGC,B
B8_c2,,,B,B8_c2_AGGGTGATCGCGCCAA,B
B8_c2,,,B,B8_c2_AGGTCCGAGTGACTCT,B
B8_c2,,,B,B8_c2_AGGTCCGCAGGCTGAA,B
B8_c2,,,B,B8_c2_AGTGAGGGTAGCTAAA,B
B8_c2,,,B,B8_c2_AGTGGGACATACCATG,B
B8_c2,HMN52541,NI,B,B8_c2_AGTGTCATCCATGAAC,B
B8_c2,,,B,B8_c2_ATAACGCCACACCGAC,B
B8_c2,,,B,B8_c2_ATAACGCCAGGACCCT,B
B8_c2,,,B,B8_c2_ATAACGCGTCGGGTCT,B
B8_c2,HMN52553,NI,B,B8_c2_ATAAGAGAGTGAACAT,B
B8_c2,HMN52539,NI,B,B8_c2_ATAGACCAGGAGCGTT,B
B8_c2,,,B,B8_c2_ATAGACCTCGGAGGTA,B
B8_c2,HMN52539,NI,B,B8_c2_ATCCACCTCGGAAACG,B
B8_c2,,,B,B8_c2_ATCGAGTTCACTATTC,B
B8_c2,,,B,B8_c2_ATCTACTAGCTCCTCT,B
B8_c2,HMN52541,NI,B,B8_c2_ATCTACTTCGGACAAG,B
B8_c2,HMN52553,NI,B,B8_c2_ATGTGTGTCAGTCCCT,B
B8_c2,,,B,B8_c2_ATTACTCAGGCGCTCT,B
B8_c2,,,B,B8_c2_ATTATCCGTTTAGCTG,B
B8_c2,HMN52553,NI,B,B8_c2_ATTCTACTCGGCGCAT,B
B8_c2,HMN52553,NI,B,B8_c2_ATTCTACTCTATCCTA,B
B8_c2,,,B,B8_c2_ATTGGACGTAAATACG,B
B8_c2,HMN52553,NI,B,B8_c2_ATTGGTGTCCCTTGCA,B
B8_c2,,,B,B8_c2_ATTTCTGTCCAAATGC,B
B8_c2,HMN52542,flu,B,B8_c2_CAAGAAACATGTTCCC,B
B8_c2,HMN52553,NI,B,B8_c2_CAAGATCTCATGCAAC,B
B8_c2,HMN52553,NI,B,B8_c2_CAAGTTGAGCCCAGCT,B
B8_c2,HMN52553,NI,B,B8_c2_CAAGTTGCACCACCAG,B
B8_c2,,,B,B8_c2_CACACAATCTACTTAC,B
B8_c2,,,B,B8_c2_CACACTCAGACCACGA,B
B8_c2,HMN52539,NI,B,B8_c2_CACACTCAGCGTTCCG,B
B8_c2,,,B,B8_c2_CACAGTAAGTGAATTG,B
B8_c2,,,B,B8_c2_CACATTTAGTACGACG,B
B8_c2,HMN52553,NI,B,B8_c2_CACATTTGTAAGAGGA,B
B8_c2,HMN52539,NI,B,B8_c2_CAGAATCCAACACCCG,B
B8_c2,,,B,B8_c2_CAGAATCTCGCCCTTA,B
B8_c2,HMN52541,NI,B,B8_c2_CAGAGAGCATCGATTG,B
B8_c2,,,B,B8_c2_CAGAGAGGTTGTCGCG,B
B8_c2,HMN52539,NI,B,B8_c2_CAGCATAAGCTAGTGG,B
B8_c2,,,B,B8_c2_CAGCATACACAAGCCC,B
B8_c2,,,B,B8_c2_CAGCCGAAGAGAGCTC,B
B8_c2,HMN52553,NI,B,B8_c2_CAGCGACAGCACCGCT,B
B8_c2,,,B,B8_c2_CAGCGACTCGTGGTCG,B
B8_c2,HMN52553,NI,B,B8_c2_CAGCTAAAGCTCCTTC,B
B8_c2,HMN52541,NI,B,B8_c2_CAGCTAAAGTAACCCT,B
B8_c2,HMN52553,NI,B,B8_c2_CAGTCCTGTCCTCTTG,B
B8_c2,HMN52541,NI,B,B8_c2_CATATGGAGCTTTGGT,B
B8_c2,,,B,B8_c2_CATATGGCACGCCAGT,B
B8_c2,,,B,B8_c2_CATATGGTCTCGAGTA,B
B8_c2,HMN52553,NI,B,B8_c2_CATATTCAGACAGACC,B
B8_c2,HMN52539,NI,B,B8_c2_CATATTCTCACTATTC,B
B8_c2,,,B,B8_c2_CATCAGAAGTTCGCAT,B
B8_c2,HMN52553,NI,B,B8_c2_CATCGAAAGGCGCTCT,B
B8_c2,HMN52553,NI,B,B8_c2_CATCGAAGTTGCGTTA,B
B8_c2,HMN52553,NI,B,B8_c2_CATCGGGAGTTAGCGG,B
B8_c2,HMN52553,NI,B,B8_c2_CATGACAAGCCGCCTA,B
B8_c2,,,B,B8_c2_CATTATCAGCTGCAAG,B
B8_c2,HMN52553,NI,B,B8_c2_CATTCGCAGGTGCTAG,B
B8_c2,,,B,B8_c2_CATTCGCCAAGTCTGT,B
B8_c2,,,B,B8_c2_CATTCGCGTTTCGCTC,B
B8_c2,,,B,B8_c2_CCAATCCCAATGGAAT,B
B8_c2,,,B,B8_c2_CCAATCCCACTCAGGC,B
B8_c2,HMN52541,NI,B,B8_c2_CCACCTACAGACAAAT,B
B8_c2,,,B,B8_c2_CCACGGACAGTAAGCG,B
B8_c2,,,B,B8_c2_CCACTACGTGACTCAT,B
B8_c2,HMN52553,NI,B,B8_c2_CCAGCGAGTGTTTGGT,B
B8_c2,,,B,B8_c2_CCCAATCAGACGACGT,B
B8_c2,HMN52539,NI,B,B8_c2_CCCAATCAGGAGCGAG,B
B8_c2,,,B,B8_c2_CCCAATCGTCTCCACT,B
B8_c2,HMN52553,NI,B,B8_c2_CCCAGTTTCATCGATG,B
B8_c2,,,B,B8_c2_CCCAGTTTCGGCGCTA,B
B8_c2,HMN52541,NI,B,B8_c2_CCCATACCATTTCACT,B
B8_c2,HMN52541,NI,B,B8_c2_CCCTCCTAGAAGATTC,B
B8_c2,,,B,B8_c2_CCCTCCTGTCTTTCAT,B
B8_c2,HMN52540,flu,B,B8_c2_CCGGGATAGCCCAGCT,B
B8_c2,,,B,B8_c2_CCGTGGAAGATAGTCA,B
B8_c2,,,B,B8_c2_CCGTGGACATGAACCT,B
B8_c2,HMN52553,NI,B,B8_c2_CCGTGGATCAAAGTAG,B
B8_c2,HMN52541,NI,B,B8_c2_CCGTTCAAGCAATATG,B
B8_c2,,,B,B8_c2_CCGTTCAGTCGACTAT,B
B8_c2,,,B,B8_c2_CCTAAAGGTGCGCTTG,B
B8_c2,HMN52553,NI,B,B8_c2_CCTAAAGTCTGTACGA,B
B8_c2,HMN52553,NI,B,B8_c2_CCTACACAGTACACCT,B
B8_c2,HMN52553,NI,B,B8_c2_CCTACACCAGCCAATT,B
B8_c2,HMN52539,NI,B,B8_c2_CCTACACGTATAAACG,B
B8_c2,HMN52553,NI,B,B8_c2_CCTACACTCTCGGACG,B
B8_c2,,,B,B8_c2_CCTTCCCCAGAGCCAA,B
B8_c2,HMN52541,NI,B,B8_c2_CCTTCCCCAGGTGCCT,B
B8_c2,,,B,B8_c2_CCTTCGAAGTCGTTTG,B
B8_c2,,,B,B8_c2_CCTTCGAGTTGGACCC,B
B8_c2,HMN52539,NI,B,B8_c2_CCTTCGATCCCAGGTG,B
B8_c2,HMN52541,NI,B,B8_c2_CCTTTCTAGCGCCTTG,B
B8_c2,,,B,B8_c2_CCTTTCTCAAGGTTTC,B
B8_c2,HMN52553,NI,B,B8_c2_CGAATGTAGTGCGTGA,B
B8_c2,HMN52553,NI,B,B8_c2_CGACCTTAGCGTGTCC,B
B8_c2,,,B,B8_c2_CGACCTTGTCCCTACT,B
B8_c2,HMN52553,NI,B,B8_c2_CGAGAAGAGGGTCGAT,B
B8_c2,,,B,B8_c2_CGAGCCAAGTTAGCGG,B
B8_c2,,,B,B8_c2_CGATGTACAAGTTCTG,B
B8_c2,HMN52553,NI,B,B8_c2_CGATTGAAGTGTCCCG,B
B8_c2,HMN52553,NI,B,B8_c2_CGATTGAGTACCGTAT,B
B8_c2,,,B,B8_c2_CGCCAAGAGATCCCGC,B
B8_c2,HMN52539,NI,B,B8_c2_CGCCAAGAGCGAAGGG,B
B8_c2,HMN52541,NI,B,B8_c2_CGCCAAGGTACCGTAT,B
B8_c2,,,B,B8_c2_CGCTGGAAGTCGTACT,B
B8_c2,HMN52553,NI,B,B8_c2_CGCTTCACATCACCCT,B
B8_c2,HMN52553,NI,B,B8_c2_CGCTTCAGTTTGACTG,B
B8_c2,,,B,B8_c2_CGGACACCATAAGACA,B
B8_c2,,,B,B8_c2_CGGACGTAGAGTCGGT,B
B8_c2,HMN52553,NI,B,B8_c2_CGGACTGCAGACACTT,B
B8_c2,HMN52541,NI,B,B8_c2_CGGACTGGTGTGCCTG,B
B8_c2,HMN52539,NI,B,B8_c2_CGGCTAGAGCAAATCA,B
B8_c2,,,B,B8_c2_CGGCTAGTCACCATAG,B
B8_c2,,,B,B8_c2_CGGGTCACAAGCCCAC,B
B8_c2,,,B,B8_c2_CGGTTAACATACTCTT,B
B8_c2,,,B,B8_c2_CGTAGCGGTGCTAGCC,B
B8_c2,,,B,B8_c2_CGTAGGCTCAGGTTCA,B
B8_c2,,,B,B8_c2_CGTCACTGTAACGACG,B
B8_c2,,,B,B8_c2_CGTCAGGCACGCATCG,B
B8_c2,,,B,B8_c2_CGTCAGGGTGTTGGGA,B
B8_c2,,,B,B8_c2_CGTCCATCACCAGGTC,B
B8_c2,HMN52553,NI,B,B8_c2_CGTCTACTCTGCGGCA,B
B8_c2,,,B,B8_c2_CGTGAGCGTCATGCAT,B
B8_c2,HMN52553,NI,B,B8_c2_CGTTAGACAGATCCAT,B
B8_c2,,,B,B8_c2_CGTTCTGTCATGCAAC,B
B8_c2,HMN52553,NI,B,B8_c2_CGTTCTGTCTGCGTAA,B
B8_c2,,,B,B8_c2_CGTTGGGGTTAGATGA,B
B8_c2,,,B,B8_c2_CTAACTTGTCACTTCC,B
B8_c2,,,B,B8_c2_CTAAGACAGTTGCAGG,B
B8_c2,HMN52553,NI,B,B8_c2_CTACACCCATGGTAGG,B
B8_c2,HMN52553,NI,B,B8_c2_CTAGAGTAGCTGAAAT,B
B8_c2,,,B,B8_c2_CTAGAGTGTTAAGACA,B
B8_c2,,,B,B8_c2_CTAGAGTTCCGTCAAA,B
B8_c2,HMN52553,NI,B,B8_c2_CTAGTGAGTTCAGCGC,B
B8_c2,HMN52553,NI,B,B8_c2_CTAGTGAGTTGCGCAC,B
B8_c2,HMN52553,NI,B,B8_c2_CTCCTAGAGAGGGATA,B
B8_c2,HMN52553,NI,B,B8_c2_CTCCTAGAGCTGAACG,B
B8_c2,,,B,B8_c2_CTCGAGGAGAACAACT,B
B8_c2,HMN52553,NI,B,B8_c2_CTCGAGGAGGGTTTCT,B
B8_c2,HMN52553,NI,B,B8_c2_CTCGGAGCAGCGATCC,B
B8_c2,HMN52541,NI,B,B8_c2_CTCGGAGGTGTTAAGA,B
B8_c2,HMN52539,NI,B,B8_c2_CTCGGAGTCAATACCG,B
B8_c2,HMN52541,NI,B,B8_c2_CTCGTACAGCGAAGGG,B
B8_c2,HMN52541,NI,B,B8_c2_CTCGTACAGCGTGTCC,B
B8_c2,HMN52553,NI,B,B8_c2_CTCGTACGTTCGTCTC,B
B8_c2,HMN52553,NI,B,B8_c2_CTCGTCATCAACACCA,B
B8_c2,,,B,B8_c2_CTCTACGGTCTTGCGG,B
B8_c2,,,B,B8_c2_CTCTACGTCTCGTATT,B
B8_c2,HMN52553,NI,B,B8_c2_CTCTGGTTCCACTCCA,B
B8_c2,HMN52553,NI,B,B8_c2_CTGAAACCATCGGGTC,B
B8_c2,,,B,B8_c2_CTGAAACCATCTCCCA,B
B8_c2,HMN52539,NI,B,B8_c2_CTGAAGTAGTCAAGGC,B
B8_c2,,,B,B8_c2_CTGAAGTTCCTCTAGC,B
B8_c2,,,B,B8_c2_CTGATAGAGATCGGGT,B
B8_c2,HMN52553,NI,B,B8_c2_CTGATAGAGTTAACGA,B
B8_c2,HMN52553,NI,B,B8_c2_CTGATAGGTGACTCAT,B
B8_c2,,,B,B8_c2_CTGCGGAAGATGCCTT,B
B8_c2,,,B,B8_c2_CTTAACTAGTGTCTCA,B
B8_c2,,,B,B8_c2_CTTACCGTCGCAAGCC,B
B8_c2,HMN52553,NI,B,B8_c2_CTTAGGAAGCAGCGTA,B
B8_c2,,,B,B8_c2_CTTCTCTCAGGTCCAC,B
B8_c2,,,B,B8_c2_CTTCTCTCATGCATGT,B
B8_c2,,,B,B8_c2_CTTCTCTGTCGAGATG,B
B8_c2,,,B,B8_c2_CTTTGCGAGCATCATC,B
B8_c2,HMN52553,NI,B,B8_c2_GAAACTCAGTGGGATC,B
B8_c2,HMN52553,NI,B,B8_c2_GAAACTCTCAAACCAC,B
B8_c2,,,B,B8_c2_GAAATGAAGCTACCGC,B
B8_c2,HMN52553,NI,B,B8_c2_GAAATGATCTGCAGTA,B
B8_c2,HMN52541,NI,B,B8_c2_GAACATCTCCGCAGTG,B
B8_c2,HMN52539,NI,B,B8_c2_GAACCTATCGTTTGCC,B
B8_c2,HMN52541,NI,B,B8_c2_GAACGGAGTGTGGTTT,B
B8_c2,HMN52553,NI,B,B8_c2_GAAGCAGTCACAATGC,B
B8_c2,HMN52541,NI,B,B8_c2_GACCAATCAATCCAAC,B
B8_c2,HMN52553,NI,B,B8_c2_GACCTGGAGATTACCC,B
B8_c2,HMN52541,NI,B,B8_c2_GACCTGGAGGCTCAGA,B
B8_c2,HMN52553,NI,B,B8_c2_GACGCGTAGCCCGAAA,B
B8_c2,,,B,B8_c2_GACGGCTGTCGGATCC,B
B8_c2,,,B,B8_c2_GACGGCTTCGGCCGAT,B
B8_c2,,,B,B8_c2_GACGGCTTCGGTCCGA,B
B8_c2,HMN52541,NI,B,B8_c2_GACGTGCCACCACGTG,B
B8_c2,,,B,B8_c2_GACGTGCGTGTTAAGA,B
B8_c2,,,B,B8_c2_GACGTTAAGGCACATG,B
B8_c2,,,B,B8_c2_GACGTTAGTTGTACAC,B
B8_c2,,,B,B8_c2_GACTACACAAGGTTTC,B
B8_c2,HMN52541,NI,B,B8_c2_GACTACATCAGCATGT,B
B8_c2,,,B,B8_c2_GACTACATCTCGAGTA,B
B8_c2,,,B,B8_c2_GACTGCGGTTGATTGC,B
B8_c2,,,B,B8_c2_GAGCAGACAGACACTT,B
B8_c2,HMN52553,NI,B,B8_c2_GAGCAGAGTGCAACTT,B
B8_c2,HMN52541,NI,B,B8_c2_GAGCAGATCTGCGACG,B
B8_c2,,,B,B8_c2_GAGGTGAAGGATATAC,B
B8_c2,HMN52553,NI,B,B8_c2_GAGTCCGTCTCGCTTG,B
B8_c2,HMN52539,NI,B,B8_c2_GATCGCGAGCTTATCG,B
B8_c2,HMN52551,flu,B,B8_c2_GATGAAACACGCATCG,B
B8_c2,,,B,B8_c2_GATGAAAGTAGATTAG,B
B8_c2,HMN52539,NI,B,B8_c2_GATGAAAGTAGCGTCC,B
B8_c2,,,B,B8_c2_GATGAGGCATCACCCT,B
B8_c2,,,B,B8_c2_GATTCAGCAAGTCTGT,B
B8_c2,HMN52553,NI,B,B8_c2_GATTCAGCACCTCGTT,B
B8_c2,,,B,B8_c2_GATTCAGCACGCATCG,B
B8_c2,HMN52551,flu,B,B8_c2_GCAAACTCATCGGAAG,B
B8_c2,,,B,B8_c2_GCAAACTTCACATGCA,B
B8_c2,,,B,B8_c2_GCACATACATTGGTAC,B
B8_c2,,,B,B8_c2_GCACATATCCCTTGCA,B
B8_c2,,,B,B8_c2_GCAGTTAAGTTTAGGA,B
B8_c2,,,B,B8_c2_GCATACACATCAGTCA,B
B8_c2,,,B,B8_c2_GCATACATCGTGGACC,B
B8_c2,,,B,B8_c2_GCATGATCATGCAATC,B
B8_c2,,,B,B8_c2_GCATGCGGTTCGAATC,B
B8_c2,,,B,B8_c2_GCATGTAAGAACTGTA,B
B8_c2,HMN52553,NI,B,B8_c2_GCATGTAGTGCCTGCA,B
B8_c2,,,B,B8_c2_GCATGTATCGTCCGTT,B
B8_c2,HMN52539,NI,B,B8_c2_GCATGTATCTGAGTGT,B
B8_c2,HMN52541,NI,B,B8_c2_GCGACCAAGAACTGTA,B
B8_c2,HMN52553,NI,B,B8_c2_GCGCAACTCAGCGACC,B
B8_c2,,,B,B8_c2_GCGCCAACACATGGGA,B
B8_c2,,,B,B8_c2_GCGCGATCATGAGCGA,B
B8_c2,HMN52553,NI,B,B8_c2_GCGGGTTCAGTGACAG,B
B8_c2,HMN52553,NI,B,B8_c2_GCTCCTAAGTGGTAAT,B
B8_c2,HMN52553,NI,B,B8_c2_GCTGCAGAGATGCCAG,B
B8_c2,HMN52541,NI,B,B8_c2_GCTGCAGAGGTCGGAT,B
B8_c2,HMN52539,NI,B,B8_c2_GCTGCTTGTTCGCGAC,B
B8_c2,,,B,B8_c2_GCTGGGTCACGGTGTC,B
B8_c2,,,B,B8_c2_GCTGGGTTCTACTCAT,B
B8_c2,HMN52542,flu,B,B8_c2_GCTTGAACAAGCGCTC,B
B8_c2,,,B,B8_c2_GCTTGAACACAACTGT,B
B8_c2,,,B,B8_c2_GCTTGAATCGGCTTGG,B
B8_c2,HMN52553,NI,B,B8_c2_GGAAAGCAGTTATCGC,B
B8_c2,,,B,B8_c2_GGAACTTCAATGTAAG,B
B8_c2,,,B,B8_c2_GGAACTTGTAGCTTGT,B
B8_c2,,,B,B8_c2_GGAATAAAGGTTACCT,B
B8_c2,HMN52539,NI,B,B8_c2_GGAATAAAGTGGCACA,B
B8_c2,HMN52541,NI,B,B8_c2_GGAGCAACACATAACC,B
B8_c2,,,B,B8_c2_GGAGCAAGTCAACTGT,B
B8_c2,HMN52541,NI,B,B8_c2_GGATGTTAGAGTGAGA,B
B8_c2,,,B,B8_c2_GGATGTTCATTGGTAC,B
B8_c2,,,B,B8_c2_GGATGTTGTATAGTAG,B
B8_c2,,,B,B8_c2_GGATTACGTGCAGGTA,B
B8_c2,,,B,B8_c2_GGCAATTGTCATATGC,B
B8_c2,,,B,B8_c2_GGCGACTAGCTAGTCT,B
B8_c2,HMN52553,NI,B,B8_c2_GGCGACTCACAGCCCA,B
B8_c2,,,B,B8_c2_GGCTCGATCAATCACG,B
B8_c2,HMN52553,NI,B,B8_c2_GGGAGATGTCAGCTAT,B
B8_c2,,,B,B8_c2_GGGAGATTCATAACCG,B
B8_c2,,,B,B8_c2_GGGCACTTCAACGCTA,B
B8_c2,HMN52539,NI,B,B8_c2_GGGCATCAGACTAGGC,B
B8_c2,,,B,B8_c2_GGGCATCAGATCGGGT,B
B8_c2,,,B,B8_c2_GGGCATCGTACGCTGC,B
B8_c2,,,B,B8_c2_GGGTTGCCAGTCAGCC,B
B8_c2,,,B,B8_c2_GGTATTGAGAAGGCCT,B
B8_c2,,,B,B8_c2_GGTATTGGTGTGGTTT,B
B8_c2,HMN52553,NI,B,B8_c2_GGTGAAGAGTTAGCGG,B
B8_c2,,,B,B8_c2_GGTGCGTAGTGCTGCC,B
B8_c2,,,B,B8_c2_GGTGCGTCAGTAGAGC,B
B8_c2,,,B,B8_c2_GTAACGTGTAATTGGA,B
B8_c2,,,B,B8_c2_GTAACTGCACGGCTAC,B
B8_c2,,,B,B8_c2_GTAACTGGTCTAGCCG,B
B8_c2,HMN52542,flu,B,B8_c2_GTACGTACATCGGAAG,B
B8_c2,,,B,B8_c2_GTAGGCCTCCTACAGA,B
B8_c2,,,B,B8_c2_GTAGTCACATGTCGAT,B
B8_c2,,,B,B8_c2_GTATCTTCAAGTACCT,B
B8_c2,,,B,B8_c2_GTATCTTGTATGAATG,B
B8_c2,,,B,B8_c2_GTATTCTAGTGATCGG,B
B8_c2,HMN52541,NI,B,B8_c2_GTATTCTGTGATAAAC,B
B8_c2,HMN52553,NI,B,B8_c2_GTATTCTTCAGAAATG,B
B8_c2,HMN52541,NI,B,B8_c2_GTCCTCAAGACTCGGA,B
B8_c2,,,B,B8_c2_GTCCTCATCCTGCCAT,B
B8_c2,,,B,B8_c2_GTCGGGTAGTAGTGCG,B
B8_c2,HMN52539,NI,B,B8_c2_GTCGGGTCAGGTTTCA,B
B8_c2,,,B,B8_c2_GTCGGGTGTGACGGTA,B
B8_c2,,,B,B8_c2_GTCGGGTTCCGTCATC,B
B8_c2,HMN52541,NI,B,B8_c2_GTGAAGGCAACACCCG,B
B8_c2,HMN52539,NI,B,B8_c2_GTGCTTCAGCCCAATT,B
B8_c2,,,B,B8_c2_GTGCTTCTCTTGTACT,B
B8_c2,,,B,B8_c2_GTGGGTCAGGGAAACA,B
B8_c2,,,B,B8_c2_GTGTGCGAGCCTTGAT,B
B8_c2,HMN52553,NI,B,B8_c2_GTGTTAGAGATCACGG,B
B8_c2,HMN52553,NI,B,B8_c2_GTGTTAGTCTGCCAGG,B
B8_c2,,,B,B8_c2_GTTAAGCTCACTTCAT,B
B8_c2,,,B,B8_c2_GTTACAGTCCTAGGGC,B
B8_c2,HMN52553,NI,B,B8_c2_GTTCATTCACGAGAGT,B
B8_c2,HMN52541,NI,B,B8_c2_GTTCATTGTATAGGGC,B
B8_c2,HMN52553,NI,B,B8_c2_GTTCATTTCACATGCA,B
B8_c2,,,B,B8_c2_GTTCATTTCTACGAGT,B
B8_c2,HMN52553,NI,B,B8_c2_GTTCGGGAGCCAGAAC,B
B8_c2,,,B,B8_c2_GTTCGGGGTCGACTGC,B
B8_c2,HMN52539,NI,B,B8_c2_GTTCGGGTCAGCATGT,B
B8_c2,HMN52553,NI,B,B8_c2_GTTCGGGTCCGCTGTT,B
B8_c2,,,B,B8_c2_GTTCTCGGTGAAAGAG,B
B8_c2,,,B,B8_c2_GTTCTCGTCACAGGCC,B
B8_c2,HMN52541,NI,B,B8_c2_GTTCTCGTCGGAGCAA,B
B8_c2,,,B,B8_c2_GTTTCTAAGCGATATA,B
B8_c2,,,B,B8_c2_GTTTCTATCACCTCGT,B
B8_c2,,,B,B8_c2_TAAGAGAGTTATCACG,B
B8_c2,,,B,B8_c2_TAAGCGTGTCTCTCGT,B
B8_c2,HMN52553,NI,B,B8_c2_TAAGCGTTCAGGTTCA,B
B8_c2,HMN52553,NI,B,B8_c2_TAAGTGCAGGTGCAAC,B
B8_c2,,,B,B8_c2_TAAGTGCTCTTATCTG,B
B8_c2,HMN52553,NI,B,B8_c2_TACAGTGGTATCTGCA,B
B8_c2,,,B,B8_c2_TACCTATAGTGGAGTC,B
B8_c2,,,B,B8_c2_TACCTATCACAGTCGC,B
B8_c2,HMN52541,NI,B,B8_c2_TACCTTAGTGCCTGGT,B
B8_c2,,,B,B8_c2_TACGGATAGGTACTCT,B
B8_c2,HMN52541,NI,B,B8_c2_TACGGATTCCGCTGTT,B
B8_c2,HMN52553,NI,B,B8_c2_TACGGATTCTCGTTTA,B
B8_c2,,,B,B8_c2_TACGGATTCTGTCCGT,B
B8_c2,HMN52540,flu,B,B8_c2_TACGGGCAGTTGAGAT,B
B8_c2,HMN52553,NI,B,B8_c2_TACGGGCTCCAGGGCT,B
B8_c2,,,B,B8_c2_TACGGTACACGGTAGA,B
B8_c2,HMN52541,NI,B,B8_c2_TACGGTACATCGTCGG,B
B8_c2,,,B,B8_c2_TACTCATTCCACGAAT,B
B8_c2,HMN52542,flu,B,B8_c2_TAGCCGGAGGCTAGAC,B
B8_c2,HMN52553,NI,B,B8_c2_TAGCCGGGTCCTCTTG,B
B8_c2,HMN52539,NI,B,B8_c2_TAGGCATCACTTAACG,B
B8_c2,HMN52553,NI,B,B8_c2_TAGTGGTCACGACTCG,B
B8_c2,,,B,B8_c2_TAGTTGGTCGCTTAGA,B
B8_c2,,,B,B8_c2_TATCTCAAGAAGGGTA,B
B8_c2,HMN52541,NI,B,B8_c2_TATCTCATCAGCAACT,B
B8_c2,,,B,B8_c2_TCACAAGTCAGAGCTT,B
B8_c2,,,B,B8_c2_TCACGAATCGCTTAGA,B
B8_c2,,,B,B8_c2_TCAGATGAGAAGGACA,B
B8_c2,,,B,B8_c2_TCAGATGGTTATCGGT,B
B8_c2,HMN52553,NI,B,B8_c2_TCAGCAAAGGACATTA,B
B8_c2,HMN52539,NI,B,B8_c2_TCAGCTCCACCTCGTT,B
B8_c2,,,B,B8_c2_TCAGGTATCTTTACGT,B
B8_c2,HMN52541,NI,B,B8_c2_TCATTACAGGGCATGT,B
B8_c2,HMN52542,flu,B,B8_c2_TCATTACTCCCTAATT,B
B8_c2,,,B,B8_c2_TCATTTGCAGTAAGAT,B
B8_c2,HMN52553,NI,B,B8_c2_TCATTTGGTGAGGCTA,B
B8_c2,HMN52553,NI,B,B8_c2_TCCACACCACCATCCT,B
B8_c2,HMN52541,NI,B,B8_c2_TCCACACCATCAGTAC,B
B8_c2,,,B,B8_c2_TCCCGATCATGCCTAA,B
B8_c2,,,B,B8_c2_TCGAGGCAGTGGACGT,B
B8_c2,,,B,B8_c2_TCGCGAGGTTCTGAAC,B
B8_c2,,,B,B8_c2_TCGCGTTTCCGCATCT,B
B8_c2,HMN52553,NI,B,B8_c2_TCGTACCGTACCGAGA,B
B8_c2,HMN52541,NI,B,B8_c2_TCGTACCTCTACTTAC,B
B8_c2,HMN52541,NI,B,B8_c2_TCTATTGGTACATCCA,B
B8_c2,,,B,B8_c2_TCTCATATCACCGTAA,B
B8_c2,HMN52541,NI,B,B8_c2_TCTGAGAAGATCCCAT,B
B8_c2,HMN52540,flu,B,B8_c2_TCTGAGACATACCATG,B
B8_c2,,,B,B8_c2_TCTGAGAGTAGGCTGA,B
B8_c2,HMN52541,NI,B,B8_c2_TCTGAGAGTGTGCCTG,B
B8_c2,,,B,B8_c2_TCTGGAACACCAGGTC,B
B8_c2,,,B,B8_c2_TCTTCGGAGCGGATCA,B
B8_c2,HMN52553,NI,B,B8_c2_TCTTTCCAGCCACCTG,B
B8_c2,HMN52553,NI,B,B8_c2_TCTTTCCTCATGTAGC,B
B8_c2,,,B,B8_c2_TGAAAGAAGACACTAA,B
B8_c2,HMN52541,NI,B,B8_c2_TGACAACAGCTTTGGT,B
B8_c2,HMN52541,NI,B,B8_c2_TGACAACCAGTGAGTG,B
B8_c2,HMN52551,flu,B,B8_c2_TGACGGCAGTCGTACT,B
B8_c2,,,B,B8_c2_TGACGGCCAGCCTATA,B
B8_c2,,,B,B8_c2_TGACGGCTCTAACTCT,B
B8_c2,,,B,B8_c2_TGACTAGAGGAGTAGA,B
B8_c2,,,B,B8_c2_TGACTTTAGAAACCAT,B
B8_c2,HMN52553,NI,B,B8_c2_TGACTTTCACTTCTGC,B
B8_c2,,,B,B8_c2_TGAGCATAGTCTCGGC,B
B8_c2,HMN52541,NI,B,B8_c2_TGAGCCGGTTACGACT,B
B8_c2,,,B,B8_c2_TGCACCTGTGTGAAAT,B
B8_c2,,,B,B8_c2_TGCCCTACAATTGCTG,B
B8_c2,,,B,B8_c2_TGCCCTAGTGCTTCTC,B
B8_c2,HMN52541,NI,B,B8_c2_TGCGTGGCAGCTTCGG,B
B8_c2,,,B,B8_c2_TGCTACCAGTCTTGCA,B
B8_c2,HMN52541,NI,B,B8_c2_TGCTACCCACCCTATC,B
B8_c2,HMN52553,NI,B,B8_c2_TGCTACCTCGAATGGG,B
B8_c2,,,B,B8_c2_TGGACGCCAATCTACG,B
B8_c2,,,B,B8_c2_TGGCCAGTCACAGGCC,B
B8_c2,,,B,B8_c2_TGGCGCATCGCATGGC,B
B8_c2,,,B,B8_c2_TGGCTGGAGCAACGGT,B
B8_c2,HMN52542,flu,B,B8_c2_TGGGAAGAGCTAGTGG,B
B8_c2,,,B,B8_c2_TGGGCGTAGGGTGTTG,B
B8_c2,HMN52542,flu,B,B8_c2_TGGGCGTCAACTTGAC,B
B8_c2,,,B,B8_c2_TGGTTCCGTGGACGAT,B
B8_c2,,,B,B8_c2_TGTCCCAAGTATTGGA,B
B8_c2,,,B,B8_c2_TGTCCCACAGCGAACA,B
B8_c2,,,B,B8_c2_TGTCCCAGTCAAAGAT,B
B8_c2,,,B,B8_c2_TGTCCCATCGAATGGG,B
B8_c2,,,B,B8_c2_TGTGGTATCACTGGGC,B
B8_c2,HMN52541,NI,B,B8_c2_TGTTCCGGTGTGGTTT,B
B8_c2,HMN52541,NI,B,B8_c2_TTAACTCAGACCACGA,B
B8_c2,HMN52553,NI,B,B8_c2_TTAGGACCAGTGGAGT,B
B8_c2,,,B,B8_c2_TTCCCAGCATCTATGG,B
B8_c2,HMN52541,NI,B,B8_c2_TTCCCAGGTCTGATTG,B
B8_c2,HMN52541,NI,B,B8_c2_TTCCCAGGTTTAAGCC,B
B8_c2,HMN52553,NI,B,B8_c2_TTCGAAGAGGCGACAT,B
B8_c2,HMN52541,NI,B,B8_c2_TTCGAAGGTCTACCTC,B
B8_c2,HMN52541,NI,B,B8_c2_TTCTCAACAGATGGCA,B
B8_c2,,,B,B8_c2_TTCTCAAGTACGCACC,B
B8_c2,,,B,B8_c2_TTCTCCTCAGCGATCC,B
B8_c2,HMN52541,NI,B,B8_c2_TTCTCCTCAGGACGTA,B
B8_c2,,,B,B8_c2_TTGACTTCATATACCG,B
B8_c2,HMN52541,NI,B,B8_c2_TTGACTTTCAGTCCCT,B
B8_c2,,,B,B8_c2_TTGCCGTCATGGGACA,B
B8_c2,HMN52541,NI,B,B8_c2_TTGGAACCACAGGCCT,B
B8_c2,,,B,B8_c2_TTGGAACTCATCACCC,B
B8_c2,HMN52541,NI,B,B8_c2_TTGGCAAAGCGATAGC,B
B8_c2,,,B,B8_c2_TTGGCAATCCCAGGTG,B
B8_c2,HMN52541,NI,B,B8_c2_TTTATGCAGCTCAACT,B
B8_c2,HMN52539,NI,B,B8_c2_TTTCCTCAGTGGAGAA,B
B8_c2,HMN52553,NI,B,B8_c2_TTTGGTTCACACCGCA,B
B8_c2,,,B,B8_c2_TTTGGTTTCTGGTGTA,B
B9_c1,,,B,B9_c1_AAACCTGAGCGATCCC,B
B9_c1,,,B,B9_c1_AAAGATGAGAGCCTAG,B
B9_c1,,,B,B9_c1_AAAGATGGTCCATCCT,B
B9_c1,,,B,B9_c1_AAAGTAGAGCGATTCT,B
B9_c1,HMN52554,NI,B,B9_c1_AAATGCCTCGTAGGAG,B
B9_c1,,,B,B9_c1_AACCGCGTCGATGAGG,B
B9_c1,HMN52556,NI,B,B9_c1_AACCGCGTCGGTGTTA,B
B9_c1,,,B,B9_c1_AACTCAGCACCTTGTC,B
B9_c1,,,B,B9_c1_AACTGGTTCCTCAATT,B
B9_c1,HMN52549,flu,B,B9_c1_AAGACCTTCAACCAAC,B
B9_c1,,,B,B9_c1_AAGGAGCGTGTTGGGA,B
B9_c1,,,B,B9_c1_AAGGCAGTCAGTTAGC,B
B9_c1,HMN52554,NI,B,B9_c1_AAGGTTCAGCGTGAGT,B
B9_c1,,,B,B9_c1_AAGGTTCGTATTCTCT,B
B9_c1,,,B,B9_c1_AATCGGTCAATCTACG,B
B9_c1,,,B,B9_c1_AATCGGTGTTTGACAC,B
B9_c1,,,B,B9_c1_ACACCGGCATGATCCA,B
B9_c1,HMN52547,NI,B,B9_c1_ACACTGAAGCCCAGCT,B
B9_c1,HMN52547,NI,B,B9_c1_ACACTGACAAGAAGAG,B
B9_c1,,,B,B9_c1_ACACTGAGTTAAAGAC,B
B9_c1,,,B,B9_c1_ACAGCTACAAATACAG,B
B9_c1,,,B,B9_c1_ACAGCTAGTAGCCTCG,B
B9_c1,HMN52556,NI,B,B9_c1_ACATACGCATTGCGGC,B
B9_c1,,,B,B9_c1_ACATCAGAGGCTCAGA,B
B9_c1,,,B,B9_c1_ACATCAGCAAAGGCGT,B
B9_c1,HMN52556,NI,B,B9_c1_ACATCAGGTATCAGTC,B
B9_c1,,,B,B9_c1_ACATGGTCAATCCGAT,B
B9_c1,HMN52556,NI,B,B9_c1_ACCAGTACACCAGCAC,B
B9_c1,,,B,B9_c1_ACCCACTAGGCATTGG,B
B9_c1,HMN52556,NI,B,B9_c1_ACCCACTGTGGTTTCA,B
B9_c1,HMN52554,NI,B,B9_c1_ACCTTTAAGTACGACG,B
B9_c1,HMN52549,flu,B,B9_c1_ACGAGGAAGACTGTAA,B
B9_c1,,,B,B9_c1_ACGAGGATCACCCTCA,B
B9_c1,,,B,B9_c1_ACGCCAGAGGTTACCT,B
B9_c1,,,B,B9_c1_ACGCCGAGTATATCCG,B
B9_c1,HMN52547,NI,B,B9_c1_ACGGAGAAGTGAAGAG,B
B9_c1,,,B,B9_c1_ACGGAGATCTTGGGTA,B
B9_c1,HMN52547,NI,B,B9_c1_ACGGCCATCTAAGCCA,B
B9_c1,,,B,B9_c1_ACGGGCTTCACTTACT,B
B9_c1,,,B,B9_c1_ACGTCAAGTGTGCCTG,B
B9_c1,HMN52554,NI,B,B9_c1_ACTATCTAGATCGGGT,B
B9_c1,HMN52556,NI,B,B9_c1_ACTATCTTCATCGGAT,B
B9_c1,,,B,B9_c1_ACTGAACAGAAGGACA,B
B9_c1,,,B,B9_c1_ACTGAACTCTGTTGAG,B
B9_c1,HMN52556,NI,B,B9_c1_ACTGCTCAGGGTCTCC,B
B9_c1,HMN52556,NI,B,B9_c1_ACTGTCCAGGACAGCT,B
B9_c1,HMN52547,NI,B,B9_c1_ACTGTCCTCCAGGGCT,B
B9_c1,,,B,B9_c1_ACTTACTAGTTCGCAT,B
B9_c1,,,B,B9_c1_ACTTACTTCAGCTGGC,B
B9_c1,HMN52556,NI,B,B9_c1_ACTTTCAAGGAGTCTG,B
B9_c1,,,B,B9_c1_AGAATAGAGATGTTAG,B
B9_c1,,,B,B9_c1_AGAATAGTCTCTGAGA,B
B9_c1,HMN52556,NI,B,B9_c1_AGACGTTGTTAGAACA,B
B9_c1,,,B,B9_c1_AGAGCGATCGAGAACG,B
B9_c1,HMN52549,flu,B,B9_c1_AGAGCTTAGATGTGGC,B
B9_c1,HMN52554,NI,B,B9_c1_AGATCTGTCCATTCTA,B
B9_c1,,,B,B9_c1_AGCAGCCGTCAAGCGA,B
B9_c1,,,B,B9_c1_AGCAGCCGTCTCTTAT,B
B9_c1,HMN52554,NI,B,B9_c1_AGCAGCCTCCACTCCA,B
B9_c1,,,B,B9_c1_AGCGTATCACAAGACG,B
B9_c1,HMN52556,NI,B,B9_c1_AGCGTATTCTCTTGAT,B
B9_c1,,,B,B9_c1_AGCTCCTAGGGCATGT,B
B9_c1,,,B,B9_c1_AGCTCTCTCCTTTACA,B
B9_c1,HMN52556,NI,B,B9_c1_AGCTCTCTCTACGAGT,B
B9_c1,HMN52556,NI,B,B9_c1_AGCTTGACACGCTTTC,B
B9_c1,HMN52547,NI,B,B9_c1_AGGGTGATCTGCAAGT,B
B9_c1,HMN52554,NI,B,B9_c1_AGGTCATAGGGTTCCC,B
B9_c1,,,B,B9_c1_AGGTCATCAAAGCGGT,B
B9_c1,,,B,B9_c1_AGGTCATTCACGACTA,B
B9_c1,HMN52554,NI,B,B9_c1_AGGTCCGCATCACCCT,B
B9_c1,,,B,B9_c1_AGTAGTCAGGTTACCT,B
B9_c1,,,B,B9_c1_AGTGAGGAGACGCAAC,B
B9_c1,HMN52554,NI,B,B9_c1_AGTTGGTCAGGCAGTA,B
B9_c1,,,B,B9_c1_AGTTGGTGTCAATACC,B
B9_c1,HMN52554,NI,B,B9_c1_ATAACGCGTTATCACG,B
B9_c1,,,B,B9_c1_ATAAGAGGTACGAAAT,B
B9_c1,HMN52556,NI,B,B9_c1_ATAGACCAGAAACCGC,B
B9_c1,HMN52547,NI,B,B9_c1_ATAGACCGTCATGCCG,B
B9_c1,,,B,B9_c1_ATCACGACAGAAGCAC,B
B9_c1,,,B,B9_c1_ATCATCTCACGGTGTC,B
B9_c1,,,B,B9_c1_ATCATCTGTCTTCGTC,B
B9_c1,,,B,B9_c1_ATCATCTTCATCACCC,B
B9_c1,,,B,B9_c1_ATCATGGCATGAGCGA,B
B9_c1,,,B,B9_c1_ATCCACCGTGATGCCC,B
B9_c1,,,B,B9_c1_ATCCACCGTGTCAATC,B
B9_c1,,,B,B9_c1_ATCGAGTTCACCATAG,B
B9_c1,HMN52554,NI,B,B9_c1_ATCTACTAGTTTAGGA,B
B9_c1,,,B,B9_c1_ATCTACTCAGTATCTG,B
B9_c1,HMN52554,NI,B,B9_c1_ATCTACTGTAGGCTGA,B
B9_c1,,,B,B9_c1_ATCTACTGTTAAGATG,B
B9_c1,,,B,B9_c1_ATCTGCCCAATCTACG,B
B9_c1,,,B,B9_c1_ATGTGTGAGAGGTAGA,B
B9_c1,HMN52547,NI,B,B9_c1_ATTACTCAGAAGGTTT,B
B9_c1,,,B,B9_c1_ATTACTCCACGGTAAG,B
B9_c1,HMN52554,NI,B,B9_c1_ATTATCCTCACAAACC,B
B9_c1,,,B,B9_c1_ATTATCCTCTACTATC,B
B9_c1,HMN52556,NI,B,B9_c1_ATTCTACAGATACACA,B
B9_c1,HMN52554,NI,B,B9_c1_ATTGGACGTAACGACG,B
B9_c1,,,B,B9_c1_CAACTAGAGTAGTGCG,B
B9_c1,HMN52554,NI,B,B9_c1_CAAGGCCCAAACCTAC,B
B9_c1,,,B,B9_c1_CACACAAAGCCCTAAT,B
B9_c1,,,B,B9_c1_CACACAATCAACACCA,B
B9_c1,,,B,B9_c1_CACAGGCTCACCAGGC,B
B9_c1,HMN52547,NI,B,B9_c1_CACAGGCTCGTTTAGG,B
B9_c1,HMN52556,NI,B,B9_c1_CACAGTACACAACGTT,B
B9_c1,,,B,B9_c1_CACATAGGTATTAGCC,B
B9_c1,HMN52556,NI,B,B9_c1_CACATTTCACTATCTT,B
B9_c1,HMN52556,NI,B,B9_c1_CACATTTTCGGTGTCG,B
B9_c1,HMN52560,flu,B,B9_c1_CACCTTGGTCTGGTCG,B
B9_c1,,,B,B9_c1_CACTCCAAGAGTAAGG,B
B9_c1,,,B,B9_c1_CACTCCATCGGATGTT,B
B9_c1,,,B,B9_c1_CAGAATCCAATTGCTG,B
B9_c1,,,B,B9_c1_CAGAGAGAGACCGGAT,B
B9_c1,HMN52556,NI,B,B9_c1_CAGATCATCCTTAATC,B
B9_c1,HMN52560,flu,B,B9_c1_CAGCAGCAGGTGATAT,B
B9_c1,HMN52549,flu,B,B9_c1_CAGCATACAGCTTAAC,B
B9_c1,,,B,B9_c1_CAGCATACATGGTTGT,B
B9_c1,HMN52554,NI,B,B9_c1_CAGCATAGTATCAGTC,B
B9_c1,HMN52554,NI,B,B9_c1_CAGCTAAGTAGCGTAG,B
B9_c1,HMN52557,flu,B,B9_c1_CAGTAACAGGCGACAT,B
B9_c1,HMN52554,NI,B,B9_c1_CAGTAACTCGCGTTTC,B
B9_c1,,,B,B9_c1_CATATTCTCATCGCTC,B
B9_c1,HMN52556,NI,B,B9_c1_CATCAGAGTCTCTCTG,B
B9_c1,HMN52547,NI,B,B9_c1_CATCGGGCAAATACAG,B
B9_c1,,,B,B9_c1_CATCGGGCATGTTCCC,B
B9_c1,HMN52560,flu,B,B9_c1_CATCGGGGTGTGACCC,B
B9_c1,,,B,B9_c1_CATGACATCAAGATCC,B
B9_c1,HMN52547,NI,B,B9_c1_CATGACATCACATGCA,B
B9_c1,,,B,B9_c1_CATGCCTAGAAGGCCT,B
B9_c1,,,B,B9_c1_CATGCCTCAAGCTGAG,B
B9_c1,HMN52547,NI,B,B9_c1_CATGCCTGTAAGAGGA,B
B9_c1,HMN52547,NI,B,B9_c1_CATGGCGAGATACACA,B
B9_c1,HMN52556,NI,B,B9_c1_CATTATCAGAATTGTG,B
B9_c1,,,B,B9_c1_CATTCGCTCCAATGGT,B
B9_c1,HMN52560,flu,B,B9_c1_CCAATCCTCTGGTATG,B
B9_c1,HMN52554,NI,B,B9_c1_CCACCTATCTCTGCTG,B
B9_c1,HMN52554,NI,B,B9_c1_CCACGGAGTCGAACAG,B
B9_c1,,,B,B9_c1_CCACTACAGCGATGAC,B
B9_c1,,,B,B9_c1_CCACTACCACCTCGGA,B
B9_c1,HMN52556,NI,B,B9_c1_CCAGCGACAACTGCTA,B
B9_c1,,,B,B9_c1_CCAGCGAGTCTAGCCG,B
B9_c1,HMN52556,NI,B,B9_c1_CCAGCGATCTGACCTC,B
B9_c1,,,B,B9_c1_CCATTCGCATCCGTGG,B
B9_c1,HMN52554,NI,B,B9_c1_CCATTCGGTCGAAAGC,B
B9_c1,HMN52554,NI,B,B9_c1_CCCAATCTCCGCATCT,B
B9_c1,,,B,B9_c1_CCCAATCTCGCCTGTT,B
B9_c1,,,B,B9_c1_CCCAGTTCACCATCCT,B
B9_c1,HMN52557,flu,B,B9_c1_CCCAGTTGTGAAAGAG,B
B9_c1,HMN52556,NI,B,B9_c1_CCCATACGTAGAGCTG,B
B9_c1,,,B,B9_c1_CCCTCCTAGCGTTGCC,B
B9_c1,HMN52549,flu,B,B9_c1_CCCTCCTTCAACTCTT,B
B9_c1,,,B,B9_c1_CCGTACTTCCCTTGTG,B
B9_c1,HMN52556,NI,B,B9_c1_CCGTTCAGTCCAAGTT,B
B9_c1,,,B,B9_c1_CCTACCATCATATCGG,B
B9_c1,HMN52556,NI,B,B9_c1_CCTACCATCTGCGTAA,B
B9_c1,,,B,B9_c1_CCTAGCTCATTAGCCA,B
B9_c1,,,B,B9_c1_CCTAGCTGTCTGCCAG,B
B9_c1,HMN52547,NI,B,B9_c1_CCTATTACAGGCGATA,B
B9_c1,HMN52549,flu,B,B9_c1_CCTCTGAGTCTCCACT,B
B9_c1,HMN52549,flu,B,B9_c1_CCTTCCCAGCCGATTT,B
B9_c1,HMN52556,NI,B,B9_c1_CCTTCGACAAGCTGAG,B
B9_c1,,,B,B9_c1_CCTTTCTAGGCGTACA,B
B9_c1,,,B,B9_c1_CCTTTCTCATCACCCT,B
B9_c1,,,B,B9_c1_CGAACATAGATATGCA,B
B9_c1,,,B,B9_c1_CGAATGTAGTTCGCAT,B
B9_c1,HMN52557,flu,B,B9_c1_CGAATGTCATCTATGG,B
B9_c1,,,B,B9_c1_CGACCTTCATTAACCG,B
B9_c1,HMN52554,NI,B,B9_c1_CGACCTTTCCGCATAA,B
B9_c1,,,B,B9_c1_CGACTTCTCATCTGCC,B
B9_c1,,,B,B9_c1_CGACTTCTCGAGGTAG,B
B9_c1,HMN52554,NI,B,B9_c1_CGAGCCATCGCCAGCA,B
B9_c1,HMN52556,NI,B,B9_c1_CGATGGCTCGGTGTCG,B
B9_c1,,,B,B9_c1_CGATGTACATAGACTC,B
B9_c1,,,B,B9_c1_CGATTGATCAGCCTAA,B
B9_c1,HMN52547,NI,B,B9_c1_CGCCAAGCATAACCTG,B
B9_c1,,,B,B9_c1_CGCGTTTAGTGGCACA,B
B9_c1,,,B,B9_c1_CGCGTTTGTGAGTATA,B
B9_c1,,,B,B9_c1_CGCTATCAGCTCCTTC,B
B9_c1,HMN52547,NI,B,B9_c1_CGCTATCCAATGACCT,B
B9_c1,,,B,B9_c1_CGGACACGTCGAATCT,B
B9_c1,HMN52556,NI,B,B9_c1_CGGACGTCATATACGC,B
B9_c1,HMN52554,NI,B,B9_c1_CGGACTGCATTATCTC,B
B9_c1,HMN52556,NI,B,B9_c1_CGGAGCTAGAGGGATA,B
B9_c1,,,B,B9_c1_CGGAGTCTCATGCATG,B
B9_c1,HMN52554,NI,B,B9_c1_CGGCTAGAGCTGCGAA,B
B9_c1,,,B,B9_c1_CGGTTAAGTCATATCG,B
B9_c1,HMN52556,NI,B,B9_c1_CGTAGCGAGCCGGTAA,B
B9_c1,HMN52554,NI,B,B9_c1_CGTAGCGCATGGAATA,B
B9_c1,,,B,B9_c1_CGTAGGCGTCTTGCGG,B
B9_c1,,,B,B9_c1_CGTCCATAGTCCAGGA,B
B9_c1,HMN52554,NI,B,B9_c1_CGTCTACGTCTCTTAT,B
B9_c1,,,B,B9_c1_CGTGTCTGTTCTGAAC,B
B9_c1,HMN52556,NI,B,B9_c1_CGTTAGACACAGGTTT,B
B9_c1,HMN52554,NI,B,B9_c1_CGTTCTGCAGCATACT,B
B9_c1,,,B,B9_c1_CGTTGGGCACAGGCCT,B
B9_c1,,,B,B9_c1_CGTTGGGGTCTGATCA,B
B9_c1,,,B,B9_c1_CTAAGACAGACTAGGC,B
B9_c1,,,B,B9_c1_CTAATGGGTAGATTAG,B
B9_c1,,,B,B9_c1_CTAATGGTCACTGGGC,B
B9_c1,,,B,B9_c1_CTACACCCACTCAGGC,B
B9_c1,,,B,B9_c1_CTACACCGTGCTGTAT,B
B9_c1,HMN52554,NI,B,B9_c1_CTACATTGTCAGAATA,B
B9_c1,,,B,B9_c1_CTACCCATCGGTTAAC,B
B9_c1,,,B,B9_c1_CTACGTCCATGCCCGA,B
B9_c1,HMN52549,flu,B,B9_c1_CTAGAGTTCTTGCAAG,B
B9_c1,,,B,B9_c1_CTAGCCTTCTCCGGTT,B
B9_c1,HMN52554,NI,B,B9_c1_CTAGTGACAGATCTGT,B
B9_c1,,,B,B9_c1_CTCATTATCCGTCATC,B
B9_c1,HMN52560,flu,B,B9_c1_CTCCTAGGTAAGGGAA,B
B9_c1,HMN52547,NI,B,B9_c1_CTCGAAAGTCAACATC,B
B9_c1,,,B,B9_c1_CTCGAAATCGCGGATC,B
B9_c1,,,B,B9_c1_CTCGAGGGTGGCGAAT,B
B9_c1,,,B,B9_c1_CTCGAGGTCCGTCATC,B
B9_c1,HMN52560,flu,B,B9_c1_CTCGGAGAGACTGGGT,B
B9_c1,HMN52556,NI,B,B9_c1_CTCGGAGGTGCGATAG,B
B9_c1,HMN52556,NI,B,B9_c1_CTCGGGACAGGTCTCG,B
B9_c1,,,B,B9_c1_CTCGGGAGTCAAAGAT,B
B9_c1,,,B,B9_c1_CTCGTCAAGTACGCCC,B
B9_c1,HMN52556,NI,B,B9_c1_CTCGTCACAAGCCGCT,B
B9_c1,,,B,B9_c1_CTCGTCACACACATGT,B
B9_c1,,,B,B9_c1_CTCGTCACACTCTGTC,B
B9_c1,,,B,B9_c1_CTCGTCAGTACACCGC,B
B9_c1,,,B,B9_c1_CTCGTCAGTCAGAGGT,B
B9_c1,,,B,B9_c1_CTCTAATAGATGTAAC,B
B9_c1,,,B,B9_c1_CTGAAACTCAGCTGGC,B
B9_c1,HMN52547,NI,B,B9_c1_CTGAAGTAGCAACGGT,B
B9_c1,,,B,B9_c1_CTGAAGTTCATCGATG,B
B9_c1,HMN52557,flu,B,B9_c1_CTGATCCGTCAGGACA,B
B9_c1,,,B,B9_c1_CTGCCTAGTGTTCTTT,B
B9_c1,HMN52557,flu,B,B9_c1_CTGCGGATCCGATATG,B
B9_c1,,,B,B9_c1_CTGCTGTCATTTGCCC,B
B9_c1,,,B,B9_c1_CTTACCGCATGTAAGA,B
B9_c1,HMN52556,NI,B,B9_c1_CTTACCGGTCATCCCT,B
B9_c1,HMN52554,NI,B,B9_c1_CTTCTCTGTCTCTTTA,B
B9_c1,HMN52554,NI,B,B9_c1_CTTTGCGAGCTCCTTC,B
B9_c1,,,B,B9_c1_CTTTGCGAGCTGATAA,B
B9_c1,HMN52547,NI,B,B9_c1_GAAATGAAGGAGTTGC,B
B9_c1,HMN52556,NI,B,B9_c1_GAAATGACAAGAGTCG,B
B9_c1,HMN52554,NI,B,B9_c1_GAACCTAGTTCACGGC,B
B9_c1,HMN52554,NI,B,B9_c1_GAACGGAAGGAATTAC,B
B9_c1,HMN52554,NI,B,B9_c1_GAATAAGAGCACAGGT,B
B9_c1,HMN52547,NI,B,B9_c1_GAATGAAGTCTAGGTT,B
B9_c1,,,B,B9_c1_GACACGCAGAGCCTAG,B
B9_c1,,,B,B9_c1_GACACGCTCGGATGGA,B
B9_c1,,,B,B9_c1_GACAGAGGTCAGATAA,B
B9_c1,HMN52556,NI,B,B9_c1_GACCAATGTGCCTGCA,B
B9_c1,HMN52556,NI,B,B9_c1_GACCAATTCGCCGTGA,B
B9_c1,,,B,B9_c1_GACCTGGGTCTTGATG,B
B9_c1,HMN52547,NI,B,B9_c1_GACGGCTTCGCCGTGA,B
B9_c1,HMN52554,NI,B,B9_c1_GACGTTAAGGCCCTCA,B
B9_c1,HMN52556,NI,B,B9_c1_GACGTTAGTAATCGTC,B
B9_c1,,,B,B9_c1_GACTAACCAGGACCCT,B
B9_c1,,,B,B9_c1_GACTGCGAGGGCATGT,B
B9_c1,HMN52556,NI,B,B9_c1_GACTGCGTCAGCATGT,B
B9_c1,,,B,B9_c1_GAGGTGATCTTGTTTG,B
B9_c1,HMN52556,NI,B,B9_c1_GATCGATCAGTAAGAT,B
B9_c1,,,B,B9_c1_GATCGATGTCCTCTTG,B
B9_c1,HMN52554,NI,B,B9_c1_GATCGCGAGTATGACA,B
B9_c1,,,B,B9_c1_GATCGCGCACATTCGA,B
B9_c1,HMN52547,NI,B,B9_c1_GATCGCGTCTATCGCC,B
B9_c1,HMN52556,NI,B,B9_c1_GATGAGGGTAACGACG,B
B9_c1,HMN52554,NI,B,B9_c1_GATGCTACAGAGTGTG,B
B9_c1,,,B,B9_c1_GATGCTAGTATCGCAT,B
B9_c1,HMN52556,NI,B,B9_c1_GCACATAAGCGGCTTC,B
B9_c1,,,B,B9_c1_GCACATAGTCAGCTAT,B
B9_c1,,,B,B9_c1_GCACATATCAGTTCGA,B
B9_c1,HMN52554,NI,B,B9_c1_GCACTCTCACCAGGTC,B
B9_c1,HMN52556,NI,B,B9_c1_GCAGCCAGTAGCGTAG,B
B9_c1,,,B,B9_c1_GCAGTTAAGACAGACC,B
B9_c1,HMN52547,NI,B,B9_c1_GCAGTTACATACAGCT,B
B9_c1,,,B,B9_c1_GCATACAAGGTCATCT,B
B9_c1,HMN52556,NI,B,B9_c1_GCATACAAGTCTCGGC,B
B9_c1,HMN52554,NI,B,B9_c1_GCATACAAGTGAAGTT,B
B9_c1,,,B,B9_c1_GCATGATAGACGCTTT,B
B9_c1,,,B,B9_c1_GCATGATGTTTGCATG,B
B9_c1,,,B,B9_c1_GCATGCGGTCCGACGT,B
B9_c1,HMN52554,NI,B,B9_c1_GCATGCGGTCTTTCAT,B
B9_c1,HMN52556,NI,B,B9_c1_GCCAAATAGTCTCGGC,B
B9_c1,HMN52554,NI,B,B9_c1_GCCAAATCAAGTAGTA,B
B9_c1,,,B,B9_c1_GCCTCTACAGGATTGG,B
B9_c1,HMN52554,NI,B,B9_c1_GCGAGAAGTACAGCAG,B
B9_c1,HMN52556,NI,B,B9_c1_GCGCAGTAGAGCCTAG,B
B9_c1,HMN52554,NI,B,B9_c1_GCGCCAACAGGGTACA,B
B9_c1,,,B,B9_c1_GCGCGATTCATGCTCC,B
B9_c1,HMN52556,NI,B,B9_c1_GCGGGTTGTGTTCTTT,B
B9_c1,HMN52556,NI,B,B9_c1_GCGGGTTGTTCGTCTC,B
B9_c1,,,B,B9_c1_GCTCTGTAGCAGATCG,B
B9_c1,,,B,B9_c1_GCTGCAGAGTTCGCAT,B
B9_c1,HMN52547,NI,B,B9_c1_GCTGCAGTCTCTTATG,B
B9_c1,HMN52556,NI,B,B9_c1_GCTGCGACACAACTGT,B
B9_c1,HMN52554,NI,B,B9_c1_GCTGGGTAGCCGCCTA,B
B9_c1,HMN52556,NI,B,B9_c1_GCTGGGTGTAAGAGGA,B
B9_c1,,,B,B9_c1_GCTTGAATCTGCTTGC,B
B9_c1,HMN52556,NI,B,B9_c1_GGAAAGCTCAGCATGT,B
B9_c1,HMN52556,NI,B,B9_c1_GGACAGAAGGATGGTC,B
B9_c1,HMN52556,NI,B,B9_c1_GGACAGAGTGACCAAG,B
B9_c1,,,B,B9_c1_GGACAGATCAGTCAGT,B
B9_c1,,,B,B9_c1_GGATGTTAGACCCACC,B
B9_c1,,,B,B9_c1_GGATTACAGAGGGCTT,B
B9_c1,HMN52557,flu,B,B9_c1_GGATTACAGGAATGGA,B
B9_c1,HMN52549,flu,B,B9_c1_GGATTACTCCCGACTT,B
B9_c1,,,B,B9_c1_GGCCGATTCGTACGGC,B
B9_c1,,,B,B9_c1_GGCGACTCACGGCCAT,B
B9_c1,HMN52547,NI,B,B9_c1_GGCGACTCAGGATCGA,B
B9_c1,,,B,B9_c1_GGCGACTCATTGGCGC,B
B9_c1,,,B,B9_c1_GGCGACTGTCCGCTGA,B
B9_c1,,,B,B9_c1_GGCGACTTCTGTCAAG,B
B9_c1,HMN52556,NI,B,B9_c1_GGCGTGTCACCTCGGA,B
B9_c1,HMN52556,NI,B,B9_c1_GGCGTGTCACGAAGCA,B
B9_c1,,,B,B9_c1_GGCGTGTGTCCTAGCG,B
B9_c1,HMN52556,NI,B,B9_c1_GGCTCGAGTATTCGTG,B
B9_c1,,,B,B9_c1_GGCTCGATCTGGTTCC,B
B9_c1,HMN52554,NI,B,B9_c1_GGCTGGTCACCTCGTT,B
B9_c1,HMN52556,NI,B,B9_c1_GGCTGGTGTAAACCTC,B
B9_c1,,,B,B9_c1_GGGAGATGTCTGGAGA,B
B9_c1,HMN52554,NI,B,B9_c1_GGGAGATGTGGCGAAT,B
B9_c1,HMN52554,NI,B,B9_c1_GGGCACTCATGAAGTA,B
B9_c1,HMN52556,NI,B,B9_c1_GGGCACTTCAGGCAAG,B
B9_c1,,,B,B9_c1_GGGCATCAGGCAATTA,B
B9_c1,HMN52547,NI,B,B9_c1_GGGTTGCGTGGTAACG,B
B9_c1,,,B,B9_c1_GGTATTGTCACAAACC,B
B9_c1,HMN52557,flu,B,B9_c1_GGTATTGTCTTTACAC,B
B9_c1,,,B,B9_c1_GTAACGTCATCTCGCT,B
B9_c1,,,B,B9_c1_GTAACGTGTTTGACTG,B
B9_c1,,,B,B9_c1_GTACGTATCGTCACGG,B
B9_c1,HMN52556,NI,B,B9_c1_GTACTCCGTAAATGAC,B
B9_c1,,,B,B9_c1_GTACTTTCACATCTTT,B
B9_c1,HMN52554,NI,B,B9_c1_GTAGGCCTCGGTGTCG,B
B9_c1,,,B,B9_c1_GTATCTTTCCAAACAC,B
B9_c1,,,B,B9_c1_GTATCTTTCCAAAGTC,B
B9_c1,,,B,B9_c1_GTATTCTAGCCGCCTA,B
B9_c1,,,B,B9_c1_GTATTCTTCCAAGCCG,B
B9_c1,,,B,B9_c1_GTCAAGTAGGCATGGT,B
B9_c1,,,B,B9_c1_GTCAAGTTCACGCATA,B
B9_c1,,,B,B9_c1_GTCAAGTTCACTTCAT,B
B9_c1,,,B,B9_c1_GTCACAACAGCTTAAC,B
B9_c1,,,B,B9_c1_GTCCTCAAGCGTTTAC,B
B9_c1,HMN52554,NI,B,B9_c1_GTCCTCATCGCGGATC,B
B9_c1,,,B,B9_c1_GTCGGGTCATGTTGAC,B
B9_c1,,,B,B9_c1_GTCGTAAGTAGCTGCC,B
B9_c1,HMN52556,NI,B,B9_c1_GTCTTCGCATCCGTGG,B
B9_c1,HMN52554,NI,B,B9_c1_GTGAAGGTCGTTGACA,B
B9_c1,HMN52554,NI,B,B9_c1_GTGCAGCAGAGTGAGA,B
B9_c1,HMN52554,NI,B,B9_c1_GTGCGGTAGTCATGCT,B
B9_c1,HMN52547,NI,B,B9_c1_GTGCTTCAGCAGATCG,B
B9_c1,,,B,B9_c1_GTGCTTCCATAAAGGT,B
B9_c1,,,B,B9_c1_GTGGGTCAGTGGACGT,B
B9_c1,,,B,B9_c1_GTGTGCGTCAACTCTT,B
B9_c1,HMN52547,NI,B,B9_c1_GTGTTAGCAGGCAGTA,B
B9_c1,,,B,B9_c1_GTGTTAGGTCAACATC,B
B9_c1,,,B,B9_c1_GTTCATTAGCCGCCTA,B
B9_c1,,,B,B9_c1_GTTCATTCAAGACACG,B
B9_c1,,,B,B9_c1_GTTCATTTCCGTTGCT,B
B9_c1,,,B,B9_c1_GTTTCTAAGCCCAATT,B
B9_c1,HMN52547,NI,B,B9_c1_GTTTCTACAGTCAGCC,B
B9_c1,,,B,B9_c1_GTTTCTATCCGCGCAA,B
B9_c1,,,B,B9_c1_TAAACCGGTGAGCGAT,B
B9_c1,HMN52547,NI,B,B9_c1_TAAGAGAAGTGCCAGA,B
B9_c1,HMN52547,NI,B,B9_c1_TAAGAGACAGTGGGAT,B
B9_c1,HMN52549,flu,B,B9_c1_TAAGAGAGTTGGTGGA,B
B9_c1,,,B,B9_c1_TAAGCGTTCTTTAGGG,B
B9_c1,HMN52554,NI,B,B9_c1_TAAGTGCAGACAAGCC,B
B9_c1,HMN52554,NI,B,B9_c1_TACAGTGAGTATTGGA,B
B9_c1,HMN52554,NI,B,B9_c1_TACAGTGGTTACCGAT,B
B9_c1,,,B,B9_c1_TACAGTGTCTGGTATG,B
B9_c1,,,B,B9_c1_TACCTATGTAAACGCG,B
B9_c1,HMN52556,NI,B,B9_c1_TACCTTAAGGCACATG,B
B9_c1,HMN52556,NI,B,B9_c1_TACGGTAAGGATTCGG,B
B9_c1,HMN52549,flu,B,B9_c1_TACTTACGTTAGGGTG,B
B9_c1,,,B,B9_c1_TACTTGTCATGCCTTC,B
B9_c1,,,B,B9_c1_TAGACCATCAAAGTAG,B
B9_c1,,,B,B9_c1_TAGAGCTTCATCACCC,B
B9_c1,,,B,B9_c1_TAGCCGGGTGCGGTAA,B
B9_c1,HMN52549,flu,B,B9_c1_TAGCCGGTCAGTCAGT,B
B9_c1,HMN52547,NI,B,B9_c1_TAGGCATTCGTGGGAA,B
B9_c1,,,B,B9_c1_TAGTGGTAGACTTTCG,B
B9_c1,HMN52554,NI,B,B9_c1_TAGTGGTTCACATGCA,B
B9_c1,,,B,B9_c1_TAGTGGTTCTAACTGG,B
B9_c1,,,B,B9_c1_TAGTTGGAGTGGAGAA,B
B9_c1,HMN52554,NI,B,B9_c1_TATCTCATCCTATGTT,B
B9_c1,HMN52547,NI,B,B9_c1_TATTACCCATTGGGCC,B
B9_c1,HMN52556,NI,B,B9_c1_TCAACGACACAACTGT,B
B9_c1,HMN52554,NI,B,B9_c1_TCAATCTTCCCGACTT,B
B9_c1,,,B,B9_c1_TCACAAGGTAGAAAGG,B
B9_c1,HMN52556,NI,B,B9_c1_TCACGAACATGGTCTA,B
B9_c1,HMN52554,NI,B,B9_c1_TCAGATGCATCACGTA,B
B9_c1,,,B,B9_c1_TCAGCAACACTTCGAA,B
B9_c1,HMN52556,NI,B,B9_c1_TCAGCAATCCAAATGC,B
B9_c1,HMN52547,NI,B,B9_c1_TCAGCTCAGGATGGTC,B
B9_c1,HMN52554,NI,B,B9_c1_TCAGGATGTATGCTTG,B
B9_c1,HMN52556,NI,B,B9_c1_TCATTTGTCCTTGCCA,B
B9_c1,HMN52554,NI,B,B9_c1_TCCACACTCCCTCAGT,B
B9_c1,HMN52547,NI,B,B9_c1_TCCCGATTCAACGAAA,B
B9_c1,,,B,B9_c1_TCGAGGCGTCAGCTAT,B
B9_c1,,,B,B9_c1_TCGGGACAGCCTCGTG,B
B9_c1,,,B,B9_c1_TCGTACCCAGGTCGTC,B
B9_c1,HMN52556,NI,B,B9_c1_TCGTACCGTACACCGC,B
B9_c1,,,B,B9_c1_TCTCATAAGATCCGAG,B
B9_c1,HMN52556,NI,B,B9_c1_TCTCATACAAGGTTCT,B
B9_c1,,,B,B9_c1_TCTCTAAAGGATTCGG,B
B9_c1,HMN52554,NI,B,B9_c1_TCTGGAAGTGCCTGGT,B
B9_c1,,,B,B9_c1_TCTGGAATCTTCAACT,B
B9_c1,HMN52554,NI,B,B9_c1_TCTTCGGAGACCACGA,B
B9_c1,HMN52560,flu,B,B9_c1_TCTTCGGTCATAGCAC,B
B9_c1,HMN52554,NI,B,B9_c1_TCTTTCCGTATCAGTC,B
B9_c1,,,B,B9_c1_TGACGGCAGTCCGTAT,B
B9_c1,,,B,B9_c1_TGACTAGAGCCGTCGT,B
B9_c1,,,B,B9_c1_TGACTTTAGCGGCTTC,B
B9_c1,HMN52554,NI,B,B9_c1_TGAGCATCATCCCACT,B
B9_c1,,,B,B9_c1_TGATTTCCAGTCAGCC,B
B9_c1,,,B,B9_c1_TGCACCTAGACGACGT,B
B9_c1,,,B,B9_c1_TGCCAAAAGGGAAACA,B
B9_c1,HMN52554,NI,B,B9_c1_TGCCCATAGGAGTACC,B
B9_c1,HMN52556,NI,B,B9_c1_TGCCCTAAGGCTCAGA,B
B9_c1,,,B,B9_c1_TGCGTGGCAAAGAATC,B
B9_c1,HMN52556,NI,B,B9_c1_TGCGTGGTCAGTCAGT,B
B9_c1,HMN52556,NI,B,B9_c1_TGCTACCAGCCGTCGT,B
B9_c1,,,B,B9_c1_TGCTACCGTCGCATCG,B
B9_c1,,,B,B9_c1_TGCTGCTAGCTGCAAG,B
B9_c1,,,B,B9_c1_TGGCGCACACGGATAG,B
B9_c1,,,B,B9_c1_TGGCGCAGTACCCAAT,B
B9_c1,HMN52556,NI,B,B9_c1_TGGGAAGAGAGTCTGG,B
B9_c1,HMN52554,NI,B,B9_c1_TGGTTCCAGAGGTAGA,B
B9_c1,,,B,B9_c1_TGTCCCAAGATCTGCT,B
B9_c1,,,B,B9_c1_TGTCCCACACCTCGTT,B
B9_c1,HMN52556,NI,B,B9_c1_TGTCCCAGTTAAGACA,B
B9_c1,HMN52556,NI,B,B9_c1_TGTCCCATCGCGTAGC,B
B9_c1,,,B,B9_c1_TGTGTTTAGAGCCTAG,B
B9_c1,HMN52556,NI,B,B9_c1_TGTGTTTAGTTACCCA,B
B9_c1,HMN52556,NI,B,B9_c1_TTAACTCAGCAACGGT,B
B9_c1,HMN52549,flu,B,B9_c1_TTAACTCTCAAGATCC,B
B9_c1,,,B,B9_c1_TTAACTCTCCCTCTTT,B
B9_c1,,,B,B9_c1_TTAACTCTCTTAGCCC,B
B9_c1,,,B,B9_c1_TTAGGACTCCGCATAA,B
B9_c1,,,B,B9_c1_TTAGGCAAGATGCGAC,B
B9_c1,,,B,B9_c1_TTAGGCAAGCCCTAAT,B
B9_c1,HMN52554,NI,B,B9_c1_TTAGTTCGTTGTTTGG,B
B9_c1,,,B,B9_c1_TTCCCAGTCTCGCTTG,B
B9_c1,HMN52554,NI,B,B9_c1_TTCTACAGTGATGATA,B
B9_c1,,,B,B9_c1_TTCTACAGTGTGTGCC,B
B9_c1,HMN52554,NI,B,B9_c1_TTCTCAACACAGACAG,B
B9_c1,HMN52556,NI,B,B9_c1_TTCTCAACATATACGC,B
B9_c1,HMN52556,NI,B,B9_c1_TTCTCCTGTCTGATCA,B
B9_c1,,,B,B9_c1_TTGAACGTCAAACGGG,B
B9_c1,,,B,B9_c1_TTGACTTGTACGCACC,B
B9_c1,HMN52554,NI,B,B9_c1_TTGGAACAGATCCCGC,B
B9_c1,,,B,B9_c1_TTGGCAATCCGTTGTC,B
B9_c1,,,B,B9_c1_TTGGCAATCTTGAGGT,B
B9_c1,HMN52556,NI,B,B9_c1_TTGTAGGCACGAAATA,B
B9_c1,,,B,B9_c1_TTGTAGGTCAAAGACA,B
B9_c1,HMN52547,NI,B,B9_c1_TTGTAGGTCGTTGCCT,B
B9_c1,,,B,B9_c1_TTTACTGAGGTCATCT,B
B9_c1,HMN52556,NI,B,B9_c1_TTTGCGCCACAGATTC,B
B9_c1,HMN52554,NI,B,B9_c1_TTTGTCACATCACAAC,B
B9_c1,HMN52554,NI,B,B9_c1_TTTGTCAGTCGAGATG,B
B9_c1,HMN52554,NI,B,B9_c1_TTTGTCATCGCATGAT,B
B9_c1,HMN52554,NI,B,B9_c1_TTTGTCATCGCCAAAT,B
B9_c2,HMN52557,NI,B,B9_c2_AAACCTGCACCGATAT,B
B9_c2,HMN52549,NI,B,B9_c2_AAAGATGAGAGGTTGC,B
B9_c2,,,B,B9_c2_AAAGATGGTAGCGTGA,B
B9_c2,,,B,B9_c2_AAAGTAGCAGCCTTGG,B
B9_c2,,,B,B9_c2_AACGTTGAGTCATCCA,B
B9_c2,,,B,B9_c2_AACTCAGGTCTTCTCG,B
B9_c2,,,B,B9_c2_AACTCTTCAACAACCT,B
B9_c2,,,B,B9_c2_AACTGGTAGGATGGTC,B
B9_c2,,,B,B9_c2_AACTGGTCAGTATAAG,B
B9_c2,,,B,B9_c2_AACTGGTTCACTTCAT,B
B9_c2,HMN52557,NI,B,B9_c2_AATCCAGAGGAGTAGA,B
B9_c2,HMN52549,NI,B,B9_c2_AATCGGTCAAACCTAC,B
B9_c2,HMN52549,NI,B,B9_c2_AATCGGTCACGACTCG,B
B9_c2,HMN52557,NI,B,B9_c2_ACACCAATCCTATTCA,B
B9_c2,HMN52549,NI,B,B9_c2_ACACCCTCACGGCTAC,B
B9_c2,,,B,B9_c2_ACACCCTCATTCGACA,B
B9_c2,,,B,B9_c2_ACACCGGGTACGACCC,B
B9_c2,HMN52557,NI,B,B9_c2_ACACCGGGTGAGGCTA,B
B9_c2,,,B,B9_c2_ACACTGATCGTCACGG,B
B9_c2,,,B,B9_c2_ACAGCCGCAGTTCATG,B
B9_c2,,,B,B9_c2_ACAGCCGGTTGAGTTC,B
B9_c2,HMN52560,NI,B,B9_c2_ACAGCTATCACAACGT,B
B9_c2,,,B,B9_c2_ACATCAGCAGGCTGAA,B
B9_c2,HMN52557,NI,B,B9_c2_ACATGGTGTTCCCGAG,B
B9_c2,,,B,B9_c2_ACCCACTAGTGTCCAT,B
B9_c2,HMN52560,NI,B,B9_c2_ACCGTAAAGGTGTGGT,B
B9_c2,,,B,B9_c2_ACGAGGAAGCGAGAAA,B
B9_c2,,,B,B9_c2_ACGAGGAGTCAATACC,B
B9_c2,,,B,B9_c2_ACGAGGAGTCGAGTTT,B
B9_c2,,,B,B9_c2_ACGCCAGGTTACCGAT,B
B9_c2,HMN52547,flu,B,B9_c2_ACGCCGAAGTTCCACA,B
B9_c2,,,B,B9_c2_ACGGAGAAGCGTTGCC,B
B9_c2,,,B,B9_c2_ACGGAGAGTCTCTTTA,B
B9_c2,,,B,B9_c2_ACGGGCTTCTACTCAT,B
B9_c2,,,B,B9_c2_ACGGGTCTCCGTTGCT,B
B9_c2,,,B,B9_c2_ACTATCTCACTGCCAG,B
B9_c2,HMN52554,flu,B,B9_c2_ACTGAGTAGGGAAACA,B
B9_c2,,,B,B9_c2_ACTGCTCAGCCAGAAC,B
B9_c2,HMN52556,flu,B,B9_c2_ACTGCTCGTCTCCACT,B
B9_c2,,,B,B9_c2_ACTGTCCGTGATGATA,B
B9_c2,,,B,B9_c2_ACTTGTTCAGCTGCTG,B
B9_c2,HMN52549,NI,B,B9_c2_ACTTTCATCCACTCCA,B
B9_c2,,,B,B9_c2_AGAATAGGTCCAACTA,B
B9_c2,,,B,B9_c2_AGACGTTCAAGTAATG,B
B9_c2,,,B,B9_c2_AGACGTTGTGACCAAG,B
B9_c2,,,B,B9_c2_AGAGTGGCATGGGACA,B
B9_c2,,,B,B9_c2_AGAGTGGGTCCGTCAG,B
B9_c2,,,B,B9_c2_AGATCTGGTTCATGGT,B
B9_c2,HMN52557,NI,B,B9_c2_AGATTGCTCTGTGCAA,B
B9_c2,HMN52557,NI,B,B9_c2_AGCATACAGCCGTCGT,B
B9_c2,,,B,B9_c2_AGCGGTCAGAGTAATC,B
B9_c2,,,B,B9_c2_AGCGGTCAGTAATCCC,B
B9_c2,HMN52557,NI,B,B9_c2_AGCTTGACACACGCTG,B
B9_c2,HMN52560,NI,B,B9_c2_AGGCCGTTCCTTGGTC,B
B9_c2,,,B,B9_c2_AGGCCGTTCTGACCTC,B
B9_c2,HMN52549,NI,B,B9_c2_AGGGAGTCAGACTCGC,B
B9_c2,,,B,B9_c2_AGGGAGTCAGGATCGA,B
B9_c2,,,B,B9_c2_AGGGAGTCATCTCCCA,B
B9_c2,HMN52547,flu,B,B9_c2_AGGGATGTCCATGCTC,B
B9_c2,HMN52549,NI,B,B9_c2_AGGTCCGGTTAGGGTG,B
B9_c2,,,B,B9_c2_AGTAGTCGTATAGGTA,B
B9_c2,,,B,B9_c2_AGTAGTCGTTGGTAAA,B
B9_c2,HMN52549,NI,B,B9_c2_AGTCTTTCACACTGCG,B
B9_c2,,,B,B9_c2_AGTCTTTCACTCGACG,B
B9_c2,HMN52549,NI,B,B9_c2_AGTCTTTCAGTTAACC,B
B9_c2,HMN52557,NI,B,B9_c2_AGTCTTTGTAACGACG,B
B9_c2,HMN52557,NI,B,B9_c2_AGTGGGATCTTACCTA,B
B9_c2,,,B,B9_c2_AGTTGGTCACATTCGA,B
B9_c2,,,B,B9_c2_ATAAGAGCATATGCTG,B
B9_c2,,,B,B9_c2_ATCATCTGTAGAAGGA,B
B9_c2,HMN52547,flu,B,B9_c2_ATCATGGCAGCTGTAT,B
B9_c2,,,B,B9_c2_ATCATGGTCAAGAAGT,B
B9_c2,,,B,B9_c2_ATCCGAAAGAGACGAA,B
B9_c2,,,B,B9_c2_ATCTGCCTCACGACTA,B
B9_c2,,,B,B9_c2_ATGCGATAGAGAACAG,B
B9_c2,,,B,B9_c2_ATGGGAGGTGTAAGTA,B
B9_c2,,,B,B9_c2_ATGGGAGTCTTTACAC,B
B9_c2,HMN52549,NI,B,B9_c2_ATTACTCGTCTAGGTT,B
B9_c2,HMN52549,NI,B,B9_c2_ATTACTCTCACGCGGT,B
B9_c2,,,B,B9_c2_ATTCTACAGCTAACAA,B
B9_c2,,,B,B9_c2_ATTGGACCAGTATAAG,B
B9_c2,,,B,B9_c2_ATTGGACTCGTCGTTC,B
B9_c2,HMN52549,NI,B,B9_c2_ATTGGTGGTTGCCTCT,B
B9_c2,,,B,B9_c2_ATTTCTGCATCCTAGA,B
B9_c2,,,B,B9_c2_CAACCAATCTGTTTGT,B
B9_c2,,,B,B9_c2_CAACTAGGTTAAAGAC,B
B9_c2,,,B,B9_c2_CAACTAGTCTCGGACG,B
B9_c2,,,B,B9_c2_CAAGTTGCAATAGCAA,B
B9_c2,,,B,B9_c2_CACAAACCATGGTTGT,B
B9_c2,HMN52557,NI,B,B9_c2_CACACAAAGCTGAACG,B
B9_c2,HMN52560,NI,B,B9_c2_CACACCTAGGATGGAA,B
B9_c2,,,B,B9_c2_CACACCTGTCCTCCAT,B
B9_c2,,,B,B9_c2_CACACTCAGATGGGTC,B
B9_c2,HMN52549,NI,B,B9_c2_CACAGTACACATTCGA,B
B9_c2,,,B,B9_c2_CACATTTAGGATGGTC,B
B9_c2,HMN52557,NI,B,B9_c2_CACCACTCAACACCCG,B
B9_c2,HMN52554,flu,B,B9_c2_CACCACTGTACAGACG,B
B9_c2,HMN52557,NI,B,B9_c2_CACCACTGTCGAGTTT,B
B9_c2,,,B,B9_c2_CACCTTGGTAGTAGTA,B
B9_c2,HMN52557,NI,B,B9_c2_CACCTTGGTTGACGTT,B
B9_c2,,,B,B9_c2_CACTCCAGTGTGACCC,B
B9_c2,,,B,B9_c2_CAGAGAGTCCAACCAA,B
B9_c2,,,B,B9_c2_CAGCATACACAAGACG,B
B9_c2,,,B,B9_c2_CAGCCGACATAGTAAG,B
B9_c2,HMN52557,NI,B,B9_c2_CAGCGACGTCGTCTTC,B
B9_c2,HMN52549,NI,B,B9_c2_CAGCTAAAGGTTACCT,B
B9_c2,,,B,B9_c2_CAGGTGCAGAAGGCCT,B
B9_c2,,,B,B9_c2_CAGGTGCTCTACTCAT,B
B9_c2,HMN52549,NI,B,B9_c2_CAGTAACGTAGAAAGG,B
B9_c2,,,B,B9_c2_CAGTCCTCACCGTTGG,B
B9_c2,,,B,B9_c2_CAGTCCTCATAGAAAC,B
B9_c2,HMN52560,NI,B,B9_c2_CAGTCCTGTAGCTCCG,B
B9_c2,HMN52557,NI,B,B9_c2_CAGTCCTTCTGGTGTA,B
B9_c2,HMN52549,NI,B,B9_c2_CATATGGGTAAATACG,B
B9_c2,HMN52557,NI,B,B9_c2_CATATGGTCCAAGCCG,B
B9_c2,,,B,B9_c2_CATATTCAGCAGCCTC,B
B9_c2,,,B,B9_c2_CATATTCAGGAACTGC,B
B9_c2,HMN52557,NI,B,B9_c2_CATATTCAGGCCCTCA,B
B9_c2,HMN52560,NI,B,B9_c2_CATATTCTCTACTTAC,B
B9_c2,HMN52557,NI,B,B9_c2_CATCCACGTGATAAGT,B
B9_c2,,,B,B9_c2_CATCCACGTGCGAAAC,B
B9_c2,HMN52557,NI,B,B9_c2_CATCGAACAGGGCATA,B
B9_c2,HMN52557,NI,B,B9_c2_CATCGAAGTTTGACTG,B
B9_c2,HMN52556,flu,B,B9_c2_CATCGGGAGCCCAATT,B
B9_c2,,,B,B9_c2_CATCGGGTCAATAAGG,B
B9_c2,,,B,B9_c2_CATGACAGTTCAGACT,B
B9_c2,,,B,B9_c2_CATGACAGTTCGTCTC,B
B9_c2,HMN52557,NI,B,B9_c2_CATGGCGAGATAGCAT,B
B9_c2,,,B,B9_c2_CATGGCGGTGGTGTAG,B
B9_c2,,,B,B9_c2_CATTATCAGGGATCTG,B
B9_c2,,,B,B9_c2_CCACCTATCTCAACTT,B
B9_c2,,,B,B9_c2_CCACGGAAGTTCGCGC,B
B9_c2,,,B,B9_c2_CCATTCGTCAAGGTAA,B
B9_c2,,,B,B9_c2_CCCAATCCAGCCTGTG,B
B9_c2,,,B,B9_c2_CCCAATCGTGCACGAA,B
B9_c2,HMN52560,NI,B,B9_c2_CCCAATCTCCTTGACC,B
B9_c2,,,B,B9_c2_CCCATACCAAGTAATG,B
B9_c2,HMN52556,flu,B,B9_c2_CCCTCCTCATCGATTG,B
B9_c2,HMN52556,flu,B,B9_c2_CCCTCCTTCAAAGACA,B
B9_c2,,,B,B9_c2_CCGGGATGTTGTGGAG,B
B9_c2,,,B,B9_c2_CCGGGATTCATCACCC,B
B9_c2,HMN52560,NI,B,B9_c2_CCGTGGAGTACCCAAT,B
B9_c2,,,B,B9_c2_CCTAAAGTCATTATCC,B
B9_c2,,,B,B9_c2_CCTACACAGAGCTATA,B
B9_c2,,,B,B9_c2_CCTACCAGTAGGCTGA,B
B9_c2,,,B,B9_c2_CCTAGCTAGACTAAGT,B
B9_c2,,,B,B9_c2_CCTCAGTAGTGAAGTT,B
B9_c2,HMN52560,NI,B,B9_c2_CCTCAGTGTGCGCTTG,B
B9_c2,HMN52556,flu,B,B9_c2_CCTCAGTTCAGATAAG,B
B9_c2,,,B,B9_c2_CCTCAGTTCCCAAGTA,B
B9_c2,HMN52549,NI,B,B9_c2_CCTCTGAAGTAATCCC,B
B9_c2,HMN52557,NI,B,B9_c2_CCTCTGATCAGTGTTG,B
B9_c2,,,B,B9_c2_CCTCTGATCTGGTGTA,B
B9_c2,,,B,B9_c2_CCTTACGCACAACGTT,B
B9_c2,,,B,B9_c2_CCTTACGTCCAGAAGG,B
B9_c2,,,B,B9_c2_CCTTCCCCATAACCTG,B
B9_c2,HMN52549,NI,B,B9_c2_CCTTCGACAATCCGAT,B
B9_c2,HMN52549,NI,B,B9_c2_CCTTTCTTCCAAGTAC,B
B9_c2,,,B,B9_c2_CGAACATAGTGGAGTC,B
B9_c2,,,B,B9_c2_CGAACATGTTGGTTTG,B
B9_c2,,,B,B9_c2_CGACCTTCAAGACGTG,B
B9_c2,,,B,B9_c2_CGACCTTTCGGTTCGG,B
B9_c2,HMN52557,NI,B,B9_c2_CGACTTCTCAAAGTAG,B
B9_c2,,,B,B9_c2_CGATCGGGTTGTGGCC,B
B9_c2,HMN52549,NI,B,B9_c2_CGATGTAAGGAATTAC,B
B9_c2,,,B,B9_c2_CGATGTACATTAGCCA,B
B9_c2,HMN52547,flu,B,B9_c2_CGATTGACACGCATCG,B
B9_c2,HMN52560,NI,B,B9_c2_CGCCAAGCATCGGTTA,B
B9_c2,HMN52549,NI,B,B9_c2_CGCGGTAGTAAGCACG,B
B9_c2,,,B,B9_c2_CGCGGTATCCTCAACC,B
B9_c2,,,B,B9_c2_CGCGTTTAGCTAACAA,B
B9_c2,,,B,B9_c2_CGCTTCAAGAAACGCC,B
B9_c2,HMN52557,NI,B,B9_c2_CGCTTCAGTCAACATC,B
B9_c2,,,B,B9_c2_CGGACACAGAGTAATC,B
B9_c2,HMN52557,NI,B,B9_c2_CGGACACCAATGAATG,B
B9_c2,,,B,B9_c2_CGGACACCAGCTGCAC,B
B9_c2,,,B,B9_c2_CGGACACCATCTATGG,B
B9_c2,,,B,B9_c2_CGGACTGCACTTAAGC,B
B9_c2,,,B,B9_c2_CGGGTCAAGACGCTTT,B
B9_c2,HMN52557,NI,B,B9_c2_CGGGTCACACATGGGA,B
B9_c2,,,B,B9_c2_CGGGTCAGTAAGCACG,B
B9_c2,,,B,B9_c2_CGGTTAACATTGGTAC,B
B9_c2,,,B,B9_c2_CGTAGGCTCTAGAGTC,B
B9_c2,HMN52557,NI,B,B9_c2_CGTCAGGCATTGAGCT,B
B9_c2,,,B,B9_c2_CGTCCATAGAGACTTA,B
B9_c2,,,B,B9_c2_CGTCCATGTGCTGTAT,B
B9_c2,,,B,B9_c2_CGTCTACGTCTGATCA,B
B9_c2,,,B,B9_c2_CGTGTAAAGTGCCAGA,B
B9_c2,,,B,B9_c2_CGTGTAAGTGACGGTA,B
B9_c2,HMN52549,NI,B,B9_c2_CGTGTCTAGGAACTGC,B
B9_c2,,,B,B9_c2_CGTTGGGAGAGACGAA,B
B9_c2,,,B,B9_c2_CGTTGGGGTTTACTCT,B
B9_c2,HMN52557,NI,B,B9_c2_CTAAGACCATCGGACC,B
B9_c2,,,B,B9_c2_CTAATGGCAGGGAGAG,B
B9_c2,,,B,B9_c2_CTACATTGTACTTAGC,B
B9_c2,,,B,B9_c2_CTACATTGTTTGTTGG,B
B9_c2,,,B,B9_c2_CTACCCACAGGGTTAG,B
B9_c2,,,B,B9_c2_CTACGTCCAATCGAAA,B
B9_c2,,,B,B9_c2_CTAGAGTCACGAAAGC,B
B9_c2,,,B,B9_c2_CTCACACAGCAGGTCA,B
B9_c2,HMN52549,NI,B,B9_c2_CTCACACAGGCAGGTT,B
B9_c2,HMN52557,NI,B,B9_c2_CTCACACGTACCTACA,B
B9_c2,HMN52557,NI,B,B9_c2_CTCAGAACAATGGTCT,B
B9_c2,,,B,B9_c2_CTCATTAAGAATTCCC,B
B9_c2,,,B,B9_c2_CTCCTAGAGGCCATAG,B
B9_c2,,,B,B9_c2_CTCGAGGAGACTGGGT,B
B9_c2,HMN52549,NI,B,B9_c2_CTCGAGGGTTCTCATT,B
B9_c2,HMN52560,NI,B,B9_c2_CTCGAGGTCAAGATCC,B
B9_c2,HMN52549,NI,B,B9_c2_CTCGGGATCGGTTAAC,B
B9_c2,,,B,B9_c2_CTCGTCAAGACGCAAC,B
B9_c2,HMN52557,NI,B,B9_c2_CTCTAATGTTCGTTGA,B
B9_c2,,,B,B9_c2_CTCTGGTGTGTAATGA,B
B9_c2,HMN52560,NI,B,B9_c2_CTGAAACCAATGGACG,B
B9_c2,,,B,B9_c2_CTGATCCAGCGTGTCC,B
B9_c2,,,B,B9_c2_CTGCTGTGTGACGGTA,B
B9_c2,HMN52549,NI,B,B9_c2_CTGCTGTTCTCTAAGG,B
B9_c2,,,B,B9_c2_CTGGTCTTCTTAGAGC,B
B9_c2,HMN52549,NI,B,B9_c2_CTGTGCTGTCCAACTA,B
B9_c2,,,B,B9_c2_CTTAACTCACGGTAAG,B
B9_c2,,,B,B9_c2_CTTAACTGTCTCTTTA,B
B9_c2,,,B,B9_c2_CTTAGGATCCACGACG,B
B9_c2,HMN52560,NI,B,B9_c2_CTTCTCTCAGTCGATT,B
B9_c2,,,B,B9_c2_CTTGGCTCATCACGAT,B
B9_c2,,,B,B9_c2_CTTTGCGGTGTGAATA,B
B9_c2,HMN52557,NI,B,B9_c2_GAAATGATCGCTTGTC,B
B9_c2,,,B,B9_c2_GAACATCCACTTGGAT,B
B9_c2,HMN52557,NI,B,B9_c2_GAACATCGTAAGGGAA,B
B9_c2,,,B,B9_c2_GAACCTACAAGGTTCT,B
B9_c2,,,B,B9_c2_GAACGGATCATCTGTT,B
B9_c2,HMN52549,NI,B,B9_c2_GAACGGATCCGCGGTA,B
B9_c2,HMN52549,NI,B,B9_c2_GAAGCAGCACGGTGTC,B
B9_c2,,,B,B9_c2_GAAGCAGGTGTGCGTC,B
B9_c2,,,B,B9_c2_GAAGCAGTCCAACCAA,B
B9_c2,,,B,B9_c2_GAATAAGCAACTGGCC,B
B9_c2,HMN52549,NI,B,B9_c2_GACACGCAGGGTCGAT,B
B9_c2,HMN52557,NI,B,B9_c2_GACACGCCACATGGGA,B
B9_c2,HMN52557,NI,B,B9_c2_GACACGCTCGAATCCA,B
B9_c2,,,B,B9_c2_GACAGAGAGATCCGAG,B
B9_c2,HMN52557,NI,B,B9_c2_GACAGAGGTCCAAGTT,B
B9_c2,,,B,B9_c2_GACAGAGGTCTCCACT,B
B9_c2,,,B,B9_c2_GACCAATTCGATAGAA,B
B9_c2,,,B,B9_c2_GACGGCTAGCTGAAAT,B
B9_c2,,,B,B9_c2_GACGTTACACTGCCAG,B
B9_c2,,,B,B9_c2_GACGTTACAGGGTATG,B
B9_c2,HMN52557,NI,B,B9_c2_GACTGCGGTGGTAACG,B
B9_c2,,,B,B9_c2_GAGGTGAAGAAACGAG,B
B9_c2,,,B,B9_c2_GAGGTGAAGAAGGCCT,B
B9_c2,HMN52560,NI,B,B9_c2_GATCGCGTCACTCTTA,B
B9_c2,,,B,B9_c2_GATCGTAAGAGCTTCT,B
B9_c2,HMN52549,NI,B,B9_c2_GATCGTAGTGATAAGT,B
B9_c2,,,B,B9_c2_GATCTAGAGGCTAGAC,B
B9_c2,HMN52547,flu,B,B9_c2_GATGAAAAGACGCTTT,B
B9_c2,,,B,B9_c2_GATGAAATCCTTTCGG,B
B9_c2,,,B,B9_c2_GATGAGGCACGAGGTA,B
B9_c2,HMN52557,NI,B,B9_c2_GATGAGGCATCTCGCT,B
B9_c2,HMN52557,NI,B,B9_c2_GATGCTAGTACTCAAC,B
B9_c2,,,B,B9_c2_GATGCTATCACCGTAA,B
B9_c2,,,B,B9_c2_GATGCTATCTTAGAGC,B
B9_c2,HMN52549,NI,B,B9_c2_GCAAACTCATGCCCGA,B
B9_c2,HMN52560,NI,B,B9_c2_GCAAACTGTGCAGTAG,B
B9_c2,,,B,B9_c2_GCAATCAAGATCCTGT,B
B9_c2,,,B,B9_c2_GCAATCAAGCTAGCCC,B
B9_c2,,,B,B9_c2_GCACTCTCAAATCCGT,B
B9_c2,,,B,B9_c2_GCACTCTCATTAGGCT,B
B9_c2,,,B,B9_c2_GCAGCCAAGGAGTCTG,B
B9_c2,,,B,B9_c2_GCAGCCACACTCAGGC,B
B9_c2,HMN52560,NI,B,B9_c2_GCAGCCAGTAAACACA,B
B9_c2,HMN52549,NI,B,B9_c2_GCATACAAGAGGGATA,B
B9_c2,,,B,B9_c2_GCATGATTCTCCGGTT,B
B9_c2,,,B,B9_c2_GCATGCGGTCGCCATG,B
B9_c2,HMN52560,NI,B,B9_c2_GCCAAATCAACTGGCC,B
B9_c2,,,B,B9_c2_GCCTCTAGTACCGGCT,B
B9_c2,,,B,B9_c2_GCGCAACAGAATCTCC,B
B9_c2,,,B,B9_c2_GCGCAACCAGGCTGAA,B
B9_c2,,,B,B9_c2_GCGCAGTAGCTAGGCA,B
B9_c2,,,B,B9_c2_GCGCCAACATGTCGAT,B
B9_c2,,,B,B9_c2_GCGCGATTCCGCTGTT,B
B9_c2,,,B,B9_c2_GCGGGTTGTGTGAATA,B
B9_c2,HMN52549,NI,B,B9_c2_GCTCTGTAGCGTCAAG,B
B9_c2,HMN52557,NI,B,B9_c2_GCTGCAGAGTCCTCCT,B
B9_c2,,,B,B9_c2_GCTGCAGCAACCGCCA,B
B9_c2,,,B,B9_c2_GCTGCGAGTCACCTAA,B
B9_c2,,,B,B9_c2_GCTGCTTCAGATGAGC,B
B9_c2,HMN52560,NI,B,B9_c2_GCTGCTTTCTTGCCGT,B
B9_c2,,,B,B9_c2_GCTGGGTGTTAAAGAC,B
B9_c2,,,B,B9_c2_GCTTCCACATGTCCTC,B
B9_c2,,,B,B9_c2_GCTTGAAGTCTGCAAT,B
B9_c2,HMN52560,NI,B,B9_c2_GGAACTTAGCAATCTC,B
B9_c2,HMN52560,NI,B,B9_c2_GGAATAATCTTTCCTC,B
B9_c2,,,B,B9_c2_GGACAAGGTACATCCA,B
B9_c2,HMN52549,NI,B,B9_c2_GGACAGACAATCAGAA,B
B9_c2,,,B,B9_c2_GGACATTAGTGCAAGC,B
B9_c2,HMN52547,flu,B,B9_c2_GGCGACTCACGGTGTC,B
B9_c2,HMN52557,NI,B,B9_c2_GGCGACTGTTTGCATG,B
B9_c2,,,B,B9_c2_GGCGACTTCTGGGCCA,B
B9_c2,,,B,B9_c2_GGCGTGTCATTGGGCC,B
B9_c2,HMN52557,NI,B,B9_c2_GGCGTGTGTACCGGCT,B
B9_c2,,,B,B9_c2_GGCGTGTGTTTGACTG,B
B9_c2,HMN52549,NI,B,B9_c2_GGCTCGATCAAACAAG,B
B9_c2,,,B,B9_c2_GGCTGGTAGCGATATA,B
B9_c2,HMN52560,NI,B,B9_c2_GGCTGGTAGTGGTAGC,B
B9_c2,HMN52549,NI,B,B9_c2_GGCTGGTGTAAGTGTA,B
B9_c2,,,B,B9_c2_GGCTGGTGTCCATCCT,B
B9_c2,HMN52549,NI,B,B9_c2_GGCTGGTGTGCAACGA,B
B9_c2,HMN52557,NI,B,B9_c2_GGGACCTCATATGCTG,B
B9_c2,HMN52549,NI,B,B9_c2_GGGTCTGGTCTCCACT,B
B9_c2,,,B,B9_c2_GGGTTGCTCTTTCCTC,B
B9_c2,,,B,B9_c2_GGTGAAGGTCCCGACA,B
B9_c2,,,B,B9_c2_GGTGCGTCAAGCGAGT,B
B9_c2,,,B,B9_c2_GTAACGTGTATTAGCC,B
B9_c2,HMN52557,NI,B,B9_c2_GTAACGTTCGTACCGG,B
B9_c2,HMN52549,NI,B,B9_c2_GTACGTATCACTTACT,B
B9_c2,HMN52549,NI,B,B9_c2_GTACTCCCACCCATTC,B
B9_c2,,,B,B9_c2_GTACTTTGTTCCCGAG,B
B9_c2,,,B,B9_c2_GTAGGCCGTATTCGTG,B
B9_c2,,,B,B9_c2_GTAGTCATCGCCAAAT,B
B9_c2,HMN52557,NI,B,B9_c2_GTATCTTGTCTAAACC,B
B9_c2,,,B,B9_c2_GTATTCTAGTCCGTAT,B
B9_c2,,,B,B9_c2_GTCACAAGTCATCCCT,B
B9_c2,,,B,B9_c2_GTCACGGGTCATGCCG,B
B9_c2,HMN52560,NI,B,B9_c2_GTCACGGGTGCTTCTC,B
B9_c2,,,B,B9_c2_GTCACGGTCGGAGGTA,B
B9_c2,,,B,B9_c2_GTCCTCACAAAGTGCG,B
B9_c2,,,B,B9_c2_GTCGGGTCAAGCTGTT,B
B9_c2,,,B,B9_c2_GTCTCGTAGCGGATCA,B
B9_c2,HMN52557,NI,B,B9_c2_GTCTTCGCACTCAGGC,B
B9_c2,,,B,B9_c2_GTCTTCGCAGTAACGG,B
B9_c2,HMN52560,NI,B,B9_c2_GTCTTCGTCACCAGGC,B
B9_c2,,,B,B9_c2_GTCTTCGTCTACTCAT,B
B9_c2,,,B,B9_c2_GTGAAGGAGACAATAC,B
B9_c2,HMN52557,NI,B,B9_c2_GTGCAGCAGCTGAAAT,B
B9_c2,,,B,B9_c2_GTGCAGCCAGCTGTTA,B
B9_c2,,,B,B9_c2_GTGCAGCGTAGCTAAA,B
B9_c2,,,B,B9_c2_GTGCAGCGTGAGTGAC,B
B9_c2,,,B,B9_c2_GTGCGGTGTCTGCAAT,B
B9_c2,,,B,B9_c2_GTGCGGTGTGCCTGGT,B
B9_c2,HMN52549,NI,B,B9_c2_GTGCGGTTCAAAGTAG,B
B9_c2,HMN52549,NI,B,B9_c2_GTGGGTCGTCCGCTGA,B
B9_c2,,,B,B9_c2_GTTAAGCAGGCTAGCA,B
B9_c2,,,B,B9_c2_GTTAAGCTCAAGCCTA,B
B9_c2,HMN52549,NI,B,B9_c2_GTTACAGGTCGAGTTT,B
B9_c2,,,B,B9_c2_GTTCATTCAATCGGTT,B
B9_c2,,,B,B9_c2_GTTCATTCACCATGTA,B
B9_c2,HMN52549,NI,B,B9_c2_GTTCTCGCATTTGCTT,B
B9_c2,HMN52560,NI,B,B9_c2_TAAACCGTCTATGTGG,B
B9_c2,HMN52557,NI,B,B9_c2_TAAGAGAAGCGGATCA,B
B9_c2,HMN52557,NI,B,B9_c2_TAAGAGAGTAAACACA,B
B9_c2,,,B,B9_c2_TAAGTGCGTGGTGTAG,B
B9_c2,HMN52549,NI,B,B9_c2_TACACGACATTTCACT,B
B9_c2,,,B,B9_c2_TACGGATCACACATGT,B
B9_c2,HMN52557,NI,B,B9_c2_TACGGTAAGTTAGCGG,B
B9_c2,,,B,B9_c2_TACTCATAGGGTGTTG,B
B9_c2,HMN52557,NI,B,B9_c2_TACTCGCAGTACGTAA,B
B9_c2,,,B,B9_c2_TACTCGCGTCAAGCGA,B
B9_c2,,,B,B9_c2_TACTTACGTAAGGATT,B
B9_c2,,,B,B9_c2_TACTTGTCATAAGACA,B
B9_c2,,,B,B9_c2_TACTTGTCATCGGAAG,B
B9_c2,HMN52547,flu,B,B9_c2_TACTTGTGTGCAACGA,B
B9_c2,HMN52549,NI,B,B9_c2_TAGACCATCTGGTTCC,B
B9_c2,,,B,B9_c2_TAGCCGGAGGAGCGAG,B
B9_c2,HMN52560,NI,B,B9_c2_TAGCCGGTCTATCCCG,B
B9_c2,HMN52549,NI,B,B9_c2_TAGGCATAGTAGGCCA,B
B9_c2,HMN52557,NI,B,B9_c2_TAGTGGTTCGAACTGT,B
B9_c2,,,B,B9_c2_TATCAGGAGACTACAA,B
B9_c2,,,B,B9_c2_TATCTCAAGGCTAGGT,B
B9_c2,,,B,B9_c2_TATCTCAGTTTGTGTG,B
B9_c2,HMN52560,NI,B,B9_c2_TATGCCCGTCCTGCTT,B
B9_c2,,,B,B9_c2_TCAACGAAGTCTCAAC,B
B9_c2,HMN52557,NI,B,B9_c2_TCAACGACATCATCCC,B
B9_c2,,,B,B9_c2_TCAATCTAGTTTAGGA,B
B9_c2,,,B,B9_c2_TCAATCTCACATAACC,B
B9_c2,,,B,B9_c2_TCAATCTCACGCGAAA,B
B9_c2,,,B,B9_c2_TCACAAGGTGGACGAT,B
B9_c2,,,B,B9_c2_TCAGCAAGTGCGGTAA,B
B9_c2,HMN52549,NI,B,B9_c2_TCAGCAATCGCCAAAT,B
B9_c2,,,B,B9_c2_TCAGCTCGTAAGCACG,B
B9_c2,,,B,B9_c2_TCAGGATAGAGGGATA,B
B9_c2,,,B,B9_c2_TCAGGATGTTCCGGCA,B
B9_c2,HMN52560,NI,B,B9_c2_TCCACACTCAGCGATT,B
B9_c2,HMN52557,NI,B,B9_c2_TCCCGATAGTGCCAGA,B
B9_c2,,,B,B9_c2_TCCCGATCATGCATGT,B
B9_c2,HMN52549,NI,B,B9_c2_TCGCGAGAGTCCGTAT,B
B9_c2,,,B,B9_c2_TCGCGAGCACCCATTC,B
B9_c2,HMN52557,NI,B,B9_c2_TCGCGTTCAAATTGCC,B
B9_c2,HMN52549,NI,B,B9_c2_TCGGGACAGGAGTTGC,B
B9_c2,,,B,B9_c2_TCGGTAACACGGTGTC,B
B9_c2,HMN52560,NI,B,B9_c2_TCGGTAACAGACAAAT,B
B9_c2,,,B,B9_c2_TCGTAGAGTAGCTTGT,B
B9_c2,,,B,B9_c2_TCGTAGAGTCGGCTCA,B
B9_c2,,,B,B9_c2_TCGTAGAGTGCACTTA,B
B9_c2,,,B,B9_c2_TCGTAGATCAGTCAGT,B
B9_c2,,,B,B9_c2_TCTATTGGTGCAGACA,B
B9_c2,,,B,B9_c2_TCTCTAAAGTTCGCGC,B
B9_c2,HMN52547,flu,B,B9_c2_TCTGGAACAAGAGTCG,B
B9_c2,HMN52547,flu,B,B9_c2_TCTTCGGTCTTTACGT,B
B9_c2,HMN52549,NI,B,B9_c2_TCTTTCCTCCCGGATG,B
B9_c2,HMN52557,NI,B,B9_c2_TGAAAGAAGGGCTTGA,B
B9_c2,,,B,B9_c2_TGACAACCACATGGGA,B
B9_c2,,,B,B9_c2_TGACGGCCAGACGCAA,B
B9_c2,,,B,B9_c2_TGACTAGCATCGTCGG,B
B9_c2,,,B,B9_c2_TGAGAGGAGAAGGTGA,B
B9_c2,,,B,B9_c2_TGAGCATAGGATGGTC,B
B9_c2,HMN52549,NI,B,B9_c2_TGAGCATTCTGGTATG,B
B9_c2,HMN52560,NI,B,B9_c2_TGAGCCGCAGCTGTAT,B
B9_c2,,,B,B9_c2_TGAGCCGCAGGAACGT,B
B9_c2,,,B,B9_c2_TGCACCTGTCAGAGGT,B
B9_c2,,,B,B9_c2_TGCCAAATCTCCAGGG,B
B9_c2,HMN52549,NI,B,B9_c2_TGCGCAGAGAGTACAT,B
B9_c2,,,B,B9_c2_TGCGCAGAGCTCCCAG,B
B9_c2,HMN52557,NI,B,B9_c2_TGCGGGTCAGCATGAG,B
B9_c2,,,B,B9_c2_TGCGGGTGTCGGCATC,B
B9_c2,HMN52554,flu,B,B9_c2_TGCGTGGTCATAGCAC,B
B9_c2,,,B,B9_c2_TGCTACCAGGAACTGC,B
B9_c2,,,B,B9_c2_TGCTACCGTTGTCGCG,B
B9_c2,HMN52549,NI,B,B9_c2_TGGCCAGAGCGATAGC,B
B9_c2,HMN52560,NI,B,B9_c2_TGGCGCATCACCATAG,B
B9_c2,HMN52549,NI,B,B9_c2_TGGCTGGTCCGTTGCT,B
B9_c2,HMN52557,NI,B,B9_c2_TGGGAAGCAGTATGCT,B
B9_c2,HMN52549,NI,B,B9_c2_TGGTTAGCATAACCTG,B
B9_c2,HMN52560,NI,B,B9_c2_TGGTTAGGTACCGCTG,B
B9_c2,HMN52557,NI,B,B9_c2_TGTATTCGTAACGACG,B
B9_c2,,,B,B9_c2_TGTGGTATCTCGGACG,B
B9_c2,HMN52557,NI,B,B9_c2_TGTGTTTCACAGATTC,B
B9_c2,,,B,B9_c2_TGTGTTTTCTATCCTA,B
B9_c2,HMN52549,NI,B,B9_c2_TTAGGCATCATCGATG,B
B9_c2,,,B,B9_c2_TTAGGCATCTTGAGAC,B
B9_c2,,,B,B9_c2_TTAGTTCCAAAGGCGT,B
B9_c2,,,B,B9_c2_TTCCCAGAGATCCCGC,B
B9_c2,,,B,B9_c2_TTCCCAGGTGTCGCTG,B
B9_c2,HMN52557,NI,B,B9_c2_TTCCCAGTCAAGAAGT,B
B9_c2,,,B,B9_c2_TTCGAAGGTAGAGCTG,B
B9_c2,HMN52557,NI,B,B9_c2_TTCGGTCAGGAATGGA,B
B9_c2,HMN52557,NI,B,B9_c2_TTCGGTCCAGAAGCAC,B
B9_c2,HMN52560,NI,B,B9_c2_TTCGGTCTCTCCGGTT,B
B9_c2,,,B,B9_c2_TTCTCAAGTTGAGGTG,B
B9_c2,,,B,B9_c2_TTCTCCTGTCCGAACC,B
B9_c2,,,B,B9_c2_TTGAACGGTACTCAAC,B
B9_c2,,,B,B9_c2_TTGAACGTCACTGGGC,B
B9_c2,,,B,B9_c2_TTGACTTCAAGCCCAC,B
B9_c2,,,B,B9_c2_TTGACTTCACTCAGGC,B
B9_c2,HMN52547,flu,B,B9_c2_TTGCCGTGTTGGTGGA,B
B9_c2,,,B,B9_c2_TTGCGTCGTATTACCG,B
B9_c2,HMN52557,NI,B,B9_c2_TTGGCAAGTCCGTGAC,B
B9_c2,,,B,B9_c2_TTGGCAAGTTGCTCCT,B
B9_c2,,,B,B9_c2_TTGGCAATCACCGGGT,B
B9_c2,HMN52549,NI,B,B9_c2_TTTACTGTCTATCCCG,B
B9_c2,HMN52549,NI,B,B9_c2_TTTCCTCGTTAGGGTG,B
B9_c2,,,B,B9_c2_TTTGCGCAGCGGATCA,B
B9_c2,,,B,B9_c2_TTTGCGCCAAATTGCC,B
B9_c2,HMN52560,NI,B,B9_c2_TTTGGTTAGCCACGCT,B
B9_c2,,,B,B9_c2_TTTGGTTGTGGCGAAT,B
B9_c2,HMN52557,NI,B,B9_c2_TTTGGTTTCCGTCAAA,B
B9_c2,HMN52557,NI,B,B9_c2_TTTGTCAGTTGGACCC,B
B10_c1,HMN52559,NI,B,B10_c1_AAACCTGAGTATCTCG,B
B10_c1,,,B,B10_c1_AAACGGGGTACCTACA,B
B10_c1,HMN52559,NI,B,B10_c1_AAAGCAACAGTCAGAG,B
B10_c1,,,B,B10_c1_AAATGCCAGAGATGAG,B
B10_c1,HMN52559,NI,B,B10_c1_AACACGTAGTGTTTGC,B
B10_c1,HMN52559,NI,B,B10_c1_AACACGTAGTTAGCGG,B
B10_c1,HMN52555,flu,B,B10_c1_AACACGTTCGTGGTCG,B
B10_c1,,,B,B10_c1_AACCATGCATGTAGTC,B
B10_c1,HMN52550,flu,B,B10_c1_AACCATGGTACCCAAT,B
B10_c1,HMN52546,NI,B,B10_c1_AACCGCGAGTAGCGGT,B
B10_c1,,,B,B10_c1_AACCGCGCAAGTACCT,B
B10_c1,HMN52548,NI,B,B10_c1_AACCGCGGTCGTGGCT,B
B10_c1,,,B,B10_c1_AACGTTGTCGGGAGTA,B
B10_c1,,,B,B10_c1_AACTCAGAGCAAATCA,B
B10_c1,,,B,B10_c1_AACTCAGGTTTAAGCC,B
B10_c1,HMN52559,NI,B,B10_c1_AACTCAGTCTGCTTGC,B
B10_c1,,,B,B10_c1_AACTCCCAGATAGCAT,B
B10_c1,HMN52546,NI,B,B10_c1_AACTCCCAGCCCGAAA,B
B10_c1,,,B,B10_c1_AACTCTTAGGCCGAAT,B
B10_c1,,,B,B10_c1_AACTCTTCAGAGCCAA,B
B10_c1,,,B,B10_c1_AACTCTTCATGCCTTC,B
B10_c1,,,B,B10_c1_AACTTTCGTAGCTCCG,B
B10_c1,HMN52559,NI,B,B10_c1_AAGACCTGTACGACCC,B
B10_c1,,,B,B10_c1_AAGACCTGTCTAGGTT,B
B10_c1,HMN52546,NI,B,B10_c1_AAGACCTTCTTCCTTC,B
B10_c1,HMN52559,NI,B,B10_c1_AAGCCGCGTGCCTTGG,B
B10_c1,HMN52548,NI,B,B10_c1_AAGCCGCTCTCTTATG,B
B10_c1,HMN52548,NI,B,B10_c1_AAGGCAGCAGGCGATA,B
B10_c1,HMN52559,NI,B,B10_c1_AAGTCTGTCCGCAGTG,B
B10_c1,HMN52559,NI,B,B10_c1_AAGTCTGTCTGCTTGC,B
B10_c1,HMN52550,flu,B,B10_c1_AATCCAGAGCGTTCCG,B
B10_c1,,,B,B10_c1_AATCCAGAGGTAAACT,B
B10_c1,,,B,B10_c1_AATCCAGGTGAACCTT,B
B10_c1,HMN52546,NI,B,B10_c1_AATCGGTCACATGACT,B
B10_c1,,,B,B10_c1_AATCGGTTCCTCAACC,B
B10_c1,,,B,B10_c1_ACACCCTCAAGGTGTG,B
B10_c1,HMN52555,flu,B,B10_c1_ACACCCTTCTGTCTAT,B
B10_c1,,,B,B10_c1_ACACCGGAGAAACGCC,B
B10_c1,,,B,B10_c1_ACACCGGCACAGCGTC,B
B10_c1,,,B,B10_c1_ACACCGGGTAAGGGCT,B
B10_c1,HMN52559,NI,B,B10_c1_ACACCGGTCGTCTGCT,B
B10_c1,HMN52548,NI,B,B10_c1_ACAGCTACAATGTTGC,B
B10_c1,HMN52559,NI,B,B10_c1_ACAGCTACAGTTAACC,B
B10_c1,HMN52559,NI,B,B10_c1_ACAGCTAGTCTGCGGT,B
B10_c1,HMN52546,NI,B,B10_c1_ACAGCTATCCTTGGTC,B
B10_c1,HMN52546,NI,B,B10_c1_ACATACGTCATGTGGT,B
B10_c1,HMN52561,flu,B,B10_c1_ACATACGTCTGAGTGT,B
B10_c1,HMN52548,NI,B,B10_c1_ACATGGTTCACCGGGT,B
B10_c1,,,B,B10_c1_ACATGGTTCCAAACAC,B
B10_c1,,,B,B10_c1_ACATGGTTCGTCCAGG,B
B10_c1,,,B,B10_c1_ACCAGTACAACAACCT,B
B10_c1,,,B,B10_c1_ACCAGTACATGGTTGT,B
B10_c1,HMN52548,NI,B,B10_c1_ACCAGTAGTCTCTTTA,B
B10_c1,HMN52559,NI,B,B10_c1_ACCAGTATCACATAGC,B
B10_c1,HMN52548,NI,B,B10_c1_ACCCACTTCTAAGCCA,B
B10_c1,,,B,B10_c1_ACCGTAACAAGCCGCT,B
B10_c1,,,B,B10_c1_ACCTTTAAGTTGAGTA,B
B10_c1,HMN52548,NI,B,B10_c1_ACCTTTAGTAGATTAG,B
B10_c1,HMN52546,NI,B,B10_c1_ACGAGGAAGGTGCTTT,B
B10_c1,,,B,B10_c1_ACGAGGACAATGGATA,B
B10_c1,,,B,B10_c1_ACGAGGATCAGTTAGC,B
B10_c1,HMN52546,NI,B,B10_c1_ACGATACAGCCATCGC,B
B10_c1,HMN52548,NI,B,B10_c1_ACGATGTAGCAGGCTA,B
B10_c1,,,B,B10_c1_ACGCAGCGTGCAACGA,B
B10_c1,HMN52548,NI,B,B10_c1_ACGCCGAAGGAATCGC,B
B10_c1,,,B,B10_c1_ACGCCGAGTCCCTTGT,B
B10_c1,,,B,B10_c1_ACGGAGACAATGGTCT,B
B10_c1,HMN52548,NI,B,B10_c1_ACGGCCAAGCGATTCT,B
B10_c1,,,B,B10_c1_ACGGCCAGTTGGGACA,B
B10_c1,HMN52548,NI,B,B10_c1_ACGGCCATCAAAGACA,B
B10_c1,,,B,B10_c1_ACGGGCTAGCGCCTCA,B
B10_c1,,,B,B10_c1_ACGGGTCGTAAGGGCT,B
B10_c1,,,B,B10_c1_ACTATCTAGGTGCTAG,B
B10_c1,,,B,B10_c1_ACTATCTAGTATTGGA,B
B10_c1,,,B,B10_c1_ACTATCTTCTCGATGA,B
B10_c1,HMN52559,NI,B,B10_c1_ACTGAGTCAAGTAGTA,B
B10_c1,,,B,B10_c1_ACTGATGGTGTAATGA,B
B10_c1,,,B,B10_c1_ACTGATGGTTCGAATC,B
B10_c1,HMN52548,NI,B,B10_c1_ACTGATGTCAACTCTT,B
B10_c1,,,B,B10_c1_ACTGATGTCGCTTAGA,B
B10_c1,,,B,B10_c1_ACTGCTCAGTCCATAC,B
B10_c1,,,B,B10_c1_ACTGCTCGTCGGATCC,B
B10_c1,,,B,B10_c1_ACTGCTCGTCTGATCA,B
B10_c1,,,B,B10_c1_ACTGCTCTCGTCGTTC,B
B10_c1,,,B,B10_c1_ACTGTCCCACACCGAC,B
B10_c1,HMN52559,NI,B,B10_c1_ACTGTCCGTCATTAGC,B
B10_c1,HMN52548,NI,B,B10_c1_ACTTACTAGGGCTCTC,B
B10_c1,HMN52548,NI,B,B10_c1_ACTTACTTCCGGGTGT,B
B10_c1,HMN52559,NI,B,B10_c1_ACTTGTTGTTTGACAC,B
B10_c1,,,B,B10_c1_ACTTGTTTCCAAGTAC,B
B10_c1,HMN52559,NI,B,B10_c1_ACTTGTTTCGCGCCAA,B
B10_c1,HMN52550,flu,B,B10_c1_ACTTTCAGTCATATGC,B
B10_c1,HMN52548,NI,B,B10_c1_ACTTTCATCAGTTAGC,B
B10_c1,,,B,B10_c1_ACTTTCATCCTTAATC,B
B10_c1,HMN52555,flu,B,B10_c1_AGACGTTAGATCGATA,B
B10_c1,HMN52548,NI,B,B10_c1_AGACGTTCATTGCGGC,B
B10_c1,,,B,B10_c1_AGAGCGAAGCGTGAGT,B
B10_c1,HMN52559,NI,B,B10_c1_AGAGCTTAGTGAAGTT,B
B10_c1,,,B,B10_c1_AGAGCTTGTTGATTCG,B
B10_c1,HMN52559,NI,B,B10_c1_AGAGTGGAGAGCTTCT,B
B10_c1,HMN52546,NI,B,B10_c1_AGAGTGGAGGTGATTA,B
B10_c1,,,B,B10_c1_AGATCTGTCTGCGTAA,B
B10_c1,HMN52561,flu,B,B10_c1_AGATTGCAGCCCGAAA,B
B10_c1,HMN52559,NI,B,B10_c1_AGATTGCGTCGCATAT,B
B10_c1,,,B,B10_c1_AGCAGCCAGTGTACGG,B
B10_c1,,,B,B10_c1_AGCAGCCCACGGACAA,B
B10_c1,HMN52546,NI,B,B10_c1_AGCAGCCCAGGTCGTC,B
B10_c1,,,B,B10_c1_AGCATACAGTGGGTTG,B
B10_c1,,,B,B10_c1_AGCATACCAAGCGCTC,B
B10_c1,,,B,B10_c1_AGCATACGTTCATGGT,B
B10_c1,HMN52548,NI,B,B10_c1_AGCGGTCCAACGATGG,B
B10_c1,HMN52548,NI,B,B10_c1_AGCGTATGTGATAAAC,B
B10_c1,,,B,B10_c1_AGCGTATGTTGGTAAA,B
B10_c1,,,B,B10_c1_AGCGTCGAGTGCCAGA,B
B10_c1,,,B,B10_c1_AGCTCCTCAATTCCTT,B
B10_c1,HMN52548,NI,B,B10_c1_AGCTCCTGTAAGTAGT,B
B10_c1,HMN52548,NI,B,B10_c1_AGCTCTCAGCGTGAGT,B
B10_c1,,,B,B10_c1_AGCTCTCCAAGAGTCG,B
B10_c1,,,B,B10_c1_AGCTCTCCATAGACTC,B
B10_c1,,,B,B10_c1_AGCTCTCCATCGTCGG,B
B10_c1,HMN52559,NI,B,B10_c1_AGCTCTCGTGTTTGTG,B
B10_c1,HMN52559,NI,B,B10_c1_AGCTTGAAGGCTAGAC,B
B10_c1,HMN52559,NI,B,B10_c1_AGCTTGACATGTAGTC,B
B10_c1,HMN52559,NI,B,B10_c1_AGCTTGAGTTCGGCAC,B
B10_c1,HMN52559,NI,B,B10_c1_AGCTTGATCGATCCCT,B
B10_c1,HMN52546,NI,B,B10_c1_AGGCCACAGTGCCATT,B
B10_c1,,,B,B10_c1_AGGCCGTAGTCAATAG,B
B10_c1,HMN52546,NI,B,B10_c1_AGGCCGTCACCAGGCT,B
B10_c1,HMN52555,flu,B,B10_c1_AGGTCATAGTGTTTGC,B
B10_c1,HMN52546,NI,B,B10_c1_AGGTCCGGTACAGCAG,B
B10_c1,HMN52548,NI,B,B10_c1_AGTGAGGAGACACGAC,B
B10_c1,HMN52559,NI,B,B10_c1_AGTGAGGAGGTCATCT,B
B10_c1,HMN52548,NI,B,B10_c1_AGTGAGGTCTCTGTCG,B
B10_c1,HMN52548,NI,B,B10_c1_AGTGAGGTCTTCATGT,B
B10_c1,HMN52559,NI,B,B10_c1_AGTGGGAGTGCACTTA,B
B10_c1,,,B,B10_c1_AGTGGGATCTAACTCT,B
B10_c1,HMN52546,NI,B,B10_c1_AGTGTCATCTAACGGT,B
B10_c1,HMN52559,NI,B,B10_c1_AGTTGGTAGACGCAAC,B
B10_c1,,,B,B10_c1_ATAACGCAGTCGAGTG,B
B10_c1,HMN52559,NI,B,B10_c1_ATAACGCTCTTCATGT,B
B10_c1,,,B,B10_c1_ATAAGAGCACAGACTT,B
B10_c1,,,B,B10_c1_ATAAGAGGTCTCTCGT,B
B10_c1,HMN52559,NI,B,B10_c1_ATAAGAGTCAGTTGAC,B
B10_c1,,,B,B10_c1_ATAGACCGTTTAAGCC,B
B10_c1,HMN52548,NI,B,B10_c1_ATAGACCTCGCTAGCG,B
B10_c1,,,B,B10_c1_ATCACGATCTATCCTA,B
B10_c1,HMN52548,NI,B,B10_c1_ATCATCTCATGTCTCC,B
B10_c1,,,B,B10_c1_ATCATGGGTCTCGTTC,B
B10_c1,HMN52559,NI,B,B10_c1_ATCCACCAGCCACGCT,B
B10_c1,,,B,B10_c1_ATCCACCCACATGGGA,B
B10_c1,HMN52555,flu,B,B10_c1_ATCCACCCACTCTGTC,B
B10_c1,,,B,B10_c1_ATCCACCGTGCAACGA,B
B10_c1,,,B,B10_c1_ATCCACCTCAGATAAG,B
B10_c1,HMN52550,flu,B,B10_c1_ATCCGAAAGAGCCTAG,B
B10_c1,,,B,B10_c1_ATCCGAAAGGAATTAC,B
B10_c1,,,B,B10_c1_ATCCGAACAAGAGTCG,B
B10_c1,,,B,B10_c1_ATCCGAATCGGGAGTA,B
B10_c1,HMN52548,NI,B,B10_c1_ATCCGAATCTGGCGAC,B
B10_c1,HMN52548,NI,B,B10_c1_ATCGAGTAGATGTAAC,B
B10_c1,HMN52546,NI,B,B10_c1_ATCGAGTGTAGCTGCC,B
B10_c1,HMN52548,NI,B,B10_c1_ATCGAGTGTCAATACC,B
B10_c1,,,B,B10_c1_ATCGAGTTCCACGAAT,B
B10_c1,,,B,B10_c1_ATCTACTAGATGTAAC,B
B10_c1,HMN52548,NI,B,B10_c1_ATCTACTAGCAATCTC,B
B10_c1,HMN52559,NI,B,B10_c1_ATCTACTCAGTCAGAG,B
B10_c1,,,B,B10_c1_ATCTACTGTAAGAGAG,B
B10_c1,,,B,B10_c1_ATCTGCCTCGTCTGAA,B
B10_c1,,,B,B10_c1_ATGAGGGAGCTTTGGT,B
B10_c1,,,B,B10_c1_ATGAGGGGTAGGGACT,B
B10_c1,,,B,B10_c1_ATGAGGGTCGGACAAG,B
B10_c1,,,B,B10_c1_ATGCGATGTACAAGTA,B
B10_c1,HMN52559,NI,B,B10_c1_ATGCGATTCTGCTGTC,B
B10_c1,HMN52559,NI,B,B10_c1_ATGGGAGCACGGATAG,B
B10_c1,,,B,B10_c1_ATGGGAGTCGTGGGAA,B
B10_c1,HMN52550,flu,B,B10_c1_ATTACTCAGAGAACAG,B
B10_c1,HMN52559,NI,B,B10_c1_ATTATCCCACCCATTC,B
B10_c1,,,B,B10_c1_ATTATCCGTTCAGGCC,B
B10_c1,,,B,B10_c1_ATTATCCTCAGAGCTT,B
B10_c1,,,B,B10_c1_ATTCTACAGCCCGAAA,B
B10_c1,,,B,B10_c1_ATTGGTGAGCACAGGT,B
B10_c1,,,B,B10_c1_ATTGGTGTCGAGGTAG,B
B10_c1,,,B,B10_c1_CAACCAACACCCATGG,B
B10_c1,HMN52559,NI,B,B10_c1_CAACCAATCCTGTAGA,B
B10_c1,HMN52559,NI,B,B10_c1_CAACCAATCGTAGGAG,B
B10_c1,,,B,B10_c1_CAACCAATCTTTACAC,B
B10_c1,,,B,B10_c1_CAACCTCAGCCCAGCT,B
B10_c1,,,B,B10_c1_CAACCTCCATGAAGTA,B
B10_c1,HMN52548,NI,B,B10_c1_CAACCTCCATGCCACG,B
B10_c1,,,B,B10_c1_CAACTAGAGCCCAGCT,B
B10_c1,,,B,B10_c1_CAACTAGGTACTTCTT,B
B10_c1,,,B,B10_c1_CAACTAGGTGTCAATC,B
B10_c1,,,B,B10_c1_CAAGAAATCAGTTTGG,B
B10_c1,,,B,B10_c1_CAAGTTGTCATGCTCC,B
B10_c1,,,B,B10_c1_CACACAACACTTCGAA,B
B10_c1,HMN52548,NI,B,B10_c1_CACACAAGTTCGCGAC,B
B10_c1,,,B,B10_c1_CACACCTAGACACTAA,B
B10_c1,HMN52559,NI,B,B10_c1_CACACCTGTCTAGGTT,B
B10_c1,,,B,B10_c1_CACACTCAGAGGGATA,B
B10_c1,,,B,B10_c1_CACACTCAGTGTCCCG,B
B10_c1,,,B,B10_c1_CACACTCCACGAAGCA,B
B10_c1,,,B,B10_c1_CACACTCTCTTCCTTC,B
B10_c1,HMN52548,NI,B,B10_c1_CACAGTAAGTCCGGTC,B
B10_c1,HMN52546,NI,B,B10_c1_CACAGTACACAAGACG,B
B10_c1,,,B,B10_c1_CACATAGTCCTAGTGA,B
B10_c1,,,B,B10_c1_CACATTTCACGAAATA,B
B10_c1,,,B,B10_c1_CACCACTCAGTATCTG,B
B10_c1,,,B,B10_c1_CACCAGGAGAAACGAG,B
B10_c1,,,B,B10_c1_CACCAGGAGTCGAGTG,B
B10_c1,HMN52548,NI,B,B10_c1_CACCTTGAGAAACGAG,B
B10_c1,,,B,B10_c1_CACCTTGTCGCACTCT,B
B10_c1,HMN52546,NI,B,B10_c1_CAGAATCAGACGCAAC,B
B10_c1,HMN52561,flu,B,B10_c1_CAGAGAGAGACTAGGC,B
B10_c1,,,B,B10_c1_CAGAGAGCATCATCCC,B
B10_c1,HMN52548,NI,B,B10_c1_CAGAGAGTCATCGATG,B
B10_c1,,,B,B10_c1_CAGCCGAAGGAGTTTA,B
B10_c1,HMN52559,NI,B,B10_c1_CAGCCGAGTCTAGCGC,B
B10_c1,HMN52546,NI,B,B10_c1_CAGCTAACATGGTTGT,B
B10_c1,HMN52559,NI,B,B10_c1_CAGCTAAGTCCAGTGC,B
B10_c1,HMN52559,NI,B,B10_c1_CAGCTAATCTAACCGA,B
B10_c1,,,B,B10_c1_CAGCTGGTCCAAATGC,B
B10_c1,,,B,B10_c1_CAGCTGGTCCTTGCCA,B
B10_c1,,,B,B10_c1_CAGGTGCTCAACGCTA,B
B10_c1,HMN52548,NI,B,B10_c1_CAGGTGCTCCGTCATC,B
B10_c1,HMN52559,NI,B,B10_c1_CAGTAACGTGGACGAT,B
B10_c1,HMN52559,NI,B,B10_c1_CAGTAACTCAGTGCAT,B
B10_c1,HMN52546,NI,B,B10_c1_CAGTCCTAGATAGTCA,B
B10_c1,,,B,B10_c1_CAGTCCTAGCCGCCTA,B
B10_c1,HMN52548,NI,B,B10_c1_CAGTCCTGTACAGTTC,B
B10_c1,HMN52548,NI,B,B10_c1_CATATGGGTCTAGCCG,B
B10_c1,,,B,B10_c1_CATATGGTCGGTCCGA,B
B10_c1,HMN52559,NI,B,B10_c1_CATCAAGTCAAACCAC,B
B10_c1,HMN52548,NI,B,B10_c1_CATCAAGTCTAACTTC,B
B10_c1,,,B,B10_c1_CATCAGAGTCTTGTCC,B
B10_c1,HMN52548,NI,B,B10_c1_CATCCACCAAATTGCC,B
B10_c1,,,B,B10_c1_CATCCACCATGCCACG,B
B10_c1,HMN52548,NI,B,B10_c1_CATCCACGTCAGAATA,B
B10_c1,HMN52548,NI,B,B10_c1_CATCCACGTCTCTCGT,B
B10_c1,HMN52548,NI,B,B10_c1_CATCCACTCCTTTCTC,B
B10_c1,HMN52548,NI,B,B10_c1_CATCCACTCTTTAGTC,B
B10_c1,,,B,B10_c1_CATCGAAAGCTAGGCA,B
B10_c1,HMN52559,NI,B,B10_c1_CATCGAAAGCTAGTCT,B
B10_c1,HMN52559,NI,B,B10_c1_CATCGGGAGCGTGAAC,B
B10_c1,,,B,B10_c1_CATCGGGGTGACCAAG,B
B10_c1,HMN52559,NI,B,B10_c1_CATGACAAGTTAACGA,B
B10_c1,,,B,B10_c1_CATGGCGGTTCCACAA,B
B10_c1,HMN52546,NI,B,B10_c1_CATTCGCGTAAGGGCT,B
B10_c1,,,B,B10_c1_CATTCGCGTCAGAATA,B
B10_c1,HMN52548,NI,B,B10_c1_CCAATCCAGTTAAGTG,B
B10_c1,,,B,B10_c1_CCAATCCTCGGACAAG,B
B10_c1,HMN52548,NI,B,B10_c1_CCAATCCTCTTGCATT,B
B10_c1,HMN52555,flu,B,B10_c1_CCACCTACAAGTTGTC,B
B10_c1,HMN52559,NI,B,B10_c1_CCACCTAGTTGACGTT,B
B10_c1,,,B,B10_c1_CCACCTATCTTAGCCC,B
B10_c1,,,B,B10_c1_CCACCTATCTTATCTG,B
B10_c1,,,B,B10_c1_CCACGGACAGGCAGTA,B
B10_c1,HMN52550,flu,B,B10_c1_CCACGGAGTCGCTTTC,B
B10_c1,HMN52548,NI,B,B10_c1_CCAGCGAGTTCGTTGA,B
B10_c1,,,B,B10_c1_CCATGTCTCACCTTAT,B
B10_c1,,,B,B10_c1_CCCAATCTCAATACCG,B
B10_c1,HMN52548,NI,B,B10_c1_CCCTCCTAGGCTATCT,B
B10_c1,HMN52559,NI,B,B10_c1_CCCTCCTGTGTGTGCC,B
B10_c1,,,B,B10_c1_CCGGGATCAAGCTGTT,B
B10_c1,HMN52546,NI,B,B10_c1_CCGGGATGTGTGGTTT,B
B10_c1,HMN52548,NI,B,B10_c1_CCGGTAGCATACTCTT,B
B10_c1,HMN52559,NI,B,B10_c1_CCGTGGAGTCAATACC,B
B10_c1,HMN52548,NI,B,B10_c1_CCGTTCACATTGGCGC,B
B10_c1,,,B,B10_c1_CCTAAAGAGACGACGT,B
B10_c1,,,B,B10_c1_CCTAAAGAGTGACATA,B
B10_c1,,,B,B10_c1_CCTAAAGCATGCGCAC,B
B10_c1,,,B,B10_c1_CCTAAAGCATGTCTCC,B
B10_c1,,,B,B10_c1_CCTAAAGGTTTGGGCC,B
B10_c1,,,B,B10_c1_CCTACACAGAAGAAGC,B
B10_c1,HMN52559,NI,B,B10_c1_CCTACACGTAACGTTC,B
B10_c1,HMN52559,NI,B,B10_c1_CCTAGCTAGAGACTTA,B
B10_c1,HMN52550,flu,B,B10_c1_CCTATTAGTACCGGCT,B
B10_c1,HMN52546,NI,B,B10_c1_CCTATTAGTAGTAGTA,B
B10_c1,,,B,B10_c1_CCTATTAGTCTCGTTC,B
B10_c1,,,B,B10_c1_CCTTACGAGTCCATAC,B
B10_c1,,,B,B10_c1_CCTTCCCCAATTGCTG,B
B10_c1,HMN52559,NI,B,B10_c1_CCTTCCCGTAGGGTAC,B
B10_c1,,,B,B10_c1_CCTTCGAAGGGTTTCT,B
B10_c1,HMN52559,NI,B,B10_c1_CCTTCGACAAAGTCAA,B
B10_c1,,,B,B10_c1_CCTTCGACAGTCAGCC,B
B10_c1,,,B,B10_c1_CCTTCGATCATCTGTT,B
B10_c1,HMN52548,NI,B,B10_c1_CCTTTCTAGCTATGCT,B
B10_c1,,,B,B10_c1_CCTTTCTCAGTGACAG,B
B10_c1,,,B,B10_c1_CCTTTCTGTACGACCC,B
B10_c1,HMN52548,NI,B,B10_c1_CCTTTCTGTGCACTTA,B
B10_c1,HMN52559,NI,B,B10_c1_CGAACATGTTGATTGC,B
B10_c1,,,B,B10_c1_CGAACATTCGTCCAGG,B
B10_c1,HMN52548,NI,B,B10_c1_CGAATGTGTCTCTTTA,B
B10_c1,,,B,B10_c1_CGACTTCAGGGAGTAA,B
B10_c1,,,B,B10_c1_CGACTTCGTTGTACAC,B
B10_c1,,,B,B10_c1_CGAGAAGTCCAAGTAC,B
B10_c1,HMN52559,NI,B,B10_c1_CGAGCACAGGACATTA,B
B10_c1,HMN52559,NI,B,B10_c1_CGAGCACCAGATCCAT,B
B10_c1,,,B,B10_c1_CGAGCACCAGCTGCAC,B
B10_c1,,,B,B10_c1_CGAGCCAAGGAACTGC,B
B10_c1,HMN52548,NI,B,B10_c1_CGAGCCAGTAGCAAAT,B
B10_c1,,,B,B10_c1_CGATCGGCAACTGCTA,B
B10_c1,,,B,B10_c1_CGATGGCAGTATCGAA,B
B10_c1,HMN52559,NI,B,B10_c1_CGATGGCGTCATGCAT,B
B10_c1,HMN52555,flu,B,B10_c1_CGATGGCTCATGTCCC,B
B10_c1,,,B,B10_c1_CGATGTACACATCTTT,B
B10_c1,,,B,B10_c1_CGATGTACACCATCCT,B
B10_c1,,,B,B10_c1_CGATGTATCTCCTATA,B
B10_c1,HMN52548,NI,B,B10_c1_CGATTGATCTCTGTCG,B
B10_c1,HMN52548,NI,B,B10_c1_CGCGGTAGTGAGGGTT,B
B10_c1,,,B,B10_c1_CGCTATCCAATACGCT,B
B10_c1,HMN52548,NI,B,B10_c1_CGCTATCCATGCAATC,B
B10_c1,HMN52546,NI,B,B10_c1_CGCTTCATCGGTCTAA,B
B10_c1,HMN52559,NI,B,B10_c1_CGGACACAGCCAGTTT,B
B10_c1,,,B,B10_c1_CGGACACCACCACCAG,B
B10_c1,HMN52559,NI,B,B10_c1_CGGACACGTCGCATCG,B
B10_c1,,,B,B10_c1_CGGACGTCAAGACGTG,B
B10_c1,,,B,B10_c1_CGGACGTCACCGAAAG,B
B10_c1,,,B,B10_c1_CGGACGTCAGGGTATG,B
B10_c1,,,B,B10_c1_CGGACTGCAGCTGTGC,B
B10_c1,,,B,B10_c1_CGGAGTCAGGTGTGGT,B
B10_c1,HMN52559,NI,B,B10_c1_CGGCTAGGTACAGCAG,B
B10_c1,,,B,B10_c1_CGGCTAGTCGCATGAT,B
B10_c1,,,B,B10_c1_CGGGTCAAGGCCCTCA,B
B10_c1,HMN52546,NI,B,B10_c1_CGGGTCAGTGTTCGAT,B
B10_c1,HMN52548,NI,B,B10_c1_CGGGTCAGTTGTTTGG,B
B10_c1,HMN52548,NI,B,B10_c1_CGGGTCATCTCGTTTA,B
B10_c1,,,B,B10_c1_CGTAGCGAGGGTTTCT,B
B10_c1,,,B,B10_c1_CGTAGCGAGGTAGCCA,B
B10_c1,,,B,B10_c1_CGTAGCGTCGTAGGAG,B
B10_c1,,,B,B10_c1_CGTAGGCGTAAGGATT,B
B10_c1,HMN52559,NI,B,B10_c1_CGTCACTAGCAGACTG,B
B10_c1,HMN52550,flu,B,B10_c1_CGTCACTGTTCATGGT,B
B10_c1,,,B,B10_c1_CGTCCATCAAACGTGG,B
B10_c1,,,B,B10_c1_CGTCCATGTAAGTGGC,B
B10_c1,,,B,B10_c1_CGTCCATTCACTCTTA,B
B10_c1,,,B,B10_c1_CGTGAGCCAGTACACT,B
B10_c1,HMN52546,NI,B,B10_c1_CGTGAGCCATCACGAT,B
B10_c1,HMN52548,NI,B,B10_c1_CGTGAGCGTGAGGGAG,B
B10_c1,HMN52548,NI,B,B10_c1_CGTGTCTCACGCTTTC,B
B10_c1,,,B,B10_c1_CGTGTCTGTCTAGCCG,B
B10_c1,,,B,B10_c1_CGTTAGATCCATGAAC,B
B10_c1,HMN52559,NI,B,B10_c1_CGTTGGGAGAGGTTAT,B
B10_c1,HMN52548,NI,B,B10_c1_CGTTGGGTCTGGTTCC,B
B10_c1,HMN52559,NI,B,B10_c1_CTAACTTAGACTTTCG,B
B10_c1,HMN52559,NI,B,B10_c1_CTAAGACCATGTTCCC,B
B10_c1,HMN52548,NI,B,B10_c1_CTACACCGTATCTGCA,B
B10_c1,HMN52546,NI,B,B10_c1_CTACACCTCTCGGACG,B
B10_c1,HMN52555,flu,B,B10_c1_CTACATTAGTGGCACA,B
B10_c1,HMN52559,NI,B,B10_c1_CTACATTGTTATGCGT,B
B10_c1,,,B,B10_c1_CTACCCAGTACTCTCC,B
B10_c1,HMN52559,NI,B,B10_c1_CTACGTCCAGTAAGCG,B
B10_c1,HMN52548,NI,B,B10_c1_CTAGAGTAGCTAACAA,B
B10_c1,,,B,B10_c1_CTAGAGTCAACGCACC,B
B10_c1,,,B,B10_c1_CTAGAGTTCGTAGGTT,B
B10_c1,,,B,B10_c1_CTAGCCTCATATGAGA,B
B10_c1,HMN52548,NI,B,B10_c1_CTAGCCTTCGGTTCGG,B
B10_c1,HMN52559,NI,B,B10_c1_CTAGTGACACCAGATT,B
B10_c1,HMN52561,flu,B,B10_c1_CTAGTGAGTCCGAATT,B
B10_c1,HMN52559,NI,B,B10_c1_CTCACACAGAACTCGG,B
B10_c1,,,B,B10_c1_CTCACACCACATGTGT,B
B10_c1,HMN52546,NI,B,B10_c1_CTCACACTCGTCCAGG,B
B10_c1,,,B,B10_c1_CTCAGAACACTGTTAG,B
B10_c1,,,B,B10_c1_CTCCTAGAGTGTCCCG,B
B10_c1,,,B,B10_c1_CTCGAGGAGCGATGAC,B
B10_c1,,,B,B10_c1_CTCGAGGCAAACCCAT,B
B10_c1,HMN52550,flu,B,B10_c1_CTCGAGGGTAGCTAAA,B
B10_c1,HMN52559,NI,B,B10_c1_CTCGAGGGTTCCCGAG,B
B10_c1,,,B,B10_c1_CTCGGAGCATGCCACG,B
B10_c1,HMN52559,NI,B,B10_c1_CTCGGGAAGAAGATTC,B
B10_c1,,,B,B10_c1_CTCGGGAAGTACTTGC,B
B10_c1,,,B,B10_c1_CTCGGGACAGCGTAAG,B
B10_c1,HMN52548,NI,B,B10_c1_CTCGGGAGTCAGAAGC,B
B10_c1,,,B,B10_c1_CTCTACGCATAGTAAG,B
B10_c1,HMN52555,flu,B,B10_c1_CTCTACGGTGGCAAAC,B
B10_c1,,,B,B10_c1_CTCTACGGTGGGTATG,B
B10_c1,HMN52548,NI,B,B10_c1_CTCTGGTTCCGTCATC,B
B10_c1,,,B,B10_c1_CTGAAACCATGCCTTC,B
B10_c1,HMN52548,NI,B,B10_c1_CTGAAACTCTCGTTTA,B
B10_c1,HMN52559,NI,B,B10_c1_CTGAAGTAGTTCCACA,B
B10_c1,HMN52559,NI,B,B10_c1_CTGAAGTCATCTACGA,B
B10_c1,,,B,B10_c1_CTGAAGTGTAGGCATG,B
B10_c1,HMN52548,NI,B,B10_c1_CTGATAGTCTGCGGCA,B
B10_c1,HMN52559,NI,B,B10_c1_CTGCCTAAGTATGACA,B
B10_c1,,,B,B10_c1_CTGCCTACAACACCCG,B
B10_c1,,,B,B10_c1_CTGCCTACAACGCACC,B
B10_c1,HMN52559,NI,B,B10_c1_CTGCCTACAAGTACCT,B
B10_c1,,,B,B10_c1_CTGCCTAGTGCTTCTC,B
B10_c1,,,B,B10_c1_CTGCGGACATATGCTG,B
B10_c1,HMN52559,NI,B,B10_c1_CTGCGGAGTAGGGTAC,B
B10_c1,,,B,B10_c1_CTGCTGTAGTAGATGT,B
B10_c1,,,B,B10_c1_CTGCTGTCAACGATCT,B
B10_c1,HMN52550,flu,B,B10_c1_CTGCTGTGTAATTGGA,B
B10_c1,HMN52555,flu,B,B10_c1_CTGCTGTGTACACCGC,B
B10_c1,,,B,B10_c1_CTGTGCTCAGTAACGG,B
B10_c1,,,B,B10_c1_CTGTGCTGTCCGAACC,B
B10_c1,HMN52559,NI,B,B10_c1_CTGTTTAGTCCGACGT,B
B10_c1,HMN52548,NI,B,B10_c1_CTGTTTATCCTGCCAT,B
B10_c1,,,B,B10_c1_CTTAACTGTCACCTAA,B
B10_c1,HMN52559,NI,B,B10_c1_CTTACCGCAAGCCGCT,B
B10_c1,,,B,B10_c1_CTTACCGGTAAGTGTA,B
B10_c1,,,B,B10_c1_CTTAGGAAGATCCCGC,B
B10_c1,HMN52550,flu,B,B10_c1_CTTAGGATCCCTCTTT,B
B10_c1,HMN52559,NI,B,B10_c1_CTTGGCTAGCCAACAG,B
B10_c1,,,B,B10_c1_CTTGGCTCAAATTGCC,B
B10_c1,,,B,B10_c1_CTTGGCTTCAGCTGGC,B
B10_c1,HMN52548,NI,B,B10_c1_CTTTGCGAGAGGACGG,B
B10_c1,HMN52559,NI,B,B10_c1_CTTTGCGTCCTGCCAT,B
B10_c1,,,B,B10_c1_GAAATGAAGATGCCAG,B
B10_c1,,,B,B10_c1_GAAATGAGTAAACGCG,B
B10_c1,,,B,B10_c1_GAAATGATCATGTCTT,B
B10_c1,HMN52548,NI,B,B10_c1_GAACATCAGATGTAAC,B
B10_c1,,,B,B10_c1_GAAGCAGGTACAGACG,B
B10_c1,,,B,B10_c1_GAAGCAGTCTGCAGTA,B
B10_c1,HMN52559,NI,B,B10_c1_GAATAAGGTCTGCCAG,B
B10_c1,HMN52548,NI,B,B10_c1_GAATGAACAGTGAGTG,B
B10_c1,,,B,B10_c1_GACACGCTCTGCCCTA,B
B10_c1,,,B,B10_c1_GACACGCTCTTTACAC,B
B10_c1,,,B,B10_c1_GACAGAGTCTATGTGG,B
B10_c1,,,B,B10_c1_GACCAATAGAGAACAG,B
B10_c1,,,B,B10_c1_GACCAATAGGCATGGT,B
B10_c1,HMN52548,NI,B,B10_c1_GACCAATCATGGTAGG,B
B10_c1,HMN52548,NI,B,B10_c1_GACCTGGGTGCTAGCC,B
B10_c1,,,B,B10_c1_GACGCGTAGTAGCGGT,B
B10_c1,,,B,B10_c1_GACGCGTCAGGGCATA,B
B10_c1,,,B,B10_c1_GACGCGTTCCGCAAGC,B
B10_c1,,,B,B10_c1_GACGGCTAGGCCATAG,B
B10_c1,,,B,B10_c1_GACGTGCCATACGCCG,B
B10_c1,HMN52548,NI,B,B10_c1_GACGTTAAGATGTCGG,B
B10_c1,HMN52559,NI,B,B10_c1_GACGTTACATTGCGGC,B
B10_c1,HMN52561,flu,B,B10_c1_GACTAACAGCACCGCT,B
B10_c1,,,B,B10_c1_GACTAACCAGTTAACC,B
B10_c1,,,B,B10_c1_GACTAACGTAAGGGAA,B
B10_c1,,,B,B10_c1_GACTACAGTCTGCAAT,B
B10_c1,,,B,B10_c1_GACTGCGTCGGAGGTA,B
B10_c1,,,B,B10_c1_GAGCAGACATAGTAAG,B
B10_c1,,,B,B10_c1_GAGGTGAAGCCGTCGT,B
B10_c1,HMN52559,NI,B,B10_c1_GAGGTGACACGTAAGG,B
B10_c1,HMN52555,flu,B,B10_c1_GAGGTGACAGCGTAAG,B
B10_c1,HMN52555,flu,B,B10_c1_GAGTCCGAGGCACATG,B
B10_c1,,,B,B10_c1_GATCGCGAGCAATCTC,B
B10_c1,HMN52546,NI,B,B10_c1_GATCGCGCACTTAAGC,B
B10_c1,,,B,B10_c1_GATCGTAGTTCCCTTG,B
B10_c1,HMN52548,NI,B,B10_c1_GATCTAGTCGGTGTCG,B
B10_c1,HMN52546,NI,B,B10_c1_GATGAGGTCAGTTAGC,B
B10_c1,HMN52555,flu,B,B10_c1_GATGCTACACATAACC,B
B10_c1,,,B,B10_c1_GATTCAGAGTGGAGTC,B
B10_c1,HMN52559,NI,B,B10_c1_GATTCAGTCTGTCCGT,B
B10_c1,HMN52561,flu,B,B10_c1_GCAATCACAGGGAGAG,B
B10_c1,,,B,B10_c1_GCAATCACAGTCGATT,B
B10_c1,HMN52548,NI,B,B10_c1_GCAATCATCCAAGCCG,B
B10_c1,HMN52548,NI,B,B10_c1_GCACATATCTTGTCAT,B
B10_c1,,,B,B10_c1_GCAGTTATCTATGTGG,B
B10_c1,HMN52548,NI,B,B10_c1_GCATACAGTGCACGAA,B
B10_c1,HMN52555,flu,B,B10_c1_GCATACATCCGCGGTA,B
B10_c1,,,B,B10_c1_GCATGATCATCACCCT,B
B10_c1,,,B,B10_c1_GCATGATTCCCTAATT,B
B10_c1,HMN52548,NI,B,B10_c1_GCATGCGAGAGATGAG,B
B10_c1,HMN52559,NI,B,B10_c1_GCATGCGCATACTCTT,B
B10_c1,HMN52559,NI,B,B10_c1_GCATGCGTCACCGTAA,B
B10_c1,HMN52550,flu,B,B10_c1_GCCAAATAGACTGTAA,B
B10_c1,HMN52548,NI,B,B10_c1_GCCAAATTCCTAGAAC,B
B10_c1,,,B,B10_c1_GCCTCTAAGTGAATTG,B
B10_c1,,,B,B10_c1_GCCTCTAGTACGCACC,B
B10_c1,,,B,B10_c1_GCGACCAAGTCGATAA,B
B10_c1,HMN52559,NI,B,B10_c1_GCGAGAAAGTCGTTTG,B
B10_c1,HMN52548,NI,B,B10_c1_GCGAGAAGTTGACGTT,B
B10_c1,HMN52555,flu,B,B10_c1_GCGCAACCAAAGCGGT,B
B10_c1,,,B,B10_c1_GCGCAACCACTTAAGC,B
B10_c1,,,B,B10_c1_GCGCGATAGCAGACTG,B
B10_c1,HMN52559,NI,B,B10_c1_GCGCGATGTAACGTTC,B
B10_c1,HMN52548,NI,B,B10_c1_GCGGGTTCACTTAACG,B
B10_c1,,,B,B10_c1_GCGGGTTCATGTAAGA,B
B10_c1,,,B,B10_c1_GCGGGTTTCTGAGTGT,B
B10_c1,,,B,B10_c1_GCTCCTATCAATAAGG,B
B10_c1,HMN52546,NI,B,B10_c1_GCTCTGTAGCATCATC,B
B10_c1,HMN52559,NI,B,B10_c1_GCTCTGTTCGCACTCT,B
B10_c1,,,B,B10_c1_GCTGCAGGTAAATGAC,B
B10_c1,HMN52548,NI,B,B10_c1_GCTGCAGGTAATCGTC,B
B10_c1,HMN52546,NI,B,B10_c1_GCTGCAGGTCCTGCTT,B
B10_c1,HMN52550,flu,B,B10_c1_GCTGCGACAAGCCTAT,B
B10_c1,,,B,B10_c1_GCTGCGAGTGTGAATA,B
B10_c1,HMN52559,NI,B,B10_c1_GCTGCTTCACTCAGGC,B
B10_c1,,,B,B10_c1_GCTGCTTGTAGCCTAT,B
B10_c1,,,B,B10_c1_GCTGCTTTCTGTCTAT,B
B10_c1,HMN52546,NI,B,B10_c1_GCTGGGTGTAATCACC,B
B10_c1,HMN52548,NI,B,B10_c1_GCTGGGTGTTAAAGAC,B
B10_c1,,,B,B10_c1_GCTGGGTTCACGAAGG,B
B10_c1,HMN52559,NI,B,B10_c1_GCTTCCAAGACTTTCG,B
B10_c1,,,B,B10_c1_GCTTCCATCTTCGGTC,B
B10_c1,HMN52546,NI,B,B10_c1_GCTTGAATCCACTCCA,B
B10_c1,,,B,B10_c1_GGAAAGCAGTTCGATC,B
B10_c1,HMN52548,NI,B,B10_c1_GGAAAGCTCAAGGTAA,B
B10_c1,,,B,B10_c1_GGAACTTCAAAGAATC,B
B10_c1,HMN52548,NI,B,B10_c1_GGAACTTTCGTTTAGG,B
B10_c1,HMN52559,NI,B,B10_c1_GGACAGAAGTTCGCGC,B
B10_c1,HMN52548,NI,B,B10_c1_GGACAGACATGCCTTC,B
B10_c1,,,B,B10_c1_GGACAGATCTCTAGGA,B
B10_c1,HMN52550,flu,B,B10_c1_GGACATTGTGCTAGCC,B
B10_c1,,,B,B10_c1_GGACATTGTTATCCGA,B
B10_c1,HMN52559,NI,B,B10_c1_GGACGTCCAAGTCTGT,B
B10_c1,HMN52559,NI,B,B10_c1_GGACGTCGTAGGAGTC,B
B10_c1,,,B,B10_c1_GGACGTCTCGGCGCTA,B
B10_c1,,,B,B10_c1_GGAGCAAGTGCTTCTC,B
B10_c1,HMN52559,NI,B,B10_c1_GGATGTTAGACTGTAA,B
B10_c1,,,B,B10_c1_GGATGTTAGGATATAC,B
B10_c1,HMN52550,flu,B,B10_c1_GGATGTTCACCAGTTA,B
B10_c1,,,B,B10_c1_GGATGTTGTTGAGTTC,B
B10_c1,,,B,B10_c1_GGATGTTTCGTTTAGG,B
B10_c1,,,B,B10_c1_GGATTACAGATATGCA,B
B10_c1,,,B,B10_c1_GGATTACCAAGTAATG,B
B10_c1,HMN52559,NI,B,B10_c1_GGCAATTGTGATGATA,B
B10_c1,,,B,B10_c1_GGCCGATAGATCCCGC,B
B10_c1,,,B,B10_c1_GGCCGATCATACGCTA,B
B10_c1,,,B,B10_c1_GGCGACTGTAAGAGAG,B
B10_c1,HMN52546,NI,B,B10_c1_GGCGACTTCTTGGGTA,B
B10_c1,,,B,B10_c1_GGCGTGTTCGGCTTGG,B
B10_c1,HMN52548,NI,B,B10_c1_GGCTCGAAGCGTTGCC,B
B10_c1,HMN52548,NI,B,B10_c1_GGCTCGACAATCGAAA,B
B10_c1,HMN52548,NI,B,B10_c1_GGCTGGTAGATAGGAG,B
B10_c1,,,B,B10_c1_GGCTGGTGTCGTCTTC,B
B10_c1,,,B,B10_c1_GGGAATGCACACGCTG,B
B10_c1,HMN52559,NI,B,B10_c1_GGGAATGGTTCGAATC,B
B10_c1,HMN52559,NI,B,B10_c1_GGGACCTGTAGAGTGC,B
B10_c1,,,B,B10_c1_GGGACCTTCACGGTTA,B
B10_c1,HMN52559,NI,B,B10_c1_GGGATGAAGCAGGTCA,B
B10_c1,HMN52559,NI,B,B10_c1_GGGATGAGTTCCGGCA,B
B10_c1,,,B,B10_c1_GGGCACTTCACCACCT,B
B10_c1,HMN52559,NI,B,B10_c1_GGGCACTTCAGCCTAA,B
B10_c1,,,B,B10_c1_GGGTCTGGTCCAAGTT,B
B10_c1,HMN52548,NI,B,B10_c1_GGGTTGCAGTAGGCCA,B
B10_c1,,,B,B10_c1_GGTATTGCACAGATTC,B
B10_c1,HMN52559,NI,B,B10_c1_GGTATTGCACTAGTAC,B
B10_c1,HMN52559,NI,B,B10_c1_GGTATTGGTCAGAATA,B
B10_c1,,,B,B10_c1_GGTGAAGGTTAGTGGG,B
B10_c1,HMN52546,NI,B,B10_c1_GGTGAAGTCGCCTGAG,B
B10_c1,HMN52559,NI,B,B10_c1_GGTGCGTAGAGAGCTC,B
B10_c1,,,B,B10_c1_GGTGTTACATTGTGCA,B
B10_c1,,,B,B10_c1_GTAACGTAGAGGTTGC,B
B10_c1,HMN52559,NI,B,B10_c1_GTAACGTAGTGTGAAT,B
B10_c1,,,B,B10_c1_GTAACGTGTAGCAAAT,B
B10_c1,,,B,B10_c1_GTAACGTGTCCGACGT,B
B10_c1,,,B,B10_c1_GTAACGTTCTCCAACC,B
B10_c1,HMN52548,NI,B,B10_c1_GTAACTGCAAGTTGTC,B
B10_c1,,,B,B10_c1_GTAACTGCACTTGGAT,B
B10_c1,HMN52546,NI,B,B10_c1_GTAACTGGTCCGCTGA,B
B10_c1,,,B,B10_c1_GTAACTGTCCAACCAA,B
B10_c1,,,B,B10_c1_GTACGTAGTCAAACTC,B
B10_c1,HMN52548,NI,B,B10_c1_GTACGTATCTGCGTAA,B
B10_c1,,,B,B10_c1_GTACTCCAGACTTGAA,B
B10_c1,HMN52548,NI,B,B10_c1_GTACTTTCATGGTCTA,B
B10_c1,,,B,B10_c1_GTAGGCCTCAGCTCTC,B
B10_c1,,,B,B10_c1_GTATCTTGTAAGTTCC,B
B10_c1,HMN52548,NI,B,B10_c1_GTATCTTTCAGTGTTG,B
B10_c1,,,B,B10_c1_GTATCTTTCTTCGAGA,B
B10_c1,,,B,B10_c1_GTATTCTCAATGAAAC,B
B10_c1,HMN52559,NI,B,B10_c1_GTATTCTCACATCTTT,B
B10_c1,,,B,B10_c1_GTATTCTTCCTCAACC,B
B10_c1,HMN52559,NI,B,B10_c1_GTCAAGTGTGTGAATA,B
B10_c1,HMN52559,NI,B,B10_c1_GTCACAACAATAGAGT,B
B10_c1,,,B,B10_c1_GTCACAATCAACGGGA,B
B10_c1,HMN52548,NI,B,B10_c1_GTCACAATCTCGTATT,B
B10_c1,HMN52548,NI,B,B10_c1_GTCACGGAGCTGGAAC,B
B10_c1,HMN52548,NI,B,B10_c1_GTCACGGCATACAGCT,B
B10_c1,HMN52548,NI,B,B10_c1_GTCATTTCAAGCGCTC,B
B10_c1,HMN52559,NI,B,B10_c1_GTCCTCATCTTAGAGC,B
B10_c1,,,B,B10_c1_GTCCTCATCTTCGGTC,B
B10_c1,,,B,B10_c1_GTCGGGTCAACACGCC,B
B10_c1,,,B,B10_c1_GTCGGGTCAGCCTGTG,B
B10_c1,HMN52548,NI,B,B10_c1_GTCGTAATCGAATGGG,B
B10_c1,HMN52559,NI,B,B10_c1_GTCTCGTAGACCCACC,B
B10_c1,,,B,B10_c1_GTCTTCGAGTCCATAC,B
B10_c1,HMN52559,NI,B,B10_c1_GTGAAGGCAGACACTT,B
B10_c1,HMN52561,flu,B,B10_c1_GTGAAGGGTTTGGCGC,B
B10_c1,,,B,B10_c1_GTGCATACACCTATCC,B
B10_c1,,,B,B10_c1_GTGCGGTGTGTCTGAT,B
B10_c1,,,B,B10_c1_GTGCGGTTCCGTCAAA,B
B10_c1,HMN52559,NI,B,B10_c1_GTGCGGTTCGTTTAGG,B
B10_c1,HMN52559,NI,B,B10_c1_GTGCTTCGTTCCACAA,B
B10_c1,HMN52555,flu,B,B10_c1_GTGGGTCAGCTAGTGG,B
B10_c1,,,B,B10_c1_GTGGGTCGTCTTGCGG,B
B10_c1,,,B,B10_c1_GTGTGCGAGCGATATA,B
B10_c1,HMN52548,NI,B,B10_c1_GTGTGCGAGTTGCAGG,B
B10_c1,HMN52548,NI,B,B10_c1_GTGTGCGTCTGCCCTA,B
B10_c1,,,B,B10_c1_GTGTTAGGTATATGAG,B
B10_c1,,,B,B10_c1_GTGTTAGTCGGGAGTA,B
B10_c1,HMN52548,NI,B,B10_c1_GTTAAGCAGATATGGT,B
B10_c1,HMN52548,NI,B,B10_c1_GTTAAGCAGTAACCCT,B
B10_c1,HMN52548,NI,B,B10_c1_GTTAAGCTCCACGTGG,B
B10_c1,HMN52559,NI,B,B10_c1_GTTCATTAGGATATAC,B
B10_c1,,,B,B10_c1_GTTTCTACAATAACGA,B
B10_c1,HMN52548,NI,B,B10_c1_GTTTCTATCCAATGGT,B
B10_c1,HMN52559,NI,B,B10_c1_TAAACCGTCGCATGAT,B
B10_c1,HMN52546,NI,B,B10_c1_TAAGAGAAGCCGCCTA,B
B10_c1,,,B,B10_c1_TAAGAGACAATAAGCA,B
B10_c1,,,B,B10_c1_TAAGAGAGTCGAACAG,B
B10_c1,,,B,B10_c1_TAAGCGTAGCTAGTTC,B
B10_c1,,,B,B10_c1_TAAGTGCCAGACGCAA,B
B10_c1,,,B,B10_c1_TACACGAAGTGGAGTC,B
B10_c1,,,B,B10_c1_TACACGATCATCGATG,B
B10_c1,HMN52548,NI,B,B10_c1_TACACGATCCCAAGTA,B
B10_c1,,,B,B10_c1_TACACGATCCTGTACC,B
B10_c1,,,B,B10_c1_TACACGATCGTAGATC,B
B10_c1,,,B,B10_c1_TACACGATCTACGAGT,B
B10_c1,HMN52550,flu,B,B10_c1_TACAGTGAGTGTCTCA,B
B10_c1,,,B,B10_c1_TACCTATCAGTTCATG,B
B10_c1,HMN52559,NI,B,B10_c1_TACGGATGTCCCGACA,B
B10_c1,,,B,B10_c1_TACGGATGTCTAGAGG,B
B10_c1,,,B,B10_c1_TACGGTAAGACTACAA,B
B10_c1,,,B,B10_c1_TACTCATTCCCAACGG,B
B10_c1,,,B,B10_c1_TACTCGCGTGATAAAC,B
B10_c1,HMN52548,NI,B,B10_c1_TACTTACTCAAGGTAA,B
B10_c1,HMN52546,NI,B,B10_c1_TACTTACTCGTCCGTT,B
B10_c1,HMN52559,NI,B,B10_c1_TACTTGTAGCGATCCC,B
B10_c1,,,B,B10_c1_TACTTGTCACAAGACG,B
B10_c1,,,B,B10_c1_TACTTGTGTCGAGTTT,B
B10_c1,,,B,B10_c1_TACTTGTGTTGTCGCG,B
B10_c1,,,B,B10_c1_TAGAGCTAGATATACG,B
B10_c1,,,B,B10_c1_TAGAGCTCAAGCCTAT,B
B10_c1,HMN52559,NI,B,B10_c1_TAGCCGGCAGTGGGAT,B
B10_c1,,,B,B10_c1_TAGGCATAGATCCCGC,B
B10_c1,,,B,B10_c1_TAGTGGTGTCTCTTTA,B
B10_c1,HMN52559,NI,B,B10_c1_TAGTTGGAGGATGGAA,B
B10_c1,HMN52548,NI,B,B10_c1_TAGTTGGAGTCTTGCA,B
B10_c1,HMN52559,NI,B,B10_c1_TAGTTGGGTCCGTTAA,B
B10_c1,HMN52548,NI,B,B10_c1_TATCAGGCATTAGGCT,B
B10_c1,,,B,B10_c1_TATCTCACAGCTCGCA,B
B10_c1,,,B,B10_c1_TATCTCATCGATGAGG,B
B10_c1,HMN52548,NI,B,B10_c1_TATGCCCAGATGGCGT,B
B10_c1,,,B,B10_c1_TATGCCCTCCTTTCTC,B
B10_c1,HMN52548,NI,B,B10_c1_TCAACGACATCGGAAG,B
B10_c1,,,B,B10_c1_TCAATCTCACACTGCG,B
B10_c1,HMN52546,NI,B,B10_c1_TCACAAGAGCCACTAT,B
B10_c1,,,B,B10_c1_TCACAAGAGCTACCGC,B
B10_c1,,,B,B10_c1_TCACAAGGTTATCACG,B
B10_c1,HMN52559,NI,B,B10_c1_TCACAAGTCCGTTGTC,B
B10_c1,,,B,B10_c1_TCACGAACATTCTCAT,B
B10_c1,HMN52559,NI,B,B10_c1_TCACGAAGTCTAGCCG,B
B10_c1,,,B,B10_c1_TCAGCAAAGACTGTAA,B
B10_c1,,,B,B10_c1_TCAGCAAAGTCTCGGC,B
B10_c1,HMN52559,NI,B,B10_c1_TCAGCAAGTGCCTGTG,B
B10_c1,,,B,B10_c1_TCAGCTCAGGGAACGG,B
B10_c1,HMN52555,flu,B,B10_c1_TCAGCTCCATATGGTC,B
B10_c1,HMN52559,NI,B,B10_c1_TCAGCTCGTGAGTATA,B
B10_c1,HMN52548,NI,B,B10_c1_TCAGCTCGTTCAACCA,B
B10_c1,HMN52546,NI,B,B10_c1_TCAGGATAGTTGTCGT,B
B10_c1,HMN52559,NI,B,B10_c1_TCAGGATCAATAGCGG,B
B10_c1,,,B,B10_c1_TCAGGATGTCGCTTCT,B
B10_c1,HMN52548,NI,B,B10_c1_TCAGGTACAGAGTGTG,B
B10_c1,,,B,B10_c1_TCAGGTACAGCATGAG,B
B10_c1,,,B,B10_c1_TCAGGTACATACAGCT,B
B10_c1,HMN52546,NI,B,B10_c1_TCATTACAGACAGGCT,B
B10_c1,HMN52548,NI,B,B10_c1_TCATTACTCGTGGACC,B
B10_c1,HMN52561,flu,B,B10_c1_TCATTTGCAGTAAGAT,B
B10_c1,,,B,B10_c1_TCCACACTCGTGGACC,B
B10_c1,,,B,B10_c1_TCCCGATCAGGTTTCA,B
B10_c1,,,B,B10_c1_TCGAGGCAGCTCTCGG,B
B10_c1,HMN52546,NI,B,B10_c1_TCGAGGCCACGGATAG,B
B10_c1,HMN52550,flu,B,B10_c1_TCGAGGCGTTAAGTAG,B
B10_c1,HMN52548,NI,B,B10_c1_TCGAGGCTCAGGCGAA,B
B10_c1,HMN52548,NI,B,B10_c1_TCGAGGCTCGTTGCCT,B
B10_c1,HMN52548,NI,B,B10_c1_TCGCGAGAGATCGGGT,B
B10_c1,HMN52559,NI,B,B10_c1_TCGCGAGCATGAACCT,B
B10_c1,,,B,B10_c1_TCGCGAGGTCCCTTGT,B
B10_c1,HMN52559,NI,B,B10_c1_TCGCGTTAGATAGCAT,B
B10_c1,,,B,B10_c1_TCGCGTTCATGTCCTC,B
B10_c1,HMN52546,NI,B,B10_c1_TCGCGTTGTTATCACG,B
B10_c1,HMN52555,flu,B,B10_c1_TCGGGACCACATTCGA,B
B10_c1,,,B,B10_c1_TCGGGACGTACTCAAC,B
B10_c1,,,B,B10_c1_TCGGTAAGTAGCACGA,B
B10_c1,,,B,B10_c1_TCGGTAAGTATATGAG,B
B10_c1,HMN52548,NI,B,B10_c1_TCGTACCCAATTCCTT,B
B10_c1,,,B,B10_c1_TCGTACCCATTCGACA,B
B10_c1,,,B,B10_c1_TCGTACCTCGTGGTCG,B
B10_c1,,,B,B10_c1_TCGTAGAGTCGCATAT,B
B10_c1,HMN52559,NI,B,B10_c1_TCGTAGATCGTCCGTT,B
B10_c1,,,B,B10_c1_TCTATTGCAGATTGCT,B
B10_c1,,,B,B10_c1_TCTATTGGTCGTCTTC,B
B10_c1,HMN52548,NI,B,B10_c1_TCTCATAGTGGTCTCG,B
B10_c1,HMN52548,NI,B,B10_c1_TCTCTAAAGACCACGA,B
B10_c1,HMN52548,NI,B,B10_c1_TCTCTAAAGGGTTCCC,B
B10_c1,HMN52548,NI,B,B10_c1_TCTCTAAGTCCGAGTC,B
B10_c1,HMN52548,NI,B,B10_c1_TCTGAGAGTACCAGTT,B
B10_c1,HMN52548,NI,B,B10_c1_TCTGAGAGTCTGCAAT,B
B10_c1,,,B,B10_c1_TCTGAGATCTAACCGA,B
B10_c1,HMN52548,NI,B,B10_c1_TCTGGAACATATGGTC,B
B10_c1,HMN52559,NI,B,B10_c1_TCTGGAAGTCAGATAA,B
B10_c1,,,B,B10_c1_TCTTCGGCAGCAGTTT,B
B10_c1,HMN52559,NI,B,B10_c1_TCTTCGGCATGAGCGA,B
B10_c1,HMN52546,NI,B,B10_c1_TCTTCGGGTTAAGGGC,B
B10_c1,,,B,B10_c1_TCTTTCCGTCGTGGCT,B
B10_c1,,,B,B10_c1_TCTTTCCTCCACGTGG,B
B10_c1,,,B,B10_c1_TCTTTCCTCGTCTGAA,B
B10_c1,,,B,B10_c1_TGAAAGAAGCAATCTC,B
B10_c1,,,B,B10_c1_TGACAACTCGCCAAAT,B
B10_c1,,,B,B10_c1_TGACAACTCGTAGATC,B
B10_c1,,,B,B10_c1_TGACTAGTCGAACGGA,B
B10_c1,HMN52559,NI,B,B10_c1_TGACTTTAGCAGACTG,B
B10_c1,,,B,B10_c1_TGACTTTAGCCGGTAA,B
B10_c1,,,B,B10_c1_TGACTTTAGTCATCCA,B
B10_c1,,,B,B10_c1_TGACTTTGTATCAGTC,B
B10_c1,,,B,B10_c1_TGAGAGGAGGACGAAA,B
B10_c1,,,B,B10_c1_TGAGCCGGTTTCCACC,B
B10_c1,,,B,B10_c1_TGATTTCCACGTTGGC,B
B10_c1,,,B,B10_c1_TGATTTCGTGACGCCT,B
B10_c1,,,B,B10_c1_TGCCAAAAGTAGCGGT,B
B10_c1,,,B,B10_c1_TGCCAAACACGGCTAC,B
B10_c1,,,B,B10_c1_TGCCCATAGGGCTCTC,B
B10_c1,,,B,B10_c1_TGCCCATGTCATGCAT,B
B10_c1,,,B,B10_c1_TGCCCATTCACTATTC,B
B10_c1,HMN52559,NI,B,B10_c1_TGCCCTAAGGATGTAT,B
B10_c1,,,B,B10_c1_TGCGCAGAGATGCCTT,B
B10_c1,HMN52546,NI,B,B10_c1_TGCGCAGCAATTGCTG,B
B10_c1,,,B,B10_c1_TGCGCAGTCCTGCTTG,B
B10_c1,HMN52559,NI,B,B10_c1_TGCGGGTAGTAAGTAC,B
B10_c1,HMN52546,NI,B,B10_c1_TGCGGGTGTACGCACC,B
B10_c1,,,B,B10_c1_TGCGGGTTCTCTAAGG,B
B10_c1,HMN52550,flu,B,B10_c1_TGCGTGGGTTGGTAAA,B
B10_c1,,,B,B10_c1_TGCTACCTCGCGGATC,B
B10_c1,,,B,B10_c1_TGCTGCTAGACTGGGT,B
B10_c1,,,B,B10_c1_TGCTGCTCAGCTCGCA,B
B10_c1,HMN52559,NI,B,B10_c1_TGCTGCTGTGATGATA,B
B10_c1,,,B,B10_c1_TGGACGCCATTCTCAT,B
B10_c1,HMN52548,NI,B,B10_c1_TGGCCAGCAATCCGAT,B
B10_c1,HMN52546,NI,B,B10_c1_TGGCTGGGTTTGTGTG,B
B10_c1,HMN52548,NI,B,B10_c1_TGGCTGGTCTGAAAGA,B
B10_c1,,,B,B10_c1_TGGGAAGAGAGGTAGA,B
B10_c1,,,B,B10_c1_TGGGCGTAGCGTTCCG,B
B10_c1,HMN52559,NI,B,B10_c1_TGGGCGTCACGTAAGG,B
B10_c1,,,B,B10_c1_TGGGCGTGTCTTCAAG,B
B10_c1,,,B,B10_c1_TGGTTCCGTACGAAAT,B
B10_c1,HMN52546,NI,B,B10_c1_TGGTTCCGTGAGGCTA,B
B10_c1,,,B,B10_c1_TGTATTCGTGGTCTCG,B
B10_c1,,,B,B10_c1_TGTCCCAAGGAGTAGA,B
B10_c1,,,B,B10_c1_TGTCCCATCATTCACT,B
B10_c1,,,B,B10_c1_TGTCCCATCGGTTCGG,B
B10_c1,HMN52559,NI,B,B10_c1_TGTGGTATCTGCCCTA,B
B10_c1,,,B,B10_c1_TGTGTTTAGAGACGAA,B
B10_c1,,,B,B10_c1_TGTGTTTAGATGTTAG,B
B10_c1,HMN52548,NI,B,B10_c1_TGTGTTTAGTGCTGCC,B
B10_c1,HMN52548,NI,B,B10_c1_TTAACTCTCCCAAGTA,B
B10_c1,HMN52561,flu,B,B10_c1_TTAGGACCATCCTTGC,B
B10_c1,,,B,B10_c1_TTAGGACGTACGAAAT,B
B10_c1,,,B,B10_c1_TTAGGACTCCCGGATG,B
B10_c1,,,B,B10_c1_TTAGGCAAGACCACGA,B
B10_c1,HMN52559,NI,B,B10_c1_TTAGGCACAAACTGTC,B
B10_c1,,,B,B10_c1_TTAGTTCCATACAGCT,B
B10_c1,,,B,B10_c1_TTAGTTCCATGAAGTA,B
B10_c1,,,B,B10_c1_TTAGTTCCATTCTTAC,B
B10_c1,,,B,B10_c1_TTAGTTCTCACCTCGT,B
B10_c1,HMN52559,NI,B,B10_c1_TTAGTTCTCTCTTGAT,B
B10_c1,,,B,B10_c1_TTATGCTAGCTAGTCT,B
B10_c1,,,B,B10_c1_TTATGCTCACGACTCG,B
B10_c1,HMN52559,NI,B,B10_c1_TTATGCTCAGCTGTGC,B
B10_c1,HMN52550,flu,B,B10_c1_TTATGCTGTCTAGCCG,B
B10_c1,,,B,B10_c1_TTATGCTTCTTACCGC,B
B10_c1,HMN52559,NI,B,B10_c1_TTCCCAGGTATGAATG,B
B10_c1,,,B,B10_c1_TTCCCAGTCAACGAAA,B
B10_c1,,,B,B10_c1_TTCGGTCAGAACAACT,B
B10_c1,,,B,B10_c1_TTCGGTCGTCGAGTTT,B
B10_c1,HMN52559,NI,B,B10_c1_TTCTACAGTCCAGTTA,B
B10_c1,HMN52559,NI,B,B10_c1_TTCTACAGTTCTCATT,B
B10_c1,HMN52546,NI,B,B10_c1_TTCTACATCTTGAGGT,B
B10_c1,,,B,B10_c1_TTCTTAGAGTGGTAGC,B
B10_c1,HMN52559,NI,B,B10_c1_TTGAACGGTAGCCTCG,B
B10_c1,HMN52548,NI,B,B10_c1_TTGAACGTCGGCATCG,B
B10_c1,HMN52548,NI,B,B10_c1_TTGACTTAGTAGGTGC,B
B10_c1,,,B,B10_c1_TTGACTTCAGCTGTGC,B
B10_c1,HMN52559,NI,B,B10_c1_TTGGCAAGTTCCGGCA,B
B10_c1,HMN52559,NI,B,B10_c1_TTGGCAAGTTCTCATT,B
B10_c1,HMN52546,NI,B,B10_c1_TTTACTGGTTGTGGCC,B
B10_c1,HMN52546,NI,B,B10_c1_TTTATGCCACGCATCG,B
B10_c1,,,B,B10_c1_TTTATGCTCTACGAGT,B
B10_c1,,,B,B10_c1_TTTCCTCGTAGAGGAA,B
B10_c1,,,B,B10_c1_TTTCCTCGTGAGGGAG,B
B10_c1,HMN52548,NI,B,B10_c1_TTTGCGCCATTACGAC,B
B10_c1,HMN52546,NI,B,B10_c1_TTTGCGCTCGGCTACG,B
B10_c1,,,B,B10_c1_TTTGGTTAGTTCGATC,B
B10_c1,HMN52559,NI,B,B10_c1_TTTGGTTTCATCGGAT,B
B10_c1,,,B,B10_c1_TTTGTCAGTCCGTTAA,B
B10_c1,,,B,B10_c1_TTTGTCATCGTCTGAA,B
B10_c2,,,B,B10_c2_AAACCTGTCTACTATC,B
B10_c2,HMN52555,NI,B,B10_c2_AAACGGGTCGAGAGCA,B
B10_c2,,,B,B10_c2_AACACGTAGCTGAAAT,B
B10_c2,,,B,B10_c2_AACACGTCAGTATGCT,B
B10_c2,,,B,B10_c2_AACACGTGTTAAGTAG,B
B10_c2,,,B,B10_c2_AACGTTGCAGATCGGA,B
B10_c2,,,B,B10_c2_AACTCCCCAACACCTA,B
B10_c2,,,B,B10_c2_AAGACCTAGGCTAGAC,B
B10_c2,,,B,B10_c2_AAGACCTAGTGGTAGC,B
B10_c2,HMN52548,flu,B,B10_c2_AAGGCAGCATGCAATC,B
B10_c2,HMN52561,NI,B,B10_c2_ACACCAACAGCTCGAC,B
B10_c2,HMN52555,NI,B,B10_c2_ACACCAAGTTCGTGAT,B
B10_c2,HMN52555,NI,B,B10_c2_ACACCGGCATGGAATA,B
B10_c2,HMN52561,NI,B,B10_c2_ACACTGAGTGACCAAG,B
B10_c2,HMN52561,NI,B,B10_c2_ACACTGATCAGAGACG,B
B10_c2,HMN52561,NI,B,B10_c2_ACAGCCGCAAACGCGA,B
B10_c2,HMN52555,NI,B,B10_c2_ACAGCCGCAATAAGCA,B
B10_c2,,,B,B10_c2_ACAGCTATCTCTGCTG,B
B10_c2,HMN52555,NI,B,B10_c2_ACATACGCAGACAAAT,B
B10_c2,,,B,B10_c2_ACATGGTCAAGGACTG,B
B10_c2,,,B,B10_c2_ACCAGTACACCATGTA,B
B10_c2,HMN52550,NI,B,B10_c2_ACCCACTGTCTTGCGG,B
B10_c2,,,B,B10_c2_ACCTTTAGTTTGACTG,B
B10_c2,,,B,B10_c2_ACGAGCCTCGAGAACG,B
B10_c2,,,B,B10_c2_ACGAGGATCGAATCCA,B
B10_c2,,,B,B10_c2_ACGATACTCCAGAGGA,B
B10_c2,,,B,B10_c2_ACGATGTTCTATCCTA,B
B10_c2,,,B,B10_c2_ACGCCAGCAATGAAAC,B
B10_c2,HMN52555,NI,B,B10_c2_ACGCCGACATATGAGA,B
B10_c2,,,B,B10_c2_ACGGAGAAGGTAGCCA,B
B10_c2,,,B,B10_c2_ACGGCCAGTCTAAACC,B
B10_c2,,,B,B10_c2_ACGGGCTCACTGTCGG,B
B10_c2,HMN52550,NI,B,B10_c2_ACGTCAAAGCAGCGTA,B
B10_c2,HMN52550,NI,B,B10_c2_ACTATCTAGACTAGGC,B
B10_c2,HMN52555,NI,B,B10_c2_ACTGAGTAGAAGCCCA,B
B10_c2,HMN52555,NI,B,B10_c2_ACTGTCCCACGAAACG,B
B10_c2,,,B,B10_c2_ACTGTCCGTGTAATGA,B
B10_c2,HMN52561,NI,B,B10_c2_ACTTACTGTCAACATC,B
B10_c2,,,B,B10_c2_ACTTACTTCCGAGCCA,B
B10_c2,HMN52561,NI,B,B10_c2_AGAGCTTGTAGCGTCC,B
B10_c2,,,B,B10_c2_AGAGCTTGTCGGCTCA,B
B10_c2,HMN52550,NI,B,B10_c2_AGATTGCCACCGTTGG,B
B10_c2,,,B,B10_c2_AGCAGCCCAGCCTTTC,B
B10_c2,,,B,B10_c2_AGCATACTCAGGATCT,B
B10_c2,,,B,B10_c2_AGCGGTCTCGGAGCAA,B
B10_c2,,,B,B10_c2_AGCGTCGCAGGACGTA,B
B10_c2,,,B,B10_c2_AGCTCTCAGTTGTCGT,B
B10_c2,,,B,B10_c2_AGGGAGTCACCACGTG,B
B10_c2,HMN52550,NI,B,B10_c2_AGGGTGATCCTTCAAT,B
B10_c2,,,B,B10_c2_AGGTCATAGTGATCGG,B
B10_c2,HMN52561,NI,B,B10_c2_AGGTCCGCATTAGGCT,B
B10_c2,HMN52555,NI,B,B10_c2_AGGTCCGTCTGGCGAC,B
B10_c2,,,B,B10_c2_AGTCTTTTCTCACATT,B
B10_c2,HMN52555,NI,B,B10_c2_AGTGAGGGTCATGCCG,B
B10_c2,HMN52555,NI,B,B10_c2_AGTGTCACAAGCGCTC,B
B10_c2,HMN52559,flu,B,B10_c2_AGTGTCATCGGAAACG,B
B10_c2,,,B,B10_c2_ATAGACCAGATGGGTC,B
B10_c2,,,B,B10_c2_ATAGACCTCTTTAGGG,B
B10_c2,HMN52550,NI,B,B10_c2_ATCACGAAGGATATAC,B
B10_c2,,,B,B10_c2_ATCACGAGTACCGGCT,B
B10_c2,HMN52548,flu,B,B10_c2_ATCACGATCCGAGCCA,B
B10_c2,,,B,B10_c2_ATCCGAAAGGGATCTG,B
B10_c2,HMN52555,NI,B,B10_c2_ATCTGCCGTCAACATC,B
B10_c2,HMN52548,flu,B,B10_c2_ATGCGATGTGACTCAT,B
B10_c2,,,B,B10_c2_ATGCGATGTGCTGTAT,B
B10_c2,,,B,B10_c2_ATTACTCTCAAACCGT,B
B10_c2,,,B,B10_c2_ATTATCCCACCAGCAC,B
B10_c2,,,B,B10_c2_ATTCTACGTCGCTTTC,B
B10_c2,HMN52555,NI,B,B10_c2_ATTTCTGCACTGTCGG,B
B10_c2,HMN52561,NI,B,B10_c2_CAACCAATCACTATTC,B
B10_c2,,,B,B10_c2_CAAGGCCAGCACCGCT,B
B10_c2,HMN52555,NI,B,B10_c2_CAAGTTGGTACGCACC,B
B10_c2,,,B,B10_c2_CACAAACCAGGAACGT,B
B10_c2,,,B,B10_c2_CACACAAAGCAGATCG,B
B10_c2,HMN52555,NI,B,B10_c2_CACACAAGTCACACGC,B
B10_c2,,,B,B10_c2_CACACCTCAAGCGTAG,B
B10_c2,,,B,B10_c2_CACACTCCAGTAACGG,B
B10_c2,,,B,B10_c2_CACAGTAGTGATGATA,B
B10_c2,HMN52555,NI,B,B10_c2_CACATTTGTGACTACT,B
B10_c2,,,B,B10_c2_CACATTTTCTATGTGG,B
B10_c2,HMN52548,flu,B,B10_c2_CACCACTGTATGAATG,B
B10_c2,,,B,B10_c2_CACCACTGTGCAACTT,B
B10_c2,,,B,B10_c2_CAGATCAAGCCCTAAT,B
B10_c2,HMN52561,NI,B,B10_c2_CAGCATATCGTAGATC,B
B10_c2,HMN52561,NI,B,B10_c2_CAGTAACCAAGCCGCT,B
B10_c2,,,B,B10_c2_CATATGGCAGCTCGAC,B
B10_c2,HMN52550,NI,B,B10_c2_CATATTCAGACTGTAA,B
B10_c2,HMN52559,flu,B,B10_c2_CATATTCCAGCCTTGG,B
B10_c2,,,B,B10_c2_CATCAAGTCAAGATCC,B
B10_c2,HMN52550,NI,B,B10_c2_CATCCACGTCTAACGT,B
B10_c2,HMN52561,NI,B,B10_c2_CATCGGGGTAAGGATT,B
B10_c2,,,B,B10_c2_CATTATCAGGATGCGT,B
B10_c2,HMN52555,NI,B,B10_c2_CCACCTAAGTCTTGCA,B
B10_c2,HMN52555,NI,B,B10_c2_CCACCTATCCTTTCGG,B
B10_c2,,,B,B10_c2_CCATGTCCACAAGACG,B
B10_c2,HMN52555,NI,B,B10_c2_CCATGTCGTTATCACG,B
B10_c2,HMN52561,NI,B,B10_c2_CCATTCGGTCGCTTTC,B
B10_c2,HMN52555,NI,B,B10_c2_CCATTCGGTGAACCTT,B
B10_c2,,,B,B10_c2_CCGGGATTCCGTCATC,B
B10_c2,,,B,B10_c2_CCGGTAGTCGATAGAA,B
B10_c2,,,B,B10_c2_CCTAAAGCACATTAGC,B
B10_c2,,,B,B10_c2_CCTAAAGGTACGACCC,B
B10_c2,,,B,B10_c2_CCTACACGTTCCCGAG,B
B10_c2,,,B,B10_c2_CCTATTAGTTCCATGA,B
B10_c2,HMN52559,flu,B,B10_c2_CCTCAGTCACGACTCG,B
B10_c2,,,B,B10_c2_CCTTACGAGCGTGAGT,B
B10_c2,HMN52550,NI,B,B10_c2_CGAACATGTCGCGGTT,B
B10_c2,,,B,B10_c2_CGAACATTCACCCTCA,B
B10_c2,,,B,B10_c2_CGACCTTTCATGCATG,B
B10_c2,,,B,B10_c2_CGAGCCACAGGCAGTA,B
B10_c2,HMN52561,NI,B,B10_c2_CGAGCCAGTGACTCAT,B
B10_c2,,,B,B10_c2_CGATGTAGTTGGTGGA,B
B10_c2,,,B,B10_c2_CGATTGATCGACCAGC,B
B10_c2,HMN52555,NI,B,B10_c2_CGCCAAGGTCGCTTCT,B
B10_c2,,,B,B10_c2_CGCGGTAAGACTGGGT,B
B10_c2,,,B,B10_c2_CGCTATCTCTATCCTA,B
B10_c2,,,B,B10_c2_CGGACACGTCCAGTAT,B
B10_c2,,,B,B10_c2_CGGACGTTCCGTAGTA,B
B10_c2,HMN52550,NI,B,B10_c2_CGGACTGAGGTGTTAA,B
B10_c2,,,B,B10_c2_CGGAGTCAGCCAGGAT,B
B10_c2,,,B,B10_c2_CGGCTAGCAGTCTTCC,B
B10_c2,,,B,B10_c2_CGGCTAGTCTTAGAGC,B
B10_c2,,,B,B10_c2_CGTAGGCGTGGACGAT,B
B10_c2,HMN52555,NI,B,B10_c2_CGTCTACCAGTAAGAT,B
B10_c2,HMN52561,NI,B,B10_c2_CGTCTACCATCGATGT,B
B10_c2,,,B,B10_c2_CGTGTAAAGAATTCCC,B
B10_c2,,,B,B10_c2_CGTTCTGCAATCGGTT,B
B10_c2,HMN52561,NI,B,B10_c2_CGTTCTGTCTGCAGTA,B
B10_c2,HMN52561,NI,B,B10_c2_CTAAGACGTCCCGACA,B
B10_c2,,,B,B10_c2_CTAGTGATCCCGACTT,B
B10_c2,HMN52561,NI,B,B10_c2_CTCACACAGATCTGAA,B
B10_c2,,,B,B10_c2_CTCACACAGCGTCTAT,B
B10_c2,HMN52555,NI,B,B10_c2_CTCAGAAGTGATGTGG,B
B10_c2,,,B,B10_c2_CTCCTAGGTTCTGGTA,B
B10_c2,,,B,B10_c2_CTCGGGAGTCGAGATG,B
B10_c2,,,B,B10_c2_CTCGTACAGTGTGAAT,B
B10_c2,HMN52555,NI,B,B10_c2_CTGAAACCACTACAGT,B
B10_c2,HMN52550,NI,B,B10_c2_CTGAAGTAGTCGTTTG,B
B10_c2,HMN52550,NI,B,B10_c2_CTGATAGCATGCAACT,B
B10_c2,,,B,B10_c2_CTGTGCTTCCACGACG,B
B10_c2,,,B,B10_c2_CTTACCGCAGTAAGAT,B
B10_c2,,,B,B10_c2_CTTGGCTTCCAAGTAC,B
B10_c2,HMN52550,NI,B,B10_c2_GAAACTCCAGCTGCTG,B
B10_c2,,,B,B10_c2_GAAATGACATTATCTC,B
B10_c2,,,B,B10_c2_GAAATGAGTTGTCGCG,B
B10_c2,,,B,B10_c2_GAACGGAAGTCCTCCT,B
B10_c2,,,B,B10_c2_GAACGGACAGAAGCAC,B
B10_c2,,,B,B10_c2_GAAGCAGAGAGCTGGT,B
B10_c2,,,B,B10_c2_GAAGCAGCAGGTCTCG,B
B10_c2,,,B,B10_c2_GAATAAGAGAAACGCC,B
B10_c2,,,B,B10_c2_GAATAAGCACCATGTA,B
B10_c2,HMN52555,NI,B,B10_c2_GACACGCAGTCGAGTG,B
B10_c2,,,B,B10_c2_GACCTGGTCGCGATCG,B
B10_c2,HMN52559,flu,B,B10_c2_GACTACACAGCTGCTG,B
B10_c2,,,B,B10_c2_GACTGCGCAAGCCATT,B
B10_c2,,,B,B10_c2_GAGGTGAAGAAGGTTT,B
B10_c2,,,B,B10_c2_GATCAGTAGAAAGTGG,B
B10_c2,,,B,B10_c2_GATCGTAAGAAGCCCA,B
B10_c2,HMN52555,NI,B,B10_c2_GATGAAAAGCACAGGT,B
B10_c2,HMN52561,NI,B,B10_c2_GCACTCTTCAGCACAT,B
B10_c2,,,B,B10_c2_GCACTCTTCAGGATCT,B
B10_c2,,,B,B10_c2_GCACTCTTCTGGGCCA,B
B10_c2,HMN52548,flu,B,B10_c2_GCATACACACGAGGTA,B
B10_c2,,,B,B10_c2_GCCTCTACATTCTCAT,B
B10_c2,,,B,B10_c2_GCCTCTAGTTGCTCCT,B
B10_c2,HMN52561,NI,B,B10_c2_GCGACCACACATTTCT,B
B10_c2,HMN52550,NI,B,B10_c2_GCGCGATGTTCGTTGA,B
B10_c2,HMN52561,NI,B,B10_c2_GCTCCTAAGGCCCTCA,B
B10_c2,,,B,B10_c2_GCTCCTACAAGCCGCT,B
B10_c2,,,B,B10_c2_GCTTCCACACACATGT,B
B10_c2,HMN52555,NI,B,B10_c2_GGAAAGCCATGCATGT,B
B10_c2,,,B,B10_c2_GGAACTTAGGCTAGAC,B
B10_c2,,,B,B10_c2_GGAACTTCACCATCCT,B
B10_c2,,,B,B10_c2_GGAACTTGTGCAGACA,B
B10_c2,,,B,B10_c2_GGAACTTTCAGGCAAG,B
B10_c2,HMN52555,NI,B,B10_c2_GGAACTTTCGTCTGCT,B
B10_c2,,,B,B10_c2_GGAATAAAGTTCGCAT,B
B10_c2,HMN52550,NI,B,B10_c2_GGACGTCTCTCACATT,B
B10_c2,HMN52555,NI,B,B10_c2_GGCCGATTCCAGGGCT,B
B10_c2,,,B,B10_c2_GGCCGATTCGGTCTAA,B
B10_c2,,,B,B10_c2_GGCGACTAGTGTGGCA,B
B10_c2,HMN52555,NI,B,B10_c2_GGGTCTGCATCCTTGC,B
B10_c2,HMN52550,NI,B,B10_c2_GGGTTGCTCTGTTGAG,B
B10_c2,,,B,B10_c2_GGTATTGTCGCGGATC,B
B10_c2,,,B,B10_c2_GGTATTGTCTGCTGTC,B
B10_c2,,,B,B10_c2_GGTGAAGGTAAGAGAG,B
B10_c2,HMN52561,NI,B,B10_c2_GGTGCGTCACCAGCAC,B
B10_c2,,,B,B10_c2_GTAACTGTCGTCTGCT,B
B10_c2,,,B,B10_c2_GTAGGCCCAGCATGAG,B
B10_c2,,,B,B10_c2_GTATCTTAGGATGTAT,B
B10_c2,,,B,B10_c2_GTCACGGGTGCCTGCA,B
B10_c2,,,B,B10_c2_GTCATTTAGTGAAGAG,B
B10_c2,,,B,B10_c2_GTCCTCATCTCGTATT,B
B10_c2,HMN52555,NI,B,B10_c2_GTCGGGTTCCGCATCT,B
B10_c2,,,B,B10_c2_GTCTTCGAGAGGGATA,B
B10_c2,HMN52555,NI,B,B10_c2_GTCTTCGCAAGTCATC,B
B10_c2,HMN52561,NI,B,B10_c2_GTCTTCGCACGCCAGT,B
B10_c2,HMN52550,NI,B,B10_c2_GTGCAGCTCGTCGTTC,B
B10_c2,,,B,B10_c2_GTGCATATCATCATTC,B
B10_c2,,,B,B10_c2_GTGTGCGAGTTAACGA,B
B10_c2,HMN52546,flu,B,B10_c2_GTGTGCGGTGCTGTAT,B
B10_c2,,,B,B10_c2_GTTACAGCACGGACAA,B
B10_c2,HMN52546,flu,B,B10_c2_GTTACAGGTTGAACTC,B
B10_c2,HMN52550,NI,B,B10_c2_GTTCGGGGTGTGGCTC,B
B10_c2,,,B,B10_c2_TAAGAGATCCCTAATT,B
B10_c2,,,B,B10_c2_TAAGTGCTCCTGCAGG,B
B10_c2,HMN52555,NI,B,B10_c2_TACCTATCACTATCTT,B
B10_c2,,,B,B10_c2_TACCTTAAGGTGCTTT,B
B10_c2,HMN52561,NI,B,B10_c2_TACCTTATCTGCTGCT,B
B10_c2,,,B,B10_c2_TACGGATGTCGAGTTT,B
B10_c2,HMN52555,NI,B,B10_c2_TACGGTAGTACAGCAG,B
B10_c2,HMN52561,NI,B,B10_c2_TAGAGCTTCGATGAGG,B
B10_c2,,,B,B10_c2_TAGCCGGGTAAGAGAG,B
B10_c2,HMN52561,NI,B,B10_c2_TAGGCATGTCGCTTCT,B
B10_c2,,,B,B10_c2_TAGTTGGCAACCGCCA,B
B10_c2,HMN52550,NI,B,B10_c2_TATCAGGAGCAGACTG,B
B10_c2,,,B,B10_c2_TATCTCAAGTCCGTAT,B
B10_c2,,,B,B10_c2_TATCTCATCACGCGGT,B
B10_c2,,,B,B10_c2_TATTACCAGTCATCCA,B
B10_c2,,,B,B10_c2_TATTACCTCCTGCTTG,B
B10_c2,,,B,B10_c2_TCAACGACACTGTCGG,B
B10_c2,HMN52548,flu,B,B10_c2_TCAACGATCCTCGCAT,B
B10_c2,,,B,B10_c2_TCACAAGAGACACGAC,B
B10_c2,HMN52546,flu,B,B10_c2_TCACGAACATTTGCTT,B
B10_c2,HMN52555,NI,B,B10_c2_TCATTTGAGATGGGTC,B
B10_c2,,,B,B10_c2_TCGGGACGTCTAAACC,B
B10_c2,,,B,B10_c2_TCGTACCAGATCGGGT,B
B10_c2,HMN52555,NI,B,B10_c2_TCGTACCTCGGCGGTT,B
B10_c2,HMN52555,NI,B,B10_c2_TCTATTGTCTCCTATA,B
B10_c2,,,B,B10_c2_TCTTCGGAGTGGGATC,B
B10_c2,,,B,B10_c2_TGAAAGATCACTCTTA,B
B10_c2,,,B,B10_c2_TGACAACCATCGGGTC,B
B10_c2,HMN52550,NI,B,B10_c2_TGACGGCGTGGCCCTA,B
B10_c2,HMN52555,NI,B,B10_c2_TGAGAGGCAAAGCGGT,B
B10_c2,HMN52548,flu,B,B10_c2_TGAGAGGTCACGCGGT,B
B10_c2,HMN52555,NI,B,B10_c2_TGAGAGGTCGAATGCT,B
B10_c2,HMN52561,NI,B,B10_c2_TGAGCCGAGCTAACTC,B
B10_c2,HMN52555,NI,B,B10_c2_TGCGGGTGTTCGTTGA,B
B10_c2,,,B,B10_c2_TGCTACCAGTACGATA,B
B10_c2,,,B,B10_c2_TGGACGCAGGTGATAT,B
B10_c2,,,B,B10_c2_TGGCTGGGTCCGTTAA,B
B10_c2,HMN52548,flu,B,B10_c2_TGGGAAGTCAGTTAGC,B
B10_c2,,,B,B10_c2_TGGGCGTCACCGGAAA,B
B10_c2,,,B,B10_c2_TGGTTAGGTAGCGATG,B
B10_c2,,,B,B10_c2_TGGTTCCAGGACTGGT,B
B10_c2,HMN52555,NI,B,B10_c2_TGTGTTTGTAGAGCTG,B
B10_c2,HMN52555,NI,B,B10_c2_TGTTCCGCAGGATCGA,B
B10_c2,HMN52561,NI,B,B10_c2_TTAACTCCATCGGTTA,B
B10_c2,,,B,B10_c2_TTAGGACTCCTTTCGG,B
B10_c2,,,B,B10_c2_TTAGGCAAGGCATGTG,B
B10_c2,HMN52548,flu,B,B10_c2_TTAGTTCAGTCCATAC,B
B10_c2,HMN52548,flu,B,B10_c2_TTATGCTAGACGACGT,B
B10_c2,HMN52561,NI,B,B10_c2_TTATGCTAGAGTTGGC,B
B10_c2,,,B,B10_c2_TTCCCAGTCTTGTACT,B
B10_c2,,,B,B10_c2_TTCGGTCAGCCAGGAT,B
B10_c2,,,B,B10_c2_TTGCGTCGTACCGTTA,B
B10_c2,,,B,B10_c2_TTGGCAAAGCAATCTC,B
B10_c2,HMN52550,NI,B,B10_c2_TTTGGTTCACGTCAGC,B
B10_c2,,,B,B10_c2_TTTGTCAGTGCCTGCA,B
B10_c2,HMN52555,NI,B,B10_c2_TTTGTCATCTTTACGT,B
B11_c1,HMN171229,NI,B,B11_c1_AAACGGGAGCTCAACT,B
B11_c1,HMN171229,NI,B,B11_c1_AAACGGGCATGTCTCC,B
B11_c1,HMN171215,NI,B,B11_c1_AACCATGAGATGCGAC,B
B11_c1,,,B,B11_c1_AACCATGCACTCAGGC,B
B11_c1,HMN171233,NI,B,B11_c1_AACCGCGTCCCTAACC,B
B11_c1,,,B,B11_c1_AACGTTGTCAACGGGA,B
B11_c1,,,B,B11_c1_AACTTTCAGCACACAG,B
B11_c1,,,B,B11_c1_AACTTTCCACTTAAGC,B
B11_c1,HMN171233,NI,B,B11_c1_AAGGAGCGTCTGCAAT,B
B11_c1,HMN171215,NI,B,B11_c1_AAGGAGCTCGCCAGCA,B
B11_c1,HMN171215,NI,B,B11_c1_AAGGCAGGTTCCGGCA,B
B11_c1,HMN171215,NI,B,B11_c1_AAGGTTCAGGACATTA,B
B11_c1,HMN171215,NI,B,B11_c1_AAGTCTGAGTAGCGGT,B
B11_c1,,,B,B11_c1_AATCCAGTCGTTACAG,B
B11_c1,HMN171229,NI,B,B11_c1_AATCGGTCACCGAAAG,B
B11_c1,HMN171215,NI,B,B11_c1_AATCGGTGTCCGTGAC,B
B11_c1,,,B,B11_c1_AATCGGTTCTTGCCGT,B
B11_c1,,,B,B11_c1_ACACCAAGTTCGAATC,B
B11_c1,HMN171215,NI,B,B11_c1_ACACTGATCACAATGC,B
B11_c1,HMN171229,NI,B,B11_c1_ACAGCCGTCAGTGCAT,B
B11_c1,HMN171233,NI,B,B11_c1_ACATCAGCAGTCACTA,B
B11_c1,HMN171233,NI,B,B11_c1_ACCAGTAAGTGTCCCG,B
B11_c1,HMN171215,NI,B,B11_c1_ACCAGTACATCTGGTA,B
B11_c1,HMN171215,NI,B,B11_c1_ACCCACTCAGTAAGCG,B
B11_c1,HMN171233,NI,B,B11_c1_ACGATGTGTCTCTTTA,B
B11_c1,,,B,B11_c1_ACGCCAGGTTCCAACA,B
B11_c1,,,B,B11_c1_ACGCCGAGTTAAGAAC,B
B11_c1,HMN171215,NI,B,B11_c1_ACGGAGAGTATTAGCC,B
B11_c1,HMN171233,NI,B,B11_c1_ACGGAGAGTGCCTGGT,B
B11_c1,HMN171215,NI,B,B11_c1_ACGGAGATCTCTTATG,B
B11_c1,,,B,B11_c1_ACGGCCACATTATCTC,B
B11_c1,,,B,B11_c1_ACGGGTCAGTTGCAGG,B
B11_c1,HMN171233,NI,B,B11_c1_ACGTCAATCCAGAGGA,B
B11_c1,HMN171215,NI,B,B11_c1_ACTATCTCACATTAGC,B
B11_c1,,,B,B11_c1_ACTGAACAGGATGGTC,B
B11_c1,HMN171215,NI,B,B11_c1_ACTGAACTCAAGATCC,B
B11_c1,,,B,B11_c1_ACTGAACTCGATGAGG,B
B11_c1,HMN171229,NI,B,B11_c1_ACTGAGTTCTGCAGTA,B
B11_c1,,,B,B11_c1_ACTGTCCAGTTTAGGA,B
B11_c1,HMN171215,NI,B,B11_c1_ACTTACTCATGCGCAC,B
B11_c1,HMN171215,NI,B,B11_c1_ACTTGTTTCCCAACGG,B
B11_c1,HMN171215,NI,B,B11_c1_ACTTGTTTCGAGAGCA,B
B11_c1,HMN171215,NI,B,B11_c1_ACTTTCAGTTCGGGCT,B
B11_c1,HMN171215,NI,B,B11_c1_ACTTTCATCCTTCAAT,B
B11_c1,HMN171215,NI,B,B11_c1_AGAATAGTCGAGGTAG,B
B11_c1,HMN171215,NI,B,B11_c1_AGACGTTCAAGAGTCG,B
B11_c1,HMN171233,NI,B,B11_c1_AGAGCGAAGACTAAGT,B
B11_c1,HMN171215,NI,B,B11_c1_AGAGCTTAGATGAGAG,B
B11_c1,,,B,B11_c1_AGAGCTTAGCAGGTCA,B
B11_c1,HMN171215,NI,B,B11_c1_AGAGCTTTCCGAACGC,B
B11_c1,HMN171215,NI,B,B11_c1_AGAGTGGGTATCGCAT,B
B11_c1,HMN171233,NI,B,B11_c1_AGATCTGGTTCAACCA,B
B11_c1,,,B,B11_c1_AGCAGCCGTCCTCTTG,B
B11_c1,HMN171215,NI,B,B11_c1_AGCCTAAGTACATGTC,B
B11_c1,HMN171229,NI,B,B11_c1_AGCGTCGCATCCTAGA,B
B11_c1,,,B,B11_c1_AGCTCCTAGTCCATAC,B
B11_c1,HMN171215,NI,B,B11_c1_AGCTCCTTCTGGTTCC,B
B11_c1,HMN171215,NI,B,B11_c1_AGCTCTCCACATGGGA,B
B11_c1,,,B,B11_c1_AGCTCTCCATCCCACT,B
B11_c1,,,B,B11_c1_AGCTTGAAGCTCCTTC,B
B11_c1,HMN171215,NI,B,B11_c1_AGGCCACTCTGGCGTG,B
B11_c1,HMN171229,NI,B,B11_c1_AGGCCGTCACCAGGCT,B
B11_c1,HMN171215,NI,B,B11_c1_AGGGAGTGTCATCCCT,B
B11_c1,,,B,B11_c1_AGGGTGAAGTGATCGG,B
B11_c1,HMN171215,NI,B,B11_c1_AGGGTGAGTAGCGTCC,B
B11_c1,HMN171233,NI,B,B11_c1_AGGTCCGTCTAAGCCA,B
B11_c1,,,B,B11_c1_AGTAGTCGTCATATGC,B
B11_c1,,,B,B11_c1_AGTAGTCTCGGCGCTA,B
B11_c1,HMN171215,NI,B,B11_c1_AGTCTTTAGACATAAC,B
B11_c1,HMN171215,NI,B,B11_c1_AGTCTTTCAGAGCCAA,B
B11_c1,HMN171215,NI,B,B11_c1_AGTGTCATCAGCAACT,B
B11_c1,,,B,B11_c1_ATAACGCGTGAGGCTA,B
B11_c1,HMN171215,NI,B,B11_c1_ATAAGAGCAGGCTCAC,B
B11_c1,HMN171229,NI,B,B11_c1_ATAGACCTCACCATAG,B
B11_c1,HMN171215,NI,B,B11_c1_ATCACGAGTTACCGAT,B
B11_c1,,,B,B11_c1_ATCATCTGTACCGTTA,B
B11_c1,HMN171215,NI,B,B11_c1_ATCCACCCACATCTTT,B
B11_c1,,,B,B11_c1_ATCCGAAGTGACCAAG,B
B11_c1,HMN171233,NI,B,B11_c1_ATCGAGTAGTGGTAGC,B
B11_c1,HMN171233,NI,B,B11_c1_ATCTGCCGTGACGCCT,B
B11_c1,HMN171233,NI,B,B11_c1_ATGCGATCATCACAAC,B
B11_c1,,,B,B11_c1_ATGTGTGGTCGAATCT,B
B11_c1,,,B,B11_c1_ATTACTCAGAACAATC,B
B11_c1,,,B,B11_c1_ATTGGACGTAGATTAG,B
B11_c1,,,B,B11_c1_ATTGGACGTGAGGCTA,B
B11_c1,HMN171215,NI,B,B11_c1_CAACCAAAGATGTTAG,B
B11_c1,HMN171233,NI,B,B11_c1_CAACCAAGTCCGTGAC,B
B11_c1,HMN171215,NI,B,B11_c1_CAACCTCGTCAAAGCG,B
B11_c1,HMN171229,NI,B,B11_c1_CAAGTTGCAAACTGTC,B
B11_c1,,,B,B11_c1_CACAAACTCGGCGGTT,B
B11_c1,HMN171215,NI,B,B11_c1_CACACAACAGGTGCCT,B
B11_c1,HMN171215,NI,B,B11_c1_CACACTCCAATCAGAA,B
B11_c1,HMN171215,NI,B,B11_c1_CACATAGCACATAACC,B
B11_c1,,,B,B11_c1_CACATAGTCGTCCGTT,B
B11_c1,HMN171233,NI,B,B11_c1_CACATTTTCAACCAAC,B
B11_c1,HMN171215,NI,B,B11_c1_CACCACTCAACAACCT,B
B11_c1,HMN171233,NI,B,B11_c1_CACCACTCATGGTCAT,B
B11_c1,,,B,B11_c1_CACCAGGCACTTCGAA,B
B11_c1,,,B,B11_c1_CACTCCACATGTTGAC,B
B11_c1,,,B,B11_c1_CACTCCAGTATTCTCT,B
B11_c1,,,B,B11_c1_CAGAATCTCCGCAAGC,B
B11_c1,,,B,B11_c1_CAGATCAAGTGTTAGA,B
B11_c1,HMN171232,flu,B,B11_c1_CAGCATAAGGGATACC,B
B11_c1,HMN171218,flu,B,B11_c1_CAGCATAGTCTTCTCG,B
B11_c1,,,B,B11_c1_CAGCCGACAATCCGAT,B
B11_c1,,,B,B11_c1_CAGCCGATCGGAAATA,B
B11_c1,HMN171215,NI,B,B11_c1_CAGCCGATCTCATTCA,B
B11_c1,HMN171215,NI,B,B11_c1_CAGCGACAGTTGAGAT,B
B11_c1,HMN171233,NI,B,B11_c1_CAGGTGCAGCGTTGCC,B
B11_c1,HMN171233,NI,B,B11_c1_CAGTAACTCCGAACGC,B
B11_c1,,,B,B11_c1_CAGTCCTCACCCATGG,B
B11_c1,,,B,B11_c1_CATATGGGTTCCCTTG,B
B11_c1,,,B,B11_c1_CATATGGTCACGGTTA,B
B11_c1,HMN171215,NI,B,B11_c1_CATCAGACACTAGTAC,B
B11_c1,HMN171215,NI,B,B11_c1_CATCGGGGTGACGCCT,B
B11_c1,,,B,B11_c1_CATCGGGTCTCGCTTG,B
B11_c1,HMN171233,NI,B,B11_c1_CATTATCTCTGCGACG,B
B11_c1,,,B,B11_c1_CCACCTACATGCCTAA,B
B11_c1,HMN171215,NI,B,B11_c1_CCACCTATCATCGGAT,B
B11_c1,,,B,B11_c1_CCACGGAAGGACAGCT,B
B11_c1,HMN171215,NI,B,B11_c1_CCACGGACAGCTTCGG,B
B11_c1,HMN171233,NI,B,B11_c1_CCACTACAGCCGCCTA,B
B11_c1,HMN171233,NI,B,B11_c1_CCAGCGATCTCGAGTA,B
B11_c1,,,B,B11_c1_CCATTCGCATCCGTGG,B
B11_c1,,,B,B11_c1_CCCATACCATGTCCTC,B
B11_c1,HMN171215,NI,B,B11_c1_CCCTCCTCACAGGCCT,B
B11_c1,HMN171215,NI,B,B11_c1_CCGGTAGCAAGCCTAT,B
B11_c1,HMN171215,NI,B,B11_c1_CCGTACTTCCAATGGT,B
B11_c1,HMN171215,NI,B,B11_c1_CCTACACAGATAGTCA,B
B11_c1,,,B,B11_c1_CCTACCATCAGCATGT,B
B11_c1,,,B,B11_c1_CCTAGCTAGCCTTGAT,B
B11_c1,,,B,B11_c1_CCTCAGTAGTGTCCCG,B
B11_c1,HMN171233,NI,B,B11_c1_CCTCAGTCAGGGTTAG,B
B11_c1,HMN171215,NI,B,B11_c1_CCTCAGTCAGTACACT,B
B11_c1,HMN171233,NI,B,B11_c1_CCTTCCCCAATAAGCA,B
B11_c1,HMN171233,NI,B,B11_c1_CCTTCGAAGCCCAATT,B
B11_c1,HMN171233,NI,B,B11_c1_CCTTTCTCAGTATCTG,B
B11_c1,HMN171215,NI,B,B11_c1_CGAATGTGTGACGCCT,B
B11_c1,HMN171215,NI,B,B11_c1_CGAATGTGTTCATGGT,B
B11_c1,HMN171229,NI,B,B11_c1_CGAATGTTCTACTCAT,B
B11_c1,HMN171215,NI,B,B11_c1_CGACTTCAGAACAACT,B
B11_c1,,,B,B11_c1_CGAGAAGCACCAGCAC,B
B11_c1,HMN171215,NI,B,B11_c1_CGAGAAGTCCACGAAT,B
B11_c1,HMN171233,NI,B,B11_c1_CGAGCCAGTGGCCCTA,B
B11_c1,HMN171232,flu,B,B11_c1_CGATCGGAGCGTGAGT,B
B11_c1,HMN171233,NI,B,B11_c1_CGATGTAAGCTGTCTA,B
B11_c1,HMN171233,NI,B,B11_c1_CGATGTAGTAGCGATG,B
B11_c1,HMN171215,NI,B,B11_c1_CGATTGATCAGATAAG,B
B11_c1,HMN171233,NI,B,B11_c1_CGATTGATCTCTGCTG,B
B11_c1,HMN171233,NI,B,B11_c1_CGCCAAGGTTAAGTAG,B
B11_c1,HMN171215,NI,B,B11_c1_CGCGTTTAGGACATTA,B
B11_c1,HMN171215,NI,B,B11_c1_CGCTTCACACAACGTT,B
B11_c1,HMN171233,NI,B,B11_c1_CGGACGTTCACGACTA,B
B11_c1,,,B,B11_c1_CGGACTGCACGGTAGA,B
B11_c1,,,B,B11_c1_CGGAGCTAGCCGTCGT,B
B11_c1,,,B,B11_c1_CGGCTAGCATCGATGT,B
B11_c1,,,B,B11_c1_CGGCTAGGTCGTGGCT,B
B11_c1,,,B,B11_c1_CGGTTAAGTATTCTCT,B
B11_c1,,,B,B11_c1_CGGTTAAGTTACGCGC,B
B11_c1,,,B,B11_c1_CGTAGGCGTGAGGCTA,B
B11_c1,,,B,B11_c1_CGTCACTCAGCCACCA,B
B11_c1,,,B,B11_c1_CGTCACTGTGTAACGG,B
B11_c1,HMN171233,NI,B,B11_c1_CGTCTACGTGCGCTTG,B
B11_c1,,,B,B11_c1_CGTGTAAAGTTAGGTA,B
B11_c1,HMN171218,flu,B,B11_c1_CGTGTAAGTCTTGATG,B
B11_c1,,,B,B11_c1_CGTTCTGCATGTCTCC,B
B11_c1,HMN171233,NI,B,B11_c1_CTAAGACGTCCAGTTA,B
B11_c1,,,B,B11_c1_CTAAGACGTCTCATCC,B
B11_c1,HMN171215,NI,B,B11_c1_CTACACCAGCGATAGC,B
B11_c1,HMN171215,NI,B,B11_c1_CTACATTCATGGTAGG,B
B11_c1,,,B,B11_c1_CTACGTCGTAACGTTC,B
B11_c1,,,B,B11_c1_CTCACACGTGTGGTTT,B
B11_c1,HMN171215,NI,B,B11_c1_CTCGAAACACTGTGTA,B
B11_c1,HMN171229,NI,B,B11_c1_CTCGAAATCTCTGCTG,B
B11_c1,,,B,B11_c1_CTCGTACCATCACGTA,B
B11_c1,,,B,B11_c1_CTCGTCAAGCTACCGC,B
B11_c1,HMN171215,NI,B,B11_c1_CTCGTCATCCGAATGT,B
B11_c1,HMN171233,NI,B,B11_c1_CTCTAATTCATTCACT,B
B11_c1,,,B,B11_c1_CTGAAGTGTACCGAGA,B
B11_c1,HMN171215,NI,B,B11_c1_CTGCGGAAGGAATGGA,B
B11_c1,HMN171233,NI,B,B11_c1_CTGCGGATCCGCGGTA,B
B11_c1,HMN171220,flu,B,B11_c1_CTGGTCTCATCAGTAC,B
B11_c1,,,B,B11_c1_CTGTGCTAGGTGCTTT,B
B11_c1,,,B,B11_c1_CTGTTTATCCAGAGGA,B
B11_c1,,,B,B11_c1_CTTAACTGTGCACGAA,B
B11_c1,,,B,B11_c1_CTTACCGGTAGAAAGG,B
B11_c1,,,B,B11_c1_CTTAGGAAGGGCTTGA,B
B11_c1,HMN171233,NI,B,B11_c1_CTTAGGATCCGCAGTG,B
B11_c1,HMN171215,NI,B,B11_c1_CTTTGCGTCACAATGC,B
B11_c1,HMN171229,NI,B,B11_c1_GAACATCAGGTACTCT,B
B11_c1,,,B,B11_c1_GAACGGAAGTGCCAGA,B
B11_c1,,,B,B11_c1_GAACGGACAACACGCC,B
B11_c1,,,B,B11_c1_GAAGCAGCAGTTCATG,B
B11_c1,,,B,B11_c1_GAATAAGTCTTAACCT,B
B11_c1,HMN171215,NI,B,B11_c1_GAATGAAGTCACTTCC,B
B11_c1,,,B,B11_c1_GAATGAAGTGACGGTA,B
B11_c1,,,B,B11_c1_GAATGAATCCCAACGG,B
B11_c1,HMN171233,NI,B,B11_c1_GACAGAGAGTATCTCG,B
B11_c1,,,B,B11_c1_GACAGAGAGTTACGGG,B
B11_c1,,,B,B11_c1_GACCAATAGCCAGGAT,B
B11_c1,HMN171229,NI,B,B11_c1_GACCAATAGGCAGTCA,B
B11_c1,,,B,B11_c1_GACCTGGCACACTGCG,B
B11_c1,HMN171215,NI,B,B11_c1_GACCTGGGTCACAAGG,B
B11_c1,HMN171233,NI,B,B11_c1_GACGTGCGTTACGTCA,B
B11_c1,,,B,B11_c1_GACGTGCTCGAGAGCA,B
B11_c1,,,B,B11_c1_GACGTTACACATCCAA,B
B11_c1,HMN171215,NI,B,B11_c1_GACTAACAGATATGGT,B
B11_c1,,,B,B11_c1_GACTAACTCAAACCAC,B
B11_c1,,,B,B11_c1_GACTAACTCACTATTC,B
B11_c1,HMN171233,NI,B,B11_c1_GACTAACTCTTGAGAC,B
B11_c1,,,B,B11_c1_GAGCAGAAGAGTGAGA,B
B11_c1,HMN171215,NI,B,B11_c1_GAGGTGACAGATTGCT,B
B11_c1,HMN171229,NI,B,B11_c1_GAGGTGATCGCGTTTC,B
B11_c1,,,B,B11_c1_GAGTCCGTCCGTTGTC,B
B11_c1,,,B,B11_c1_GATCGATCAAGGACTG,B
B11_c1,HMN171233,NI,B,B11_c1_GATCGCGTCACTATTC,B
B11_c1,HMN171229,NI,B,B11_c1_GATCGCGTCTCTAAGG,B
B11_c1,HMN171215,NI,B,B11_c1_GATCTAGGTCCTAGCG,B
B11_c1,HMN171229,NI,B,B11_c1_GATCTAGGTGCCTGCA,B
B11_c1,HMN171233,NI,B,B11_c1_GATCTAGTCTGGCGTG,B
B11_c1,HMN171215,NI,B,B11_c1_GCAAACTCAGTGAGTG,B
B11_c1,HMN171215,NI,B,B11_c1_GCAAACTGTAGAGCTG,B
B11_c1,,,B,B11_c1_GCAATCATCTGGTGTA,B
B11_c1,HMN171215,NI,B,B11_c1_GCACATATCGTACCGG,B
B11_c1,,,B,B11_c1_GCAGCCATCACTTATC,B
B11_c1,,,B,B11_c1_GCATACAAGGCAATTA,B
B11_c1,,,B,B11_c1_GCATGATTCACTTACT,B
B11_c1,HMN171233,NI,B,B11_c1_GCCTCTACAGGATTGG,B
B11_c1,HMN171233,NI,B,B11_c1_GCCTCTACATCGGAAG,B
B11_c1,,,B,B11_c1_GCGAGAACATGAGCGA,B
B11_c1,HMN171215,NI,B,B11_c1_GCGCAGTGTTTGGGCC,B
B11_c1,HMN171229,NI,B,B11_c1_GCGCAGTTCTCGCATC,B
B11_c1,,,B,B11_c1_GCGCCAAAGACAAAGG,B
B11_c1,HMN171215,NI,B,B11_c1_GCGCGATCAGTAAGCG,B
B11_c1,HMN171233,NI,B,B11_c1_GCGGGTTAGTTCGCGC,B
B11_c1,,,B,B11_c1_GCGGGTTCAATAGCAA,B
B11_c1,HMN171215,NI,B,B11_c1_GCTCCTAAGCAGATCG,B
B11_c1,,,B,B11_c1_GCTCCTATCTTGTTTG,B
B11_c1,HMN171215,NI,B,B11_c1_GCTCTGTAGCACAGGT,B
B11_c1,HMN171229,NI,B,B11_c1_GCTGCGAGTACATCCA,B
B11_c1,,,B,B11_c1_GCTGCTTAGATCCCAT,B
B11_c1,,,B,B11_c1_GCTGGGTGTCGAAAGC,B
B11_c1,,,B,B11_c1_GCTTCCATCGTGGTCG,B
B11_c1,HMN171233,NI,B,B11_c1_GCTTGAAGTAGCCTAT,B
B11_c1,HMN171233,NI,B,B11_c1_GCTTGAAGTCCGAAGA,B
B11_c1,HMN171229,NI,B,B11_c1_GGAAAGCTCGCTGATA,B
B11_c1,HMN171215,NI,B,B11_c1_GGAACTTAGCGATCCC,B
B11_c1,HMN171215,NI,B,B11_c1_GGAATAAAGTAATCCC,B
B11_c1,HMN171233,NI,B,B11_c1_GGACAAGGTGGCAAAC,B
B11_c1,HMN171215,NI,B,B11_c1_GGACGTCTCGAGGTAG,B
B11_c1,HMN171229,NI,B,B11_c1_GGAGCAACAAGGTGTG,B
B11_c1,HMN171229,NI,B,B11_c1_GGATGTTAGCTGCCCA,B
B11_c1,HMN171215,NI,B,B11_c1_GGATGTTCAGATCGGA,B
B11_c1,HMN171215,NI,B,B11_c1_GGATGTTGTTCTGTTT,B
B11_c1,HMN171233,NI,B,B11_c1_GGATTACGTTCTCATT,B
B11_c1,HMN171215,NI,B,B11_c1_GGCAATTAGTTTCCTT,B
B11_c1,,,B,B11_c1_GGCCGATCACAGGTTT,B
B11_c1,HMN171215,NI,B,B11_c1_GGCCGATTCCGCAGTG,B
B11_c1,HMN171215,NI,B,B11_c1_GGCCGATTCGCCAGCA,B
B11_c1,,,B,B11_c1_GGCGACTGTATATGAG,B
B11_c1,HMN171233,NI,B,B11_c1_GGCGTGTGTCACAAGG,B
B11_c1,HMN171233,NI,B,B11_c1_GGCGTGTTCGAACGGA,B
B11_c1,,,B,B11_c1_GGCTCGATCATCACCC,B
B11_c1,,,B,B11_c1_GGCTCGATCTGCAAGT,B
B11_c1,,,B,B11_c1_GGGAATGGTGGACGAT,B
B11_c1,HMN171215,NI,B,B11_c1_GGGAGATTCTTGCAAG,B
B11_c1,,,B,B11_c1_GGGATGACAAGCCGCT,B
B11_c1,HMN171233,NI,B,B11_c1_GGGCACTTCGCGATCG,B
B11_c1,HMN171233,NI,B,B11_c1_GGGCATCCATCATCCC,B
B11_c1,,,B,B11_c1_GGTATTGGTAGGAGTC,B
B11_c1,HMN171215,NI,B,B11_c1_GGTATTGTCTGCCAGG,B
B11_c1,,,B,B11_c1_GGTGCGTAGAGTTGGC,B
B11_c1,,,B,B11_c1_GGTGTTAGTCCGACGT,B
B11_c1,,,B,B11_c1_GTAACTGTCCATGAAC,B
B11_c1,HMN171229,NI,B,B11_c1_GTACTCCAGCTGATAA,B
B11_c1,HMN171233,NI,B,B11_c1_GTACTCCAGTGCAAGC,B
B11_c1,,,B,B11_c1_GTACTCCGTCACCTAA,B
B11_c1,HMN171215,NI,B,B11_c1_GTACTTTGTGACTACT,B
B11_c1,HMN171215,NI,B,B11_c1_GTAGGCCGTAGCTAAA,B
B11_c1,,,B,B11_c1_GTAGTCACACCGATAT,B
B11_c1,,,B,B11_c1_GTCAAGTCACAGGTTT,B
B11_c1,,,B,B11_c1_GTCACAAAGACTTGAA,B
B11_c1,HMN171215,NI,B,B11_c1_GTCACAACAATACGCT,B
B11_c1,,,B,B11_c1_GTCACAAGTCTCCATC,B
B11_c1,,,B,B11_c1_GTCACGGTCAACACGT,B
B11_c1,HMN171215,NI,B,B11_c1_GTCGTAACATCAGTAC,B
B11_c1,,,B,B11_c1_GTCTTCGCACCGCTAG,B
B11_c1,,,B,B11_c1_GTCTTCGTCACGATGT,B
B11_c1,HMN171215,NI,B,B11_c1_GTGCAGCAGCGTGTCC,B
B11_c1,HMN171229,NI,B,B11_c1_GTGCAGCAGTGGAGAA,B
B11_c1,HMN171215,NI,B,B11_c1_GTGCAGCTCAGTGCAT,B
B11_c1,HMN171215,NI,B,B11_c1_GTGCATATCATTGCCC,B
B11_c1,HMN171215,NI,B,B11_c1_GTGCGGTCAGCTATTG,B
B11_c1,HMN171215,NI,B,B11_c1_GTGCGGTTCTTTACGT,B
B11_c1,HMN171229,NI,B,B11_c1_GTGCTTCAGACAGACC,B
B11_c1,HMN171229,NI,B,B11_c1_GTGTGCGGTTGGAGGT,B
B11_c1,HMN171233,NI,B,B11_c1_GTGTTAGGTAAAGTCA,B
B11_c1,,,B,B11_c1_GTTAAGCCAGCGTTCG,B
B11_c1,HMN171215,NI,B,B11_c1_GTTACAGGTTATCACG,B
B11_c1,HMN171215,NI,B,B11_c1_GTTACAGTCTATCCCG,B
B11_c1,HMN171215,NI,B,B11_c1_GTTCGGGCATCTGGTA,B
B11_c1,,,B,B11_c1_GTTCGGGCATTGGTAC,B
B11_c1,HMN171215,NI,B,B11_c1_GTTTCTATCTTGTACT,B
B11_c1,,,B,B11_c1_TAAGAGAAGTACCGGA,B
B11_c1,,,B,B11_c1_TAAGTGCCAAACCTAC,B
B11_c1,,,B,B11_c1_TACAGTGTCCTCATTA,B
B11_c1,HMN171215,NI,B,B11_c1_TACCTATGTCCGAGTC,B
B11_c1,,,B,B11_c1_TACCTATGTTCATGGT,B
B11_c1,HMN171215,NI,B,B11_c1_TACCTATGTTTACTCT,B
B11_c1,HMN171215,NI,B,B11_c1_TACTTACAGGCCATAG,B
B11_c1,HMN171215,NI,B,B11_c1_TACTTACAGTACCGGA,B
B11_c1,,,B,B11_c1_TACTTACAGTAGTGCG,B
B11_c1,,,B,B11_c1_TACTTACTCTTCTGGC,B
B11_c1,,,B,B11_c1_TAGACCAAGAAGGTTT,B
B11_c1,HMN171229,NI,B,B11_c1_TAGACCACACAGAGGT,B
B11_c1,HMN171215,NI,B,B11_c1_TAGCCGGCATGTCCTC,B
B11_c1,,,B,B11_c1_TAGGCATCAAGTTCTG,B
B11_c1,HMN171215,NI,B,B11_c1_TAGGCATCATCATCCC,B
B11_c1,HMN171215,NI,B,B11_c1_TAGTGGTAGTACGCCC,B
B11_c1,HMN171215,NI,B,B11_c1_TATCAGGTCATCGATG,B
B11_c1,HMN171233,NI,B,B11_c1_TATCTCAAGAAGGGTA,B
B11_c1,,,B,B11_c1_TATCTCAGTAGCTTGT,B
B11_c1,,,B,B11_c1_TATGCCCCAACGCACC,B
B11_c1,,,B,B11_c1_TATTACCAGTACGACG,B
B11_c1,,,B,B11_c1_TCAACGAAGGCCCTCA,B
B11_c1,,,B,B11_c1_TCAATCTGTATATGGA,B
B11_c1,HMN171215,NI,B,B11_c1_TCAGATGAGCGATAGC,B
B11_c1,,,B,B11_c1_TCAGGATCAGGGTACA,B
B11_c1,,,B,B11_c1_TCAGGTAGTATTCTCT,B
B11_c1,HMN171233,NI,B,B11_c1_TCATTTGTCAAGCCTA,B
B11_c1,HMN171215,NI,B,B11_c1_TCATTTGTCGCAAGCC,B
B11_c1,HMN171229,NI,B,B11_c1_TCGCGAGCACTGAAGG,B
B11_c1,,,B,B11_c1_TCGGGACGTTTACTCT,B
B11_c1,,,B,B11_c1_TCGTAGAAGATCTGAA,B
B11_c1,,,B,B11_c1_TCGTAGATCAGCACAT,B
B11_c1,,,B,B11_c1_TCTCATACACACGCTG,B
B11_c1,,,B,B11_c1_TCTCTAACACAGACTT,B
B11_c1,,,B,B11_c1_TCTCTAAGTCGAATCT,B
B11_c1,,,B,B11_c1_TCTCTAAGTGATGTCT,B
B11_c1,HMN171215,NI,B,B11_c1_TCTGAGAAGTTACCCA,B
B11_c1,HMN171215,NI,B,B11_c1_TCTTTCCGTCTCCCTA,B
B11_c1,,,B,B11_c1_TGAAAGACACCGTTGG,B
B11_c1,HMN171229,NI,B,B11_c1_TGACAACCATCTACGA,B
B11_c1,HMN171215,NI,B,B11_c1_TGACAACTCAACGAAA,B
B11_c1,,,B,B11_c1_TGACGGCTCGCATGGC,B
B11_c1,HMN171233,NI,B,B11_c1_TGACTAGCACGTCTCT,B
B11_c1,HMN171215,NI,B,B11_c1_TGACTAGTCACGCGGT,B
B11_c1,HMN171229,NI,B,B11_c1_TGACTTTAGGGCTCTC,B
B11_c1,HMN171229,NI,B,B11_c1_TGACTTTAGTCCCACG,B
B11_c1,,,B,B11_c1_TGAGAGGCATAAAGGT,B
B11_c1,,,B,B11_c1_TGAGAGGGTAAGTAGT,B
B11_c1,HMN171233,NI,B,B11_c1_TGAGAGGGTGGTCCGT,B
B11_c1,HMN171233,NI,B,B11_c1_TGAGCATGTATGGTTC,B
B11_c1,,,B,B11_c1_TGAGCCGAGACCTTTG,B
B11_c1,HMN171233,NI,B,B11_c1_TGAGGGAAGTAGTGCG,B
B11_c1,,,B,B11_c1_TGATTTCAGTGACTCT,B
B11_c1,HMN171233,NI,B,B11_c1_TGCACCTAGCAGGTCA,B
B11_c1,HMN171233,NI,B,B11_c1_TGCACCTAGCCAACAG,B
B11_c1,HMN171233,NI,B,B11_c1_TGCCAAAGTGACTACT,B
B11_c1,,,B,B11_c1_TGCCCTAAGCCGTCGT,B
B11_c1,HMN171233,NI,B,B11_c1_TGCCCTACATCAGTCA,B
B11_c1,HMN171233,NI,B,B11_c1_TGCGCAGAGGCTCATT,B
B11_c1,HMN171215,NI,B,B11_c1_TGGACGCAGCACAGGT,B
B11_c1,HMN171229,NI,B,B11_c1_TGGCCAGAGCTCTCGG,B
B11_c1,HMN171233,NI,B,B11_c1_TGGCCAGAGGTTCCTA,B
B11_c1,HMN171215,NI,B,B11_c1_TGGCCAGAGTTATCGC,B
B11_c1,,,B,B11_c1_TGGCCAGGTAAGCACG,B
B11_c1,,,B,B11_c1_TGGCGCAAGTACCGGA,B
B11_c1,,,B,B11_c1_TGGCGCACATGTTCCC,B
B11_c1,HMN171229,NI,B,B11_c1_TGGCGCAGTGACTCAT,B
B11_c1,HMN171233,NI,B,B11_c1_TGGCTGGGTTACCGAT,B
B11_c1,,,B,B11_c1_TGGGAAGTCCTATTCA,B
B11_c1,,,B,B11_c1_TGGGCGTCACCTCGGA,B
B11_c1,HMN171233,NI,B,B11_c1_TGGTTAGAGGAGTTTA,B
B11_c1,,,B,B11_c1_TGGTTCCAGGGTTCCC,B
B11_c1,HMN171233,NI,B,B11_c1_TGGTTCCCATGGGAAC,B
B11_c1,HMN171215,NI,B,B11_c1_TGTATTCGTAGGGTAC,B
B11_c1,HMN171215,NI,B,B11_c1_TGTATTCTCTGGGCCA,B
B11_c1,HMN171233,NI,B,B11_c1_TGTCCCAGTAAAGGAG,B
B11_c1,HMN171233,NI,B,B11_c1_TGTGGTACATTGCGGC,B
B11_c1,HMN171218,flu,B,B11_c1_TTAGGCATCAACACCA,B
B11_c1,HMN171215,NI,B,B11_c1_TTAGGCATCCCATTAT,B
B11_c1,HMN171215,NI,B,B11_c1_TTAGTTCTCTGCTGTC,B
B11_c1,,,B,B11_c1_TTCCCAGGTCCAGTGC,B
B11_c1,HMN171215,NI,B,B11_c1_TTCGAAGGTGCAGACA,B
B11_c1,,,B,B11_c1_TTCGAAGTCCTGCAGG,B
B11_c1,HMN171215,NI,B,B11_c1_TTCGGTCGTGTCTGAT,B
B11_c1,,,B,B11_c1_TTCTACACATCCCACT,B
B11_c1,,,B,B11_c1_TTCTCAAGTGCACTTA,B
B11_c1,,,B,B11_c1_TTCTTAGCACGACGAA,B
B11_c1,HMN171229,NI,B,B11_c1_TTCTTAGGTACCCAAT,B
B11_c1,HMN171233,NI,B,B11_c1_TTGACTTAGTGTGAAT,B
B11_c1,,,B,B11_c1_TTGACTTCATGGTTGT,B
B11_c1,,,B,B11_c1_TTGACTTGTCGCTTCT,B
B11_c1,,,B,B11_c1_TTGGAACTCTCGCATC,B
B11_c1,,,B,B11_c1_TTGGCAAGTGCTTCTC,B
B11_c1,HMN171229,NI,B,B11_c1_TTGTAGGAGCTAGTCT,B
B11_c1,HMN171233,NI,B,B11_c1_TTGTAGGCACAGCGTC,B
B11_c1,HMN171233,NI,B,B11_c1_TTGTAGGTCCGCGCAA,B
B11_c1,,,B,B11_c1_TTTACTGTCAGCACAT,B
B11_c1,HMN171233,NI,B,B11_c1_TTTATGCCAACGATGG,B
B11_c1,,,B,B11_c1_TTTCCTCAGGCCGAAT,B
B11_c1,,,B,B11_c1_TTTCCTCCAAAGTCAA,B
B11_c1,,,B,B11_c1_TTTGCGCCAGATCCAT,B
B11_c1,HMN171233,NI,B,B11_c1_TTTGGTTAGTGTCTCA,B
B11_c1,HMN171215,NI,B,B11_c1_TTTGGTTCATGCTGGC,B
B11_c1,HMN171215,NI,B,B11_c1_TTTGTCAAGTCGTTTG,B
B11_c2,,,B,B11_c2_AAACCTGAGCGTTGCC,B
B11_c2,,,B,B11_c2_AAACGGGTCGACGGAA,B
B11_c2,HMN171229,flu,B,B11_c2_AAAGATGAGCTAAGAT,B
B11_c2,,,B,B11_c2_AAATGCCGTAGCGATG,B
B11_c2,,,B,B11_c2_AACACGTTCGTCTGCT,B
B11_c2,HMN171233,flu,B,B11_c2_AACACGTTCTGAGTGT,B
B11_c2,,,B,B11_c2_AACACGTTCTTACCTA,B
B11_c2,,,B,B11_c2_AACGTTGAGGCAATTA,B
B11_c2,,,B,B11_c2_AACTCCCTCCCTTGTG,B
B11_c2,HMN171232,NI,B,B11_c2_AACTCTTCAAAGTGCG,B
B11_c2,HMN171233,flu,B,B11_c2_AAGACCTCAGCTGGCT,B
B11_c2,HMN171220,NI,B,B11_c2_AAGCCGCGTTTCCACC,B
B11_c2,,,B,B11_c2_AAGGCAGAGCATGGCA,B
B11_c2,,,B,B11_c2_AAGTCTGTCCCATTAT,B
B11_c2,,,B,B11_c2_AATCGGTTCTGGAGCC,B
B11_c2,HMN171232,NI,B,B11_c2_ACACCCTTCACATGCA,B
B11_c2,HMN171215,flu,B,B11_c2_ACACCGGCATGAACCT,B
B11_c2,HMN171215,flu,B,B11_c2_ACACTGATCTTAACCT,B
B11_c2,,,B,B11_c2_ACAGCTAAGTGCAAGC,B
B11_c2,HMN171229,flu,B,B11_c2_ACAGCTAGTCTAAAGA,B
B11_c2,HMN171220,NI,B,B11_c2_ACATCAGTCATATCGG,B
B11_c2,,,B,B11_c2_ACCAGTACAAATACAG,B
B11_c2,,,B,B11_c2_ACCCACTCAAAGAATC,B
B11_c2,HMN171220,NI,B,B11_c2_ACCGTAACACGCCAGT,B
B11_c2,HMN171220,NI,B,B11_c2_ACCGTAATCAAGATCC,B
B11_c2,HMN171220,NI,B,B11_c2_ACCGTAATCCCAGGTG,B
B11_c2,,,B,B11_c2_ACGAGCCCAGCGTTCG,B
B11_c2,HMN171220,NI,B,B11_c2_ACGATGTGTCGGCTCA,B
B11_c2,,,B,B11_c2_ACGCCGAAGGGTCTCC,B
B11_c2,HMN171233,flu,B,B11_c2_ACGCCGAGTAGAGGAA,B
B11_c2,,,B,B11_c2_ACGCCGATCTACCTGC,B
B11_c2,,,B,B11_c2_ACGGCCACAAACTGTC,B
B11_c2,,,B,B11_c2_ACGGGCTAGAGGGATA,B
B11_c2,,,B,B11_c2_ACGTCAAAGAAACGAG,B
B11_c2,HMN171218,NI,B,B11_c2_ACTGAACCACTACAGT,B
B11_c2,,,B,B11_c2_ACTGAACCAGATTGCT,B
B11_c2,,,B,B11_c2_ACTGAGTTCTGTCTAT,B
B11_c2,,,B,B11_c2_ACTGATGGTCGGATCC,B
B11_c2,,,B,B11_c2_ACTGATGGTCTGCCAG,B
B11_c2,,,B,B11_c2_ACTGATGGTGTCTGAT,B
B11_c2,,,B,B11_c2_ACTGCTCAGGCAATTA,B
B11_c2,,,B,B11_c2_ACTGTCCGTTCACGGC,B
B11_c2,HMN171232,NI,B,B11_c2_ACTTGTTAGAATGTTG,B
B11_c2,,,B,B11_c2_ACTTGTTCATTCACTT,B
B11_c2,HMN171220,NI,B,B11_c2_ACTTGTTGTTAAGAAC,B
B11_c2,,,B,B11_c2_ACTTTCACACACCGCA,B
B11_c2,,,B,B11_c2_AGAATAGAGCGGATCA,B
B11_c2,HMN171220,NI,B,B11_c2_AGACGTTGTTCGCGAC,B
B11_c2,HMN171220,NI,B,B11_c2_AGAGTGGTCCAACCAA,B
B11_c2,HMN171218,NI,B,B11_c2_AGAGTGGTCGCCTGAG,B
B11_c2,,,B,B11_c2_AGATCTGCACCTGGTG,B
B11_c2,HMN171220,NI,B,B11_c2_AGATCTGTCTGCTTGC,B
B11_c2,HMN171218,NI,B,B11_c2_AGATTGCCAGACAGGT,B
B11_c2,,,B,B11_c2_AGCATACGTTAAGAAC,B
B11_c2,HMN171218,NI,B,B11_c2_AGCCTAACATACGCCG,B
B11_c2,HMN171218,NI,B,B11_c2_AGCGGTCCACTAAGTC,B
B11_c2,,,B,B11_c2_AGCGTCGCAAGGACTG,B
B11_c2,,,B,B11_c2_AGCGTCGTCGCCAGCA,B
B11_c2,,,B,B11_c2_AGCTTGAAGCCACGCT,B
B11_c2,HMN171218,NI,B,B11_c2_AGGCCGTAGTGGCACA,B
B11_c2,,,B,B11_c2_AGGGATGTCCCTCAGT,B
B11_c2,,,B,B11_c2_AGGGTGAGTATATGAG,B
B11_c2,,,B,B11_c2_AGGGTGAGTTCTCATT,B
B11_c2,,,B,B11_c2_AGGTCCGCAGACGCAA,B
B11_c2,HMN171220,NI,B,B11_c2_AGTCTTTAGTTGTCGT,B
B11_c2,,,B,B11_c2_AGTGAGGGTAGCTCCG,B
B11_c2,,,B,B11_c2_AGTGAGGGTCATATGC,B
B11_c2,HMN171218,NI,B,B11_c2_AGTGAGGTCATAGCAC,B
B11_c2,,,B,B11_c2_AGTGGGACACGGTGTC,B
B11_c2,,,B,B11_c2_ATAACGCTCCGTCAAA,B
B11_c2,HMN171215,flu,B,B11_c2_ATAGACCTCCACGTGG,B
B11_c2,HMN171220,NI,B,B11_c2_ATCACGATCGCTGATA,B
B11_c2,HMN171215,flu,B,B11_c2_ATGGGAGAGGGTTCCC,B
B11_c2,HMN171232,NI,B,B11_c2_ATTATCCGTTCCACGG,B
B11_c2,,,B,B11_c2_CAACCAATCAGCGACC,B
B11_c2,,,B,B11_c2_CAACCTCTCACCATAG,B
B11_c2,HMN171215,flu,B,B11_c2_CAACCTCTCGCTTGTC,B
B11_c2,HMN171232,NI,B,B11_c2_CAACTAGCAGATGGCA,B
B11_c2,HMN171215,flu,B,B11_c2_CAACTAGTCTAAGCCA,B
B11_c2,HMN171220,NI,B,B11_c2_CACAAACCAGATGAGC,B
B11_c2,HMN171232,NI,B,B11_c2_CACAAACCATACGCTA,B
B11_c2,HMN171220,NI,B,B11_c2_CACACCTGTAGTAGTA,B
B11_c2,,,B,B11_c2_CACAGTATCAGTGTTG,B
B11_c2,HMN171218,NI,B,B11_c2_CACATAGTCCTCGCAT,B
B11_c2,,,B,B11_c2_CACATAGTCTAACTCT,B
B11_c2,,,B,B11_c2_CACATTTCATGCCCGA,B
B11_c2,HMN171220,NI,B,B11_c2_CACCACTAGGGTGTTG,B
B11_c2,,,B,B11_c2_CACCAGGAGCTGCAAG,B
B11_c2,HMN171215,flu,B,B11_c2_CACCAGGCACAAGACG,B
B11_c2,,,B,B11_c2_CACCAGGGTCGCGGTT,B
B11_c2,,,B,B11_c2_CACTCCAAGGAGTCTG,B
B11_c2,,,B,B11_c2_CAGAGAGAGTGAACAT,B
B11_c2,HMN171220,NI,B,B11_c2_CAGATCATCTTTACAC,B
B11_c2,,,B,B11_c2_CAGCAGCCATTCACTT,B
B11_c2,HMN171218,NI,B,B11_c2_CAGCAGCGTTATTCTC,B
B11_c2,HMN171218,NI,B,B11_c2_CAGCATAAGGCAGGTT,B
B11_c2,HMN171218,NI,B,B11_c2_CAGCATACAGGAATCG,B
B11_c2,HMN171218,NI,B,B11_c2_CAGCTGGAGGAATCGC,B
B11_c2,HMN171232,NI,B,B11_c2_CAGCTGGGTCGGCACT,B
B11_c2,HMN171220,NI,B,B11_c2_CAGTAACTCTACGAGT,B
B11_c2,HMN171218,NI,B,B11_c2_CATATGGAGGACTGGT,B
B11_c2,,,B,B11_c2_CATATTCCACGACTCG,B
B11_c2,HMN171232,NI,B,B11_c2_CATCCACAGGGTCGAT,B
B11_c2,,,B,B11_c2_CATCGAACAATAGCGG,B
B11_c2,,,B,B11_c2_CATCGGGTCCGCGCAA,B
B11_c2,,,B,B11_c2_CATGACACAATTGCTG,B
B11_c2,,,B,B11_c2_CATGCCTAGTAGCGGT,B
B11_c2,HMN171218,NI,B,B11_c2_CATGGCGCATTAGGCT,B
B11_c2,,,B,B11_c2_CATTCGCAGCCATCGC,B
B11_c2,,,B,B11_c2_CATTCGCCAGTGACAG,B
B11_c2,HMN171232,NI,B,B11_c2_CCAATCCCATCACGTA,B
B11_c2,,,B,B11_c2_CCACGGAAGAAGGACA,B
B11_c2,,,B,B11_c2_CCACTACAGCCTTGAT,B
B11_c2,,,B,B11_c2_CCCAATCCATACAGCT,B
B11_c2,,,B,B11_c2_CCCAGTTCATCGGTTA,B
B11_c2,,,B,B11_c2_CCCAGTTGTCCGACGT,B
B11_c2,,,B,B11_c2_CCCATACCATTTGCTT,B
B11_c2,HMN171220,NI,B,B11_c2_CCGGTAGTCAGTACGT,B
B11_c2,HMN171232,NI,B,B11_c2_CCGTACTAGCCGTCGT,B
B11_c2,,,B,B11_c2_CCGTGGATCTAGAGTC,B
B11_c2,,,B,B11_c2_CCGTTCAAGAAAGTGG,B
B11_c2,HMN171232,NI,B,B11_c2_CCTACACCAGGGCATA,B
B11_c2,,,B,B11_c2_CCTAGCTAGGCACATG,B
B11_c2,HMN171218,NI,B,B11_c2_CCTCTGATCAACACTG,B
B11_c2,HMN171218,NI,B,B11_c2_CCTTCCCAGCTAGTTC,B
B11_c2,HMN171218,NI,B,B11_c2_CCTTCCCCATCCGCGA,B
B11_c2,,,B,B11_c2_CGAACATGTGGGTCAA,B
B11_c2,,,B,B11_c2_CGAATGTAGGGTTTCT,B
B11_c2,,,B,B11_c2_CGACCTTGTACACCGC,B
B11_c2,HMN171232,NI,B,B11_c2_CGACTTCAGTCCAGGA,B
B11_c2,HMN171232,NI,B,B11_c2_CGACTTCCAATGCCAT,B
B11_c2,HMN171218,NI,B,B11_c2_CGATGGCCATTTCACT,B
B11_c2,HMN171220,NI,B,B11_c2_CGATTGATCAACGCTA,B
B11_c2,,,B,B11_c2_CGCGTTTAGAGAACAG,B
B11_c2,,,B,B11_c2_CGCTGGATCCACTGGG,B
B11_c2,,,B,B11_c2_CGGACTGTCTGACCTC,B
B11_c2,HMN171218,NI,B,B11_c2_CGGAGCTGTTAAGACA,B
B11_c2,HMN171233,flu,B,B11_c2_CGGAGCTTCAGCCTAA,B
B11_c2,HMN171218,NI,B,B11_c2_CGGCTAGCACTAAGTC,B
B11_c2,,,B,B11_c2_CGGTTAACAAAGAATC,B
B11_c2,HMN171218,NI,B,B11_c2_CGGTTAATCTGAGGGA,B
B11_c2,HMN171233,flu,B,B11_c2_CGTAGCGAGGCTACGA,B
B11_c2,,,B,B11_c2_CGTAGGCGTACTCAAC,B
B11_c2,,,B,B11_c2_CGTAGGCGTGACAAAT,B
B11_c2,HMN171220,NI,B,B11_c2_CGTCAGGCATTCCTCG,B
B11_c2,HMN171232,NI,B,B11_c2_CGTCCATTCCAAAGTC,B
B11_c2,HMN171232,NI,B,B11_c2_CGTGTCTGTCAAGCGA,B
B11_c2,,,B,B11_c2_CGTGTCTGTGTATGGG,B
B11_c2,,,B,B11_c2_CGTTAGAAGGCGATAC,B
B11_c2,,,B,B11_c2_CGTTAGACAAAGCGGT,B
B11_c2,HMN171218,NI,B,B11_c2_CGTTAGATCTCAACTT,B
B11_c2,,,B,B11_c2_CTAAGACGTATATGGA,B
B11_c2,HMN171232,NI,B,B11_c2_CTACACCCACATCCAA,B
B11_c2,,,B,B11_c2_CTACACCCAGATGGCA,B
B11_c2,,,B,B11_c2_CTACACCTCCAGATCA,B
B11_c2,HMN171220,NI,B,B11_c2_CTACGTCAGCTGTCTA,B
B11_c2,HMN171232,NI,B,B11_c2_CTAGCCTTCCGCAAGC,B
B11_c2,HMN171232,NI,B,B11_c2_CTAGTGATCTGCCCTA,B
B11_c2,,,B,B11_c2_CTCACACGTGGTGTAG,B
B11_c2,HMN171220,NI,B,B11_c2_CTCAGAAAGGGCACTA,B
B11_c2,HMN171220,NI,B,B11_c2_CTCAGAAAGTCCATAC,B
B11_c2,HMN171220,NI,B,B11_c2_CTCCTAGAGTTGAGTA,B
B11_c2,HMN171215,flu,B,B11_c2_CTCGAAAAGGAACTGC,B
B11_c2,,,B,B11_c2_CTCGAAAGTTAAAGTG,B
B11_c2,,,B,B11_c2_CTCGAGGAGCGTCAAG,B
B11_c2,HMN171218,NI,B,B11_c2_CTCGGAGGTTGTACAC,B
B11_c2,HMN171218,NI,B,B11_c2_CTCGTACAGGACAGCT,B
B11_c2,,,B,B11_c2_CTCGTACAGGGCTTGA,B
B11_c2,HMN171220,NI,B,B11_c2_CTCGTCAGTTAAAGTG,B
B11_c2,HMN171218,NI,B,B11_c2_CTCTAATTCCTAAGTG,B
B11_c2,HMN171220,NI,B,B11_c2_CTCTACGAGATCGGGT,B
B11_c2,,,B,B11_c2_CTCTACGAGTAGTGCG,B
B11_c2,HMN171232,NI,B,B11_c2_CTCTACGCACTGTCGG,B
B11_c2,,,B,B11_c2_CTCTGGTGTACATCCA,B
B11_c2,HMN171218,NI,B,B11_c2_CTCTGGTTCCGCGGTA,B
B11_c2,,,B,B11_c2_CTGAAACCACTCAGGC,B
B11_c2,HMN171218,NI,B,B11_c2_CTGAAGTCAAAGGTGC,B
B11_c2,,,B,B11_c2_CTGAAGTGTCCGAGTC,B
B11_c2,,,B,B11_c2_CTGCCTACATGTAGTC,B
B11_c2,,,B,B11_c2_CTGCCTATCAGGCGAA,B
B11_c2,,,B,B11_c2_CTGCGGAAGCTAACAA,B
B11_c2,HMN171218,NI,B,B11_c2_CTGGTCTGTATGAAAC,B
B11_c2,,,B,B11_c2_CTGTGCTCAAGGCTCC,B
B11_c2,HMN171233,flu,B,B11_c2_CTGTGCTGTTCAACCA,B
B11_c2,,,B,B11_c2_CTTACCGGTAAGCACG,B
B11_c2,HMN171218,NI,B,B11_c2_CTTACCGGTCGGCACT,B
B11_c2,,,B,B11_c2_CTTGGCTTCTCCTATA,B
B11_c2,HMN171218,NI,B,B11_c2_CTTGGCTTCTGCAAGT,B
B11_c2,HMN171233,flu,B,B11_c2_GAAACTCAGAATAGGG,B
B11_c2,HMN171215,flu,B,B11_c2_GAAACTCAGTAGGTGC,B
B11_c2,,,B,B11_c2_GAAGCAGAGTGATCGG,B
B11_c2,,,B,B11_c2_GAATAAGAGACACTAA,B
B11_c2,HMN171220,NI,B,B11_c2_GAATGAATCCGAACGC,B
B11_c2,HMN171218,NI,B,B11_c2_GACCAATCACTAAGTC,B
B11_c2,,,B,B11_c2_GACCAATCAGATCCAT,B
B11_c2,,,B,B11_c2_GACGCGTAGCTAACTC,B
B11_c2,,,B,B11_c2_GACGCGTCAAGCGCTC,B
B11_c2,,,B,B11_c2_GACGCGTTCCAAGTAC,B
B11_c2,,,B,B11_c2_GACGTGCAGAGTACCG,B
B11_c2,,,B,B11_c2_GACGTGCCATATGAGA,B
B11_c2,,,B,B11_c2_GACGTTAAGGTACTCT,B
B11_c2,,,B,B11_c2_GACTGCGGTGATAAAC,B
B11_c2,HMN171218,NI,B,B11_c2_GAGCAGAAGTGCGTGA,B
B11_c2,HMN171220,NI,B,B11_c2_GAGGTGAGTCCGAAGA,B
B11_c2,HMN171220,NI,B,B11_c2_GAGTCCGGTGCTCTTC,B
B11_c2,HMN171220,NI,B,B11_c2_GATCGCGCACATTAGC,B
B11_c2,,,B,B11_c2_GATCTAGCAGACAGGT,B
B11_c2,,,B,B11_c2_GATTCAGAGGAGTTTA,B
B11_c2,HMN171220,NI,B,B11_c2_GATTCAGCAGTCAGCC,B
B11_c2,,,B,B11_c2_GCAAACTAGTGTGGCA,B
B11_c2,HMN171232,NI,B,B11_c2_GCAATCACATGGAATA,B
B11_c2,HMN171218,NI,B,B11_c2_GCACTCTTCAGAGCTT,B
B11_c2,HMN171218,NI,B,B11_c2_GCAGCCAGTGTCAATC,B
B11_c2,,,B,B11_c2_GCATACAAGATATACG,B
B11_c2,HMN171218,NI,B,B11_c2_GCATGATAGTACGACG,B
B11_c2,HMN171220,NI,B,B11_c2_GCCAAATAGTAGCCGA,B
B11_c2,HMN171218,NI,B,B11_c2_GCCAAATTCGTGGGAA,B
B11_c2,HMN171220,NI,B,B11_c2_GCGACCAGTAAAGTCA,B
B11_c2,HMN171220,NI,B,B11_c2_GCGCAACCACGTAAGG,B
B11_c2,HMN171218,NI,B,B11_c2_GCGCAACCACTGCCAG,B
B11_c2,HMN171215,flu,B,B11_c2_GCGCAACTCTGCGGCA,B
B11_c2,HMN171220,NI,B,B11_c2_GCGCCAAAGACTAGGC,B
B11_c2,HMN171232,NI,B,B11_c2_GCGCGATTCATATCGG,B
B11_c2,,,B,B11_c2_GCTGCGAAGGCTCTTA,B
B11_c2,,,B,B11_c2_GCTGCTTAGGCAGGTT,B
B11_c2,HMN171218,NI,B,B11_c2_GCTTGAAAGTTAAGTG,B
B11_c2,,,B,B11_c2_GGAACTTCAACACCTA,B
B11_c2,HMN171218,NI,B,B11_c2_GGAATAAAGACTCGGA,B
B11_c2,HMN171218,NI,B,B11_c2_GGACAGATCAGTACGT,B
B11_c2,HMN171218,NI,B,B11_c2_GGCCGATTCGTTTATC,B
B11_c2,HMN171232,NI,B,B11_c2_GGCGACTGTCAACATC,B
B11_c2,,,B,B11_c2_GGCTCGAGTTTAGCTG,B
B11_c2,,,B,B11_c2_GGGATGAAGGCGATAC,B
B11_c2,,,B,B11_c2_GGGTCTGGTGAAGGCT,B
B11_c2,,,B,B11_c2_GGGTTGCAGATACACA,B
B11_c2,HMN171232,NI,B,B11_c2_GGTATTGGTTTGGGCC,B
B11_c2,HMN171218,NI,B,B11_c2_GGTGAAGCACAGCCCA,B
B11_c2,,,B,B11_c2_GGTGAAGGTGATGATA,B
B11_c2,,,B,B11_c2_GGTGCGTAGGGAGTAA,B
B11_c2,HMN171232,NI,B,B11_c2_GGTGCGTTCTTTAGTC,B
B11_c2,,,B,B11_c2_GGTGTTAGTACTCAAC,B
B11_c2,,,B,B11_c2_GTAACGTCAAGTAATG,B
B11_c2,,,B,B11_c2_GTAACGTTCCGTAGGC,B
B11_c2,,,B,B11_c2_GTAACTGGTACATGTC,B
B11_c2,,,B,B11_c2_GTACTCCCAGGCAGTA,B
B11_c2,HMN171218,NI,B,B11_c2_GTACTCCGTTTCCACC,B
B11_c2,,,B,B11_c2_GTACTTTAGTGAATTG,B
B11_c2,HMN171220,NI,B,B11_c2_GTACTTTCACCATGTA,B
B11_c2,,,B,B11_c2_GTAGTCATCTACGAGT,B
B11_c2,,,B,B11_c2_GTATTCTAGGCGACAT,B
B11_c2,HMN171215,flu,B,B11_c2_GTATTCTAGTGGGCTA,B
B11_c2,,,B,B11_c2_GTCACAATCCTCAACC,B
B11_c2,,,B,B11_c2_GTCATTTTCGCCAAAT,B
B11_c2,,,B,B11_c2_GTCCTCAAGCATGGCA,B
B11_c2,HMN171220,NI,B,B11_c2_GTCTCGTAGAGTACCG,B
B11_c2,,,B,B11_c2_GTGAAGGAGGGTTCCC,B
B11_c2,HMN171220,NI,B,B11_c2_GTGCGGTCAATCGAAA,B
B11_c2,HMN171218,NI,B,B11_c2_GTGGGTCTCGAATGCT,B
B11_c2,,,B,B11_c2_GTGTTAGTCCTCGCAT,B
B11_c2,HMN171232,NI,B,B11_c2_GTTAAGCTCTCAAACG,B
B11_c2,HMN171220,NI,B,B11_c2_GTTACAGAGATCGGGT,B
B11_c2,,,B,B11_c2_GTTACAGCAAGCGTAG,B
B11_c2,,,B,B11_c2_GTTACAGCACCATCCT,B
B11_c2,,,B,B11_c2_TAAGTGCAGTGGGCTA,B
B11_c2,,,B,B11_c2_TACCTATCACAAGTAA,B
B11_c2,HMN171218,NI,B,B11_c2_TACTCATCATAGTAAG,B
B11_c2,,,B,B11_c2_TACTTACGTCACTTCC,B
B11_c2,HMN171218,NI,B,B11_c2_TACTTGTTCCGCATAA,B
B11_c2,HMN171229,flu,B,B11_c2_TACTTGTTCGAGAACG,B
B11_c2,HMN171218,NI,B,B11_c2_TAGACCAAGATGTAAC,B
B11_c2,HMN171220,NI,B,B11_c2_TAGACCAAGCAATATG,B
B11_c2,,,B,B11_c2_TAGAGCTGTGAGGGAG,B
B11_c2,HMN171220,NI,B,B11_c2_TAGAGCTGTTCACGGC,B
B11_c2,HMN171218,NI,B,B11_c2_TAGAGCTTCATGTCTT,B
B11_c2,,,B,B11_c2_TAGCCGGCATCGGACC,B
B11_c2,,,B,B11_c2_TAGCCGGTCTGCTGTC,B
B11_c2,,,B,B11_c2_TAGTGGTCATGGATGG,B
B11_c2,,,B,B11_c2_TATGCCCAGGGTGTTG,B
B11_c2,,,B,B11_c2_TATGCCCCATCCTAGA,B
B11_c2,,,B,B11_c2_TCAACGACAGCTTAAC,B
B11_c2,HMN171218,NI,B,B11_c2_TCAATCTTCACTATTC,B
B11_c2,,,B,B11_c2_TCACAAGTCCGAACGC,B
B11_c2,HMN171215,flu,B,B11_c2_TCACGAAAGTGTCCAT,B
B11_c2,HMN171233,flu,B,B11_c2_TCACGAATCTCTGCTG,B
B11_c2,,,B,B11_c2_TCAGATGAGGCTAGCA,B
B11_c2,HMN171218,NI,B,B11_c2_TCAGATGCATTGGTAC,B
B11_c2,,,B,B11_c2_TCAGGTACACTCAGGC,B
B11_c2,,,B,B11_c2_TCATTACGTACATCCA,B
B11_c2,,,B,B11_c2_TCATTACTCCAAAGTC,B
B11_c2,,,B,B11_c2_TCATTTGTCATAAAGG,B
B11_c2,HMN171220,NI,B,B11_c2_TCCACACAGGAGTTTA,B
B11_c2,,,B,B11_c2_TCCACACAGTTAAGTG,B
B11_c2,,,B,B11_c2_TCCACACCAGCGAACA,B
B11_c2,HMN171232,NI,B,B11_c2_TCCACACTCTCGCATC,B
B11_c2,,,B,B11_c2_TCCCGATCACAGACTT,B
B11_c2,HMN171218,NI,B,B11_c2_TCGCGAGAGGGAAACA,B
B11_c2,HMN171232,NI,B,B11_c2_TCGCGAGGTGGACGAT,B
B11_c2,HMN171215,flu,B,B11_c2_TCGGGACAGGTGATAT,B
B11_c2,HMN171220,NI,B,B11_c2_TCGGGACAGTCCATAC,B
B11_c2,HMN171218,NI,B,B11_c2_TCGGGACGTGCGCTTG,B
B11_c2,HMN171220,NI,B,B11_c2_TCGTACCCAGATGAGC,B
B11_c2,HMN171232,NI,B,B11_c2_TCTCTAATCCGAAGAG,B
B11_c2,HMN171215,flu,B,B11_c2_TCTGGAACAATGAAAC,B
B11_c2,,,B,B11_c2_TCTGGAACACACCGAC,B
B11_c2,,,B,B11_c2_TCTTCGGAGGTGGGTT,B
B11_c2,,,B,B11_c2_TCTTCGGTCTCACATT,B
B11_c2,,,B,B11_c2_TCTTTCCGTCCGTCAG,B
B11_c2,HMN171232,NI,B,B11_c2_TGACAACCACCTTGTC,B
B11_c2,HMN171220,NI,B,B11_c2_TGACGGCCAATGGACG,B
B11_c2,,,B,B11_c2_TGAGAGGAGTTTGCGT,B
B11_c2,HMN171218,NI,B,B11_c2_TGAGAGGCATAAGACA,B
B11_c2,,,B,B11_c2_TGAGAGGGTAATAGCA,B
B11_c2,,,B,B11_c2_TGAGCATAGAGTTGGC,B
B11_c2,HMN171218,NI,B,B11_c2_TGCCAAACAAACGTGG,B
B11_c2,HMN171232,NI,B,B11_c2_TGCCAAAGTCGAATCT,B
B11_c2,HMN171218,NI,B,B11_c2_TGCCAAATCGTTGACA,B
B11_c2,,,B,B11_c2_TGCCCATAGTACTTGC,B
B11_c2,,,B,B11_c2_TGCCCATCAGAGTGTG,B
B11_c2,HMN171232,NI,B,B11_c2_TGCCCTATCGTTACAG,B
B11_c2,,,B,B11_c2_TGCGTGGAGTTGCAGG,B
B11_c2,,,B,B11_c2_TGCGTGGTCTTATCTG,B
B11_c2,HMN171220,NI,B,B11_c2_TGCTACCAGCGCCTTG,B
B11_c2,,,B,B11_c2_TGGACGCAGCTCTCGG,B
B11_c2,HMN171220,NI,B,B11_c2_TGGCCAGTCAAGGTAA,B
B11_c2,HMN171220,NI,B,B11_c2_TGGGCGTAGGCGTACA,B
B11_c2,,,B,B11_c2_TGGGCGTTCTGCTGCT,B
B11_c2,HMN171220,NI,B,B11_c2_TGGTTAGTCTTGTATC,B
B11_c2,,,B,B11_c2_TTCGGTCTCGTCTGCT,B
B11_c2,,,B,B11_c2_TTCTACATCCCAGGTG,B
B11_c2,,,B,B11_c2_TTCTCAACACTCTGTC,B
B11_c2,HMN171218,NI,B,B11_c2_TTCTCCTTCCACGCAG,B
B11_c2,,,B,B11_c2_TTCTCCTTCTCGCTTG,B
B11_c2,,,B,B11_c2_TTGAACGGTCGTGGCT,B
B11_c2,,,B,B11_c2_TTGAACGGTTACCAGT,B
B11_c2,,,B,B11_c2_TTGACTTCACTGAAGG,B
B11_c2,,,B,B11_c2_TTGGCAATCACAGTAC,B
B11_c2,HMN171218,NI,B,B11_c2_TTTCCTCCACATTTCT,B
B11_c2,,,B,B11_c2_TTTCCTCCATTTCAGG,B
B11_c2,HMN171220,NI,B,B11_c2_TTTCCTCTCTGTGCAA,B
B11_c2,HMN171218,NI,B,B11_c2_TTTGCGCAGACACTAA,B
B11_c2,,,B,B11_c2_TTTGGTTAGCAGCCTC,B
B12_c1,,,B,B12_c1_AAACCTGGTCTCACCT,B
B12_c1,HMN171230,NI,B,B12_c1_AAACGGGAGGTGACCA,B
B12_c1,HMN171230,NI,B,B12_c1_AAACGGGCACAGCCCA,B
B12_c1,HMN171231,NI,B,B12_c1_AAACGGGGTGCAGTAG,B
B12_c1,HMN171230,NI,B,B12_c1_AAACGGGTCGAGGTAG,B
B12_c1,,,B,B12_c1_AAAGATGGTTAAGAAC,B
B12_c1,HMN171231,NI,B,B12_c1_AAAGCAACAGATGGCA,B
B12_c1,,,B,B12_c1_AAATGCCTCGCGTAGC,B
B12_c1,,,B,B12_c1_AACACGTCAAACTGCT,B
B12_c1,,,B,B12_c1_AACACGTTCACCGGGT,B
B12_c1,HMN171230,NI,B,B12_c1_AACCATGAGGGTGTTG,B
B12_c1,,,B,B12_c1_AACCATGCACTGTGTA,B
B12_c1,,,B,B12_c1_AACCGCGAGTGCTGCC,B
B12_c1,HMN171230,NI,B,B12_c1_AACGTTGTCACTGGGC,B
B12_c1,,,B,B12_c1_AACTCAGCAAAGGTGC,B
B12_c1,HMN171231,NI,B,B12_c1_AACTCAGCAATTCCTT,B
B12_c1,HMN171231,NI,B,B12_c1_AACTCCCGTATTCGTG,B
B12_c1,,,B,B12_c1_AACTCTTTCATGCAAC,B
B12_c1,HMN171216,NI,B,B12_c1_AACTCTTTCGGCTTGG,B
B12_c1,HMN171216,NI,B,B12_c1_AACTCTTTCTTCAACT,B
B12_c1,,,B,B12_c1_AACTGGTAGACGCTTT,B
B12_c1,,,B,B12_c1_AACTTTCAGGTGATAT,B
B12_c1,HMN171231,NI,B,B12_c1_AACTTTCGTCCCTTGT,B
B12_c1,HMN171231,NI,B,B12_c1_AACTTTCGTTCCCGAG,B
B12_c1,HMN171216,NI,B,B12_c1_AAGCCGCGTTCCGGCA,B
B12_c1,HMN171216,NI,B,B12_c1_AAGGCAGCAAGGACTG,B
B12_c1,HMN171231,NI,B,B12_c1_AAGGTTCCACATCCAA,B
B12_c1,,,B,B12_c1_AAGGTTCGTGAGCGAT,B
B12_c1,HMN171230,NI,B,B12_c1_AATCCAGTCGGCATCG,B
B12_c1,HMN171231,NI,B,B12_c1_ACACCGGGTGACTACT,B
B12_c1,HMN171230,NI,B,B12_c1_ACACCGGTCATGTCCC,B
B12_c1,,,B,B12_c1_ACACTGAAGCTGAACG,B
B12_c1,HMN171231,NI,B,B12_c1_ACAGCTAGTTCGGCAC,B
B12_c1,HMN171231,NI,B,B12_c1_ACATACGAGAATTGTG,B
B12_c1,HMN171231,NI,B,B12_c1_ACATACGGTCACAAGG,B
B12_c1,,,B,B12_c1_ACATCAGAGAGTAATC,B
B12_c1,HMN171231,NI,B,B12_c1_ACATCAGCACGGCTAC,B
B12_c1,,,B,B12_c1_ACATCAGGTAGAAAGG,B
B12_c1,HMN171216,NI,B,B12_c1_ACATCAGTCCTAGAAC,B
B12_c1,,,B,B12_c1_ACCAGTACACGGCGTT,B
B12_c1,,,B,B12_c1_ACCAGTAGTCAACTGT,B
B12_c1,,,B,B12_c1_ACCGTAACATGGAATA,B
B12_c1,HMN171231,NI,B,B12_c1_ACCTTTAAGTTCGCGC,B
B12_c1,,,B,B12_c1_ACGAGGAAGCGGCTTC,B
B12_c1,,,B,B12_c1_ACGAGGACACGAAAGC,B
B12_c1,,,B,B12_c1_ACGAGGAGTCTTCGTC,B
B12_c1,HMN171231,NI,B,B12_c1_ACGAGGATCGATCCCT,B
B12_c1,HMN171216,NI,B,B12_c1_ACGATACCATGTAAGA,B
B12_c1,,,B,B12_c1_ACGATACCATTCTTAC,B
B12_c1,HMN171230,NI,B,B12_c1_ACGATGTGTATAAACG,B
B12_c1,,,B,B12_c1_ACGCAGCCAAACTGCT,B
B12_c1,HMN171216,NI,B,B12_c1_ACGCAGCCACATTTCT,B
B12_c1,,,B,B12_c1_ACGCCGAAGTAGATGT,B
B12_c1,HMN171230,NI,B,B12_c1_ACGGAGATCGAGAGCA,B
B12_c1,HMN171231,NI,B,B12_c1_ACGGAGATCTTCTGGC,B
B12_c1,HMN171231,NI,B,B12_c1_ACGGGCTGTGGACGAT,B
B12_c1,HMN171216,NI,B,B12_c1_ACTATCTGTCCGAGTC,B
B12_c1,HMN171234,flu,B,B12_c1_ACTGAACCAGACGCCT,B
B12_c1,,,B,B12_c1_ACTGAACCATTGAGCT,B
B12_c1,HMN171230,NI,B,B12_c1_ACTGAGTGTCTTGTCC,B
B12_c1,HMN171231,NI,B,B12_c1_ACTGAGTTCGGCTACG,B
B12_c1,,,B,B12_c1_ACTGATGCAGCCACCA,B
B12_c1,HMN171231,NI,B,B12_c1_ACTGCTCAGTCATGCT,B
B12_c1,,,B,B12_c1_ACTTTCACATTCTTAC,B
B12_c1,,,B,B12_c1_AGAGCGAAGATCTGAA,B
B12_c1,,,B,B12_c1_AGAGCGAAGGCAGGTT,B
B12_c1,HMN171231,NI,B,B12_c1_AGAGTGGCAGACAAAT,B
B12_c1,HMN171231,NI,B,B12_c1_AGAGTGGGTCTAGAGG,B
B12_c1,,,B,B12_c1_AGAGTGGGTCTTTCAT,B
B12_c1,HMN171231,NI,B,B12_c1_AGAGTGGGTGAGGCTA,B
B12_c1,,,B,B12_c1_AGCAGCCAGCGAGAAA,B
B12_c1,HMN171231,NI,B,B12_c1_AGCATACCAGGGTTAG,B
B12_c1,HMN171231,NI,B,B12_c1_AGCATACGTCTCTTTA,B
B12_c1,,,B,B12_c1_AGCATACTCTCCCTGA,B
B12_c1,,,B,B12_c1_AGCGGTCTCACAGTAC,B
B12_c1,HMN171230,NI,B,B12_c1_AGCGTATAGCTAAACA,B
B12_c1,HMN171231,NI,B,B12_c1_AGCGTATCACAAGCCC,B
B12_c1,HMN171231,NI,B,B12_c1_AGCGTCGAGCTAGTTC,B
B12_c1,,,B,B12_c1_AGCGTCGCAATCCGAT,B
B12_c1,HMN171230,NI,B,B12_c1_AGCGTCGCAGTCCTTC,B
B12_c1,HMN171231,NI,B,B12_c1_AGCTCTCGTGACGCCT,B
B12_c1,HMN171231,NI,B,B12_c1_AGGCCACCAAGGTGTG,B
B12_c1,HMN171216,NI,B,B12_c1_AGGCCGTAGTGACATA,B
B12_c1,,,B,B12_c1_AGGCCGTAGTGGGATC,B
B12_c1,HMN171231,NI,B,B12_c1_AGGCCGTCAAGTTAAG,B
B12_c1,HMN171231,NI,B,B12_c1_AGGCCGTGTGGCGAAT,B
B12_c1,,,B,B12_c1_AGGCCGTGTTGCTCCT,B
B12_c1,HMN171216,NI,B,B12_c1_AGGGAGTAGACCCACC,B
B12_c1,,,B,B12_c1_AGGGAGTAGGGAAACA,B
B12_c1,,,B,B12_c1_AGGGATGAGATAGCAT,B
B12_c1,,,B,B12_c1_AGGGATGGTTGTCTTT,B
B12_c1,HMN171231,NI,B,B12_c1_AGGGTGAGTCGCTTCT,B
B12_c1,HMN171230,NI,B,B12_c1_AGGTCATAGGTCGGAT,B
B12_c1,HMN171216,NI,B,B12_c1_AGGTCATTCTTGCAAG,B
B12_c1,,,B,B12_c1_AGGTCCGTCCCGGATG,B
B12_c1,HMN171216,NI,B,B12_c1_AGTAGTCAGTCGAGTG,B
B12_c1,,,B,B12_c1_AGTGAGGGTGTGCGTC,B
B12_c1,HMN171216,NI,B,B12_c1_AGTGAGGTCTTCCTTC,B
B12_c1,,,B,B12_c1_AGTGGGAGTGCAACTT,B
B12_c1,HMN171231,NI,B,B12_c1_AGTGGGAGTGTGACCC,B
B12_c1,,,B,B12_c1_ATAAGAGAGATGAGAG,B
B12_c1,HMN171216,NI,B,B12_c1_ATAAGAGGTGGGTCAA,B
B12_c1,,,B,B12_c1_ATAAGAGTCCGCAAGC,B
B12_c1,,,B,B12_c1_ATAAGAGTCCGCATCT,B
B12_c1,,,B,B12_c1_ATAGACCAGCGTCTAT,B
B12_c1,HMN171231,NI,B,B12_c1_ATAGACCGTAGGCTGA,B
B12_c1,,,B,B12_c1_ATAGACCTCCTTGGTC,B
B12_c1,,,B,B12_c1_ATCACGAAGAATCTCC,B
B12_c1,HMN171216,NI,B,B12_c1_ATCACGATCTCCAGGG,B
B12_c1,,,B,B12_c1_ATCTACTAGTGGTAAT,B
B12_c1,HMN171230,NI,B,B12_c1_ATCTGCCCAAGCGATG,B
B12_c1,HMN171230,NI,B,B12_c1_ATGCGATAGATGTCGG,B
B12_c1,HMN171231,NI,B,B12_c1_ATGCGATCATGTCCTC,B
B12_c1,,,B,B12_c1_ATGCGATGTAGGCATG,B
B12_c1,,,B,B12_c1_ATGTGTGAGCTGGAAC,B
B12_c1,HMN171230,NI,B,B12_c1_ATGTGTGAGTAGGTGC,B
B12_c1,HMN171231,NI,B,B12_c1_ATGTGTGCAAGGTGTG,B
B12_c1,HMN171216,NI,B,B12_c1_ATTACTCAGCCGATTT,B
B12_c1,,,B,B12_c1_ATTATCCAGGCAGTCA,B
B12_c1,HMN171216,NI,B,B12_c1_ATTCTACAGTGTCTCA,B
B12_c1,HMN171231,NI,B,B12_c1_ATTCTACGTGCTAGCC,B
B12_c1,HMN171216,NI,B,B12_c1_ATTGGACAGCGTTCCG,B
B12_c1,HMN171216,NI,B,B12_c1_ATTGGACGTGCCTGCA,B
B12_c1,,,B,B12_c1_ATTGGTGCATACTACG,B
B12_c1,HMN171216,NI,B,B12_c1_ATTTCTGAGGTAGCTG,B
B12_c1,HMN171230,NI,B,B12_c1_ATTTCTGTCATGCTCC,B
B12_c1,,,B,B12_c1_CAACCAACAGCTCGCA,B
B12_c1,,,B,B12_c1_CAACCTCCACATTTCT,B
B12_c1,HMN171216,NI,B,B12_c1_CAAGAAACAGGTTTCA,B
B12_c1,,,B,B12_c1_CAAGATCTCTATCCTA,B
B12_c1,HMN171231,NI,B,B12_c1_CAAGGCCCATGGGAAC,B
B12_c1,HMN171216,NI,B,B12_c1_CACAAACAGCTACCTA,B
B12_c1,HMN171216,NI,B,B12_c1_CACACAACATGCCCGA,B
B12_c1,,,B,B12_c1_CACACCTAGCGCCTCA,B
B12_c1,HMN171231,NI,B,B12_c1_CACACCTGTCAGTGGA,B
B12_c1,HMN171231,NI,B,B12_c1_CACACTCCACCATGTA,B
B12_c1,HMN171231,NI,B,B12_c1_CACAGTAGTTCTGAAC,B
B12_c1,,,B,B12_c1_CACAGTATCGTAGGAG,B
B12_c1,HMN171231,NI,B,B12_c1_CACATAGAGCATGGCA,B
B12_c1,HMN171216,NI,B,B12_c1_CACATAGAGTGTGAAT,B
B12_c1,HMN171231,NI,B,B12_c1_CACATAGCATTAACCG,B
B12_c1,,,B,B12_c1_CACATTTAGGGATGGG,B
B12_c1,HMN171230,NI,B,B12_c1_CACATTTCAGCATGAG,B
B12_c1,HMN171231,NI,B,B12_c1_CACCACTAGGCTACGA,B
B12_c1,,,B,B12_c1_CACCAGGGTTCCATGA,B
B12_c1,,,B,B12_c1_CAGATCACATCCGGGT,B
B12_c1,HMN171231,NI,B,B12_c1_CAGATCAGTCGCCATG,B
B12_c1,HMN171234,flu,B,B12_c1_CAGATCAGTTGTGGCC,B
B12_c1,,,B,B12_c1_CAGCAGCTCTTCGGTC,B
B12_c1,,,B,B12_c1_CAGCATATCCGCTGTT,B
B12_c1,HMN171234,flu,B,B12_c1_CAGCCGACAAGGACAC,B
B12_c1,,,B,B12_c1_CAGCGACCATTGGCGC,B
B12_c1,,,B,B12_c1_CAGCTGGGTCCAAGTT,B
B12_c1,HMN171231,NI,B,B12_c1_CAGTCCTGTCTGCGGT,B
B12_c1,HMN171216,NI,B,B12_c1_CATCAAGAGTTAGGTA,B
B12_c1,HMN171231,NI,B,B12_c1_CATCGAAAGCCCGAAA,B
B12_c1,,,B,B12_c1_CATCGAACAAGTTGTC,B
B12_c1,HMN171231,NI,B,B12_c1_CATCGGGTCGGGAGTA,B
B12_c1,HMN171231,NI,B,B12_c1_CATGACATCTCTTATG,B
B12_c1,HMN171231,NI,B,B12_c1_CATGGCGGTCTTCAAG,B
B12_c1,HMN171231,NI,B,B12_c1_CATGGCGTCACAAACC,B
B12_c1,,,B,B12_c1_CATGGCGTCGAGCCCA,B
B12_c1,,,B,B12_c1_CATTCGCTCAGGCCCA,B
B12_c1,HMN171216,NI,B,B12_c1_CATTCGCTCCTTTACA,B
B12_c1,,,B,B12_c1_CATTCGCTCGAACTGT,B
B12_c1,HMN171231,NI,B,B12_c1_CATTCGCTCTAACGGT,B
B12_c1,,,B,B12_c1_CCAATCCAGAGACGAA,B
B12_c1,HMN171230,NI,B,B12_c1_CCAATCCCAATGAAAC,B
B12_c1,,,B,B12_c1_CCAATCCTCGCTAGCG,B
B12_c1,HMN171231,NI,B,B12_c1_CCACCTAAGACATAAC,B
B12_c1,,,B,B12_c1_CCACGGAAGCTTTGGT,B
B12_c1,HMN171230,NI,B,B12_c1_CCACTACAGCGTCTAT,B
B12_c1,,,B,B12_c1_CCACTACCAAGTACCT,B
B12_c1,,,B,B12_c1_CCACTACGTAAGTTCC,B
B12_c1,,,B,B12_c1_CCACTACGTCATACTG,B
B12_c1,HMN171231,NI,B,B12_c1_CCACTACTCAACGCTA,B
B12_c1,,,B,B12_c1_CCAGCGAGTCGCATAT,B
B12_c1,,,B,B12_c1_CCAGCGAGTTGGTAAA,B
B12_c1,,,B,B12_c1_CCAGCGATCAGCTCGG,B
B12_c1,HMN171231,NI,B,B12_c1_CCAGCGATCTCTAAGG,B
B12_c1,HMN171231,NI,B,B12_c1_CCATGTCAGACTTTCG,B
B12_c1,HMN171216,NI,B,B12_c1_CCATGTCGTTTAGGAA,B
B12_c1,HMN171216,NI,B,B12_c1_CCATTCGGTCCGAAGA,B
B12_c1,HMN171231,NI,B,B12_c1_CCCTCCTAGCTAGGCA,B
B12_c1,HMN171231,NI,B,B12_c1_CCGGTAGAGGACAGAA,B
B12_c1,HMN171230,NI,B,B12_c1_CCGTACTAGAGAACAG,B
B12_c1,HMN171231,NI,B,B12_c1_CCGTGGAGTCGCATAT,B
B12_c1,,,B,B12_c1_CCGTTCAAGAGTGAGA,B
B12_c1,,,B,B12_c1_CCGTTCACACTCTGTC,B
B12_c1,HMN171231,NI,B,B12_c1_CCTACCAAGAATCTCC,B
B12_c1,,,B,B12_c1_CCTACCACACGCCAGT,B
B12_c1,HMN171216,NI,B,B12_c1_CCTACCATCTGCCCTA,B
B12_c1,HMN171230,NI,B,B12_c1_CCTATTAAGTGATCGG,B
B12_c1,,,B,B12_c1_CCTATTACATCAGTCA,B
B12_c1,,,B,B12_c1_CCTATTAGTCCGAACC,B
B12_c1,HMN171230,NI,B,B12_c1_CCTATTATCAGCAACT,B
B12_c1,,,B,B12_c1_CCTATTATCCACGTTC,B
B12_c1,HMN171216,NI,B,B12_c1_CCTCAGTGTGAAATCA,B
B12_c1,,,B,B12_c1_CCTCTGACACGGACAA,B
B12_c1,,,B,B12_c1_CCTCTGATCACTTATC,B
B12_c1,,,B,B12_c1_CCTTACGAGACGCAAC,B
B12_c1,HMN171231,NI,B,B12_c1_CCTTCCCAGTTACCCA,B
B12_c1,HMN171230,NI,B,B12_c1_CGAACATCAAGTCATC,B
B12_c1,HMN171231,NI,B,B12_c1_CGAATGTAGGGAACGG,B
B12_c1,,,B,B12_c1_CGAATGTTCCACGAAT,B
B12_c1,HMN171231,NI,B,B12_c1_CGAGAAGAGTGGGCTA,B
B12_c1,HMN171216,NI,B,B12_c1_CGAGAAGCAGGAATGC,B
B12_c1,,,B,B12_c1_CGAGAAGGTCTAGCGC,B
B12_c1,,,B,B12_c1_CGAGCCAAGTACGCCC,B
B12_c1,HMN171230,NI,B,B12_c1_CGATCGGCAGACGCTC,B
B12_c1,HMN171216,NI,B,B12_c1_CGATGTAAGTGTGAAT,B
B12_c1,HMN171231,NI,B,B12_c1_CGATTGAAGATGGCGT,B
B12_c1,HMN171216,NI,B,B12_c1_CGATTGATCATCACCC,B
B12_c1,HMN171216,NI,B,B12_c1_CGCCAAGTCTCTTGAT,B
B12_c1,HMN171230,NI,B,B12_c1_CGCGGTATCCGCATCT,B
B12_c1,HMN171216,NI,B,B12_c1_CGCGTTTAGCAACGGT,B
B12_c1,HMN171216,NI,B,B12_c1_CGCGTTTTCCCAACGG,B
B12_c1,,,B,B12_c1_CGCTATCAGTTTCCTT,B
B12_c1,HMN171216,NI,B,B12_c1_CGGACACGTGAGGCTA,B
B12_c1,HMN171231,NI,B,B12_c1_CGGACGTAGAGCTTCT,B
B12_c1,HMN171230,NI,B,B12_c1_CGGACGTTCACAATGC,B
B12_c1,,,B,B12_c1_CGGAGCTAGACACGAC,B
B12_c1,,,B,B12_c1_CGGAGCTAGACGCTTT,B
B12_c1,HMN171230,NI,B,B12_c1_CGGAGCTTCCGCATAA,B
B12_c1,HMN171231,NI,B,B12_c1_CGGCTAGTCAGCTTAG,B
B12_c1,HMN171230,NI,B,B12_c1_CGGGTCACAGCCAGAA,B
B12_c1,HMN171230,NI,B,B12_c1_CGTAGCGAGTTTGCGT,B
B12_c1,HMN171231,NI,B,B12_c1_CGTAGGCTCAGCTCTC,B
B12_c1,HMN171230,NI,B,B12_c1_CGTCCATGTGACAAAT,B
B12_c1,HMN171230,NI,B,B12_c1_CGTCTACGTGTGTGCC,B
B12_c1,,,B,B12_c1_CGTGTCTCACAACGTT,B
B12_c1,HMN171231,NI,B,B12_c1_CGTGTCTGTCTTCAAG,B
B12_c1,,,B,B12_c1_CGTGTCTTCACCCGAG,B
B12_c1,HMN171216,NI,B,B12_c1_CGTTGGGCATTGCGGC,B
B12_c1,HMN171231,NI,B,B12_c1_CTAACTTTCGCACTCT,B
B12_c1,,,B,B12_c1_CTAAGACGTGAGGCTA,B
B12_c1,,,B,B12_c1_CTAATGGGTACAGTTC,B
B12_c1,,,B,B12_c1_CTACACCAGGACCACA,B
B12_c1,,,B,B12_c1_CTACACCGTTGACGTT,B
B12_c1,HMN171231,NI,B,B12_c1_CTACATTTCATCACCC,B
B12_c1,HMN171230,NI,B,B12_c1_CTACATTTCGGTGTCG,B
B12_c1,,,B,B12_c1_CTACCCAGTCCAACTA,B
B12_c1,HMN171230,NI,B,B12_c1_CTACCCATCTTATCTG,B
B12_c1,HMN171230,NI,B,B12_c1_CTACGTCGTTACAGAA,B
B12_c1,,,B,B12_c1_CTAGAGTAGCTAGTGG,B
B12_c1,HMN171231,NI,B,B12_c1_CTAGTGACAATGAAAC,B
B12_c1,,,B,B12_c1_CTCATTACATCCGTGG,B
B12_c1,,,B,B12_c1_CTCCTAGAGATACACA,B
B12_c1,,,B,B12_c1_CTCGAAACAATCCGAT,B
B12_c1,HMN171231,NI,B,B12_c1_CTCGAAACACTGCCAG,B
B12_c1,HMN171231,NI,B,B12_c1_CTCGAGGAGTGTACCT,B
B12_c1,HMN171230,NI,B,B12_c1_CTCGAGGCATGATCCA,B
B12_c1,HMN171216,NI,B,B12_c1_CTCGGGAAGCAGGTCA,B
B12_c1,HMN171216,NI,B,B12_c1_CTCTAATCATTGGCGC,B
B12_c1,,,B,B12_c1_CTCTGGTCAGTGGAGT,B
B12_c1,,,B,B12_c1_CTGAAGTAGTTTCCTT,B
B12_c1,,,B,B12_c1_CTGATAGAGACAGACC,B
B12_c1,HMN171216,NI,B,B12_c1_CTGATAGAGAGGACGG,B
B12_c1,HMN171230,NI,B,B12_c1_CTGATAGAGAGTGAGA,B
B12_c1,,,B,B12_c1_CTGATAGCAACACGCC,B
B12_c1,HMN171230,NI,B,B12_c1_CTGATAGTCATGTCTT,B
B12_c1,HMN171231,NI,B,B12_c1_CTGATCCTCGGTTAAC,B
B12_c1,,,B,B12_c1_CTGCCTAAGAGGTACC,B
B12_c1,HMN171216,NI,B,B12_c1_CTGCGGAAGTACGCCC,B
B12_c1,,,B,B12_c1_CTGCTGTCATCCTTGC,B
B12_c1,,,B,B12_c1_CTGCTGTCATCGGACC,B
B12_c1,HMN171230,NI,B,B12_c1_CTGTGCTTCAGCTCGG,B
B12_c1,HMN171234,flu,B,B12_c1_CTTAACTAGGGTATCG,B
B12_c1,,,B,B12_c1_CTTACCGGTAACGACG,B
B12_c1,HMN171216,NI,B,B12_c1_CTTCTCTAGGCGTACA,B
B12_c1,,,B,B12_c1_CTTGGCTAGCTGTTCA,B
B12_c1,,,B,B12_c1_CTTGGCTGTAGAGTGC,B
B12_c1,,,B,B12_c1_GAAATGAGTCCATCCT,B
B12_c1,HMN171216,NI,B,B12_c1_GAACATCCAATCTACG,B
B12_c1,HMN171231,NI,B,B12_c1_GAACCTAAGCAATCTC,B
B12_c1,HMN171216,NI,B,B12_c1_GAACCTAGTAAGAGAG,B
B12_c1,,,B,B12_c1_GAACGGAAGGGTCTCC,B
B12_c1,HMN171231,NI,B,B12_c1_GAACGGAAGTCCGGTC,B
B12_c1,HMN171231,NI,B,B12_c1_GAATGAACAATGCCAT,B
B12_c1,HMN171230,NI,B,B12_c1_GACACGCGTCAGAATA,B
B12_c1,HMN171231,NI,B,B12_c1_GACAGAGAGCAGACTG,B
B12_c1,HMN171230,NI,B,B12_c1_GACAGAGAGTTCGCGC,B
B12_c1,,,B,B12_c1_GACAGAGCAGCTGGCT,B
B12_c1,,,B,B12_c1_GACCAATAGTGTCTCA,B
B12_c1,HMN171216,NI,B,B12_c1_GACCAATTCCCAAGTA,B
B12_c1,HMN171231,NI,B,B12_c1_GACGGCTAGCCCAATT,B
B12_c1,HMN171216,NI,B,B12_c1_GACGGCTAGTGTACCT,B
B12_c1,,,B,B12_c1_GACGGCTGTCTAGGTT,B
B12_c1,,,B,B12_c1_GACGTGCCAGGACGTA,B
B12_c1,HMN171230,NI,B,B12_c1_GACGTGCGTACATGTC,B
B12_c1,HMN171231,NI,B,B12_c1_GACGTTAGTTCCATGA,B
B12_c1,HMN171231,NI,B,B12_c1_GACTGCGCATGGTAGG,B
B12_c1,,,B,B12_c1_GACTGCGGTGTCCTCT,B
B12_c1,,,B,B12_c1_GACTGCGTCAAGCCTA,B
B12_c1,,,B,B12_c1_GAGCAGAAGTAGGTGC,B
B12_c1,HMN171216,NI,B,B12_c1_GAGCAGAGTATGCTTG,B
B12_c1,,,B,B12_c1_GAGTCCGTCTCTTATG,B
B12_c1,HMN171216,NI,B,B12_c1_GATCAGTGTTTAAGCC,B
B12_c1,HMN171231,NI,B,B12_c1_GATCGATCACAACGTT,B
B12_c1,,,B,B12_c1_GATCGATTCGTAGGTT,B
B12_c1,,,B,B12_c1_GATCGCGGTTACTGAC,B
B12_c1,,,B,B12_c1_GATCGTACACCAGGTC,B
B12_c1,,,B,B12_c1_GATCGTATCGATAGAA,B
B12_c1,HMN171231,NI,B,B12_c1_GATCGTATCTGGTGTA,B
B12_c1,,,B,B12_c1_GATCTAGAGCCCGAAA,B
B12_c1,HMN171231,NI,B,B12_c1_GATCTAGGTTCGCTAA,B
B12_c1,HMN171231,NI,B,B12_c1_GATGAAAAGCTTATCG,B
B12_c1,HMN171231,NI,B,B12_c1_GATGCTAAGCCACCTG,B
B12_c1,HMN171231,NI,B,B12_c1_GATTCAGGTCCTGCTT,B
B12_c1,,,B,B12_c1_GCACTCTAGACACGAC,B
B12_c1,HMN171234,flu,B,B12_c1_GCAGCCACAAATACAG,B
B12_c1,,,B,B12_c1_GCAGCCACAAGCTGAG,B
B12_c1,,,B,B12_c1_GCAGCCAGTCCGTTAA,B
B12_c1,,,B,B12_c1_GCAGCCAGTCTACCTC,B
B12_c1,,,B,B12_c1_GCATGATAGGCTATCT,B
B12_c1,HMN171231,NI,B,B12_c1_GCATGATCATCACCCT,B
B12_c1,HMN171231,NI,B,B12_c1_GCATGCGAGAGGTTAT,B
B12_c1,HMN171231,NI,B,B12_c1_GCATGCGCATTCGACA,B
B12_c1,,,B,B12_c1_GCCAAATCAATCCAAC,B
B12_c1,,,B,B12_c1_GCCAAATCACATCCAA,B
B12_c1,HMN171216,NI,B,B12_c1_GCCAAATGTACAAGTA,B
B12_c1,,,B,B12_c1_GCCTCTACAATAACGA,B
B12_c1,,,B,B12_c1_GCGAGAATCTGCGACG,B
B12_c1,,,B,B12_c1_GCGCAACAGCTGAACG,B
B12_c1,HMN171230,NI,B,B12_c1_GCGCAACAGTTCCACA,B
B12_c1,HMN171216,NI,B,B12_c1_GCGCAACCACCGATAT,B
B12_c1,HMN171216,NI,B,B12_c1_GCGCAACTCCGTAGGC,B
B12_c1,HMN171216,NI,B,B12_c1_GCGCAGTCATCAGTCA,B
B12_c1,,,B,B12_c1_GCGCAGTTCATGTCTT,B
B12_c1,,,B,B12_c1_GCGCCAAAGTGGCACA,B
B12_c1,HMN171231,NI,B,B12_c1_GCGCGATCACGCCAGT,B
B12_c1,,,B,B12_c1_GCGCGATGTGAGGCTA,B
B12_c1,,,B,B12_c1_GCGCGATTCACATGCA,B
B12_c1,,,B,B12_c1_GCTCTGTTCGCACTCT,B
B12_c1,HMN171231,NI,B,B12_c1_GCTGCGAAGTGCAAGC,B
B12_c1,HMN171230,NI,B,B12_c1_GCTGCTTGTCCGTCAG,B
B12_c1,HMN171231,NI,B,B12_c1_GCTGCTTTCACTCTTA,B
B12_c1,HMN171231,NI,B,B12_c1_GCTGCTTTCTGGGCCA,B
B12_c1,HMN171231,NI,B,B12_c1_GCTTCCAAGAACTCGG,B
B12_c1,,,B,B12_c1_GCTTCCAAGGCGATAC,B
B12_c1,,,B,B12_c1_GGAAAGCGTAGAGTGC,B
B12_c1,HMN171230,NI,B,B12_c1_GGAAAGCGTCAACTGT,B
B12_c1,HMN171231,NI,B,B12_c1_GGAACTTCATTTCAGG,B
B12_c1,HMN171231,NI,B,B12_c1_GGAACTTGTTTCGCTC,B
B12_c1,,,B,B12_c1_GGAATAAAGGCATGGT,B
B12_c1,,,B,B12_c1_GGAATAAAGTACGTAA,B
B12_c1,HMN171231,NI,B,B12_c1_GGAATAATCCACGTTC,B
B12_c1,,,B,B12_c1_GGACAAGGTTCAGGCC,B
B12_c1,HMN171230,NI,B,B12_c1_GGACAAGGTTCGTTGA,B
B12_c1,,,B,B12_c1_GGACGTCGTATCACCA,B
B12_c1,HMN171216,NI,B,B12_c1_GGATGTTGTCAGTGGA,B
B12_c1,HMN171219,flu,B,B12_c1_GGATGTTTCCCTCTTT,B
B12_c1,,,B,B12_c1_GGATGTTTCGTAGGAG,B
B12_c1,,,B,B12_c1_GGATTACAGAATAGGG,B
B12_c1,HMN171216,NI,B,B12_c1_GGATTACGTCCGCTGA,B
B12_c1,HMN171230,NI,B,B12_c1_GGATTACGTTTAGCTG,B
B12_c1,,,B,B12_c1_GGATTACTCCCAAGAT,B
B12_c1,HMN171231,NI,B,B12_c1_GGCAATTAGACGCACA,B
B12_c1,,,B,B12_c1_GGCCGATAGACGCAAC,B
B12_c1,HMN171231,NI,B,B12_c1_GGCCGATCATGAAGTA,B
B12_c1,HMN171216,NI,B,B12_c1_GGCTGGTAGAAAGTGG,B
B12_c1,HMN171231,NI,B,B12_c1_GGCTGGTAGCTAGTCT,B
B12_c1,HMN171216,NI,B,B12_c1_GGCTGGTGTCCAGTGC,B
B12_c1,HMN171230,NI,B,B12_c1_GGGAATGGTCTTGATG,B
B12_c1,HMN171216,NI,B,B12_c1_GGGAATGGTGCTTCTC,B
B12_c1,,,B,B12_c1_GGGACCTAGTCCATAC,B
B12_c1,HMN171216,NI,B,B12_c1_GGGACCTTCTCGATGA,B
B12_c1,,,B,B12_c1_GGGCATCCACGGCTAC,B
B12_c1,,,B,B12_c1_GGGTCTGAGTCATCCA,B
B12_c1,HMN171231,NI,B,B12_c1_GGGTTGCCATTACGAC,B
B12_c1,HMN171231,NI,B,B12_c1_GGGTTGCGTATAAACG,B
B12_c1,HMN171231,NI,B,B12_c1_GGTATTGTCTAACTTC,B
B12_c1,,,B,B12_c1_GGTGCGTCATAGGATA,B
B12_c1,HMN171231,NI,B,B12_c1_GTAACTGCAGTCGATT,B
B12_c1,HMN171231,NI,B,B12_c1_GTAACTGGTTCACGGC,B
B12_c1,HMN171230,NI,B,B12_c1_GTACTCCAGCAATCTC,B
B12_c1,HMN171216,NI,B,B12_c1_GTACTTTCAATCTGCA,B
B12_c1,HMN171230,NI,B,B12_c1_GTACTTTTCGATAGAA,B
B12_c1,HMN171231,NI,B,B12_c1_GTAGGCCAGAATTCCC,B
B12_c1,HMN171230,NI,B,B12_c1_GTAGGCCGTAAGTAGT,B
B12_c1,HMN171216,NI,B,B12_c1_GTAGTCAAGTGGGATC,B
B12_c1,,,B,B12_c1_GTATCTTGTTCTGTTT,B
B12_c1,HMN171216,NI,B,B12_c1_GTATCTTGTTTGTTTC,B
B12_c1,HMN171216,NI,B,B12_c1_GTATTCTAGGCTAGGT,B
B12_c1,,,B,B12_c1_GTCAAGTCAGACGCTC,B
B12_c1,HMN171216,NI,B,B12_c1_GTCAAGTCATGTTGAC,B
B12_c1,,,B,B12_c1_GTCAAGTTCCAGTAGT,B
B12_c1,HMN171230,NI,B,B12_c1_GTCAAGTTCGGACAAG,B
B12_c1,,,B,B12_c1_GTCACAAAGAGCCTAG,B
B12_c1,HMN171216,NI,B,B12_c1_GTCACGGCAGGGTTAG,B
B12_c1,,,B,B12_c1_GTCCTCACAAGAAGAG,B
B12_c1,HMN171231,NI,B,B12_c1_GTCCTCATCTAACTGG,B
B12_c1,HMN171230,NI,B,B12_c1_GTCGGGTTCAACCATG,B
B12_c1,,,B,B12_c1_GTCTTCGGTTCCACGG,B
B12_c1,HMN171231,NI,B,B12_c1_GTCTTCGTCACCATAG,B
B12_c1,HMN171216,NI,B,B12_c1_GTGCAGCAGAAGGACA,B
B12_c1,,,B,B12_c1_GTGCAGCAGAGCCTAG,B
B12_c1,HMN171231,NI,B,B12_c1_GTGCAGCGTTGCTCCT,B
B12_c1,HMN171231,NI,B,B12_c1_GTGCAGCGTTGGTAAA,B
B12_c1,HMN171231,NI,B,B12_c1_GTGCAGCGTTTGGGCC,B
B12_c1,,,B,B12_c1_GTGCGGTGTTTGTTTC,B
B12_c1,,,B,B12_c1_GTGCTTCCACTTCGAA,B
B12_c1,HMN171231,NI,B,B12_c1_GTGCTTCTCTATGTGG,B
B12_c1,,,B,B12_c1_GTGGGTCTCCGAGCCA,B
B12_c1,,,B,B12_c1_GTGTGCGCAGATTGCT,B
B12_c1,HMN171230,NI,B,B12_c1_GTTAAGCGTTGACGTT,B
B12_c1,HMN171230,NI,B,B12_c1_GTTACAGTCTCGGACG,B
B12_c1,,,B,B12_c1_GTTCATTCATGCTGGC,B
B12_c1,HMN171231,NI,B,B12_c1_GTTCGGGTCAACGCTA,B
B12_c1,HMN171231,NI,B,B12_c1_GTTCTCGGTTAAAGTG,B
B12_c1,,,B,B12_c1_TAAACCGAGTAGGCCA,B
B12_c1,,,B,B12_c1_TAAACCGGTGCCTGGT,B
B12_c1,,,B,B12_c1_TAAGAGACAAGGCTCC,B
B12_c1,,,B,B12_c1_TAAGTGCAGCATGGCA,B
B12_c1,HMN171216,NI,B,B12_c1_TACACGATCATCATTC,B
B12_c1,HMN171231,NI,B,B12_c1_TACACGATCGAGAACG,B
B12_c1,HMN171231,NI,B,B12_c1_TACAGTGAGTACGTAA,B
B12_c1,HMN171231,NI,B,B12_c1_TACCTATAGGCAGTCA,B
B12_c1,,,B,B12_c1_TACCTATGTAGAGGAA,B
B12_c1,,,B,B12_c1_TACCTTACATCTACGA,B
B12_c1,HMN171216,NI,B,B12_c1_TACGGATCAGCGTCCA,B
B12_c1,,,B,B12_c1_TACGGGCTCTGTCAAG,B
B12_c1,HMN171231,NI,B,B12_c1_TACTCATAGTACATGA,B
B12_c1,HMN171216,NI,B,B12_c1_TACTCATCACAGGCCT,B
B12_c1,HMN171231,NI,B,B12_c1_TACTCATCAGAGCCAA,B
B12_c1,,,B,B12_c1_TACTCGCAGAATTCCC,B
B12_c1,HMN171216,NI,B,B12_c1_TACTCGCTCTTTAGGG,B
B12_c1,,,B,B12_c1_TACTTGTTCTGAGTGT,B
B12_c1,HMN171216,NI,B,B12_c1_TAGAGCTCATCCAACA,B
B12_c1,,,B,B12_c1_TAGTGGTCAGGTCTCG,B
B12_c1,,,B,B12_c1_TAGTGGTGTGTTCTTT,B
B12_c1,HMN171216,NI,B,B12_c1_TAGTTGGAGAAACGAG,B
B12_c1,HMN171231,NI,B,B12_c1_TAGTTGGAGACTCGGA,B
B12_c1,,,B,B12_c1_TATCTCAAGTTGTAGA,B
B12_c1,,,B,B12_c1_TATGCCCTCCGCATCT,B
B12_c1,HMN171231,NI,B,B12_c1_TATTACCCACGAAGCA,B
B12_c1,,,B,B12_c1_TATTACCCAGGATTGG,B
B12_c1,HMN171219,flu,B,B12_c1_TCAACGAAGCCAACAG,B
B12_c1,,,B,B12_c1_TCAACGAGTGAGCGAT,B
B12_c1,HMN171230,NI,B,B12_c1_TCAATCTCAATTCCTT,B
B12_c1,,,B,B12_c1_TCAATCTCATGCATGT,B
B12_c1,HMN171231,NI,B,B12_c1_TCAATCTGTGCTCTTC,B
B12_c1,HMN171231,NI,B,B12_c1_TCACAAGGTCCGTCAG,B
B12_c1,HMN171231,NI,B,B12_c1_TCACAAGTCCTTAATC,B
B12_c1,,,B,B12_c1_TCACGAACAAACTGCT,B
B12_c1,,,B,B12_c1_TCAGATGTCCGAACGC,B
B12_c1,,,B,B12_c1_TCAGCTCCATGTAGTC,B
B12_c1,,,B,B12_c1_TCAGCTCGTGTGGTTT,B
B12_c1,,,B,B12_c1_TCAGCTCTCAACACGT,B
B12_c1,HMN171231,NI,B,B12_c1_TCAGCTCTCTAAGCCA,B
B12_c1,HMN171216,NI,B,B12_c1_TCAGGATAGCTAGTTC,B
B12_c1,HMN171216,NI,B,B12_c1_TCAGGATAGCTGAAAT,B
B12_c1,HMN171231,NI,B,B12_c1_TCAGGATGTCTAGCCG,B
B12_c1,HMN171231,NI,B,B12_c1_TCAGGATTCACTCCTG,B
B12_c1,,,B,B12_c1_TCATTTGGTAATTGGA,B
B12_c1,HMN171231,NI,B,B12_c1_TCATTTGTCTTACCGC,B
B12_c1,HMN171231,NI,B,B12_c1_TCCACACGTCAAAGCG,B
B12_c1,,,B,B12_c1_TCCCGATAGTTTAGGA,B
B12_c1,HMN171216,NI,B,B12_c1_TCCCGATGTCCGTCAG,B
B12_c1,,,B,B12_c1_TCCCGATGTTCCACAA,B
B12_c1,,,B,B12_c1_TCGAGGCAGTGGAGAA,B
B12_c1,HMN171216,NI,B,B12_c1_TCGAGGCAGTTATCGC,B
B12_c1,HMN171216,NI,B,B12_c1_TCGAGGCAGTTGAGTA,B
B12_c1,HMN171216,NI,B,B12_c1_TCGCGAGAGGATCGCA,B
B12_c1,HMN171231,NI,B,B12_c1_TCGGGACCATAGACTC,B
B12_c1,HMN171231,NI,B,B12_c1_TCGGTAAAGGAGCGTT,B
B12_c1,HMN171230,NI,B,B12_c1_TCGTAGAGTTCGTGAT,B
B12_c1,,,B,B12_c1_TCTATTGCAAGCCCAC,B
B12_c1,,,B,B12_c1_TCTATTGCAGGAATCG,B
B12_c1,,,B,B12_c1_TCTCATAAGAGGGCTT,B
B12_c1,HMN171216,NI,B,B12_c1_TCTCATAAGGCAGGTT,B
B12_c1,,,B,B12_c1_TCTCATACATGGTAGG,B
B12_c1,HMN171230,NI,B,B12_c1_TCTCTAAGTAGTGAAT,B
B12_c1,HMN171231,NI,B,B12_c1_TCTGGAAGTAGCGCAA,B
B12_c1,HMN171216,NI,B,B12_c1_TCTTCGGCATGAACCT,B
B12_c1,HMN171230,NI,B,B12_c1_TCTTTCCGTCTAGCGC,B
B12_c1,HMN171231,NI,B,B12_c1_TGAAAGAGTGTGCGTC,B
B12_c1,HMN171230,NI,B,B12_c1_TGACAACCACGAAATA,B
B12_c1,,,B,B12_c1_TGACAACCATGACGGA,B
B12_c1,HMN171231,NI,B,B12_c1_TGAGAGGTCGTGACAT,B
B12_c1,HMN171216,NI,B,B12_c1_TGAGCATGTCCTCTTG,B
B12_c1,HMN171216,NI,B,B12_c1_TGAGCCGTCAGCAACT,B
B12_c1,HMN171231,NI,B,B12_c1_TGATTTCCACTAAGTC,B
B12_c1,,,B,B12_c1_TGCACCTAGCGCTTAT,B
B12_c1,,,B,B12_c1_TGCACCTCAGACAGGT,B
B12_c1,HMN171216,NI,B,B12_c1_TGCCCATCACTATCTT,B
B12_c1,HMN171216,NI,B,B12_c1_TGCCCATGTTCGCGAC,B
B12_c1,HMN171230,NI,B,B12_c1_TGCGCAGCAGTAGAGC,B
B12_c1,HMN171234,flu,B,B12_c1_TGCGCAGGTGAAGGCT,B
B12_c1,,,B,B12_c1_TGCGGGTTCTCCAACC,B
B12_c1,,,B,B12_c1_TGCGTGGAGGGATCTG,B
B12_c1,,,B,B12_c1_TGCGTGGGTCATCGGC,B
B12_c1,,,B,B12_c1_TGCTACCCACCACCAG,B
B12_c1,,,B,B12_c1_TGCTACCGTTGTCGCG,B
B12_c1,,,B,B12_c1_TGCTGCTTCGTTTAGG,B
B12_c1,HMN171216,NI,B,B12_c1_TGGACGCGTTTAGGAA,B
B12_c1,,,B,B12_c1_TGGACGCTCACTCTTA,B
B12_c1,HMN171230,NI,B,B12_c1_TGGCCAGCAAACGCGA,B
B12_c1,HMN171216,NI,B,B12_c1_TGGCGCACATACTACG,B
B12_c1,HMN171216,NI,B,B12_c1_TGGTTAGCAAGTTGTC,B
B12_c1,HMN171216,NI,B,B12_c1_TGGTTAGGTTCCATGA,B
B12_c1,HMN171231,NI,B,B12_c1_TGGTTCCCATTCGACA,B
B12_c1,,,B,B12_c1_TGTATTCAGCGATGAC,B
B12_c1,HMN171216,NI,B,B12_c1_TGTATTCGTACAGTTC,B
B12_c1,,,B,B12_c1_TGTCCCAAGGGATACC,B
B12_c1,,,B,B12_c1_TGTGGTAAGACAATAC,B
B12_c1,,,B,B12_c1_TGTGTTTAGTACATGA,B
B12_c1,,,B,B12_c1_TGTGTTTCATGTCCTC,B
B12_c1,HMN171231,NI,B,B12_c1_TGTGTTTGTCTAACGT,B
B12_c1,HMN171231,NI,B,B12_c1_TTAGGACCAATACGCT,B
B12_c1,,,B,B12_c1_TTAGGACTCTGCGGCA,B
B12_c1,HMN171231,NI,B,B12_c1_TTAGTTCCAGGGTATG,B
B12_c1,,,B,B12_c1_TTAGTTCGTGCCTGCA,B
B12_c1,HMN171231,NI,B,B12_c1_TTATGCTGTAAGTGGC,B
B12_c1,,,B,B12_c1_TTATGCTTCAGCAACT,B
B12_c1,HMN171231,NI,B,B12_c1_TTCCCAGCAAACTGCT,B
B12_c1,HMN171230,NI,B,B12_c1_TTCCCAGTCTCCAGGG,B
B12_c1,HMN171231,NI,B,B12_c1_TTCGGTCAGCTTTGGT,B
B12_c1,,,B,B12_c1_TTCGGTCCATGAACCT,B
B12_c1,HMN171216,NI,B,B12_c1_TTCTCAACATGTCCTC,B
B12_c1,,,B,B12_c1_TTCTCAATCTTAGAGC,B
B12_c1,HMN171231,NI,B,B12_c1_TTCTCCTAGGAATCGC,B
B12_c1,,,B,B12_c1_TTCTTAGAGGTGACCA,B
B12_c1,HMN171230,NI,B,B12_c1_TTCTTAGGTAGGCATG,B
B12_c1,,,B,B12_c1_TTGAACGAGGCCGAAT,B
B12_c1,,,B,B12_c1_TTGACTTTCGTCCAGG,B
B12_c1,HMN171230,NI,B,B12_c1_TTGCGTCAGTGAAGTT,B
B12_c1,HMN171231,NI,B,B12_c1_TTGCGTCCACGTAAGG,B
B12_c1,,,B,B12_c1_TTGGAACGTCACCCAG,B
B12_c1,,,B,B12_c1_TTGGAACGTGTTCGAT,B
B12_c1,,,B,B12_c1_TTGGCAAGTTATGTGC,B
B12_c1,HMN171216,NI,B,B12_c1_TTTACTGGTTCTCATT,B
B12_c1,,,B,B12_c1_TTTACTGTCAACCAAC,B
B12_c1,HMN171230,NI,B,B12_c1_TTTATGCCACTAAGTC,B
B12_c1,,,B,B12_c1_TTTATGCGTACCAGTT,B
B12_c1,HMN171231,NI,B,B12_c1_TTTGCGCCAATAGCAA,B
B12_c2,,,B,B12_c2_AAACCTGGTGATAAGT,B
B12_c2,HMN171234,NI,B,B12_c2_AAAGATGGTTACGCGC,B
B12_c2,,,B,B12_c2_AAAGCAAAGAATAGGG,B
B12_c2,HMN171219,NI,B,B12_c2_AAAGCAATCCTCGCAT,B
B12_c2,HMN171234,NI,B,B12_c2_AAAGCAATCTGTCTAT,B
B12_c2,HMN171234,NI,B,B12_c2_AAATGCCAGTTCCACA,B
B12_c2,HMN171234,NI,B,B12_c2_AAATGCCGTTTGTGTG,B
B12_c2,HMN171219,NI,B,B12_c2_AAATGCCTCCCTAATT,B
B12_c2,HMN171219,NI,B,B12_c2_AACCATGAGCGTTTAC,B
B12_c2,,,B,B12_c2_AACCGCGCAGCGTTCG,B
B12_c2,HMN171234,NI,B,B12_c2_AACCGCGGTCCCGACA,B
B12_c2,HMN171234,NI,B,B12_c2_AACGTTGGTCCCTTGT,B
B12_c2,HMN171240,NI,B,B12_c2_AACGTTGTCTGGTATG,B
B12_c2,HMN171234,NI,B,B12_c2_AACTCAGGTCAGAATA,B
B12_c2,,,B,B12_c2_AACTGGTCACAAGTAA,B
B12_c2,HMN171240,NI,B,B12_c2_AACTGGTGTACGAAAT,B
B12_c2,,,B,B12_c2_AACTTTCCATCGATGT,B
B12_c2,HMN171219,NI,B,B12_c2_AACTTTCGTTCCCGAG,B
B12_c2,HMN171219,NI,B,B12_c2_AAGACCTCACAGATTC,B
B12_c2,HMN171234,NI,B,B12_c2_AAGGAGCCATCGGACC,B
B12_c2,,,B,B12_c2_AAGGAGCTCTCATTCA,B
B12_c2,HMN171234,NI,B,B12_c2_AAGGCAGCAGCGTTCG,B
B12_c2,HMN171234,NI,B,B12_c2_AAGGTTCCAATGGAGC,B
B12_c2,HMN171240,NI,B,B12_c2_AAGTCTGTCCGGCACA,B
B12_c2,HMN171219,NI,B,B12_c2_AATCCAGAGACAAAGG,B
B12_c2,HMN171240,NI,B,B12_c2_AATCGGTGTCATGCAT,B
B12_c2,,,B,B12_c2_AATCGGTGTGTGCGTC,B
B12_c2,HMN171219,NI,B,B12_c2_AATCGGTTCCGGCACA,B
B12_c2,,,B,B12_c2_ACACCAACAGAGCCAA,B
B12_c2,,,B,B12_c2_ACACCGGTCGTACGGC,B
B12_c2,,,B,B12_c2_ACATACGGTGGCTCCA,B
B12_c2,HMN171240,NI,B,B12_c2_ACATCAGCAAGTAATG,B
B12_c2,HMN171216,flu,B,B12_c2_ACATCAGTCCGCGTTT,B
B12_c2,,,B,B12_c2_ACATCAGTCCGTACAA,B
B12_c2,HMN171240,NI,B,B12_c2_ACATGGTTCTGGTTCC,B
B12_c2,,,B,B12_c2_ACCAGTAGTTAAGATG,B
B12_c2,HMN171240,NI,B,B12_c2_ACCGTAAGTATCAGTC,B
B12_c2,HMN171219,NI,B,B12_c2_ACGATACTCAACACAC,B
B12_c2,HMN171234,NI,B,B12_c2_ACGATACTCCTTTACA,B
B12_c2,,,B,B12_c2_ACGCCGAAGTATCGAA,B
B12_c2,HMN171240,NI,B,B12_c2_ACGCCGAGTCTAACGT,B
B12_c2,HMN171234,NI,B,B12_c2_ACGGAGAAGCCATCGC,B
B12_c2,,,B,B12_c2_ACGGAGAGTACTCGCG,B
B12_c2,,,B,B12_c2_ACGGGTCTCGGCTACG,B
B12_c2,,,B,B12_c2_ACGTCAAAGGGCATGT,B
B12_c2,HMN171234,NI,B,B12_c2_ACTGAACTCTCGATGA,B
B12_c2,HMN171234,NI,B,B12_c2_ACTGAGTGTGTGTGCC,B
B12_c2,HMN171234,NI,B,B12_c2_ACTGATGGTAAACGCG,B
B12_c2,HMN171219,NI,B,B12_c2_ACTGTCCAGATGAGAG,B
B12_c2,,,B,B12_c2_ACTTACTAGGCCCGTT,B
B12_c2,,,B,B12_c2_ACTTACTCACACCGAC,B
B12_c2,,,B,B12_c2_ACTTGTTTCCAGGGCT,B
B12_c2,HMN171234,NI,B,B12_c2_ACTTTCAAGTCATCCA,B
B12_c2,,,B,B12_c2_ACTTTCACAGGAATGC,B
B12_c2,HMN171219,NI,B,B12_c2_ACTTTCATCATGCATG,B
B12_c2,,,B,B12_c2_AGAGCGAGTCACTGGC,B
B12_c2,HMN171234,NI,B,B12_c2_AGAGCGATCTGCTTGC,B
B12_c2,HMN171219,NI,B,B12_c2_AGAGCTTCAGTAAGAT,B
B12_c2,HMN171219,NI,B,B12_c2_AGATCTGGTCACCTAA,B
B12_c2,HMN171240,NI,B,B12_c2_AGATCTGGTGTGCGTC,B
B12_c2,,,B,B12_c2_AGCATACAGATATACG,B
B12_c2,HMN171240,NI,B,B12_c2_AGCATACTCACTTATC,B
B12_c2,HMN171234,NI,B,B12_c2_AGCATACTCCTGTACC,B
B12_c2,,,B,B12_c2_AGCCTAAGTCTTGTCC,B
B12_c2,HMN171234,NI,B,B12_c2_AGCCTAAGTGAGCGAT,B
B12_c2,,,B,B12_c2_AGCCTAATCACGCGGT,B
B12_c2,,,B,B12_c2_AGCCTAATCTGGAGCC,B
B12_c2,HMN171234,NI,B,B12_c2_AGCGGTCGTATTCGTG,B
B12_c2,HMN171219,NI,B,B12_c2_AGCGTCGAGCACCGCT,B
B12_c2,,,B,B12_c2_AGCGTCGAGGGATGGG,B
B12_c2,,,B,B12_c2_AGCTCTCAGTCATGCT,B
B12_c2,HMN171219,NI,B,B12_c2_AGCTCTCTCAATCTCT,B
B12_c2,,,B,B12_c2_AGCTTGAAGAGTACCG,B
B12_c2,,,B,B12_c2_AGCTTGAAGCACGCCT,B
B12_c2,,,B,B12_c2_AGGCCACCACAGCCCA,B
B12_c2,,,B,B12_c2_AGGCCGTCAACACGCC,B
B12_c2,,,B,B12_c2_AGGGAGTTCCCTGACT,B
B12_c2,,,B,B12_c2_AGGGATGGTAAAGTCA,B
B12_c2,HMN171219,NI,B,B12_c2_AGGGTGAGTGACGCCT,B
B12_c2,HMN171234,NI,B,B12_c2_AGGGTGATCTGTCAAG,B
B12_c2,,,B,B12_c2_AGGTCATCAAACGTGG,B
B12_c2,HMN171234,NI,B,B12_c2_AGGTCATTCAGCATGT,B
B12_c2,HMN171234,NI,B,B12_c2_AGTCTTTAGAGCTGGT,B
B12_c2,,,B,B12_c2_AGTCTTTTCGTGACAT,B
B12_c2,HMN171219,NI,B,B12_c2_AGTGGGATCGAACGGA,B
B12_c2,,,B,B12_c2_AGTGGGATCTCGCTTG,B
B12_c2,HMN171219,NI,B,B12_c2_AGTGTCAGTATAAACG,B
B12_c2,HMN171219,NI,B,B12_c2_AGTGTCATCGTTGACA,B
B12_c2,,,B,B12_c2_AGTGTCATCTCTGCTG,B
B12_c2,HMN171240,NI,B,B12_c2_AGTTGGTCAAAGCGGT,B
B12_c2,HMN171234,NI,B,B12_c2_AGTTGGTCACAAGACG,B
B12_c2,HMN171240,NI,B,B12_c2_ATAACGCGTATCTGCA,B
B12_c2,,,B,B12_c2_ATAGACCCACGAAATA,B
B12_c2,,,B,B12_c2_ATAGACCGTGTGACGA,B
B12_c2,,,B,B12_c2_ATAGACCTCGCTAGCG,B
B12_c2,HMN171240,NI,B,B12_c2_ATCATCTCAAAGCAAT,B
B12_c2,HMN171230,flu,B,B12_c2_ATCATCTTCACATGCA,B
B12_c2,HMN171219,NI,B,B12_c2_ATCATCTTCAGCTCTC,B
B12_c2,,,B,B12_c2_ATCATGGAGACAGGCT,B
B12_c2,,,B,B12_c2_ATCATGGGTCAGGACA,B
B12_c2,,,B,B12_c2_ATCCACCAGCTGCCCA,B
B12_c2,,,B,B12_c2_ATCCGAAAGACTCGGA,B
B12_c2,HMN171219,NI,B,B12_c2_ATCCGAACAACAACCT,B
B12_c2,,,B,B12_c2_ATCCGAATCTGTTTGT,B
B12_c2,,,B,B12_c2_ATCTGCCAGCCTATGT,B
B12_c2,,,B,B12_c2_ATCTGCCAGTGTGAAT,B
B12_c2,HMN171234,NI,B,B12_c2_ATCTGCCCAATCACAC,B
B12_c2,HMN171234,NI,B,B12_c2_ATGCGATTCTTCATGT,B
B12_c2,,,B,B12_c2_ATGGGAGCACGCATCG,B
B12_c2,HMN171240,NI,B,B12_c2_ATGTGTGTCCGATATG,B
B12_c2,HMN171234,NI,B,B12_c2_ATTATCCGTAGGCATG,B
B12_c2,HMN171240,NI,B,B12_c2_ATTATCCGTTGATTCG,B
B12_c2,,,B,B12_c2_ATTCTACCAGACTCGC,B
B12_c2,HMN171240,NI,B,B12_c2_ATTCTACTCCATGAGT,B
B12_c2,,,B,B12_c2_ATTGGACAGGATGGTC,B
B12_c2,HMN171240,NI,B,B12_c2_ATTGGTGTCCTTGGTC,B
B12_c2,,,B,B12_c2_ATTTCTGAGCGATATA,B
B12_c2,HMN171240,NI,B,B12_c2_CAACCTCAGAGGACGG,B
B12_c2,HMN171231,flu,B,B12_c2_CAACCTCTCCCAAGTA,B
B12_c2,HMN171219,NI,B,B12_c2_CAACTAGAGCGCTTAT,B
B12_c2,,,B,B12_c2_CAAGAAAGTGTCTGAT,B
B12_c2,HMN171234,NI,B,B12_c2_CAAGATCGTTCACGGC,B
B12_c2,HMN171234,NI,B,B12_c2_CAAGGCCAGAAACCGC,B
B12_c2,HMN171240,NI,B,B12_c2_CAAGGCCAGTGTCCCG,B
B12_c2,,,B,B12_c2_CAAGGCCGTACAGACG,B
B12_c2,,,B,B12_c2_CAAGGCCGTAGGCTGA,B
B12_c2,HMN171219,NI,B,B12_c2_CAAGGCCTCTGGCGTG,B
B12_c2,HMN171219,NI,B,B12_c2_CAAGTTGCAGAAGCAC,B
B12_c2,HMN171240,NI,B,B12_c2_CAAGTTGTCCTCCTAG,B
B12_c2,HMN171240,NI,B,B12_c2_CACAAACAGGTGCACA,B
B12_c2,HMN171234,NI,B,B12_c2_CACAAACCACTGAAGG,B
B12_c2,HMN171219,NI,B,B12_c2_CACACTCAGTACGTAA,B
B12_c2,,,B,B12_c2_CACACTCCAAGCGATG,B
B12_c2,,,B,B12_c2_CACACTCGTAGCCTAT,B
B12_c2,HMN171240,NI,B,B12_c2_CACAGTATCTCATTCA,B
B12_c2,HMN171219,NI,B,B12_c2_CACATAGTCTGGTATG,B
B12_c2,,,B,B12_c2_CACATTTTCACTATTC,B
B12_c2,HMN171234,NI,B,B12_c2_CACCAGGGTGAGTGAC,B
B12_c2,HMN171219,NI,B,B12_c2_CACTCCAGTCTCTCGT,B
B12_c2,HMN171219,NI,B,B12_c2_CAGAATCGTCTGATCA,B
B12_c2,HMN171219,NI,B,B12_c2_CAGAGAGTCTAGCACA,B
B12_c2,HMN171240,NI,B,B12_c2_CAGATCACAGTAAGAT,B
B12_c2,HMN171234,NI,B,B12_c2_CAGCAGCGTCTCCCTA,B
B12_c2,,,B,B12_c2_CAGCAGCTCTCTTGAT,B
B12_c2,HMN171234,NI,B,B12_c2_CAGCTGGCATTCCTGC,B
B12_c2,,,B,B12_c2_CAGCTGGGTACGAAAT,B
B12_c2,HMN171234,NI,B,B12_c2_CAGCTGGGTGATGATA,B
B12_c2,HMN171240,NI,B,B12_c2_CAGGTGCCACAAGACG,B
B12_c2,,,B,B12_c2_CAGGTGCGTCAAAGCG,B
B12_c2,HMN171219,NI,B,B12_c2_CAGTAACCAATCCGAT,B
B12_c2,,,B,B12_c2_CAGTAACTCAGATAAG,B
B12_c2,,,B,B12_c2_CATATGGAGGCCGAAT,B
B12_c2,,,B,B12_c2_CATCAAGAGATGTGTA,B
B12_c2,HMN171219,NI,B,B12_c2_CATCAGAAGACAGGCT,B
B12_c2,HMN171216,flu,B,B12_c2_CATCAGAAGTGGTCCC,B
B12_c2,,,B,B12_c2_CATCCACAGTACCGGA,B
B12_c2,,,B,B12_c2_CATTATCGTAAATGTG,B
B12_c2,,,B,B12_c2_CATTATCTCCGTACAA,B
B12_c2,HMN171234,NI,B,B12_c2_CATTCGCCATCCAACA,B
B12_c2,HMN171234,NI,B,B12_c2_CATTCGCCATCCTTGC,B
B12_c2,HMN171219,NI,B,B12_c2_CCAATCCCACTATCTT,B
B12_c2,,,B,B12_c2_CCAATCCGTTCGTCTC,B
B12_c2,HMN171219,NI,B,B12_c2_CCAATCCTCTGTTGAG,B
B12_c2,,,B,B12_c2_CCACGGAGTGTATGGG,B
B12_c2,,,B,B12_c2_CCAGCGAAGGATTCGG,B
B12_c2,,,B,B12_c2_CCATGTCTCGGAATCT,B
B12_c2,,,B,B12_c2_CCATTCGTCCATGAGT,B
B12_c2,HMN171219,NI,B,B12_c2_CCCAATCAGCGTTGCC,B
B12_c2,,,B,B12_c2_CCCAGTTTCAGAGCTT,B
B12_c2,HMN171234,NI,B,B12_c2_CCCTCCTCACAACGCC,B
B12_c2,HMN171219,NI,B,B12_c2_CCCTCCTGTCAAACTC,B
B12_c2,HMN171234,NI,B,B12_c2_CCGGGATCAGTTAACC,B
B12_c2,,,B,B12_c2_CCGTACTCACGTCTCT,B
B12_c2,HMN171219,NI,B,B12_c2_CCGTGGAAGTCCATAC,B
B12_c2,HMN171240,NI,B,B12_c2_CCTAAAGAGCGATTCT,B
B12_c2,,,B,B12_c2_CCTACACGTAGCCTCG,B
B12_c2,,,B,B12_c2_CCTACACGTCTCGTTC,B
B12_c2,,,B,B12_c2_CCTACACTCTGGTATG,B
B12_c2,HMN171234,NI,B,B12_c2_CCTACCAAGTGCTGCC,B
B12_c2,HMN171234,NI,B,B12_c2_CCTACCAGTCTAAAGA,B
B12_c2,HMN171234,NI,B,B12_c2_CCTATTATCGAACGGA,B
B12_c2,HMN171219,NI,B,B12_c2_CCTTCCCCAATAACGA,B
B12_c2,,,B,B12_c2_CGAACATAGCCAGAAC,B
B12_c2,,,B,B12_c2_CGAATGTGTTCTGAAC,B
B12_c2,HMN171219,NI,B,B12_c2_CGACCTTGTTCGTCTC,B
B12_c2,HMN171219,NI,B,B12_c2_CGAGCACGTTGATTGC,B
B12_c2,HMN171219,NI,B,B12_c2_CGAGCCAAGGCGACAT,B
B12_c2,HMN171234,NI,B,B12_c2_CGAGCCATCGGTCCGA,B
B12_c2,HMN171219,NI,B,B12_c2_CGATCGGAGCTAGTCT,B
B12_c2,HMN171240,NI,B,B12_c2_CGATTGAGTAAAGTCA,B
B12_c2,HMN171240,NI,B,B12_c2_CGCCAAGTCTGCCAGG,B
B12_c2,HMN171234,NI,B,B12_c2_CGCGGTACAAGCGCTC,B
B12_c2,HMN171240,NI,B,B12_c2_CGCGGTATCTTTACGT,B
B12_c2,HMN171240,NI,B,B12_c2_CGCTGGACAACACCCG,B
B12_c2,HMN171234,NI,B,B12_c2_CGCTGGACATGCGCAC,B
B12_c2,,,B,B12_c2_CGCTGGAGTCCAAGTT,B
B12_c2,,,B,B12_c2_CGCTGGATCATTATCC,B
B12_c2,HMN171234,NI,B,B12_c2_CGGACACGTCCGTCAG,B
B12_c2,,,B,B12_c2_CGGACACGTGCTCTTC,B
B12_c2,HMN171219,NI,B,B12_c2_CGGACGTAGTGGTAGC,B
B12_c2,,,B,B12_c2_CGGACGTCATTCTCAT,B
B12_c2,,,B,B12_c2_CGGACTGAGAAGGTTT,B
B12_c2,HMN171234,NI,B,B12_c2_CGGACTGCATGCTAGT,B
B12_c2,HMN171234,NI,B,B12_c2_CGGACTGTCTACTATC,B
B12_c2,HMN171234,NI,B,B12_c2_CGGAGCTCAATGAAAC,B
B12_c2,HMN171219,NI,B,B12_c2_CGGAGTCCAAAGTGCG,B
B12_c2,HMN171234,NI,B,B12_c2_CGGCTAGAGAATTGTG,B
B12_c2,HMN171234,NI,B,B12_c2_CGGCTAGGTATTACCG,B
B12_c2,HMN171234,NI,B,B12_c2_CGGCTAGTCGTACCGG,B
B12_c2,,,B,B12_c2_CGGGTCAGTACTTCTT,B
B12_c2,,,B,B12_c2_CGGTTAACAGGTCCAC,B
B12_c2,,,B,B12_c2_CGTAGCGAGAGTACAT,B
B12_c2,HMN171234,NI,B,B12_c2_CGTAGCGGTTATCGGT,B
B12_c2,,,B,B12_c2_CGTAGGCTCTGTCTAT,B
B12_c2,HMN171234,NI,B,B12_c2_CGTCTACAGTGAACAT,B
B12_c2,,,B,B12_c2_CGTGAGCAGTACGATA,B
B12_c2,HMN171219,NI,B,B12_c2_CGTGAGCTCTTAACCT,B
B12_c2,HMN171234,NI,B,B12_c2_CGTTAGAAGAGCCCAA,B
B12_c2,HMN171219,NI,B,B12_c2_CGTTGGGTCACAAACC,B
B12_c2,HMN171219,NI,B,B12_c2_CTAACTTTCTTGCATT,B
B12_c2,HMN171240,NI,B,B12_c2_CTAATGGAGCTAAGAT,B
B12_c2,HMN171234,NI,B,B12_c2_CTACATTAGGTGCACA,B
B12_c2,,,B,B12_c2_CTACATTCACAGAGGT,B
B12_c2,HMN171234,NI,B,B12_c2_CTACATTGTACAGCAG,B
B12_c2,,,B,B12_c2_CTACATTTCACTTACT,B
B12_c2,HMN171234,NI,B,B12_c2_CTACCCAGTCAAAGCG,B
B12_c2,HMN171219,NI,B,B12_c2_CTACCCAGTCGAAAGC,B
B12_c2,HMN171219,NI,B,B12_c2_CTACGTCCAACTGCGC,B
B12_c2,HMN171234,NI,B,B12_c2_CTACGTCCAATCGAAA,B
B12_c2,,,B,B12_c2_CTACGTCCACCTGGTG,B
B12_c2,HMN171234,NI,B,B12_c2_CTAGAGTGTAGCTTGT,B
B12_c2,,,B,B12_c2_CTAGAGTTCGGTGTCG,B
B12_c2,HMN171234,NI,B,B12_c2_CTAGCCTCAGGGCATA,B
B12_c2,,,B,B12_c2_CTAGTGAGTTCGCTAA,B
B12_c2,HMN171234,NI,B,B12_c2_CTCACACGTTCTGTTT,B
B12_c2,,,B,B12_c2_CTCAGAAGTATAGGTA,B
B12_c2,HMN171240,NI,B,B12_c2_CTCAGAAGTCGGCTCA,B
B12_c2,HMN171219,NI,B,B12_c2_CTCATTACACCCAGTG,B
B12_c2,,,B,B12_c2_CTCATTATCGAGCCCA,B
B12_c2,,,B,B12_c2_CTCCTAGTCCGAAGAG,B
B12_c2,HMN171219,NI,B,B12_c2_CTCGAAACAGCCTATA,B
B12_c2,HMN171219,NI,B,B12_c2_CTCGAAAGTCCATGAT,B
B12_c2,HMN171219,NI,B,B12_c2_CTCGAAATCGCAAACT,B
B12_c2,,,B,B12_c2_CTCGAGGCACCGGAAA,B
B12_c2,,,B,B12_c2_CTCGAGGTCCGTAGTA,B
B12_c2,HMN171240,NI,B,B12_c2_CTCGAGGTCTTCAACT,B
B12_c2,HMN171240,NI,B,B12_c2_CTCGGAGAGGCCATAG,B
B12_c2,,,B,B12_c2_CTCGGAGGTGTTCGAT,B
B12_c2,,,B,B12_c2_CTCGGAGTCTAACTGG,B
B12_c2,HMN171240,NI,B,B12_c2_CTCGGGATCATGTCTT,B
B12_c2,HMN171219,NI,B,B12_c2_CTCTAATGTCGGCATC,B
B12_c2,,,B,B12_c2_CTCTACGCACGAAACG,B
B12_c2,HMN171240,NI,B,B12_c2_CTCTACGCATCCGGGT,B
B12_c2,HMN171240,NI,B,B12_c2_CTCTGGTAGCGCTCCA,B
B12_c2,,,B,B12_c2_CTGAAGTGTTATCCGA,B
B12_c2,,,B,B12_c2_CTGAAGTTCTCTTATG,B
B12_c2,HMN171219,NI,B,B12_c2_CTGAAGTTCTTTCCTC,B
B12_c2,HMN171240,NI,B,B12_c2_CTGATCCGTCATTAGC,B
B12_c2,HMN171234,NI,B,B12_c2_CTGCGGAGTTCGTCTC,B
B12_c2,,,B,B12_c2_CTGCTGTGTTCGTGAT,B
B12_c2,HMN171219,NI,B,B12_c2_CTGTGCTCAGCATGAG,B
B12_c2,HMN171234,NI,B,B12_c2_CTGTTTAGTTCCTCCA,B
B12_c2,,,B,B12_c2_CTTAACTGTAAGTGGC,B
B12_c2,,,B,B12_c2_CTTAACTGTCCAACTA,B
B12_c2,HMN171219,NI,B,B12_c2_CTTAACTTCCGGCACA,B
B12_c2,,,B,B12_c2_CTTACCGGTACGAAAT,B
B12_c2,HMN171234,NI,B,B12_c2_CTTACCGTCATGTCCC,B
B12_c2,HMN171234,NI,B,B12_c2_GAACATCAGTAAGTAC,B
B12_c2,HMN171240,NI,B,B12_c2_GAACATCGTAATCACC,B
B12_c2,,,B,B12_c2_GAAGCAGGTGTTTGTG,B
B12_c2,,,B,B12_c2_GAATAAGCATTCCTGC,B
B12_c2,HMN171240,NI,B,B12_c2_GAATAAGGTATGGTTC,B
B12_c2,HMN171219,NI,B,B12_c2_GAATAAGGTGTTAAGA,B
B12_c2,HMN171219,NI,B,B12_c2_GAATGAAAGATCACGG,B
B12_c2,HMN171234,NI,B,B12_c2_GAATGAAGTACCGTTA,B
B12_c2,,,B,B12_c2_GACACGCGTCCAAGTT,B
B12_c2,,,B,B12_c2_GACCAATCAAGTAATG,B
B12_c2,,,B,B12_c2_GACCTGGGTACATCCA,B
B12_c2,,,B,B12_c2_GACGTGCAGTGTACGG,B
B12_c2,,,B,B12_c2_GACGTGCGTCTAGCCG,B
B12_c2,HMN171219,NI,B,B12_c2_GACGTGCTCGCTTAGA,B
B12_c2,,,B,B12_c2_GACTAACTCACTTCAT,B
B12_c2,,,B,B12_c2_GATCAGTAGGCATGTG,B
B12_c2,,,B,B12_c2_GATCGTAAGGCTCATT,B
B12_c2,HMN171219,NI,B,B12_c2_GATGAAAAGAGAACAG,B
B12_c2,,,B,B12_c2_GATGAAAAGCTAACAA,B
B12_c2,,,B,B12_c2_GATGAGGCACGGCGTT,B
B12_c2,HMN171216,flu,B,B12_c2_GATTCAGTCCACGTTC,B
B12_c2,,,B,B12_c2_GCAAACTGTAGCTTGT,B
B12_c2,HMN171234,NI,B,B12_c2_GCATGATAGAAGGCCT,B
B12_c2,HMN171234,NI,B,B12_c2_GCATGTAAGCGAGAAA,B
B12_c2,HMN171219,NI,B,B12_c2_GCCAAATGTTCATGGT,B
B12_c2,,,B,B12_c2_GCCTCTACAATGGAGC,B
B12_c2,,,B,B12_c2_GCCTCTATCCACGTTC,B
B12_c2,HMN171240,NI,B,B12_c2_GCGCAGTAGAAGGTGA,B
B12_c2,,,B,B12_c2_GCGCCAACATCACCCT,B
B12_c2,HMN171240,NI,B,B12_c2_GCGCGATAGGATGTAT,B
B12_c2,HMN171234,NI,B,B12_c2_GCGCGATAGGCGCTCT,B
B12_c2,,,B,B12_c2_GCGGGTTAGGCCGAAT,B
B12_c2,HMN171234,NI,B,B12_c2_GCGGGTTGTACTCGCG,B
B12_c2,,,B,B12_c2_GCTCCTACACCTGGTG,B
B12_c2,,,B,B12_c2_GCTCTGTCACGTTGGC,B
B12_c2,HMN171234,NI,B,B12_c2_GCTGCAGCATGCCTAA,B
B12_c2,HMN171219,NI,B,B12_c2_GCTGCAGTCAAGATCC,B
B12_c2,,,B,B12_c2_GCTGCAGTCCAGTAGT,B
B12_c2,HMN171219,NI,B,B12_c2_GCTGCGATCCACGCAG,B
B12_c2,,,B,B12_c2_GCTGGGTTCAAAGACA,B
B12_c2,HMN171234,NI,B,B12_c2_GCTTCCAAGTCATGCT,B
B12_c2,HMN171219,NI,B,B12_c2_GGAAAGCCACGGCGTT,B
B12_c2,,,B,B12_c2_GGAAAGCTCTGCAGTA,B
B12_c2,,,B,B12_c2_GGAACTTCAAGCGATG,B
B12_c2,HMN171234,NI,B,B12_c2_GGACAGAGTAAATACG,B
B12_c2,,,B,B12_c2_GGACAGAGTAATCACC,B
B12_c2,HMN171216,flu,B,B12_c2_GGACATTAGACAGGCT,B
B12_c2,HMN171234,NI,B,B12_c2_GGACGTCAGCTAGTTC,B
B12_c2,HMN171234,NI,B,B12_c2_GGAGCAACAATTGCTG,B
B12_c2,HMN171234,NI,B,B12_c2_GGATGTTCAAGCGTAG,B
B12_c2,HMN171219,NI,B,B12_c2_GGATGTTGTTCCTCCA,B
B12_c2,,,B,B12_c2_GGATTACAGCTAACTC,B
B12_c2,HMN171234,NI,B,B12_c2_GGATTACGTGGTGTAG,B
B12_c2,,,B,B12_c2_GGCAATTGTATATCCG,B
B12_c2,,,B,B12_c2_GGCCGATCATAAGACA,B
B12_c2,HMN171219,NI,B,B12_c2_GGCCGATTCAACCAAC,B
B12_c2,HMN171234,NI,B,B12_c2_GGCTCGAGTAAGAGGA,B
B12_c2,HMN171240,NI,B,B12_c2_GGCTCGAGTACCGTTA,B
B12_c2,HMN171240,NI,B,B12_c2_GGCTCGAGTGATAAAC,B
B12_c2,HMN171219,NI,B,B12_c2_GGCTCGAGTGCTCTTC,B
B12_c2,HMN171234,NI,B,B12_c2_GGCTCGATCCTGCAGG,B
B12_c2,HMN171240,NI,B,B12_c2_GGCTGGTTCGAGGTAG,B
B12_c2,,,B,B12_c2_GGGAATGAGATGTAAC,B
B12_c2,,,B,B12_c2_GGGACCTCACGAAATA,B
B12_c2,HMN171219,NI,B,B12_c2_GGGACCTCATCCTTGC,B
B12_c2,HMN171234,NI,B,B12_c2_GGGAGATGTTAGTGGG,B
B12_c2,,,B,B12_c2_GGGAGATTCGTTTGCC,B
B12_c2,,,B,B12_c2_GGGCACTAGTTACGGG,B
B12_c2,HMN171240,NI,B,B12_c2_GGGCACTGTACAGTTC,B
B12_c2,,,B,B12_c2_GGGCACTTCTCTGTCG,B
B12_c2,,,B,B12_c2_GGGCATCCAAGCGTAG,B
B12_c2,HMN171240,NI,B,B12_c2_GGGTCTGTCTGGCGAC,B
B12_c2,HMN171219,NI,B,B12_c2_GGGTTGCCATGTTCCC,B
B12_c2,HMN171234,NI,B,B12_c2_GGTATTGAGTCTCAAC,B
B12_c2,HMN171219,NI,B,B12_c2_GGTATTGCAGGGATTG,B
B12_c2,HMN171216,flu,B,B12_c2_GGTGAAGAGCTAGTTC,B
B12_c2,HMN171240,NI,B,B12_c2_GGTGCGTCACAAGCCC,B
B12_c2,HMN171219,NI,B,B12_c2_GGTGCGTGTTTGTTGG,B
B12_c2,,,B,B12_c2_GGTGTTAAGTATCTCG,B
B12_c2,,,B,B12_c2_GTAACGTTCGCACTCT,B
B12_c2,,,B,B12_c2_GTACTCCGTAATTGGA,B
B12_c2,,,B,B12_c2_GTACTCCTCCCTTGTG,B
B12_c2,HMN171219,NI,B,B12_c2_GTACTTTGTGTTGGGA,B
B12_c2,,,B,B12_c2_GTACTTTTCAGCATGT,B
B12_c2,HMN171234,NI,B,B12_c2_GTAGGCCGTCTTTCAT,B
B12_c2,,,B,B12_c2_GTAGTCACACCACGTG,B
B12_c2,,,B,B12_c2_GTATCTTTCTCGTATT,B
B12_c2,,,B,B12_c2_GTATCTTTCTGCTGTC,B
B12_c2,HMN171219,NI,B,B12_c2_GTATTCTAGAGGTACC,B
B12_c2,,,B,B12_c2_GTATTCTAGCCAGAAC,B
B12_c2,,,B,B12_c2_GTCAAGTCAGTGAGTG,B
B12_c2,HMN171240,NI,B,B12_c2_GTCAAGTGTAAGTTCC,B
B12_c2,HMN171219,NI,B,B12_c2_GTCAAGTGTATGAAAC,B
B12_c2,,,B,B12_c2_GTCACAAGTGTTTGTG,B
B12_c2,,,B,B12_c2_GTCATTTCAGACTCGC,B
B12_c2,,,B,B12_c2_GTCATTTGTACTCGCG,B
B12_c2,,,B,B12_c2_GTCATTTTCCGGCACA,B
B12_c2,,,B,B12_c2_GTCCTCAAGTAGCCGA,B
B12_c2,,,B,B12_c2_GTCGGGTCACATGGGA,B
B12_c2,HMN171219,NI,B,B12_c2_GTCGGGTCATCTCGCT,B
B12_c2,,,B,B12_c2_GTCGTAACACCTTGTC,B
B12_c2,,,B,B12_c2_GTCTTCGCAGGCGATA,B
B12_c2,HMN171240,NI,B,B12_c2_GTCTTCGTCCGTTGCT,B
B12_c2,HMN171234,NI,B,B12_c2_GTGAAGGAGACCTTTG,B
B12_c2,HMN171234,NI,B,B12_c2_GTGAAGGCACTGTCGG,B
B12_c2,,,B,B12_c2_GTGAAGGCAGCTTAAC,B
B12_c2,,,B,B12_c2_GTGCAGCCACCGAATT,B
B12_c2,,,B,B12_c2_GTGCATACACTATCTT,B
B12_c2,,,B,B12_c2_GTGCGGTCATGTAGTC,B
B12_c2,,,B,B12_c2_GTGCGGTGTATGAAAC,B
B12_c2,HMN171240,NI,B,B12_c2_GTGCTTCTCCTTTCTC,B
B12_c2,HMN171240,NI,B,B12_c2_GTGGGTCAGGATATAC,B
B12_c2,,,B,B12_c2_GTGGGTCTCGCATGGC,B
B12_c2,HMN171216,flu,B,B12_c2_GTGTGCGAGGAGTCTG,B
B12_c2,HMN171219,NI,B,B12_c2_GTGTGCGGTTCAACCA,B
B12_c2,,,B,B12_c2_GTGTTAGAGAGTGAGA,B
B12_c2,HMN171240,NI,B,B12_c2_GTTACAGGTGCACCAC,B
B12_c2,HMN171219,NI,B,B12_c2_GTTCATTCAGCTATTG,B
B12_c2,HMN171219,NI,B,B12_c2_GTTCATTGTTCTGTTT,B
B12_c2,HMN171234,NI,B,B12_c2_GTTCGGGAGAAGATTC,B
B12_c2,HMN171219,NI,B,B12_c2_GTTCTCGTCGCCGTGA,B
B12_c2,HMN171240,NI,B,B12_c2_GTTTCTAAGCGCTCCA,B
B12_c2,HMN171234,NI,B,B12_c2_GTTTCTACACCTCGGA,B
B12_c2,,,B,B12_c2_TAAACCGGTCCGACGT,B
B12_c2,,,B,B12_c2_TAAACCGTCAGAAATG,B
B12_c2,HMN171234,NI,B,B12_c2_TAAGAGAAGAGGTAGA,B
B12_c2,HMN171234,NI,B,B12_c2_TAAGTGCCAGGCAGTA,B
B12_c2,HMN171219,NI,B,B12_c2_TAAGTGCTCCGCATCT,B
B12_c2,HMN171219,NI,B,B12_c2_TAAGTGCTCTCGCATC,B
B12_c2,HMN171234,NI,B,B12_c2_TACACGAAGACAAAGG,B
B12_c2,HMN171234,NI,B,B12_c2_TACAGTGTCGGCGGTT,B
B12_c2,,,B,B12_c2_TACCTTACAGTAGAGC,B
B12_c2,HMN171219,NI,B,B12_c2_TACCTTAGTCTCAACA,B
B12_c2,HMN171234,NI,B,B12_c2_TACGGATCATACGCCG,B
B12_c2,HMN171240,NI,B,B12_c2_TACGGATGTTAGATGA,B
B12_c2,,,B,B12_c2_TACGGTAAGAAGGCCT,B
B12_c2,HMN171219,NI,B,B12_c2_TACGGTAGTAGTGAAT,B
B12_c2,,,B,B12_c2_TACTCATAGTTATCGC,B
B12_c2,,,B,B12_c2_TACTCATCAGATGGCA,B
B12_c2,HMN171240,NI,B,B12_c2_TACTCGCCATCACCCT,B
B12_c2,HMN171234,NI,B,B12_c2_TAGACCAAGTACGCGA,B
B12_c2,,,B,B12_c2_TAGACCACACTAGTAC,B
B12_c2,,,B,B12_c2_TAGACCATCTGAAAGA,B
B12_c2,,,B,B12_c2_TAGAGCTCAGGTCCAC,B
B12_c2,HMN171219,NI,B,B12_c2_TAGTTGGTCATATCGG,B
B12_c2,HMN171234,NI,B,B12_c2_TATCAGGTCTCGTTTA,B
B12_c2,,,B,B12_c2_TATGCCCAGACACGAC,B
B12_c2,,,B,B12_c2_TATGCCCTCACGATGT,B
B12_c2,,,B,B12_c2_TATTACCCAGCGAACA,B
B12_c2,,,B,B12_c2_TCAACGAGTCCTAGCG,B
B12_c2,HMN171234,NI,B,B12_c2_TCAATCTTCTGAAAGA,B
B12_c2,,,B,B12_c2_TCACGAAGTACGACCC,B
B12_c2,HMN171240,NI,B,B12_c2_TCAGATGAGCCCAGCT,B
B12_c2,HMN171234,NI,B,B12_c2_TCAGATGAGGCATTGG,B
B12_c2,HMN171234,NI,B,B12_c2_TCAGATGAGGCTACGA,B
B12_c2,,,B,B12_c2_TCAGATGGTTTGGGCC,B
B12_c2,HMN171234,NI,B,B12_c2_TCAGCAACACCCATTC,B
B12_c2,,,B,B12_c2_TCAGCTCGTTCGCTAA,B
B12_c2,,,B,B12_c2_TCAGGATGTTCCGTCT,B
B12_c2,HMN171240,NI,B,B12_c2_TCAGGTACATGACGGA,B
B12_c2,HMN171240,NI,B,B12_c2_TCATTACAGGGCATGT,B
B12_c2,HMN171240,NI,B,B12_c2_TCATTTGAGAGACGAA,B
B12_c2,,,B,B12_c2_TCCACACAGCTACCTA,B
B12_c2,HMN171240,NI,B,B12_c2_TCCCGATAGCTCTCGG,B
B12_c2,,,B,B12_c2_TCCCGATCAGCTTAAC,B
B12_c2,,,B,B12_c2_TCGAGGCGTTCAGGCC,B
B12_c2,HMN171234,NI,B,B12_c2_TCGCGAGCAATCTGCA,B
B12_c2,,,B,B12_c2_TCGCGAGTCTGGTATG,B
B12_c2,HMN171234,NI,B,B12_c2_TCGGTAACAGCTGTAT,B
B12_c2,HMN171219,NI,B,B12_c2_TCGTACCGTCAATGTC,B
B12_c2,,,B,B12_c2_TCGTACCGTTGGGACA,B
B12_c2,HMN171234,NI,B,B12_c2_TCGTAGAGTAAACCTC,B
B12_c2,,,B,B12_c2_TCTATTGGTGTTTGTG,B
B12_c2,HMN171234,NI,B,B12_c2_TCTCATATCAGGTTCA,B
B12_c2,,,B,B12_c2_TCTCTAAAGTAGATGT,B
B12_c2,HMN171234,NI,B,B12_c2_TCTGAGAAGTATTGGA,B
B12_c2,HMN171240,NI,B,B12_c2_TCTGAGACATCGGTTA,B
B12_c2,,,B,B12_c2_TCTGAGATCTTGACGA,B
B12_c2,HMN171234,NI,B,B12_c2_TCTGGAAAGACCGGAT,B
B12_c2,,,B,B12_c2_TCTGGAAAGGTGCTAG,B
B12_c2,,,B,B12_c2_TCTTCGGCAGCTATTG,B
B12_c2,,,B,B12_c2_TCTTCGGGTCCCTTGT,B
B12_c2,,,B,B12_c2_TCTTTCCAGGCGATAC,B
B12_c2,HMN171234,NI,B,B12_c2_TGACAACAGAAGATTC,B
B12_c2,HMN171234,NI,B,B12_c2_TGAGAGGGTCCAGTTA,B
B12_c2,HMN171234,NI,B,B12_c2_TGAGCATAGCTAGTTC,B
B12_c2,,,B,B12_c2_TGAGCATCAATCCGAT,B
B12_c2,HMN171231,flu,B,B12_c2_TGAGCATTCATTGCCC,B
B12_c2,HMN171219,NI,B,B12_c2_TGAGCCGTCGGTGTTA,B
B12_c2,HMN171234,NI,B,B12_c2_TGAGGGAAGGCAATTA,B
B12_c2,,,B,B12_c2_TGAGGGAAGTACGTAA,B
B12_c2,,,B,B12_c2_TGAGGGAGTCTAGTCA,B
B12_c2,,,B,B12_c2_TGATTTCTCCAATGGT,B
B12_c2,HMN171240,NI,B,B12_c2_TGCACCTCATTTGCCC,B
B12_c2,,,B,B12_c2_TGCACCTTCAACGCTA,B
B12_c2,HMN171219,NI,B,B12_c2_TGCACCTTCTGCCAGG,B
B12_c2,HMN171231,flu,B,B12_c2_TGCCAAATCCTGTACC,B
B12_c2,HMN171234,NI,B,B12_c2_TGCCAAATCTAACCGA,B
B12_c2,HMN171231,flu,B,B12_c2_TGCCCATCATGGAATA,B
B12_c2,,,B,B12_c2_TGCCCATGTACAGTGG,B
B12_c2,HMN171234,NI,B,B12_c2_TGCCCTAGTTTGTTGG,B
B12_c2,HMN171219,NI,B,B12_c2_TGCGGGTCAGGGTTAG,B
B12_c2,HMN171234,NI,B,B12_c2_TGCGTGGCATCCGGGT,B
B12_c2,HMN171234,NI,B,B12_c2_TGCGTGGGTCCGTCAG,B
B12_c2,HMN171234,NI,B,B12_c2_TGCTGCTAGCCCGAAA,B
B12_c2,,,B,B12_c2_TGGGAAGAGCGACGTA,B
B12_c2,,,B,B12_c2_TGGGCGTTCATAAAGG,B
B12_c2,HMN171234,NI,B,B12_c2_TGGTTCCGTATCACCA,B
B12_c2,,,B,B12_c2_TGGTTCCGTTAAGATG,B
B12_c2,HMN171219,NI,B,B12_c2_TGTCCCAAGATGTAAC,B
B12_c2,,,B,B12_c2_TGTCCCACACGAAACG,B
B12_c2,HMN171234,NI,B,B12_c2_TGTTCCGAGGGAACGG,B
B12_c2,HMN171234,NI,B,B12_c2_TTAACTCTCATGTCTT,B
B12_c2,,,B,B12_c2_TTATGCTAGGGATGGG,B
B12_c2,,,B,B12_c2_TTATGCTTCAGCTCGG,B
B12_c2,,,B,B12_c2_TTCTACACAACACCTA,B
B12_c2,,,B,B12_c2_TTCTCCTGTTATGCGT,B
B12_c2,,,B,B12_c2_TTCTCCTGTTGACGTT,B
B12_c2,,,B,B12_c2_TTCTTAGCATTGCGGC,B
B12_c2,HMN171219,NI,B,B12_c2_TTCTTAGGTGGCCCTA,B
B12_c2,,,B,B12_c2_TTCTTAGTCTACCTGC,B
B12_c2,,,B,B12_c2_TTGAACGAGCTGTCTA,B
B12_c2,HMN171219,NI,B,B12_c2_TTGACTTAGGTTACCT,B
B12_c2,,,B,B12_c2_TTGACTTAGTGGACGT,B
B12_c2,HMN171219,NI,B,B12_c2_TTGCCGTTCTTATCTG,B
B12_c2,,,B,B12_c2_TTGCGTCCATCCAACA,B
B12_c2,,,B,B12_c2_TTGCGTCGTACTTGAC,B
B12_c2,,,B,B12_c2_TTGTAGGCACCCATTC,B
B12_c2,,,B,B12_c2_TTGTAGGCAGGAATGC,B
B12_c2,HMN171216,flu,B,B12_c2_TTGTAGGTCCACGTGG,B
B12_c2,HMN171234,NI,B,B12_c2_TTTACTGAGTACGACG,B
B12_c2,HMN171219,NI,B,B12_c2_TTTACTGCAGTGACAG,B
B12_c2,HMN171219,NI,B,B12_c2_TTTGGTTGTGACTACT,B
B12_c2,,,B,B12_c2_TTTGGTTTCACTTCAT,B
B13_c1,HMN171239,NI,B,B13_c1_AAACCTGTCAATACCG,B
B13_c1,HMN171222,NI,B,B13_c1_AAAGTAGCAAAGGCGT,B
B13_c1,HMN171239,NI,B,B13_c1_AAATGCCCATTACGAC,B
B13_c1,HMN171239,NI,B,B13_c1_AACACGTCATAGACTC,B
B13_c1,,,B,B13_c1_AACTCCCGTTCATGGT,B
B13_c1,,,B,B13_c1_AACTCTTTCTTGTCAT,B
B13_c1,HMN171222,NI,B,B13_c1_AACTTTCGTCATCCCT,B
B13_c1,HMN171222,NI,B,B13_c1_AACTTTCTCCCTTGTG,B
B13_c1,HMN171222,NI,B,B13_c1_AAGACCTGTTACTGAC,B
B13_c1,HMN171239,NI,B,B13_c1_AAGCCGCAGAAACGCC,B
B13_c1,HMN171221,NI,B,B13_c1_AAGCCGCGTACTTGAC,B
B13_c1,HMN171221,NI,B,B13_c1_AAGGAGCCAACTTGAC,B
B13_c1,HMN171239,NI,B,B13_c1_AAGGAGCCAGTGAGTG,B
B13_c1,HMN171222,NI,B,B13_c1_AAGGAGCCATGCCTTC,B
B13_c1,HMN171222,NI,B,B13_c1_AATCGGTAGCCAGTAG,B
B13_c1,HMN171222,NI,B,B13_c1_ACACCAATCAGCGACC,B
B13_c1,HMN171221,NI,B,B13_c1_ACACCCTAGTTCGATC,B
B13_c1,HMN171221,NI,B,B13_c1_ACACCCTCACCACGTG,B
B13_c1,HMN171239,NI,B,B13_c1_ACACCCTGTTTGCATG,B
B13_c1,HMN171222,NI,B,B13_c1_ACACCGGAGCGCTCCA,B
B13_c1,HMN171221,NI,B,B13_c1_ACACCGGCAAGTCTAC,B
B13_c1,HMN171222,NI,B,B13_c1_ACAGCCGCATCACGTA,B
B13_c1,HMN171226,flu,B,B13_c1_ACAGCTAGTGAGTATA,B
B13_c1,,,B,B13_c1_ACAGCTATCAACTCTT,B
B13_c1,,,B,B13_c1_ACATCAGAGCAATCTC,B
B13_c1,HMN171221,NI,B,B13_c1_ACATGGTAGTGGAGTC,B
B13_c1,HMN171221,NI,B,B13_c1_ACATGGTCATGCATGT,B
B13_c1,HMN171222,NI,B,B13_c1_ACATGGTGTAGCCTCG,B
B13_c1,HMN171221,NI,B,B13_c1_ACCCACTAGACAATAC,B
B13_c1,HMN171221,NI,B,B13_c1_ACGAGCCGTAATCACC,B
B13_c1,HMN171239,NI,B,B13_c1_ACGCCAGGTGCAGGTA,B
B13_c1,HMN171221,NI,B,B13_c1_ACGCCGATCACCGTAA,B
B13_c1,,,B,B13_c1_ACGGCCAAGAAACCGC,B
B13_c1,HMN171221,NI,B,B13_c1_ACGGCCAAGAGGTACC,B
B13_c1,,,B,B13_c1_ACGGCCAAGTGAACAT,B
B13_c1,HMN171239,NI,B,B13_c1_ACGGCCAGTCAACTGT,B
B13_c1,HMN171239,NI,B,B13_c1_ACGGGCTGTACCGGCT,B
B13_c1,,,B,B13_c1_ACGTCAATCCGCATAA,B
B13_c1,,,B,B13_c1_ACTATCTCAACGCACC,B
B13_c1,HMN171222,NI,B,B13_c1_ACTATCTTCCTGCAGG,B
B13_c1,HMN171222,NI,B,B13_c1_ACTATCTTCTAGAGTC,B
B13_c1,,,B,B13_c1_ACTGAACCAGCTGCAC,B
B13_c1,,,B,B13_c1_ACTGAGTCAGGAATCG,B
B13_c1,,,B,B13_c1_ACTGCTCCAATCGGTT,B
B13_c1,HMN171239,NI,B,B13_c1_ACTTACTGTGTTAAGA,B
B13_c1,HMN171239,NI,B,B13_c1_ACTTGTTGTATTCGTG,B
B13_c1,HMN171239,NI,B,B13_c1_ACTTGTTGTGCAGGTA,B
B13_c1,HMN171222,NI,B,B13_c1_ACTTTCAAGCCTTGAT,B
B13_c1,HMN171221,NI,B,B13_c1_ACTTTCACATACTACG,B
B13_c1,,,B,B13_c1_ACTTTCAGTTCCGGCA,B
B13_c1,HMN171239,NI,B,B13_c1_AGACGTTGTGGACGAT,B
B13_c1,HMN171239,NI,B,B13_c1_AGAGCGATCAGAAATG,B
B13_c1,HMN171222,NI,B,B13_c1_AGAGCTTAGGTGCTTT,B
B13_c1,HMN171239,NI,B,B13_c1_AGAGTGGTCGTATCAG,B
B13_c1,HMN171222,NI,B,B13_c1_AGATCTGGTAAACGCG,B
B13_c1,HMN171222,NI,B,B13_c1_AGATTGCAGGAATTAC,B
B13_c1,,,B,B13_c1_AGATTGCGTAAACCTC,B
B13_c1,HMN171239,NI,B,B13_c1_AGCATACAGTAGCGGT,B
B13_c1,HMN171222,NI,B,B13_c1_AGCCTAATCTTGAGGT,B
B13_c1,,,B,B13_c1_AGCGGTCAGGCCCTCA,B
B13_c1,HMN171222,NI,B,B13_c1_AGCGGTCGTTACGGAG,B
B13_c1,HMN171239,NI,B,B13_c1_AGCGTATTCAAACCAC,B
B13_c1,HMN171222,NI,B,B13_c1_AGCTCTCTCTTGCAAG,B
B13_c1,HMN171239,NI,B,B13_c1_AGCTTGATCACGGTTA,B
B13_c1,HMN171222,NI,B,B13_c1_AGCTTGATCGAGGTAG,B
B13_c1,,,B,B13_c1_AGGCCACTCAGAAATG,B
B13_c1,,,B,B13_c1_AGGCCGTGTCTAACGT,B
B13_c1,,,B,B13_c1_AGGGAGTCATGTCCTC,B
B13_c1,HMN171221,NI,B,B13_c1_AGGGTGAGTCATGCAT,B
B13_c1,HMN171239,NI,B,B13_c1_AGGTCATCAAGTACCT,B
B13_c1,HMN171221,NI,B,B13_c1_AGGTCATCAGTTCCCT,B
B13_c1,HMN171221,NI,B,B13_c1_AGGTCATCATGCTGGC,B
B13_c1,,,B,B13_c1_AGGTCATGTACTCAAC,B
B13_c1,,,B,B13_c1_AGGTCCGAGTCTCAAC,B
B13_c1,,,B,B13_c1_AGGTCCGGTCTAGGTT,B
B13_c1,,,B,B13_c1_AGGTCCGTCTTGAGGT,B
B13_c1,HMN171222,NI,B,B13_c1_AGTCTTTAGATCCTGT,B
B13_c1,HMN171239,NI,B,B13_c1_AGTCTTTCACAACGTT,B
B13_c1,HMN171221,NI,B,B13_c1_AGTGGGAAGTAACCCT,B
B13_c1,HMN171221,NI,B,B13_c1_AGTTGGTGTATGCTTG,B
B13_c1,,,B,B13_c1_AGTTGGTGTCTTGTCC,B
B13_c1,,,B,B13_c1_ATAGACCGTTGAGTTC,B
B13_c1,,,B,B13_c1_ATCATCTAGGTGCTAG,B
B13_c1,,,B,B13_c1_ATCATCTTCTTGACGA,B
B13_c1,,,B,B13_c1_ATCATGGCAGCTGCAC,B
B13_c1,HMN171239,NI,B,B13_c1_ATCCACCAGAACAATC,B
B13_c1,HMN171221,NI,B,B13_c1_ATCGAGTAGTGGGATC,B
B13_c1,HMN171239,NI,B,B13_c1_ATCGAGTTCACATACG,B
B13_c1,HMN171222,NI,B,B13_c1_ATCTACTTCAGCAACT,B
B13_c1,HMN171222,NI,B,B13_c1_ATCTGCCAGAGCCTAG,B
B13_c1,HMN171239,NI,B,B13_c1_ATCTGCCAGGGATGGG,B
B13_c1,HMN171221,NI,B,B13_c1_ATCTGCCAGTGTACGG,B
B13_c1,,,B,B13_c1_ATGCGATCAATGAAAC,B
B13_c1,HMN171221,NI,B,B13_c1_ATGCGATCACAACTGT,B
B13_c1,,,B,B13_c1_ATGTGTGAGTCAATAG,B
B13_c1,,,B,B13_c1_ATGTGTGGTTGGACCC,B
B13_c1,HMN171222,NI,B,B13_c1_ATTACTCGTCACCCAG,B
B13_c1,HMN171222,NI,B,B13_c1_ATTATCCCAGATCGGA,B
B13_c1,HMN171221,NI,B,B13_c1_ATTATCCGTACGACCC,B
B13_c1,,,B,B13_c1_ATTCTACTCCATTCTA,B
B13_c1,,,B,B13_c1_ATTGGACAGAGGGATA,B
B13_c1,,,B,B13_c1_ATTGGACGTAGGGACT,B
B13_c1,HMN171221,NI,B,B13_c1_ATTGGTGCATTCCTCG,B
B13_c1,HMN171222,NI,B,B13_c1_ATTTCTGGTCGGATCC,B
B13_c1,,,B,B13_c1_CAACCAAGTCTAGAGG,B
B13_c1,HMN171222,NI,B,B13_c1_CAACCTCCAACACCTA,B
B13_c1,,,B,B13_c1_CAACCTCGTAGCGTGA,B
B13_c1,HMN171222,NI,B,B13_c1_CAACTAGCACCTTGTC,B
B13_c1,HMN171221,NI,B,B13_c1_CAAGAAACAGAGTGTG,B
B13_c1,HMN171221,NI,B,B13_c1_CAAGAAATCCTATGTT,B
B13_c1,HMN171221,NI,B,B13_c1_CACAAACCAAGCCGCT,B
B13_c1,HMN171239,NI,B,B13_c1_CACACCTAGATTACCC,B
B13_c1,HMN171222,NI,B,B13_c1_CACACTCAGGAGTACC,B
B13_c1,HMN171221,NI,B,B13_c1_CACACTCGTGAGGGTT,B
B13_c1,,,B,B13_c1_CACAGGCAGGGATGGG,B
B13_c1,HMN171239,NI,B,B13_c1_CACATTTTCAGGCCCA,B
B13_c1,,,B,B13_c1_CACCACTAGTACACCT,B
B13_c1,HMN171239,NI,B,B13_c1_CACCAGGAGGCCCTCA,B
B13_c1,HMN171222,NI,B,B13_c1_CACCAGGGTAGCTTGT,B
B13_c1,,,B,B13_c1_CACCAGGGTTACGACT,B
B13_c1,HMN171239,NI,B,B13_c1_CACTCCATCGGATGGA,B
B13_c1,,,B,B13_c1_CACTCCATCTAAGCCA,B
B13_c1,,,B,B13_c1_CAGAATCCATACGCTA,B
B13_c1,HMN171239,NI,B,B13_c1_CAGAATCGTATTCGTG,B
B13_c1,HMN171239,NI,B,B13_c1_CAGAGAGAGCACCGTC,B
B13_c1,HMN171221,NI,B,B13_c1_CAGATCATCTAACTCT,B
B13_c1,HMN171222,NI,B,B13_c1_CAGCATACATGGATGG,B
B13_c1,HMN171239,NI,B,B13_c1_CAGCGACGTAGCCTAT,B
B13_c1,HMN171221,NI,B,B13_c1_CAGCTAAAGAGCAATT,B
B13_c1,,,B,B13_c1_CAGCTAACACTTAACG,B
B13_c1,HMN171239,NI,B,B13_c1_CAGCTAATCTTGCATT,B
B13_c1,HMN171221,NI,B,B13_c1_CAGCTGGCACGTCTCT,B
B13_c1,HMN171222,NI,B,B13_c1_CAGGTGCTCCACGACG,B
B13_c1,HMN171224,flu,B,B13_c1_CAGTCCTTCCTTAATC,B
B13_c1,,,B,B13_c1_CATATGGAGAACAATC,B
B13_c1,HMN171222,NI,B,B13_c1_CATATGGAGTCTCAAC,B
B13_c1,HMN171239,NI,B,B13_c1_CATATTCAGGAGCGAG,B
B13_c1,HMN171221,NI,B,B13_c1_CATATTCCAATGTTGC,B
B13_c1,HMN171222,NI,B,B13_c1_CATCAGAAGAGACGAA,B
B13_c1,HMN171239,NI,B,B13_c1_CATCAGATCTCAACTT,B
B13_c1,HMN171239,NI,B,B13_c1_CATCGAATCCGTTGCT,B
B13_c1,HMN171222,NI,B,B13_c1_CATCGGGCATCAGTAC,B
B13_c1,HMN171221,NI,B,B13_c1_CATGACAGTGCTCTTC,B
B13_c1,HMN171222,NI,B,B13_c1_CATGGCGTCAAACCAC,B
B13_c1,HMN171221,NI,B,B13_c1_CCACCTAGTTCGCTAA,B
B13_c1,HMN171221,NI,B,B13_c1_CCACTACCATTTCACT,B
B13_c1,,,B,B13_c1_CCACTACGTGATGTGG,B
B13_c1,HMN171239,NI,B,B13_c1_CCACTACTCCCAGGTG,B
B13_c1,HMN171222,NI,B,B13_c1_CCAGCGATCACTCTTA,B
B13_c1,HMN171222,NI,B,B13_c1_CCAGCGATCTTGACGA,B
B13_c1,HMN171239,NI,B,B13_c1_CCATGTCGTTGAGTTC,B
B13_c1,HMN171222,NI,B,B13_c1_CCATGTCTCATCGGAT,B
B13_c1,HMN171239,NI,B,B13_c1_CCCAGTTGTGAGGGTT,B
B13_c1,HMN171239,NI,B,B13_c1_CCCAGTTTCACAACGT,B
B13_c1,HMN171239,NI,B,B13_c1_CCCAGTTTCTATCCTA,B
B13_c1,,,B,B13_c1_CCGTGGACAATCCGAT,B
B13_c1,HMN171222,NI,B,B13_c1_CCGTTCATCGGTCTAA,B
B13_c1,,,B,B13_c1_CCTATTATCGAATGCT,B
B13_c1,HMN171221,NI,B,B13_c1_CCTCTGATCTATCGCC,B
B13_c1,HMN171222,NI,B,B13_c1_CCTTACGCAAGTAATG,B
B13_c1,,,B,B13_c1_CCTTACGGTCCAGTAT,B
B13_c1,HMN171222,NI,B,B13_c1_CCTTCCCAGCGAGAAA,B
B13_c1,,,B,B13_c1_CCTTCCCTCGCGTAGC,B
B13_c1,,,B,B13_c1_CCTTTCTCACCGAATT,B
B13_c1,HMN171221,NI,B,B13_c1_CCTTTCTGTAACGTTC,B
B13_c1,HMN171221,NI,B,B13_c1_CGAATGTGTTCTGGTA,B
B13_c1,,,B,B13_c1_CGACTTCCAGGATTGG,B
B13_c1,HMN171239,NI,B,B13_c1_CGACTTCTCCCGACTT,B
B13_c1,,,B,B13_c1_CGACTTCTCTTGTACT,B
B13_c1,HMN171221,NI,B,B13_c1_CGAGCCATCTGGCGAC,B
B13_c1,HMN171221,NI,B,B13_c1_CGATCGGCACATTAGC,B
B13_c1,,,B,B13_c1_CGATCGGTCGGCGCTA,B
B13_c1,HMN171221,NI,B,B13_c1_CGATGTAAGGGAACGG,B
B13_c1,HMN171239,NI,B,B13_c1_CGATTGATCAAACCAC,B
B13_c1,,,B,B13_c1_CGCCAAGCACCCATTC,B
B13_c1,,,B,B13_c1_CGCGGTAGTTGGAGGT,B
B13_c1,,,B,B13_c1_CGCGGTATCTCCGGTT,B
B13_c1,HMN171222,NI,B,B13_c1_CGCGTTTGTGTATGGG,B
B13_c1,HMN171221,NI,B,B13_c1_CGGACACAGACCACGA,B
B13_c1,,,B,B13_c1_CGGACACAGTATCGAA,B
B13_c1,,,B,B13_c1_CGGACACCAATCTACG,B
B13_c1,HMN171221,NI,B,B13_c1_CGGACGTGTCCGAAGA,B
B13_c1,HMN171222,NI,B,B13_c1_CGGACTGTCCTGCCAT,B
B13_c1,HMN171221,NI,B,B13_c1_CGGACTGTCTTGTTTG,B
B13_c1,,,B,B13_c1_CGGAGTCAGCTAAGAT,B
B13_c1,,,B,B13_c1_CGGGTCACAGACAAGC,B
B13_c1,HMN171239,NI,B,B13_c1_CGGTTAACACAACTGT,B
B13_c1,HMN171221,NI,B,B13_c1_CGTAGGCAGCCAGTAG,B
B13_c1,HMN171221,NI,B,B13_c1_CGTCACTTCGTTTAGG,B
B13_c1,HMN171239,NI,B,B13_c1_CGTCCATTCAGGCCCA,B
B13_c1,,,B,B13_c1_CGTCCATTCGCGTAGC,B
B13_c1,HMN171239,NI,B,B13_c1_CGTCTACAGTTCGCAT,B
B13_c1,HMN171239,NI,B,B13_c1_CGTCTACTCCGTCATC,B
B13_c1,,,B,B13_c1_CGTGAGCCAACTGCTA,B
B13_c1,HMN171222,NI,B,B13_c1_CGTGAGCCACAGGTTT,B
B13_c1,,,B,B13_c1_CGTGAGCCATGGTCTA,B
B13_c1,,,B,B13_c1_CGTGTAAGTATTCTCT,B
B13_c1,HMN171226,flu,B,B13_c1_CGTGTCTGTAGCTTGT,B
B13_c1,,,B,B13_c1_CGTGTCTTCCCTAATT,B
B13_c1,HMN171222,NI,B,B13_c1_CGTTAGATCGTTTATC,B
B13_c1,,,B,B13_c1_CGTTCTGCATACGCCG,B
B13_c1,HMN171221,NI,B,B13_c1_CGTTCTGTCACGCATA,B
B13_c1,HMN171239,NI,B,B13_c1_CGTTGGGAGGGAGTAA,B
B13_c1,HMN171221,NI,B,B13_c1_CTAACTTGTTCCCGAG,B
B13_c1,,,B,B13_c1_CTAAGACAGTCATGCT,B
B13_c1,HMN171222,NI,B,B13_c1_CTAAGACGTTAGATGA,B
B13_c1,,,B,B13_c1_CTAAGACGTTTAGCTG,B
B13_c1,,,B,B13_c1_CTAATGGAGCTAGTGG,B
B13_c1,HMN171221,NI,B,B13_c1_CTACATTCAGGTGCCT,B
B13_c1,HMN171239,NI,B,B13_c1_CTACATTCATGCTAGT,B
B13_c1,HMN171222,NI,B,B13_c1_CTACATTTCAGCTTAG,B
B13_c1,,,B,B13_c1_CTACATTTCTTGCAAG,B
B13_c1,,,B,B13_c1_CTACCCACACGGCTAC,B
B13_c1,HMN171221,NI,B,B13_c1_CTACGTCGTGGTTTCA,B
B13_c1,HMN171221,NI,B,B13_c1_CTAGAGTAGAAGAAGC,B
B13_c1,HMN171221,NI,B,B13_c1_CTAGAGTCATTGGTAC,B
B13_c1,HMN171221,NI,B,B13_c1_CTAGCCTAGGCAATTA,B
B13_c1,,,B,B13_c1_CTCACACTCTTGTTTG,B
B13_c1,HMN171221,NI,B,B13_c1_CTCATTACATGCAATC,B
B13_c1,HMN171239,NI,B,B13_c1_CTCCTAGAGACCTTTG,B
B13_c1,HMN171239,NI,B,B13_c1_CTCCTAGAGGCTCTTA,B
B13_c1,HMN171221,NI,B,B13_c1_CTCCTAGTCACATGCA,B
B13_c1,,,B,B13_c1_CTCGAAAGTGATGTCT,B
B13_c1,HMN171221,NI,B,B13_c1_CTCGAAATCGGCGGTT,B
B13_c1,HMN171239,NI,B,B13_c1_CTCGAGGAGAAGATTC,B
B13_c1,,,B,B13_c1_CTCGGAGAGCAGCCTC,B
B13_c1,HMN171222,NI,B,B13_c1_CTCGGAGGTCGAATCT,B
B13_c1,HMN171221,NI,B,B13_c1_CTCGGGAGTGTGGCTC,B
B13_c1,HMN171221,NI,B,B13_c1_CTCGTACCAATGCCAT,B
B13_c1,HMN171221,NI,B,B13_c1_CTCGTCATCAACACTG,B
B13_c1,HMN171239,NI,B,B13_c1_CTCTAATGTAGAGCTG,B
B13_c1,HMN171239,NI,B,B13_c1_CTCTACGGTAGCCTAT,B
B13_c1,,,B,B13_c1_CTCTGGTAGTAGTGCG,B
B13_c1,HMN171221,NI,B,B13_c1_CTGAAACAGAGGTTGC,B
B13_c1,HMN171221,NI,B,B13_c1_CTGAAACTCTACCTGC,B
B13_c1,,,B,B13_c1_CTGATCCGTTCACGGC,B
B13_c1,HMN171221,NI,B,B13_c1_CTGCGGAAGCAGACTG,B
B13_c1,HMN171222,NI,B,B13_c1_CTTACCGAGCTACCGC,B
B13_c1,HMN171222,NI,B,B13_c1_CTTAGGATCCCGACTT,B
B13_c1,HMN171239,NI,B,B13_c1_CTTAGGATCGATGAGG,B
B13_c1,,,B,B13_c1_CTTCTCTGTCATACTG,B
B13_c1,HMN171221,NI,B,B13_c1_CTTTGCGAGTCCGGTC,B
B13_c1,,,B,B13_c1_GAAACTCGTCTTGTCC,B
B13_c1,HMN171221,NI,B,B13_c1_GAAATGAAGTCGAGTG,B
B13_c1,,,B,B13_c1_GAACATCGTAGCGCAA,B
B13_c1,HMN171221,NI,B,B13_c1_GAACCTACAACGATGG,B
B13_c1,HMN171239,NI,B,B13_c1_GAACCTAGTTACCGAT,B
B13_c1,,,B,B13_c1_GACACGCAGTACGATA,B
B13_c1,HMN171222,NI,B,B13_c1_GACACGCGTTAAGAAC,B
B13_c1,,,B,B13_c1_GACAGAGAGAGACTTA,B
B13_c1,HMN171221,NI,B,B13_c1_GACAGAGCAGCTGTAT,B
B13_c1,,,B,B13_c1_GACCTGGCATCGGGTC,B
B13_c1,HMN171222,NI,B,B13_c1_GACGGCTCAGGTCTCG,B
B13_c1,HMN171239,NI,B,B13_c1_GACGTGCAGAGAACAG,B
B13_c1,,,B,B13_c1_GACGTGCGTCATACTG,B
B13_c1,,,B,B13_c1_GACGTTAAGAGTGACC,B
B13_c1,,,B,B13_c1_GACGTTAAGCGGATCA,B
B13_c1,,,B,B13_c1_GACTACATCCGCGGTA,B
B13_c1,HMN171239,NI,B,B13_c1_GACTGCGGTGGAAAGA,B
B13_c1,,,B,B13_c1_GACTGCGGTTGATTCG,B
B13_c1,HMN171222,NI,B,B13_c1_GAGCAGAGTATTCTCT,B
B13_c1,,,B,B13_c1_GAGGTGAGTTGTGGCC,B
B13_c1,,,B,B13_c1_GAGTCCGTCAGGCCCA,B
B13_c1,,,B,B13_c1_GATCGATCAGTATGCT,B
B13_c1,,,B,B13_c1_GATCGCGAGTAACCCT,B
B13_c1,HMN171222,NI,B,B13_c1_GATCGCGTCTTGAGAC,B
B13_c1,,,B,B13_c1_GATCGTACACCAGGCT,B
B13_c1,HMN171239,NI,B,B13_c1_GATCGTAGTATCAGTC,B
B13_c1,,,B,B13_c1_GATCTAGAGGTGCAAC,B
B13_c1,HMN171239,NI,B,B13_c1_GATCTAGAGTGTGAAT,B
B13_c1,,,B,B13_c1_GATCTAGCATAAGACA,B
B13_c1,HMN171239,NI,B,B13_c1_GATGAAAAGGGCACTA,B
B13_c1,,,B,B13_c1_GATGAGGCACCGTTGG,B
B13_c1,,,B,B13_c1_GATGAGGTCGCCCTTA,B
B13_c1,HMN171221,NI,B,B13_c1_GATTCAGGTCGCATAT,B
B13_c1,HMN171239,NI,B,B13_c1_GCAAACTCATCGGAAG,B
B13_c1,,,B,B13_c1_GCAAACTGTCCGAGTC,B
B13_c1,,,B,B13_c1_GCAAACTTCTTTAGGG,B
B13_c1,,,B,B13_c1_GCAGCCAGTGACGCCT,B
B13_c1,HMN171221,NI,B,B13_c1_GCAGCCATCAAACAAG,B
B13_c1,,,B,B13_c1_GCAGCCATCATCATTC,B
B13_c1,HMN171221,NI,B,B13_c1_GCAGTTAAGAAACCTA,B
B13_c1,HMN171239,NI,B,B13_c1_GCATGATCAATCTGCA,B
B13_c1,,,B,B13_c1_GCATGCGTCTAACTTC,B
B13_c1,,,B,B13_c1_GCATGTAGTTATGTGC,B
B13_c1,HMN171221,NI,B,B13_c1_GCATGTATCTTCTGGC,B
B13_c1,,,B,B13_c1_GCCAAATAGTTCGCGC,B
B13_c1,,,B,B13_c1_GCCAAATGTAACGTTC,B
B13_c1,,,B,B13_c1_GCCAAATGTCATATGC,B
B13_c1,HMN171222,NI,B,B13_c1_GCGAGAACAGGACCCT,B
B13_c1,HMN171222,NI,B,B13_c1_GCGAGAAGTGCTCTTC,B
B13_c1,HMN171239,NI,B,B13_c1_GCGGGTTAGACAGACC,B
B13_c1,HMN171239,NI,B,B13_c1_GCGGGTTTCCGCAGTG,B
B13_c1,HMN171221,NI,B,B13_c1_GCTCCTACAGTAGAGC,B
B13_c1,,,B,B13_c1_GCTCTGTCAACGATGG,B
B13_c1,,,B,B13_c1_GCTGCAGTCTGAGTGT,B
B13_c1,HMN171224,flu,B,B13_c1_GCTGCGACAGCCAATT,B
B13_c1,HMN171221,NI,B,B13_c1_GCTGCGACAGCTGCAC,B
B13_c1,HMN171221,NI,B,B13_c1_GCTGCGAGTTGTGGCC,B
B13_c1,HMN171239,NI,B,B13_c1_GCTGCGATCGGAAATA,B
B13_c1,HMN171239,NI,B,B13_c1_GCTGGGTAGATATGGT,B
B13_c1,,,B,B13_c1_GCTTCCACATAACCTG,B
B13_c1,HMN171221,NI,B,B13_c1_GGAAAGCGTATAGTAG,B
B13_c1,HMN171221,NI,B,B13_c1_GGAACTTAGAAACCTA,B
B13_c1,,,B,B13_c1_GGAACTTCAAGCGATG,B
B13_c1,HMN171239,NI,B,B13_c1_GGACAGAAGAAACCTA,B
B13_c1,,,B,B13_c1_GGACAGAAGGCGACAT,B
B13_c1,HMN171221,NI,B,B13_c1_GGACAGACAGGAACGT,B
B13_c1,HMN171239,NI,B,B13_c1_GGACGTCAGAATGTTG,B
B13_c1,,,B,B13_c1_GGAGCAAGTAAACACA,B
B13_c1,HMN171221,NI,B,B13_c1_GGAGCAAGTAGCCTAT,B
B13_c1,,,B,B13_c1_GGATGTTGTGTGAAAT,B
B13_c1,HMN171221,NI,B,B13_c1_GGATTACTCTCCAGGG,B
B13_c1,,,B,B13_c1_GGCAATTGTCATGCAT,B
B13_c1,,,B,B13_c1_GGCTGGTTCGGCGGTT,B
B13_c1,,,B,B13_c1_GGGAATGCATCCGCGA,B
B13_c1,,,B,B13_c1_GGGAATGTCAGGATCT,B
B13_c1,HMN171221,NI,B,B13_c1_GGGACCTGTAAACCTC,B
B13_c1,HMN171222,NI,B,B13_c1_GGGACCTTCTCTTGAT,B
B13_c1,HMN171221,NI,B,B13_c1_GGGCATCCATTTCACT,B
B13_c1,HMN171222,NI,B,B13_c1_GGGTTGCAGGTAAACT,B
B13_c1,HMN171221,NI,B,B13_c1_GGGTTGCGTGCATCTA,B
B13_c1,HMN171222,NI,B,B13_c1_GGTGCGTAGCACGCCT,B
B13_c1,HMN171222,NI,B,B13_c1_GGTGTTATCTGTCAAG,B
B13_c1,HMN171222,NI,B,B13_c1_GTAACGTAGGTAAACT,B
B13_c1,,,B,B13_c1_GTAACGTGTCTCTCGT,B
B13_c1,HMN171239,NI,B,B13_c1_GTAACGTGTGTATGGG,B
B13_c1,,,B,B13_c1_GTAACGTGTTCACCTC,B
B13_c1,,,B,B13_c1_GTAACTGAGAACAACT,B
B13_c1,HMN171239,NI,B,B13_c1_GTAACTGCATAGAAAC,B
B13_c1,,,B,B13_c1_GTACTTTCACCGAAAG,B
B13_c1,HMN171221,NI,B,B13_c1_GTACTTTGTTGTCGCG,B
B13_c1,,,B,B13_c1_GTACTTTTCGCCATAA,B
B13_c1,HMN171239,NI,B,B13_c1_GTACTTTTCTTGCCGT,B
B13_c1,HMN171221,NI,B,B13_c1_GTAGTCACAGATCCAT,B
B13_c1,,,B,B13_c1_GTATCTTAGCTAGGCA,B
B13_c1,HMN171239,NI,B,B13_c1_GTATCTTGTTCTGAAC,B
B13_c1,HMN171222,NI,B,B13_c1_GTATCTTTCTTCATGT,B
B13_c1,HMN171239,NI,B,B13_c1_GTATTCTAGGGCATGT,B
B13_c1,HMN171221,NI,B,B13_c1_GTATTCTTCCCAAGAT,B
B13_c1,HMN171239,NI,B,B13_c1_GTCAAGTTCAGTCCCT,B
B13_c1,,,B,B13_c1_GTCACGGCAGGAATCG,B
B13_c1,HMN171222,NI,B,B13_c1_GTCATTTAGTGGACGT,B
B13_c1,HMN171221,NI,B,B13_c1_GTCCTCAAGAACTGTA,B
B13_c1,HMN171221,NI,B,B13_c1_GTGAAGGAGCCCAGCT,B
B13_c1,HMN171221,NI,B,B13_c1_GTGAAGGCACCAGCAC,B
B13_c1,HMN171222,NI,B,B13_c1_GTGAAGGCAGTATCTG,B
B13_c1,HMN171221,NI,B,B13_c1_GTGCAGCTCTGTACGA,B
B13_c1,HMN171226,flu,B,B13_c1_GTGCATACACGCATCG,B
B13_c1,,,B,B13_c1_GTGCATATCGTCTGAA,B
B13_c1,HMN171222,NI,B,B13_c1_GTGCGGTGTATCAGTC,B
B13_c1,HMN171222,NI,B,B13_c1_GTGGGTCCAATGGAGC,B
B13_c1,HMN171222,NI,B,B13_c1_GTGTGCGAGAAGGTGA,B
B13_c1,HMN171239,NI,B,B13_c1_GTGTTAGAGCGCCTTG,B
B13_c1,HMN171239,NI,B,B13_c1_GTGTTAGCATTTGCTT,B
B13_c1,HMN171239,NI,B,B13_c1_GTGTTAGTCACAAACC,B
B13_c1,HMN171239,NI,B,B13_c1_GTTACAGCAGGGTACA,B
B13_c1,HMN171239,NI,B,B13_c1_GTTACAGTCAACGAAA,B
B13_c1,HMN171222,NI,B,B13_c1_GTTCATTGTTGGGACA,B
B13_c1,,,B,B13_c1_GTTCGGGGTTCACCTC,B
B13_c1,,,B,B13_c1_GTTCGGGTCTAAGCCA,B
B13_c1,,,B,B13_c1_GTTTCTAGTCAAAGCG,B
B13_c1,HMN171222,NI,B,B13_c1_GTTTCTATCATCGATG,B
B13_c1,HMN171239,NI,B,B13_c1_GTTTCTATCTGATTCT,B
B13_c1,,,B,B13_c1_TAAACCGCAATCCAAC,B
B13_c1,,,B,B13_c1_TAAGTGCTCTATCCCG,B
B13_c1,,,B,B13_c1_TACACGAAGAGATGAG,B
B13_c1,,,B,B13_c1_TACAGTGAGCCTCGTG,B
B13_c1,,,B,B13_c1_TACCTTAAGTCTCCTC,B
B13_c1,HMN171239,NI,B,B13_c1_TACGGGCCACGACGAA,B
B13_c1,HMN171221,NI,B,B13_c1_TACGGGCCAGAGCCAA,B
B13_c1,HMN171239,NI,B,B13_c1_TACGGGCGTTCAACCA,B
B13_c1,HMN171239,NI,B,B13_c1_TACGGGCTCAATCACG,B
B13_c1,HMN171221,NI,B,B13_c1_TACGGTACAGTCACTA,B
B13_c1,HMN171221,NI,B,B13_c1_TACGGTAGTGAAGGCT,B
B13_c1,,,B,B13_c1_TACTCATTCTTACCGC,B
B13_c1,HMN171239,NI,B,B13_c1_TACTTACGTAGATTAG,B
B13_c1,,,B,B13_c1_TACTTGTAGGATGTAT,B
B13_c1,HMN171222,NI,B,B13_c1_TACTTGTTCGAACTGT,B
B13_c1,,,B,B13_c1_TACTTGTTCTCGTATT,B
B13_c1,HMN171239,NI,B,B13_c1_TAGACCACAAGCCCAC,B
B13_c1,,,B,B13_c1_TAGACCACATCCTTGC,B
B13_c1,HMN171239,NI,B,B13_c1_TAGAGCTGTCCAGTGC,B
B13_c1,HMN171221,NI,B,B13_c1_TAGCCGGCAATGAATG,B
B13_c1,,,B,B13_c1_TAGTGGTAGGCTCATT,B
B13_c1,,,B,B13_c1_TAGTGGTGTGATGCCC,B
B13_c1,HMN171239,NI,B,B13_c1_TAGTGGTTCTTACCGC,B
B13_c1,HMN171221,NI,B,B13_c1_TATGCCCTCTACCTGC,B
B13_c1,HMN171239,NI,B,B13_c1_TCAACGAGTGGCCCTA,B
B13_c1,,,B,B13_c1_TCACAAGCAGGGTATG,B
B13_c1,HMN171221,NI,B,B13_c1_TCAGATGGTGGTGTAG,B
B13_c1,HMN171221,NI,B,B13_c1_TCAGCTCTCTGCCAGG,B
B13_c1,HMN171239,NI,B,B13_c1_TCAGGATTCAGGTTCA,B
B13_c1,,,B,B13_c1_TCATTTGGTATCAGTC,B
B13_c1,,,B,B13_c1_TCCCGATCAGGCGATA,B
B13_c1,HMN171221,NI,B,B13_c1_TCGAGGCCAGACAGGT,B
B13_c1,,,B,B13_c1_TCGCGAGCATTGGCGC,B
B13_c1,HMN171221,NI,B,B13_c1_TCGGGACCAGGATTGG,B
B13_c1,HMN171239,NI,B,B13_c1_TCGGTAAAGAGTACAT,B
B13_c1,,,B,B13_c1_TCGGTAAAGGATTCGG,B
B13_c1,HMN171239,NI,B,B13_c1_TCGGTAAAGTGCCATT,B
B13_c1,HMN171222,NI,B,B13_c1_TCGGTAACATGTCTCC,B
B13_c1,HMN171221,NI,B,B13_c1_TCGTACCCATGCAACT,B
B13_c1,,,B,B13_c1_TCGTACCCATTAGGCT,B
B13_c1,,,B,B13_c1_TCTATTGGTGAACCTT,B
B13_c1,HMN171239,NI,B,B13_c1_TCTGAGAAGCCCAATT,B
B13_c1,HMN171222,NI,B,B13_c1_TCTGAGACAGACACTT,B
B13_c1,HMN171239,NI,B,B13_c1_TCTGGAAGTCACACGC,B
B13_c1,HMN171239,NI,B,B13_c1_TGAAAGAGTCCTAGCG,B
B13_c1,HMN171239,NI,B,B13_c1_TGACAACGTTCGAATC,B
B13_c1,,,B,B13_c1_TGACGGCAGGTGACCA,B
B13_c1,,,B,B13_c1_TGACGGCCATTCGACA,B
B13_c1,HMN171239,NI,B,B13_c1_TGACTAGCAAGGACAC,B
B13_c1,HMN171221,NI,B,B13_c1_TGACTAGCACACAGAG,B
B13_c1,HMN171239,NI,B,B13_c1_TGAGCCGCAAGCGCTC,B
B13_c1,HMN171221,NI,B,B13_c1_TGAGCCGCATGGGACA,B
B13_c1,,,B,B13_c1_TGAGCCGGTAAAGTCA,B
B13_c1,,,B,B13_c1_TGAGCCGGTCTGCCAG,B
B13_c1,HMN171222,NI,B,B13_c1_TGATTTCGTCAACATC,B
B13_c1,HMN171221,NI,B,B13_c1_TGCCCATAGAATTGTG,B
B13_c1,,,B,B13_c1_TGCCCTAAGGGATACC,B
B13_c1,HMN171221,NI,B,B13_c1_TGCGTGGCACAACTGT,B
B13_c1,HMN171221,NI,B,B13_c1_TGCGTGGCATTAGGCT,B
B13_c1,HMN171239,NI,B,B13_c1_TGCGTGGTCTAACGGT,B
B13_c1,HMN171242,flu,B,B13_c1_TGCTACCGTCTGCGGT,B
B13_c1,HMN171221,NI,B,B13_c1_TGCTGCTCAATCTGCA,B
B13_c1,,,B,B13_c1_TGCTGCTCACGAAGCA,B
B13_c1,HMN171239,NI,B,B13_c1_TGCTGCTGTCTAACGT,B
B13_c1,HMN171221,NI,B,B13_c1_TGCTGCTTCCACTCCA,B
B13_c1,HMN171239,NI,B,B13_c1_TGCTGCTTCGCCAGCA,B
B13_c1,,,B,B13_c1_TGGCCAGAGTGACTCT,B
B13_c1,HMN171221,NI,B,B13_c1_TGGCTGGAGCTAAGAT,B
B13_c1,,,B,B13_c1_TGGCTGGAGGAGTCTG,B
B13_c1,HMN171239,NI,B,B13_c1_TGGCTGGTCACTTACT,B
B13_c1,HMN171221,NI,B,B13_c1_TGGCTGGTCCAGAAGG,B
B13_c1,HMN171221,NI,B,B13_c1_TGGGAAGGTAAGCACG,B
B13_c1,HMN171222,NI,B,B13_c1_TGGGCGTTCGGAGCAA,B
B13_c1,HMN171221,NI,B,B13_c1_TGGTTAGGTTCTCATT,B
B13_c1,HMN171222,NI,B,B13_c1_TGGTTCCAGAGTGAGA,B
B13_c1,,,B,B13_c1_TGTCCCAAGAGTACCG,B
B13_c1,HMN171239,NI,B,B13_c1_TGTGTTTTCTACGAGT,B
B13_c1,HMN171239,NI,B,B13_c1_TGTTCCGAGATAGGAG,B
B13_c1,,,B,B13_c1_TTAACTCCACATGACT,B
B13_c1,,,B,B13_c1_TTAACTCCACATTTCT,B
B13_c1,,,B,B13_c1_TTAACTCGTCCGACGT,B
B13_c1,,,B,B13_c1_TTAACTCTCAGTGTTG,B
B13_c1,HMN171224,flu,B,B13_c1_TTAGGCAGTTCCGTCT,B
B13_c1,HMN171221,NI,B,B13_c1_TTAGTTCCAGTACACT,B
B13_c1,HMN171221,NI,B,B13_c1_TTATGCTAGGCAGTCA,B
B13_c1,,,B,B13_c1_TTATGCTCACAGGCCT,B
B13_c1,,,B,B13_c1_TTCTACAAGGGCATGT,B
B13_c1,HMN171221,NI,B,B13_c1_TTCTACAAGGGTCTCC,B
B13_c1,HMN171239,NI,B,B13_c1_TTCTCAACAGCGTAAG,B
B13_c1,HMN171239,NI,B,B13_c1_TTCTCAAGTCTGGTCG,B
B13_c1,,,B,B13_c1_TTCTCCTAGGAGTTGC,B
B13_c1,HMN171222,NI,B,B13_c1_TTCTTAGCAAACGCGA,B
B13_c1,,,B,B13_c1_TTGAACGAGTATGACA,B
B13_c1,HMN171239,NI,B,B13_c1_TTGACTTAGTTATCGC,B
B13_c1,HMN171221,NI,B,B13_c1_TTGACTTCATGATCCA,B
B13_c1,HMN171239,NI,B,B13_c1_TTGCCGTGTGCGATAG,B
B13_c1,HMN171221,NI,B,B13_c1_TTGCCGTTCAGTCAGT,B
B13_c1,HMN171239,NI,B,B13_c1_TTGCGTCGTCGCCATG,B
B13_c1,,,B,B13_c1_TTGGAACGTGTGAATA,B
B13_c1,HMN171221,NI,B,B13_c1_TTGGCAAAGTACCGGA,B
B13_c1,HMN171221,NI,B,B13_c1_TTGGCAAGTCGAAAGC,B
B13_c1,HMN171239,NI,B,B13_c1_TTGTAGGAGGGCTTCC,B
B13_c1,HMN171221,NI,B,B13_c1_TTGTAGGAGTTGTAGA,B
B13_c1,,,B,B13_c1_TTGTAGGTCTCGATGA,B
B13_c1,HMN171239,NI,B,B13_c1_TTTATGCTCACCTCGT,B
B13_c1,,,B,B13_c1_TTTGGTTCAATGAATG,B
B13_c2,,,B,B13_c2_AAACCTGGTTATCCGA,B
B13_c2,HMN171224,NI,B,B13_c2_AAAGATGGTCGAGTTT,B
B13_c2,,,B,B13_c2_AAAGCAACACTACAGT,B
B13_c2,,,B,B13_c2_AAAGTAGAGGATTCGG,B
B13_c2,,,B,B13_c2_AAAGTAGAGTGGTCCC,B
B13_c2,HMN171242,NI,B,B13_c2_AAAGTAGCAAGAAGAG,B
B13_c2,HMN171226,NI,B,B13_c2_AAATGCCTCGCTTGTC,B
B13_c2,,,B,B13_c2_AACGTTGTCTTGTCAT,B
B13_c2,HMN171222,flu,B,B13_c2_AACTCTTAGCTAACTC,B
B13_c2,HMN171221,flu,B,B13_c2_AACTTTCGTACAGTGG,B
B13_c2,HMN171221,flu,B,B13_c2_AACTTTCGTTGGTGGA,B
B13_c2,HMN171226,NI,B,B13_c2_AACTTTCTCAGTGTTG,B
B13_c2,,,B,B13_c2_AAGACCTGTGAAAGAG,B
B13_c2,,,B,B13_c2_AAGCCGCTCCAACCAA,B
B13_c2,HMN171226,NI,B,B13_c2_AAGGAGCGTGGTCCGT,B
B13_c2,HMN171226,NI,B,B13_c2_AAGGAGCGTTGTCTTT,B
B13_c2,HMN171242,NI,B,B13_c2_AAGGTTCCACTGAAGG,B
B13_c2,,,B,B13_c2_AAGGTTCTCGCAGGCT,B
B13_c2,HMN171226,NI,B,B13_c2_AAGTCTGGTACCGAGA,B
B13_c2,,,B,B13_c2_ACACCAAAGCCAGGAT,B
B13_c2,HMN171224,NI,B,B13_c2_ACACTGAAGTGGAGTC,B
B13_c2,HMN171221,flu,B,B13_c2_ACATACGAGTGAAGAG,B
B13_c2,HMN171221,flu,B,B13_c2_ACATACGGTGATGTGG,B
B13_c2,,,B,B13_c2_ACATACGTCGGCTTGG,B
B13_c2,,,B,B13_c2_ACATACGTCGTTGCCT,B
B13_c2,HMN171226,NI,B,B13_c2_ACATGGTAGACTGGGT,B
B13_c2,HMN171242,NI,B,B13_c2_ACATGGTCAAAGGCGT,B
B13_c2,,,B,B13_c2_ACCGTAACAGACGCCT,B
B13_c2,,,B,B13_c2_ACCGTAACATACTACG,B
B13_c2,HMN171226,NI,B,B13_c2_ACGAGGACAGCGTTCG,B
B13_c2,HMN171224,NI,B,B13_c2_ACGAGGAGTTCCACTC,B
B13_c2,,,B,B13_c2_ACGCCAGAGGGTTCCC,B
B13_c2,HMN171222,flu,B,B13_c2_ACGCCGAAGGAATTAC,B
B13_c2,,,B,B13_c2_ACGGAGACATGATCCA,B
B13_c2,HMN171242,NI,B,B13_c2_ACGGAGATCTAACTTC,B
B13_c2,,,B,B13_c2_ACGGCCATCGGGAGTA,B
B13_c2,,,B,B13_c2_ACTATCTCAGGGAGAG,B
B13_c2,HMN171224,NI,B,B13_c2_ACTATCTTCGTACGGC,B
B13_c2,,,B,B13_c2_ACTGAGTTCTGGCGTG,B
B13_c2,,,B,B13_c2_ACTGATGTCGGAGGTA,B
B13_c2,,,B,B13_c2_ACTGCTCAGGCTAGGT,B
B13_c2,,,B,B13_c2_ACTGCTCCAGAGCCAA,B
B13_c2,,,B,B13_c2_AGAATAGAGACTTGAA,B
B13_c2,HMN171224,NI,B,B13_c2_AGAATAGAGGTGTTAA,B
B13_c2,,,B,B13_c2_AGAATAGTCAACGAAA,B
B13_c2,HMN171242,NI,B,B13_c2_AGAGTGGGTGATGATA,B
B13_c2,,,B,B13_c2_AGATTGCGTATGGTTC,B
B13_c2,HMN171226,NI,B,B13_c2_AGCATACAGGCATGGT,B
B13_c2,,,B,B13_c2_AGCATACCAGTTCATG,B
B13_c2,,,B,B13_c2_AGCCTAATCATGTCTT,B
B13_c2,,,B,B13_c2_AGCGGTCGTACTTGAC,B
B13_c2,HMN171242,NI,B,B13_c2_AGCGGTCTCGGAAACG,B
B13_c2,HMN171224,NI,B,B13_c2_AGCGTATCATTTGCCC,B
B13_c2,,,B,B13_c2_AGCGTATGTTACCAGT,B
B13_c2,,,B,B13_c2_AGCGTCGTCGTGGTCG,B
B13_c2,,,B,B13_c2_AGCGTCGTCTTCCTTC,B
B13_c2,,,B,B13_c2_AGCTCTCAGAAGGGTA,B
B13_c2,,,B,B13_c2_AGCTTGAAGGGCTTCC,B
B13_c2,,,B,B13_c2_AGGCCGTCATCGACGC,B
B13_c2,,,B,B13_c2_AGGGAGTAGACTAGAT,B
B13_c2,,,B,B13_c2_AGGGATGAGCCTATGT,B
B13_c2,,,B,B13_c2_AGGGATGTCGAGAGCA,B
B13_c2,HMN171224,NI,B,B13_c2_AGGTCATCATATGGTC,B
B13_c2,HMN171224,NI,B,B13_c2_AGTAGTCCAAGAGTCG,B
B13_c2,HMN171242,NI,B,B13_c2_AGTGAGGGTGATGCCC,B
B13_c2,HMN171224,NI,B,B13_c2_AGTGGGATCATGCAAC,B
B13_c2,,,B,B13_c2_AGTGTCATCATGTCTT,B
B13_c2,HMN171224,NI,B,B13_c2_AGTTGGTCAACTGGCC,B
B13_c2,,,B,B13_c2_ATAAGAGGTTGGGACA,B
B13_c2,HMN171224,NI,B,B13_c2_ATCACGACATTCTCAT,B
B13_c2,HMN171224,NI,B,B13_c2_ATCACGACATTGGTAC,B
B13_c2,HMN171226,NI,B,B13_c2_ATCATCTCATCACAAC,B
B13_c2,,,B,B13_c2_ATCATGGGTCTAGGTT,B
B13_c2,,,B,B13_c2_ATCTACTGTTGAGGTG,B
B13_c2,,,B,B13_c2_ATCTGCCGTACCAGTT,B
B13_c2,HMN171224,NI,B,B13_c2_ATCTGCCGTCGGCACT,B
B13_c2,HMN171242,NI,B,B13_c2_ATCTGCCGTCTCCCTA,B
B13_c2,,,B,B13_c2_ATGAGGGAGACTAGAT,B
B13_c2,,,B,B13_c2_ATGGGAGCATCCCATC,B
B13_c2,,,B,B13_c2_ATGGGAGGTAAGGATT,B
B13_c2,HMN171224,NI,B,B13_c2_ATGTGTGTCCAGTATG,B
B13_c2,HMN171242,NI,B,B13_c2_ATGTGTGTCTTAGCCC,B
B13_c2,,,B,B13_c2_ATTACTCCAGACGCTC,B
B13_c2,HMN171226,NI,B,B13_c2_ATTACTCTCGGTCCGA,B
B13_c2,HMN171226,NI,B,B13_c2_ATTATCCCACCGCTAG,B
B13_c2,HMN171242,NI,B,B13_c2_ATTATCCCACGCGAAA,B
B13_c2,,,B,B13_c2_ATTCTACAGTGCGTGA,B
B13_c2,HMN171224,NI,B,B13_c2_ATTCTACGTAAGTGTA,B
B13_c2,HMN171226,NI,B,B13_c2_ATTGGACCAAGTACCT,B
B13_c2,,,B,B13_c2_ATTGGACTCGTACGGC,B
B13_c2,,,B,B13_c2_ATTGGTGGTTCAGCGC,B
B13_c2,,,B,B13_c2_ATTGGTGTCAATCACG,B
B13_c2,HMN171222,flu,B,B13_c2_ATTTCTGCACATAACC,B
B13_c2,HMN171226,NI,B,B13_c2_CAACTAGAGGCATGGT,B
B13_c2,HMN171224,NI,B,B13_c2_CAAGAAACAGCTCGAC,B
B13_c2,HMN171226,NI,B,B13_c2_CAAGAAAGTAGGCTGA,B
B13_c2,HMN171224,NI,B,B13_c2_CAAGATCGTGTAATGA,B
B13_c2,HMN171224,NI,B,B13_c2_CAAGGCCGTCGGCTCA,B
B13_c2,,,B,B13_c2_CAAGTTGCAATAGAGT,B
B13_c2,,,B,B13_c2_CAAGTTGGTCCGTTAA,B
B13_c2,HMN171226,NI,B,B13_c2_CAAGTTGTCCCTCAGT,B
B13_c2,HMN171224,NI,B,B13_c2_CACACCTCAGTAAGCG,B
B13_c2,HMN171242,NI,B,B13_c2_CACAGGCTCGAGGTAG,B
B13_c2,,,B,B13_c2_CACAGTAAGCTATGCT,B
B13_c2,,,B,B13_c2_CACAGTAGTATCACCA,B
B13_c2,,,B,B13_c2_CACCACTTCCGCGCAA,B
B13_c2,,,B,B13_c2_CACCAGGGTCGCATAT,B
B13_c2,,,B,B13_c2_CAGAATCAGGCTAGGT,B
B13_c2,HMN171226,NI,B,B13_c2_CAGAATCAGTGCGTGA,B
B13_c2,HMN171242,NI,B,B13_c2_CAGAATCTCCACGCAG,B
B13_c2,,,B,B13_c2_CAGCAGCAGTGTTTGC,B
B13_c2,,,B,B13_c2_CAGCATAAGAAGGTTT,B
B13_c2,HMN171224,NI,B,B13_c2_CAGCCGAAGAAGGTTT,B
B13_c2,,,B,B13_c2_CAGCGACCACTCAGGC,B
B13_c2,HMN171226,NI,B,B13_c2_CAGCGACGTACCGAGA,B
B13_c2,,,B,B13_c2_CAGCTAAAGTGTCCAT,B
B13_c2,,,B,B13_c2_CAGCTAAGTAAATGAC,B
B13_c2,,,B,B13_c2_CAGCTGGTCTGTCCGT,B
B13_c2,,,B,B13_c2_CAGGTGCAGTACGCGA,B
B13_c2,,,B,B13_c2_CAGTCCTCACAGATTC,B
B13_c2,HMN171242,NI,B,B13_c2_CAGTCCTCAGCCTGTG,B
B13_c2,HMN171226,NI,B,B13_c2_CATATGGAGTAGGCCA,B
B13_c2,,,B,B13_c2_CATATTCAGGGCTTCC,B
B13_c2,,,B,B13_c2_CATATTCTCCACGACG,B
B13_c2,,,B,B13_c2_CATCAAGAGTTGTCGT,B
B13_c2,HMN171224,NI,B,B13_c2_CATCGGGCAGATCGGA,B
B13_c2,,,B,B13_c2_CATCGGGTCGCGTAGC,B
B13_c2,HMN171226,NI,B,B13_c2_CATGGCGTCGAATGGG,B
B13_c2,,,B,B13_c2_CCAATCCAGCTACCTA,B
B13_c2,HMN171242,NI,B,B13_c2_CCACGGAAGGGATCTG,B
B13_c2,,,B,B13_c2_CCACGGATCGTTTATC,B
B13_c2,HMN171242,NI,B,B13_c2_CCAGCGAGTGTTTGGT,B
B13_c2,HMN171242,NI,B,B13_c2_CCATGTCAGGAACTGC,B
B13_c2,HMN171224,NI,B,B13_c2_CCCAATCAGGAATGGA,B
B13_c2,,,B,B13_c2_CCCAATCAGGCCATAG,B
B13_c2,,,B,B13_c2_CCCAATCCATTCCTCG,B
B13_c2,,,B,B13_c2_CCCAGTTAGTTAAGTG,B
B13_c2,,,B,B13_c2_CCCATACAGACAGGCT,B
B13_c2,,,B,B13_c2_CCCTCCTGTGTCAATC,B
B13_c2,,,B,B13_c2_CCGGGATGTCTTGATG,B
B13_c2,HMN171224,NI,B,B13_c2_CCGGGATTCCAACCAA,B
B13_c2,HMN171224,NI,B,B13_c2_CCGGGATTCTGCCAGG,B
B13_c2,HMN171224,NI,B,B13_c2_CCGTACTTCGTCCAGG,B
B13_c2,,,B,B13_c2_CCTAAAGGTCCGAGTC,B
B13_c2,HMN171226,NI,B,B13_c2_CCTACCATCAAGATCC,B
B13_c2,,,B,B13_c2_CCTAGCTGTGTCAATC,B
B13_c2,HMN171242,NI,B,B13_c2_CCTATTAAGATGTGGC,B
B13_c2,HMN171224,NI,B,B13_c2_CCTTACGAGAGTTGGC,B
B13_c2,,,B,B13_c2_CCTTCCCAGTTCGATC,B
B13_c2,HMN171226,NI,B,B13_c2_CGAATGTAGCAATATG,B
B13_c2,,,B,B13_c2_CGAATGTCATTCGACA,B
B13_c2,HMN171224,NI,B,B13_c2_CGACCTTGTTTAGGAA,B
B13_c2,,,B,B13_c2_CGACTTCTCACCTTAT,B
B13_c2,HMN171224,NI,B,B13_c2_CGAGCACTCGAGCCCA,B
B13_c2,HMN171226,NI,B,B13_c2_CGATCGGGTTGGGACA,B
B13_c2,HMN171226,NI,B,B13_c2_CGATTGACACAGTCGC,B
B13_c2,,,B,B13_c2_CGCGGTACAGCGTAAG,B
B13_c2,HMN171224,NI,B,B13_c2_CGCGTTTCAGTTTACG,B
B13_c2,,,B,B13_c2_CGCGTTTGTCACCCAG,B
B13_c2,,,B,B13_c2_CGCGTTTGTGTAAGTA,B
B13_c2,HMN171242,NI,B,B13_c2_CGCTATCCAGCCTGTG,B
B13_c2,HMN171224,NI,B,B13_c2_CGCTATCCAGGTCCAC,B
B13_c2,,,B,B13_c2_CGCTGGAGTCCCTACT,B
B13_c2,,,B,B13_c2_CGCTGGAGTCCGTCAG,B
B13_c2,HMN171221,flu,B,B13_c2_CGCTTCATCGTTTAGG,B
B13_c2,HMN171226,NI,B,B13_c2_CGGACACCATTTCAGG,B
B13_c2,,,B,B13_c2_CGGACGTCATACGCCG,B
B13_c2,HMN171222,flu,B,B13_c2_CGGACGTCATCGATGT,B
B13_c2,,,B,B13_c2_CGGACGTTCCCAAGTA,B
B13_c2,,,B,B13_c2_CGGAGCTGTACGCACC,B
B13_c2,,,B,B13_c2_CGGAGTCCATTCACTT,B
B13_c2,,,B,B13_c2_CGGTTAATCGTTGACA,B
B13_c2,HMN171224,NI,B,B13_c2_CGTAGCGCAGTTTACG,B
B13_c2,,,B,B13_c2_CGTAGGCAGTAGATGT,B
B13_c2,HMN171226,NI,B,B13_c2_CGTCAGGGTTTAGCTG,B
B13_c2,,,B,B13_c2_CGTCAGGTCATTGCCC,B
B13_c2,HMN171226,NI,B,B13_c2_CGTCTACAGTGCGTGA,B
B13_c2,,,B,B13_c2_CGTGAGCCATGGGACA,B
B13_c2,,,B,B13_c2_CGTGTAAAGGTAGCCA,B
B13_c2,,,B,B13_c2_CGTGTAAGTATAGGGC,B
B13_c2,,,B,B13_c2_CGTGTCTAGGAATTAC,B
B13_c2,,,B,B13_c2_CGTGTCTAGTGCCATT,B
B13_c2,HMN171224,NI,B,B13_c2_CGTTCTGAGAGAGCTC,B
B13_c2,,,B,B13_c2_CGTTCTGGTTTCGCTC,B
B13_c2,,,B,B13_c2_CGTTGGGTCCGAAGAG,B
B13_c2,,,B,B13_c2_CTAACTTAGACGACGT,B
B13_c2,HMN171226,NI,B,B13_c2_CTAATGGGTATGAAAC,B
B13_c2,,,B,B13_c2_CTAATGGTCTGGGCCA,B
B13_c2,,,B,B13_c2_CTAGCCTAGACCACGA,B
B13_c2,HMN171224,NI,B,B13_c2_CTAGCCTGTCCCGACA,B
B13_c2,,,B,B13_c2_CTCACACCAAGCCGTC,B
B13_c2,,,B,B13_c2_CTCGAAAAGGAGTTTA,B
B13_c2,,,B,B13_c2_CTCGAGGTCGGTTCGG,B
B13_c2,,,B,B13_c2_CTCGGAGAGCGTGAGT,B
B13_c2,,,B,B13_c2_CTCGGAGAGCTTATCG,B
B13_c2,,,B,B13_c2_CTCGTACCATTAGGCT,B
B13_c2,,,B,B13_c2_CTCGTCAGTGCAGACA,B
B13_c2,,,B,B13_c2_CTCTAATAGTTTGCGT,B
B13_c2,,,B,B13_c2_CTCTAATCACGGTAAG,B
B13_c2,HMN171226,NI,B,B13_c2_CTCTAATGTGTCTGAT,B
B13_c2,HMN171224,NI,B,B13_c2_CTCTACGGTTGTACAC,B
B13_c2,,,B,B13_c2_CTCTGGTAGTTCGCAT,B
B13_c2,,,B,B13_c2_CTGATAGGTTGGTGGA,B
B13_c2,,,B,B13_c2_CTGATCCTCAAACAAG,B
B13_c2,HMN171226,NI,B,B13_c2_CTGCCTACATCACGTA,B
B13_c2,HMN171242,NI,B,B13_c2_CTGCCTAGTCATTAGC,B
B13_c2,,,B,B13_c2_CTGCGGAGTCGCGAAA,B
B13_c2,HMN171226,NI,B,B13_c2_CTGCTGTAGTGCGATG,B
B13_c2,,,B,B13_c2_CTGCTGTTCACAGGCC,B
B13_c2,HMN171226,NI,B,B13_c2_CTGTTTACACATCCGG,B
B13_c2,,,B,B13_c2_CTTAACTAGACATAAC,B
B13_c2,HMN171224,NI,B,B13_c2_CTTACCGGTCTACCTC,B
B13_c2,,,B,B13_c2_CTTACCGTCTCCAACC,B
B13_c2,HMN171226,NI,B,B13_c2_CTTAGGAGTGTTCGAT,B
B13_c2,HMN171226,NI,B,B13_c2_CTTGGCTCACCAGATT,B
B13_c2,HMN171224,NI,B,B13_c2_CTTTGCGAGACCGGAT,B
B13_c2,,,B,B13_c2_CTTTGCGGTCATGCAT,B
B13_c2,,,B,B13_c2_CTTTGCGTCCACGACG,B
B13_c2,,,B,B13_c2_GAAACTCAGAGATGAG,B
B13_c2,HMN171242,NI,B,B13_c2_GAACCTATCATCTGCC,B
B13_c2,,,B,B13_c2_GAACCTATCCCAAGTA,B
B13_c2,HMN171242,NI,B,B13_c2_GAACGGAAGCATCATC,B
B13_c2,,,B,B13_c2_GAACGGAAGGGTCTCC,B
B13_c2,,,B,B13_c2_GAACGGACAAGTACCT,B
B13_c2,HMN171226,NI,B,B13_c2_GAACGGATCTCGTTTA,B
B13_c2,HMN171224,NI,B,B13_c2_GAAGCAGGTAGCACGA,B
B13_c2,,,B,B13_c2_GAATGAACATTAGGCT,B
B13_c2,,,B,B13_c2_GACACGCCAGACGTAG,B
B13_c2,,,B,B13_c2_GACCAATAGGATATAC,B
B13_c2,,,B,B13_c2_GACCAATGTTCGCTAA,B
B13_c2,,,B,B13_c2_GACGTGCCATATACGC,B
B13_c2,,,B,B13_c2_GACGTTAAGCCTATGT,B
B13_c2,HMN171224,NI,B,B13_c2_GACTAACTCTCAACTT,B
B13_c2,HMN171226,NI,B,B13_c2_GACTACAGTATTACCG,B
B13_c2,HMN171242,NI,B,B13_c2_GACTGCGAGCACCGCT,B
B13_c2,HMN171224,NI,B,B13_c2_GACTGCGAGGACAGAA,B
B13_c2,HMN171242,NI,B,B13_c2_GAGCAGAAGTTGTAGA,B
B13_c2,,,B,B13_c2_GAGTCCGAGCTGCCCA,B
B13_c2,HMN171239,flu,B,B13_c2_GATCAGTAGCAGGTCA,B
B13_c2,HMN171224,NI,B,B13_c2_GATCAGTGTGAACCTT,B
B13_c2,HMN171226,NI,B,B13_c2_GATCGTAAGGATATAC,B
B13_c2,HMN171242,NI,B,B13_c2_GATCGTAGTCACTGGC,B
B13_c2,HMN171239,flu,B,B13_c2_GATCTAGTCTCAAACG,B
B13_c2,HMN171226,NI,B,B13_c2_GATCTAGTCTTATCTG,B
B13_c2,HMN171226,NI,B,B13_c2_GATGAAACACCAGCAC,B
B13_c2,,,B,B13_c2_GATGCTACAATGCCAT,B
B13_c2,HMN171226,NI,B,B13_c2_GCAAACTCAAAGAATC,B
B13_c2,,,B,B13_c2_GCATACACACCTCGGA,B
B13_c2,HMN171224,NI,B,B13_c2_GCATACATCAGAGGTG,B
B13_c2,HMN171242,NI,B,B13_c2_GCATGATTCCCTTGCA,B
B13_c2,,,B,B13_c2_GCGCAACGTATTCGTG,B
B13_c2,HMN171224,NI,B,B13_c2_GCGCAGTCAATCTGCA,B
B13_c2,,,B,B13_c2_GCTGCAGGTAGCGTCC,B
B13_c2,,,B,B13_c2_GCTGCGACAATCCGAT,B
B13_c2,,,B,B13_c2_GCTGCTTCAAACCTAC,B
B13_c2,,,B,B13_c2_GCTGCTTGTAAAGTCA,B
B13_c2,,,B,B13_c2_GCTGCTTTCAGGCCCA,B
B13_c2,,,B,B13_c2_GCTGGGTCAGCTTAAC,B
B13_c2,,,B,B13_c2_GCTGGGTGTCTAGTCA,B
B13_c2,,,B,B13_c2_GCTGGGTTCCGCGCAA,B
B13_c2,HMN171226,NI,B,B13_c2_GGAACTTGTTGTTTGG,B
B13_c2,,,B,B13_c2_GGAACTTTCACCTCGT,B
B13_c2,HMN171226,NI,B,B13_c2_GGAATAATCTCTGTCG,B
B13_c2,HMN171222,flu,B,B13_c2_GGACAAGAGAAAGTGG,B
B13_c2,,,B,B13_c2_GGACAAGCAGCCAGAA,B
B13_c2,,,B,B13_c2_GGACGTCCAAACAACA,B
B13_c2,HMN171226,NI,B,B13_c2_GGAGCAAGTCCAACTA,B
B13_c2,HMN171226,NI,B,B13_c2_GGCGACTGTGTGCCTG,B
B13_c2,,,B,B13_c2_GGCTGGTAGCTACCTA,B
B13_c2,,,B,B13_c2_GGGAATGCACCGGAAA,B
B13_c2,,,B,B13_c2_GGGAATGTCCAAATGC,B
B13_c2,,,B,B13_c2_GGGACCTAGCGCTCCA,B
B13_c2,HMN171221,flu,B,B13_c2_GGGACCTCAGGACCCT,B
B13_c2,,,B,B13_c2_GGGACCTGTCTAACGT,B
B13_c2,,,B,B13_c2_GGGAGATTCCACTGGG,B
B13_c2,,,B,B13_c2_GGGCACTAGCCTCGTG,B
B13_c2,HMN171226,NI,B,B13_c2_GGGCACTTCCGTAGGC,B
B13_c2,HMN171226,NI,B,B13_c2_GGGCATCAGCGTTGCC,B
B13_c2,,,B,B13_c2_GGGCATCAGGCCGAAT,B
B13_c2,HMN171224,NI,B,B13_c2_GGTATTGTCAGTTCGA,B
B13_c2,HMN171226,NI,B,B13_c2_GGTGAAGAGTATGACA,B
B13_c2,,,B,B13_c2_GGTGCGTAGAACTGTA,B
B13_c2,,,B,B13_c2_GGTGCGTAGGGCATGT,B
B13_c2,,,B,B13_c2_GGTGTTACATCGGACC,B
B13_c2,HMN171226,NI,B,B13_c2_GTACTTTCAGTCAGAG,B
B13_c2,,,B,B13_c2_GTACTTTCATCCGTGG,B
B13_c2,,,B,B13_c2_GTAGTCACAGATTGCT,B
B13_c2,,,B,B13_c2_GTAGTCATCATGTAGC,B
B13_c2,HMN171242,NI,B,B13_c2_GTCACAAAGCCAACAG,B
B13_c2,HMN171226,NI,B,B13_c2_GTCACAATCACAAACC,B
B13_c2,HMN171226,NI,B,B13_c2_GTCACGGCAGCATGAG,B
B13_c2,HMN171226,NI,B,B13_c2_GTCCTCACATACGCCG,B
B13_c2,HMN171239,flu,B,B13_c2_GTCTCGTCACGACTCG,B
B13_c2,HMN171224,NI,B,B13_c2_GTCTCGTTCGCTAGCG,B
B13_c2,,,B,B13_c2_GTCTTCGTCAATCACG,B
B13_c2,,,B,B13_c2_GTGCATAAGCTGGAAC,B
B13_c2,,,B,B13_c2_GTGGGTCGTCAGGACA,B
B13_c2,,,B,B13_c2_GTGTGCGAGGCTCATT,B
B13_c2,HMN171221,flu,B,B13_c2_GTGTTAGGTTAAAGAC,B
B13_c2,HMN171226,NI,B,B13_c2_GTGTTAGTCTGCGACG,B
B13_c2,HMN171222,flu,B,B13_c2_GTTACAGTCCAAAGTC,B
B13_c2,,,B,B13_c2_TAAACCGCATGTTCCC,B
B13_c2,HMN171242,NI,B,B13_c2_TAAACCGGTTCGGGCT,B
B13_c2,,,B,B13_c2_TAAGAGATCCCGACTT,B
B13_c2,,,B,B13_c2_TAAGCGTAGTCTTGCA,B
B13_c2,,,B,B13_c2_TAAGCGTCAGTAGAGC,B
B13_c2,,,B,B13_c2_TAAGCGTCATCGTCGG,B
B13_c2,,,B,B13_c2_TAAGTGCGTCACTTCC,B
B13_c2,,,B,B13_c2_TACGGTAGTGAGTATA,B
B13_c2,HMN171226,NI,B,B13_c2_TACTCATAGAAGGCCT,B
B13_c2,HMN171226,NI,B,B13_c2_TACTCGCCACGGCTAC,B
B13_c2,HMN171222,flu,B,B13_c2_TAGAGCTGTCTCTTAT,B
B13_c2,,,B,B13_c2_TAGTGGTAGGCTCAGA,B
B13_c2,HMN171226,NI,B,B13_c2_TATCAGGTCCTATTCA,B
B13_c2,HMN171226,NI,B,B13_c2_TATTACCAGGTTCCTA,B
B13_c2,HMN171242,NI,B,B13_c2_TCAATCTGTGCAGGTA,B
B13_c2,,,B,B13_c2_TCACAAGAGACGCACA,B
B13_c2,HMN171224,NI,B,B13_c2_TCACAAGAGCTCCCAG,B
B13_c2,,,B,B13_c2_TCACAAGGTAAACACA,B
B13_c2,,,B,B13_c2_TCAGCTCCATCCTAGA,B
B13_c2,,,B,B13_c2_TCAGGATGTTGATTGC,B
B13_c2,,,B,B13_c2_TCAGGATTCGAATCCA,B
B13_c2,,,B,B13_c2_TCATTACCAGCGATCC,B
B13_c2,HMN171226,NI,B,B13_c2_TCATTACGTATAGTAG,B
B13_c2,HMN171226,NI,B,B13_c2_TCCACACCAAGCCATT,B
B13_c2,HMN171224,NI,B,B13_c2_TCGCGAGTCCAAACAC,B
B13_c2,HMN171242,NI,B,B13_c2_TCGCGTTTCCTTGACC,B
B13_c2,,,B,B13_c2_TCGGTAAAGCGCTCCA,B
B13_c2,HMN171226,NI,B,B13_c2_TCGTACCCAGACGCAA,B
B13_c2,,,B,B13_c2_TCGTACCCATTATCTC,B
B13_c2,,,B,B13_c2_TCGTAGACATGTAAGA,B
B13_c2,,,B,B13_c2_TCGTAGAGTGCCTGCA,B
B13_c2,,,B,B13_c2_TCTGAGAGTAAACCTC,B
B13_c2,,,B,B13_c2_TCTGAGAGTATTAGCC,B
B13_c2,,,B,B13_c2_TCTTTCCAGTTCGCGC,B
B13_c2,,,B,B13_c2_TCTTTCCGTTGATTGC,B
B13_c2,,,B,B13_c2_TCTTTCCGTTTAGCTG,B
B13_c2,,,B,B13_c2_TGACAACGTATAATGG,B
B13_c2,,,B,B13_c2_TGAGGGAAGAACAATC,B
B13_c2,,,B,B13_c2_TGAGGGAAGCGGATCA,B
B13_c2,HMN171224,NI,B,B13_c2_TGAGGGATCAAGGTAA,B
B13_c2,,,B,B13_c2_TGATTTCAGTACGTAA,B
B13_c2,HMN171226,NI,B,B13_c2_TGCCAAATCGGAAACG,B
B13_c2,,,B,B13_c2_TGCGGGTCAGGAACGT,B
B13_c2,,,B,B13_c2_TGCTACCAGCAATCTC,B
B13_c2,,,B,B13_c2_TGCTACCAGCCGATTT,B
B13_c2,,,B,B13_c2_TGGACGCCAAGTACCT,B
B13_c2,,,B,B13_c2_TGGCCAGGTACCGTTA,B
B13_c2,,,B,B13_c2_TGGCGCAAGCAGCGTA,B
B13_c2,,,B,B13_c2_TGGGAAGGTTCGTTGA,B
B13_c2,,,B,B13_c2_TGGGAAGTCTCCAGGG,B
B13_c2,,,B,B13_c2_TGGGCGTAGCAGCCTC,B
B13_c2,HMN171226,NI,B,B13_c2_TGGGCGTAGTGGTAGC,B
B13_c2,,,B,B13_c2_TGGGCGTCACATTAGC,B
B13_c2,HMN171221,flu,B,B13_c2_TGTATTCCACAGGTTT,B
B13_c2,,,B,B13_c2_TGTCCCATCACGGTTA,B
B13_c2,,,B,B13_c2_TGTGGTAAGCTGCCCA,B
B13_c2,,,B,B13_c2_TGTGTTTTCGGCGCAT,B
B13_c2,HMN171226,NI,B,B13_c2_TGTTCCGAGTAGCCGA,B
B13_c2,,,B,B13_c2_TGTTCCGCACATCCGG,B
B13_c2,HMN171224,NI,B,B13_c2_TTAACTCAGACAAAGG,B
B13_c2,HMN171224,NI,B,B13_c2_TTAACTCAGATCGATA,B
B13_c2,HMN171242,NI,B,B13_c2_TTAACTCGTACCTACA,B
B13_c2,HMN171224,NI,B,B13_c2_TTAACTCTCGAACGGA,B
B13_c2,,,B,B13_c2_TTAGGACAGTTGAGAT,B
B13_c2,HMN171226,NI,B,B13_c2_TTCGAAGCAGGGAGAG,B
B13_c2,HMN171226,NI,B,B13_c2_TTCTACATCGGCGCAT,B
B13_c2,,,B,B13_c2_TTCTCAATCAGTGTTG,B
B13_c2,HMN171222,flu,B,B13_c2_TTCTCCTAGAAGGGTA,B
B13_c2,,,B,B13_c2_TTCTCCTGTAGCCTAT,B
B13_c2,HMN171224,NI,B,B13_c2_TTGAACGTCATTATCC,B
B13_c2,HMN171224,NI,B,B13_c2_TTGCCGTGTCTCTTTA,B
B13_c2,HMN171242,NI,B,B13_c2_TTGCGTCTCGTCTGAA,B
B13_c2,,,B,B13_c2_TTGGCAACACCCAGTG,B
B13_c2,HMN171239,flu,B,B13_c2_TTGTAGGAGTCGATAA,B
B13_c2,,,B,B13_c2_TTTCCTCCACCATCCT,B
B13_c2,,,B,B13_c2_TTTCCTCGTAAACCTC,B
B13_c2,,,B,B13_c2_TTTGCGCTCTGTTGAG,B
B13_c2,,,B,B13_c2_TTTGGTTCAAAGGTGC,B
B14_c1,HMN171237,NI,B,B14_c1_AAACCTGCATGCTAGT,B
B14_c1,HMN171223,NI,B,B14_c1_AAACGGGAGTGGGTTG,B
B14_c1,,,B,B14_c1_AAAGCAAGTACAAGTA,B
B14_c1,,,B,B14_c1_AACACGTGTACCGAGA,B
B14_c1,HMN171237,NI,B,B14_c1_AACCATGAGCGTTTAC,B
B14_c1,,,B,B14_c1_AACCATGAGGGATACC,B
B14_c1,,,B,B14_c1_AACGTTGAGCTGCAAG,B
B14_c1,HMN171243,flu,B,B14_c1_AACGTTGCAAGCTGAG,B
B14_c1,HMN171237,NI,B,B14_c1_AACTCCCCATACAGCT,B
B14_c1,,,B,B14_c1_AACTCTTGTACCGGCT,B
B14_c1,,,B,B14_c1_AACTCTTGTCCGAAGA,B
B14_c1,,,B,B14_c1_AACTGGTAGTTATCGC,B
B14_c1,HMN171223,NI,B,B14_c1_AACTGGTTCTTGCATT,B
B14_c1,,,B,B14_c1_AAGGAGCAGAGTAAGG,B
B14_c1,HMN171238,NI,B,B14_c1_AAGGCAGCAGCGTTCG,B
B14_c1,HMN171238,NI,B,B14_c1_AAGGTTCGTGCACCAC,B
B14_c1,HMN171237,NI,B,B14_c1_AATCCAGTCCGATATG,B
B14_c1,HMN171238,NI,B,B14_c1_AATCGGTAGACTAAGT,B
B14_c1,HMN171223,NI,B,B14_c1_ACACCCTAGCCACTAT,B
B14_c1,HMN171243,flu,B,B14_c1_ACACCCTCATAAAGGT,B
B14_c1,HMN171237,NI,B,B14_c1_ACACCGGAGCTTTGGT,B
B14_c1,HMN171243,flu,B,B14_c1_ACACCGGGTCACCTAA,B
B14_c1,,,B,B14_c1_ACACCGGGTCCCGACA,B
B14_c1,,,B,B14_c1_ACAGCCGCAAGCTGAG,B
B14_c1,HMN171238,NI,B,B14_c1_ACAGCTAAGAACTCGG,B
B14_c1,HMN171237,NI,B,B14_c1_ACAGCTATCTGCAGTA,B
B14_c1,HMN171237,NI,B,B14_c1_ACAGCTATCTTTACGT,B
B14_c1,,,B,B14_c1_ACATACGAGCACACAG,B
B14_c1,HMN171243,flu,B,B14_c1_ACCAGTACACATCCAA,B
B14_c1,,,B,B14_c1_ACCCACTCAGCATACT,B
B14_c1,HMN171237,NI,B,B14_c1_ACCGTAACAAGGTGTG,B
B14_c1,HMN171238,NI,B,B14_c1_ACCTTTAGTCTCAACA,B
B14_c1,HMN171238,NI,B,B14_c1_ACGAGGAAGTGGTAAT,B
B14_c1,,,B,B14_c1_ACGATACCACTACAGT,B
B14_c1,HMN171243,flu,B,B14_c1_ACGATACGTACCGAGA,B
B14_c1,,,B,B14_c1_ACGATACGTTACGCGC,B
B14_c1,HMN171244,flu,B,B14_c1_ACGCCGACAGGTGCCT,B
B14_c1,,,B,B14_c1_ACGGAGAAGTGTCTCA,B
B14_c1,HMN171237,NI,B,B14_c1_ACGGGCTTCAAACGGG,B
B14_c1,,,B,B14_c1_ACGGGTCCATCACGTA,B
B14_c1,HMN171223,NI,B,B14_c1_ACGGGTCGTCGCGAAA,B
B14_c1,HMN171237,NI,B,B14_c1_ACGTCAAAGAGTCGGT,B
B14_c1,HMN171238,NI,B,B14_c1_ACGTCAACATAAGACA,B
B14_c1,,,B,B14_c1_ACGTCAAGTGTGCCTG,B
B14_c1,,,B,B14_c1_ACTATCTGTCGGATCC,B
B14_c1,HMN171238,NI,B,B14_c1_ACTGAGTAGACAGAGA,B
B14_c1,,,B,B14_c1_ACTGAGTTCGTGGTCG,B
B14_c1,,,B,B14_c1_ACTGAGTTCTTGAGGT,B
B14_c1,,,B,B14_c1_ACTGATGTCACATAGC,B
B14_c1,HMN171223,NI,B,B14_c1_ACTGTCCCATACGCCG,B
B14_c1,HMN171223,NI,B,B14_c1_ACTTACTTCCTGTAGA,B
B14_c1,,,B,B14_c1_ACTTTCAAGCGTTGCC,B
B14_c1,,,B,B14_c1_ACTTTCACAGCCTTTC,B
B14_c1,HMN171238,NI,B,B14_c1_AGACGTTTCACCGGGT,B
B14_c1,,,B,B14_c1_AGACGTTTCATCTGCC,B
B14_c1,,,B,B14_c1_AGAGCGACACTGTTAG,B
B14_c1,,,B,B14_c1_AGAGCGAGTCGCGGTT,B
B14_c1,,,B,B14_c1_AGAGCGAGTTTCCACC,B
B14_c1,,,B,B14_c1_AGAGCGAGTTTGGGCC,B
B14_c1,HMN171237,NI,B,B14_c1_AGATTGCAGACTTGAA,B
B14_c1,,,B,B14_c1_AGATTGCAGGACACCA,B
B14_c1,HMN171228,flu,B,B14_c1_AGCAGCCGTTATCACG,B
B14_c1,,,B,B14_c1_AGCATACCACAGACTT,B
B14_c1,,,B,B14_c1_AGCATACCATGTCTCC,B
B14_c1,HMN171238,NI,B,B14_c1_AGCATACTCACAGGCC,B
B14_c1,,,B,B14_c1_AGCCTAAGTCTTGATG,B
B14_c1,,,B,B14_c1_AGCCTAAGTTTGTTTC,B
B14_c1,,,B,B14_c1_AGCGTATCATCCTTGC,B
B14_c1,,,B,B14_c1_AGCGTATGTACATGTC,B
B14_c1,,,B,B14_c1_AGGCCACGTTGAGTTC,B
B14_c1,HMN171243,flu,B,B14_c1_AGGCCGTTCTCGAGTA,B
B14_c1,,,B,B14_c1_AGGGATGTCAGAGCTT,B
B14_c1,,,B,B14_c1_AGTGTCAAGGTAGCCA,B
B14_c1,,,B,B14_c1_AGTTGGTAGTCGTACT,B
B14_c1,HMN171238,NI,B,B14_c1_AGTTGGTCAGGACCCT,B
B14_c1,,,B,B14_c1_ATAACGCAGATCGGGT,B
B14_c1,HMN171244,flu,B,B14_c1_ATAACGCGTAGGGACT,B
B14_c1,,,B,B14_c1_ATAAGAGGTTAAGACA,B
B14_c1,,,B,B14_c1_ATCACGATCTCATTCA,B
B14_c1,HMN171223,NI,B,B14_c1_ATCATGGCAGGGTACA,B
B14_c1,,,B,B14_c1_ATCCACCAGGTGCTAG,B
B14_c1,HMN171237,NI,B,B14_c1_ATCCACCTCATGTCTT,B
B14_c1,HMN171238,NI,B,B14_c1_ATCGAGTCAGTGAGTG,B
B14_c1,,,B,B14_c1_ATCGAGTTCGGCGCTA,B
B14_c1,HMN171238,NI,B,B14_c1_ATCGAGTTCTCAAGTG,B
B14_c1,,,B,B14_c1_ATCTGCCAGCGATCCC,B
B14_c1,,,B,B14_c1_ATCTGCCGTGTTCGAT,B
B14_c1,,,B,B14_c1_ATGCGATGTTCTGTTT,B
B14_c1,HMN171237,NI,B,B14_c1_ATGTGTGCAGCAGTTT,B
B14_c1,,,B,B14_c1_ATTACTCTCGTGGACC,B
B14_c1,,,B,B14_c1_ATTATCCAGGGATACC,B
B14_c1,HMN171238,NI,B,B14_c1_ATTATCCTCGTTGACA,B
B14_c1,,,B,B14_c1_ATTATCCTCTGGGCCA,B
B14_c1,,,B,B14_c1_ATTCTACCAGGCTCAC,B
B14_c1,,,B,B14_c1_ATTGGACAGAAACGCC,B
B14_c1,,,B,B14_c1_ATTGGTGCAGTATGCT,B
B14_c1,HMN171237,NI,B,B14_c1_ATTTCTGAGCTGAACG,B
B14_c1,HMN171237,NI,B,B14_c1_ATTTCTGGTTAAGACA,B
B14_c1,,,B,B14_c1_ATTTCTGTCCGCGGTA,B
B14_c1,HMN171237,NI,B,B14_c1_CAACCTCGTGATGATA,B
B14_c1,,,B,B14_c1_CAACCTCTCAGCACAT,B
B14_c1,HMN171223,NI,B,B14_c1_CAACTAGAGAATGTTG,B
B14_c1,HMN171237,NI,B,B14_c1_CAAGTTGAGAAGGTGA,B
B14_c1,HMN171223,NI,B,B14_c1_CAAGTTGCAAATCCGT,B
B14_c1,HMN171223,NI,B,B14_c1_CAAGTTGTCTAAGCCA,B
B14_c1,HMN171237,NI,B,B14_c1_CACAAACAGTACCGGA,B
B14_c1,HMN171238,NI,B,B14_c1_CACACAAGTGCAACGA,B
B14_c1,,,B,B14_c1_CACACCTCACCATCCT,B
B14_c1,HMN171238,NI,B,B14_c1_CACACTCAGTAATCCC,B
B14_c1,,,B,B14_c1_CACACTCCACAGTCGC,B
B14_c1,HMN171237,NI,B,B14_c1_CACAGGCTCAGGCCCA,B
B14_c1,,,B,B14_c1_CACATAGAGTGGTCCC,B
B14_c1,HMN171223,NI,B,B14_c1_CACCACTAGCCAGGAT,B
B14_c1,HMN171237,NI,B,B14_c1_CACCACTAGTATCTCG,B
B14_c1,HMN171237,NI,B,B14_c1_CACCACTAGTGAAGTT,B
B14_c1,HMN171237,NI,B,B14_c1_CACCACTGTGACGCCT,B
B14_c1,,,B,B14_c1_CACTCCAAGCCAACAG,B
B14_c1,,,B,B14_c1_CACTCCATCATGTCCC,B
B14_c1,,,B,B14_c1_CAGAATCGTAATTGGA,B
B14_c1,,,B,B14_c1_CAGAATCGTCGGGTCT,B
B14_c1,HMN171238,NI,B,B14_c1_CAGAGAGAGACCTAGG,B
B14_c1,HMN171237,NI,B,B14_c1_CAGAGAGTCTCGCTTG,B
B14_c1,,,B,B14_c1_CAGCAGCCACCTCGGA,B
B14_c1,HMN171223,NI,B,B14_c1_CAGCAGCTCCAGGGCT,B
B14_c1,HMN171237,NI,B,B14_c1_CAGCATATCATAACCG,B
B14_c1,,,B,B14_c1_CAGCCGAAGTCCGTAT,B
B14_c1,,,B,B14_c1_CAGTCCTAGTCCATAC,B
B14_c1,HMN171237,NI,B,B14_c1_CATATTCAGTCATCCA,B
B14_c1,HMN171237,NI,B,B14_c1_CATCAAGAGGGTATCG,B
B14_c1,HMN171238,NI,B,B14_c1_CATCAAGCATACGCCG,B
B14_c1,,,B,B14_c1_CATCAGAGTGTTCTTT,B
B14_c1,,,B,B14_c1_CATCCACGTCCGCTGA,B
B14_c1,HMN171223,NI,B,B14_c1_CATCGGGGTTAGAACA,B
B14_c1,HMN171237,NI,B,B14_c1_CATCGGGTCGCAAACT,B
B14_c1,,,B,B14_c1_CATTATCGTGTCAATC,B
B14_c1,,,B,B14_c1_CATTATCTCGCGTTTC,B
B14_c1,HMN171238,NI,B,B14_c1_CCAATCCGTCAAACTC,B
B14_c1,,,B,B14_c1_CCAATCCTCGTGTAGT,B
B14_c1,HMN171223,NI,B,B14_c1_CCACGGATCCTTTCGG,B
B14_c1,,,B,B14_c1_CCCAATCAGTGTTTGC,B
B14_c1,,,B,B14_c1_CCCAGTTCATAGTAAG,B
B14_c1,HMN171237,NI,B,B14_c1_CCGGTAGTCGTCCGTT,B
B14_c1,,,B,B14_c1_CCGTGGACAATGGTCT,B
B14_c1,,,B,B14_c1_CCTACACAGAACTGTA,B
B14_c1,HMN171237,NI,B,B14_c1_CCTACCATCTGGCGAC,B
B14_c1,HMN171237,NI,B,B14_c1_CCTATTAAGAGTGAGA,B
B14_c1,,,B,B14_c1_CCTATTAGTGAAATCA,B
B14_c1,HMN171238,NI,B,B14_c1_CCTCAGTCATTACCTT,B
B14_c1,,,B,B14_c1_CCTCAGTGTGCAGTAG,B
B14_c1,HMN171223,NI,B,B14_c1_CCTCTGAGTCAGTGGA,B
B14_c1,HMN171243,flu,B,B14_c1_CCTTACGAGCAGATCG,B
B14_c1,,,B,B14_c1_CCTTCCCGTTGTCGCG,B
B14_c1,,,B,B14_c1_CGACCTTAGCCACTAT,B
B14_c1,,,B,B14_c1_CGACCTTAGGCATTGG,B
B14_c1,,,B,B14_c1_CGACTTCCAATCAGAA,B
B14_c1,HMN171223,NI,B,B14_c1_CGACTTCTCAACACCA,B
B14_c1,HMN171228,flu,B,B14_c1_CGACTTCTCTCCGGTT,B
B14_c1,HMN171223,NI,B,B14_c1_CGAGCCAAGCTAGTGG,B
B14_c1,,,B,B14_c1_CGAGCCATCGTTTGCC,B
B14_c1,HMN171228,flu,B,B14_c1_CGATCGGAGCCGCCTA,B
B14_c1,,,B,B14_c1_CGATCGGAGCCTTGAT,B
B14_c1,,,B,B14_c1_CGATGTAGTTAAGGGC,B
B14_c1,,,B,B14_c1_CGCTGGAGTAAAGGAG,B
B14_c1,HMN171238,NI,B,B14_c1_CGGACACAGCTGATAA,B
B14_c1,,,B,B14_c1_CGGAGTCCAGGACCCT,B
B14_c1,HMN171223,NI,B,B14_c1_CGGAGTCTCCAAGTAC,B
B14_c1,HMN171238,NI,B,B14_c1_CGGCTAGAGTAGATGT,B
B14_c1,HMN171223,NI,B,B14_c1_CGGTTAACAAGGTGTG,B
B14_c1,HMN171223,NI,B,B14_c1_CGTAGCGTCAGCCTAA,B
B14_c1,,,B,B14_c1_CGTAGGCCAGTCACTA,B
B14_c1,HMN171243,flu,B,B14_c1_CGTAGGCGTGCAACTT,B
B14_c1,,,B,B14_c1_CGTAGGCGTGCCTGGT,B
B14_c1,HMN171237,NI,B,B14_c1_CGTCACTCAAGGTGTG,B
B14_c1,HMN171223,NI,B,B14_c1_CGTCAGGCACTGAAGG,B
B14_c1,HMN171243,flu,B,B14_c1_CGTCCATGTAAACCTC,B
B14_c1,HMN171243,flu,B,B14_c1_CGTCTACAGCCCAATT,B
B14_c1,,,B,B14_c1_CGTGAGCCACCGAATT,B
B14_c1,HMN171223,NI,B,B14_c1_CGTGTAAAGCTGTCTA,B
B14_c1,HMN171237,NI,B,B14_c1_CGTGTCTCATTTGCCC,B
B14_c1,HMN171244,flu,B,B14_c1_CGTTCTGCATCCAACA,B
B14_c1,HMN171223,NI,B,B14_c1_CGTTCTGTCTGACCTC,B
B14_c1,,,B,B14_c1_CGTTGGGAGTACGCCC,B
B14_c1,HMN171238,NI,B,B14_c1_CTAACTTGTTGTACAC,B
B14_c1,,,B,B14_c1_CTAACTTTCTGTCAAG,B
B14_c1,,,B,B14_c1_CTAAGACCACAGTCGC,B
B14_c1,,,B,B14_c1_CTAATGGTCGGCGCAT,B
B14_c1,HMN171244,flu,B,B14_c1_CTACACCAGAGTAATC,B
B14_c1,,,B,B14_c1_CTACATTCAACACCCG,B
B14_c1,HMN171238,NI,B,B14_c1_CTACCCATCACTCTTA,B
B14_c1,HMN171237,NI,B,B14_c1_CTACGTCAGAGCCTAG,B
B14_c1,HMN171238,NI,B,B14_c1_CTACGTCAGATATGGT,B
B14_c1,HMN171238,NI,B,B14_c1_CTACGTCGTAGCTTGT,B
B14_c1,HMN171223,NI,B,B14_c1_CTAGAGTGTCCTCTTG,B
B14_c1,,,B,B14_c1_CTAGTGAAGGAGTACC,B
B14_c1,,,B,B14_c1_CTCAGAAGTGTCTGAT,B
B14_c1,,,B,B14_c1_CTCATTACATCGATGT,B
B14_c1,,,B,B14_c1_CTCCTAGCACGGACAA,B
B14_c1,,,B,B14_c1_CTCCTAGTCAGTCAGT,B
B14_c1,,,B,B14_c1_CTCGAGGCAGGCTGAA,B
B14_c1,HMN171238,NI,B,B14_c1_CTCGAGGGTCCAGTGC,B
B14_c1,HMN171223,NI,B,B14_c1_CTCGTACAGCGTCTAT,B
B14_c1,,,B,B14_c1_CTCGTCACAATCGGTT,B
B14_c1,HMN171237,NI,B,B14_c1_CTCTACGAGCACCGTC,B
B14_c1,,,B,B14_c1_CTCTGGTAGGTTACCT,B
B14_c1,,,B,B14_c1_CTCTGGTGTCTGGTCG,B
B14_c1,HMN171243,flu,B,B14_c1_CTGAAACAGTGCCAGA,B
B14_c1,HMN171223,NI,B,B14_c1_CTGAAGTCACATTTCT,B
B14_c1,,,B,B14_c1_CTGATAGTCGTTACAG,B
B14_c1,HMN171244,flu,B,B14_c1_CTGCCTAAGCAGCCTC,B
B14_c1,,,B,B14_c1_CTGCGGAGTAGCGCAA,B
B14_c1,,,B,B14_c1_CTGCTGTCAGCCACCA,B
B14_c1,,,B,B14_c1_CTGCTGTCATACTACG,B
B14_c1,,,B,B14_c1_CTGCTGTTCCTCATTA,B
B14_c1,,,B,B14_c1_CTGGTCTAGCAGCCTC,B
B14_c1,,,B,B14_c1_CTGGTCTGTAGATTAG,B
B14_c1,,,B,B14_c1_CTGGTCTTCCTGCCAT,B
B14_c1,HMN171237,NI,B,B14_c1_CTGTGCTCATGCAACT,B
B14_c1,,,B,B14_c1_CTGTTTATCAAAGACA,B
B14_c1,,,B,B14_c1_CTTAACTGTACAGCAG,B
B14_c1,,,B,B14_c1_CTTAACTGTTTGGGCC,B
B14_c1,,,B,B14_c1_CTTAACTTCTCGCATC,B
B14_c1,,,B,B14_c1_CTTACCGAGCTATGCT,B
B14_c1,HMN171238,NI,B,B14_c1_CTTACCGCAAGCCGCT,B
B14_c1,,,B,B14_c1_CTTACCGTCCACTCCA,B
B14_c1,HMN171237,NI,B,B14_c1_CTTAGGAGTGCCTGCA,B
B14_c1,HMN171223,NI,B,B14_c1_CTTCTCTGTTGTGGCC,B
B14_c1,HMN171238,NI,B,B14_c1_CTTTGCGGTGTTCGAT,B
B14_c1,HMN171223,NI,B,B14_c1_GAACCTATCGGTCCGA,B
B14_c1,HMN171237,NI,B,B14_c1_GAAGCAGCATTTGCTT,B
B14_c1,,,B,B14_c1_GAATGAACAGTGGAGT,B
B14_c1,,,B,B14_c1_GAATGAATCGAGCCCA,B
B14_c1,,,B,B14_c1_GACACGCGTCTCGTTC,B
B14_c1,,,B,B14_c1_GACACGCTCAGTGCAT,B
B14_c1,,,B,B14_c1_GACCAATAGAATAGGG,B
B14_c1,HMN171237,NI,B,B14_c1_GACCAATCATTTGCTT,B
B14_c1,,,B,B14_c1_GACCTGGCAGTAAGAT,B
B14_c1,,,B,B14_c1_GACGCGTCACAGAGGT,B
B14_c1,HMN171223,NI,B,B14_c1_GACGTGCGTTCGTCTC,B
B14_c1,,,B,B14_c1_GACGTGCTCCGCGCAA,B
B14_c1,,,B,B14_c1_GACGTTACAGACTCGC,B
B14_c1,HMN171223,NI,B,B14_c1_GACTACACACTAGTAC,B
B14_c1,HMN171237,NI,B,B14_c1_GACTACATCACGCATA,B
B14_c1,,,B,B14_c1_GACTGCGAGAAGATTC,B
B14_c1,HMN171237,NI,B,B14_c1_GACTGCGCATGGGACA,B
B14_c1,,,B,B14_c1_GACTGCGTCGATAGAA,B
B14_c1,HMN171237,NI,B,B14_c1_GAGGTGAAGGAGCGTT,B
B14_c1,,,B,B14_c1_GAGGTGATCGTTACAG,B
B14_c1,,,B,B14_c1_GATCTAGAGGCAAAGA,B
B14_c1,,,B,B14_c1_GATCTAGCAATTCCTT,B
B14_c1,HMN171223,NI,B,B14_c1_GATGAAACAGATCTGT,B
B14_c1,HMN171228,flu,B,B14_c1_GATGAGGTCTCTGAGA,B
B14_c1,,,B,B14_c1_GATGCTAAGCTGAAAT,B
B14_c1,,,B,B14_c1_GATGCTAGTTAAGATG,B
B14_c1,,,B,B14_c1_GCAAACTTCACTGGGC,B
B14_c1,,,B,B14_c1_GCAATCAAGTACACCT,B
B14_c1,HMN171228,flu,B,B14_c1_GCAATCATCATAGCAC,B
B14_c1,HMN171238,NI,B,B14_c1_GCAATCATCCGCATAA,B
B14_c1,,,B,B14_c1_GCACATAGTCCAGTAT,B
B14_c1,,,B,B14_c1_GCACTCTCATCGGAAG,B
B14_c1,HMN171237,NI,B,B14_c1_GCAGCCACAAAGCGGT,B
B14_c1,HMN171237,NI,B,B14_c1_GCATGATAGCCGTCGT,B
B14_c1,,,B,B14_c1_GCATGCGGTGTTAAGA,B
B14_c1,,,B,B14_c1_GCCTCTACACAGTCGC,B
B14_c1,,,B,B14_c1_GCCTCTAGTTACGGAG,B
B14_c1,,,B,B14_c1_GCGACCATCCAAGCCG,B
B14_c1,HMN171237,NI,B,B14_c1_GCGCAACAGATGTGGC,B
B14_c1,HMN171223,NI,B,B14_c1_GCGCAACCACAGACTT,B
B14_c1,HMN171228,flu,B,B14_c1_GCGCGATCACTCGACG,B
B14_c1,,,B,B14_c1_GCGGGTTAGTGCGATG,B
B14_c1,HMN171223,NI,B,B14_c1_GCGGGTTGTACCGGCT,B
B14_c1,HMN171243,flu,B,B14_c1_GCTCCTAAGACTAGAT,B
B14_c1,,,B,B14_c1_GCTCCTACACGTCAGC,B
B14_c1,,,B,B14_c1_GCTGCAGCACAAGACG,B
B14_c1,HMN171237,NI,B,B14_c1_GCTGCAGGTCAGATAA,B
B14_c1,,,B,B14_c1_GCTGCGACACAGCCCA,B
B14_c1,,,B,B14_c1_GCTGGGTCACACTGCG,B
B14_c1,,,B,B14_c1_GCTGGGTTCAACACAC,B
B14_c1,,,B,B14_c1_GCTTCCATCAACCATG,B
B14_c1,,,B,B14_c1_GCTTGAAGTCGACTGC,B
B14_c1,HMN171238,NI,B,B14_c1_GGAATAAAGCAGCCTC,B
B14_c1,HMN171223,NI,B,B14_c1_GGAATAACACATCCGG,B
B14_c1,,,B,B14_c1_GGAATAAGTGTGGTTT,B
B14_c1,HMN171228,flu,B,B14_c1_GGATTACAGCCCAATT,B
B14_c1,,,B,B14_c1_GGATTACCACGTCTCT,B
B14_c1,,,B,B14_c1_GGCCGATAGCAGATCG,B
B14_c1,,,B,B14_c1_GGCGTGTAGCGTTCCG,B
B14_c1,,,B,B14_c1_GGCGTGTGTACAGCAG,B
B14_c1,HMN171223,NI,B,B14_c1_GGGAGATGTACCGGCT,B
B14_c1,,,B,B14_c1_GGGAGATGTAGAAGGA,B
B14_c1,HMN171223,NI,B,B14_c1_GGGCACTAGAAGGCCT,B
B14_c1,HMN171237,NI,B,B14_c1_GGGCATCAGTGCCATT,B
B14_c1,,,B,B14_c1_GGGCATCTCATCGGAT,B
B14_c1,,,B,B14_c1_GGGCATCTCGAATGCT,B
B14_c1,,,B,B14_c1_GGGTCTGGTGTAAGTA,B
B14_c1,HMN171223,NI,B,B14_c1_GGGTTGCTCCAGTATG,B
B14_c1,,,B,B14_c1_GGTATTGAGACTGTAA,B
B14_c1,,,B,B14_c1_GGTATTGGTCATATCG,B
B14_c1,,,B,B14_c1_GGTATTGTCTACTATC,B
B14_c1,,,B,B14_c1_GGTGAAGCACATGACT,B
B14_c1,,,B,B14_c1_GGTGCGTGTAAGCACG,B
B14_c1,HMN171243,flu,B,B14_c1_GTAACTGTCCGTTGCT,B
B14_c1,,,B,B14_c1_GTACGTAGTAGTAGTA,B
B14_c1,HMN171243,flu,B,B14_c1_GTACTCCTCGGTCTAA,B
B14_c1,,,B,B14_c1_GTACTTTCACAACGTT,B
B14_c1,,,B,B14_c1_GTACTTTCATAACCTG,B
B14_c1,,,B,B14_c1_GTAGTCACAGTCGTGC,B
B14_c1,,,B,B14_c1_GTCACAATCGGAAATA,B
B14_c1,HMN171237,NI,B,B14_c1_GTCACGGAGTAGTGCG,B
B14_c1,HMN171223,NI,B,B14_c1_GTCCTCATCCGTAGGC,B
B14_c1,,,B,B14_c1_GTCGTAACAGGTCGTC,B
B14_c1,,,B,B14_c1_GTCTTCGAGGAGTACC,B
B14_c1,,,B,B14_c1_GTGCAGCGTCGACTAT,B
B14_c1,HMN171237,NI,B,B14_c1_GTGCATAAGGAGCGTT,B
B14_c1,HMN171238,NI,B,B14_c1_GTGCATATCCCAACGG,B
B14_c1,,,B,B14_c1_GTGCTTCCACCTCGTT,B
B14_c1,,,B,B14_c1_GTGTGCGCAGCTTCGG,B
B14_c1,HMN171223,NI,B,B14_c1_GTTAAGCGTCGCTTTC,B
B14_c1,HMN171238,NI,B,B14_c1_GTTACAGCATGTCCTC,B
B14_c1,,,B,B14_c1_GTTACAGGTCAAAGCG,B
B14_c1,HMN171223,NI,B,B14_c1_TAAACCGGTAAATGTG,B
B14_c1,HMN171237,NI,B,B14_c1_TAAACCGGTTCCACAA,B
B14_c1,HMN171238,NI,B,B14_c1_TAAGTGCAGCTGTTCA,B
B14_c1,HMN171243,flu,B,B14_c1_TAAGTGCCAAATACAG,B
B14_c1,,,B,B14_c1_TAAGTGCTCATATCGG,B
B14_c1,,,B,B14_c1_TACACGAAGCAGATCG,B
B14_c1,HMN171238,NI,B,B14_c1_TACACGAAGTCTTGCA,B
B14_c1,,,B,B14_c1_TACAGTGAGCTGCGAA,B
B14_c1,,,B,B14_c1_TACCTTACACAGACAG,B
B14_c1,HMN171237,NI,B,B14_c1_TACGGATAGTGGGTTG,B
B14_c1,,,B,B14_c1_TACGGATCAGTGGGAT,B
B14_c1,HMN171223,NI,B,B14_c1_TACGGTACAGTCCTTC,B
B14_c1,HMN171244,flu,B,B14_c1_TACGGTATCCCTCAGT,B
B14_c1,,,B,B14_c1_TACTCATGTTTCCACC,B
B14_c1,HMN171237,NI,B,B14_c1_TACTCGCGTCGCCATG,B
B14_c1,HMN171243,flu,B,B14_c1_TACTTACTCATAACCG,B
B14_c1,,,B,B14_c1_TACTTACTCCTAGTGA,B
B14_c1,HMN171223,NI,B,B14_c1_TACTTACTCTTGCCGT,B
B14_c1,HMN171243,flu,B,B14_c1_TAGACCAAGTATTGGA,B
B14_c1,,,B,B14_c1_TAGAGCTCATGGTAGG,B
B14_c1,,,B,B14_c1_TAGAGCTGTTTCGCTC,B
B14_c1,,,B,B14_c1_TAGCCGGTCGTCCGTT,B
B14_c1,,,B,B14_c1_TATCTCACATGCCACG,B
B14_c1,,,B,B14_c1_TATCTCATCTTAGAGC,B
B14_c1,,,B,B14_c1_TATGCCCAGTAACCCT,B
B14_c1,,,B,B14_c1_TATTACCGTATCGCAT,B
B14_c1,HMN171223,NI,B,B14_c1_TATTACCTCCTAAGTG,B
B14_c1,HMN171237,NI,B,B14_c1_TCACAAGTCAAACGGG,B
B14_c1,,,B,B14_c1_TCACGAAGTTGTACAC,B
B14_c1,,,B,B14_c1_TCAGATGGTAGTGAAT,B
B14_c1,,,B,B14_c1_TCAGCTCCATGCAACT,B
B14_c1,HMN171237,NI,B,B14_c1_TCAGGTATCAACACCA,B
B14_c1,,,B,B14_c1_TCAGGTATCTATCGCC,B
B14_c1,,,B,B14_c1_TCCACACGTCCAACTA,B
B14_c1,,,B,B14_c1_TCGCGTTTCAAACGGG,B
B14_c1,HMN171237,NI,B,B14_c1_TCGGGACCATCCGTGG,B
B14_c1,HMN171237,NI,B,B14_c1_TCGGGACGTAACGTTC,B
B14_c1,,,B,B14_c1_TCGGTAATCCCGACTT,B
B14_c1,,,B,B14_c1_TCGTACCAGGTGGGTT,B
B14_c1,,,B,B14_c1_TCGTACCGTGATGTCT,B
B14_c1,HMN171237,NI,B,B14_c1_TCGTACCTCGCAGGCT,B
B14_c1,,,B,B14_c1_TCGTACCTCGCTAGCG,B
B14_c1,,,B,B14_c1_TCGTAGATCTGAGTGT,B
B14_c1,,,B,B14_c1_TCTATTGTCATGCATG,B
B14_c1,HMN171243,flu,B,B14_c1_TCTCTAAAGCGAGAAA,B
B14_c1,,,B,B14_c1_TCTCTAAAGCTAAGAT,B
B14_c1,,,B,B14_c1_TCTGAGAAGACATAAC,B
B14_c1,,,B,B14_c1_TCTGAGACAGTCCTTC,B
B14_c1,HMN171223,NI,B,B14_c1_TCTTCGGAGACAGACC,B
B14_c1,HMN171237,NI,B,B14_c1_TCTTCGGAGGCAGTCA,B
B14_c1,,,B,B14_c1_TCTTCGGCACAGCCCA,B
B14_c1,,,B,B14_c1_TGAAAGAAGGTGATTA,B
B14_c1,HMN171223,NI,B,B14_c1_TGACAACCATATACGC,B
B14_c1,,,B,B14_c1_TGACAACTCTCCAACC,B
B14_c1,HMN171238,NI,B,B14_c1_TGACGGCCACTTAACG,B
B14_c1,,,B,B14_c1_TGACTTTGTCTTCGTC,B
B14_c1,HMN171237,NI,B,B14_c1_TGAGAGGAGTTCGCAT,B
B14_c1,,,B,B14_c1_TGAGAGGTCTGTACGA,B
B14_c1,HMN171238,NI,B,B14_c1_TGAGCATTCGGATGTT,B
B14_c1,,,B,B14_c1_TGAGCCGGTTCCAACA,B
B14_c1,HMN171223,NI,B,B14_c1_TGCACCTTCCTGCCAT,B
B14_c1,HMN171237,NI,B,B14_c1_TGCCAAACACGTCAGC,B
B14_c1,,,B,B14_c1_TGCCAAAGTAAGGGCT,B
B14_c1,HMN171223,NI,B,B14_c1_TGCCAAATCAAACGGG,B
B14_c1,HMN171237,NI,B,B14_c1_TGCCAAATCCCTTGTG,B
B14_c1,HMN171237,NI,B,B14_c1_TGCCCTAGTTCACGGC,B
B14_c1,,,B,B14_c1_TGCCCTATCGAGAACG,B
B14_c1,HMN171238,NI,B,B14_c1_TGCGTGGTCAAACCAC,B
B14_c1,HMN171243,flu,B,B14_c1_TGGACGCTCTATCGCC,B
B14_c1,HMN171237,NI,B,B14_c1_TGGCCAGTCCAAATGC,B
B14_c1,,,B,B14_c1_TGGCGCATCCTCAACC,B
B14_c1,,,B,B14_c1_TGGTTAGCATTCTTAC,B
B14_c1,HMN171223,NI,B,B14_c1_TGGTTCCGTCTCTCGT,B
B14_c1,HMN171223,NI,B,B14_c1_TGTGGTAAGGATGTAT,B
B14_c1,,,B,B14_c1_TGTGGTAAGTGGGCTA,B
B14_c1,,,B,B14_c1_TTAACTCAGTTGTAGA,B
B14_c1,,,B,B14_c1_TTAACTCGTCCCTACT,B
B14_c1,,,B,B14_c1_TTAGGCAAGTCTCCTC,B
B14_c1,,,B,B14_c1_TTAGGCACAAGCCTAT,B
B14_c1,,,B,B14_c1_TTAGTTCAGGAGTTGC,B
B14_c1,HMN171238,NI,B,B14_c1_TTATGCTGTGACGCCT,B
B14_c1,HMN171238,NI,B,B14_c1_TTCCCAGGTCCGAAGA,B
B14_c1,,,B,B14_c1_TTCGGTCCATGTTCCC,B
B14_c1,,,B,B14_c1_TTCTACACAAACGCGA,B
B14_c1,,,B,B14_c1_TTCTACACAAAGGTGC,B
B14_c1,HMN171243,flu,B,B14_c1_TTCTCAAGTGCTAGCC,B
B14_c1,HMN171228,flu,B,B14_c1_TTGCCGTTCTAAGCCA,B
B14_c1,HMN171223,NI,B,B14_c1_TTGCCGTTCTGGTATG,B
B14_c1,HMN171237,NI,B,B14_c1_TTGCGTCTCGTACGGC,B
B14_c1,HMN171243,flu,B,B14_c1_TTGGCAACAAACTGCT,B
B14_c1,HMN171237,NI,B,B14_c1_TTTACTGAGCAAATCA,B
B14_c1,HMN171238,NI,B,B14_c1_TTTATGCCATGTCTCC,B
B14_c1,,,B,B14_c1_TTTATGCTCAGTACGT,B
B14_c1,,,B,B14_c1_TTTCCTCAGTCGTTTG,B
B14_c1,,,B,B14_c1_TTTCCTCCAATCAGAA,B
B14_c1,,,B,B14_c1_TTTCCTCGTTTGACTG,B
B14_c1,,,B,B14_c1_TTTGCGCAGGACAGAA,B
B14_c1,,,B,B14_c1_TTTGCGCCAGGTCTCG,B
B14_c1,,,B,B14_c1_TTTGTCAGTCACTGGC,B
B14_c2,HMN171228,NI,B,B14_c2_AAACCTGAGGTGTGGT,B
B14_c2,HMN171228,NI,B,B14_c2_AAACCTGTCCTTGACC,B
B14_c2,,,B,B14_c2_AAAGATGTCTGCTGCT,B
B14_c2,HMN171243,NI,B,B14_c2_AACCATGTCTCCGGTT,B
B14_c2,,,B,B14_c2_AACTCAGTCTTGTCAT,B
B14_c2,HMN171244,NI,B,B14_c2_AACTGGTTCGCGATCG,B
B14_c2,,,B,B14_c2_AAGGAGCCAGTTTACG,B
B14_c2,HMN171228,NI,B,B14_c2_AAGGAGCGTAATCACC,B
B14_c2,,,B,B14_c2_AAGGCAGAGCTAGGCA,B
B14_c2,HMN171244,NI,B,B14_c2_AATCGGTGTTCAGTAC,B
B14_c2,HMN171243,NI,B,B14_c2_AATCGGTTCGCATGGC,B
B14_c2,HMN171243,NI,B,B14_c2_ACAGCTAGTGGTCCGT,B
B14_c2,,,B,B14_c2_ACATACGGTACAGTTC,B
B14_c2,HMN171223,flu,B,B14_c2_ACATACGGTACTTAGC,B
B14_c2,,,B,B14_c2_ACATCAGTCTCGTTTA,B
B14_c2,HMN171223,flu,B,B14_c2_ACATGGTGTCACTTCC,B
B14_c2,HMN171244,NI,B,B14_c2_ACATGGTGTCCGTGAC,B
B14_c2,,,B,B14_c2_ACCCACTAGGCCCGTT,B
B14_c2,HMN171228,NI,B,B14_c2_ACCGTAATCTTCCTTC,B
B14_c2,,,B,B14_c2_ACGAGCCCACACCGAC,B
B14_c2,,,B,B14_c2_ACGAGGACAAACCTAC,B
B14_c2,HMN171228,NI,B,B14_c2_ACGATACCAAGACGTG,B
B14_c2,,,B,B14_c2_ACGCCGAAGTGGAGAA,B
B14_c2,,,B,B14_c2_ACGGCCATCGGTCTAA,B
B14_c2,,,B,B14_c2_ACGTCAAGTGCAACTT,B
B14_c2,HMN171228,NI,B,B14_c2_ACTGAACGTACCGTAT,B
B14_c2,HMN171228,NI,B,B14_c2_ACTGATGTCCAGAAGG,B
B14_c2,HMN171243,NI,B,B14_c2_AGAATAGCACATGTGT,B
B14_c2,HMN171244,NI,B,B14_c2_AGAATAGTCATTGCCC,B
B14_c2,HMN171243,NI,B,B14_c2_AGAGCTTCAGCTCGAC,B
B14_c2,,,B,B14_c2_AGAGTGGTCTTCGAGA,B
B14_c2,HMN171243,NI,B,B14_c2_AGCAGCCGTCTGCCAG,B
B14_c2,,,B,B14_c2_AGCGGTCGTCAAAGAT,B
B14_c2,,,B,B14_c2_AGCGTCGCAGATGGCA,B
B14_c2,HMN171223,flu,B,B14_c2_AGCGTCGCAGTTTACG,B
B14_c2,,,B,B14_c2_AGCGTCGGTACCGTAT,B
B14_c2,,,B,B14_c2_AGGCCGTGTATAAACG,B
B14_c2,HMN171228,NI,B,B14_c2_AGGGAGTAGGACTGGT,B
B14_c2,HMN171238,flu,B,B14_c2_AGGGATGTCTTGAGAC,B
B14_c2,HMN171228,NI,B,B14_c2_AGGTCCGCAGAAGCAC,B
B14_c2,,,B,B14_c2_AGTGTCAAGATGTTAG,B
B14_c2,HMN171244,NI,B,B14_c2_AGTGTCAAGCGAGAAA,B
B14_c2,HMN171228,NI,B,B14_c2_AGTGTCAGTTCACCTC,B
B14_c2,HMN171243,NI,B,B14_c2_AGTTGGTGTGACCAAG,B
B14_c2,HMN171243,NI,B,B14_c2_ATCACGAAGGGATCTG,B
B14_c2,,,B,B14_c2_ATCATGGAGGACAGAA,B
B14_c2,,,B,B14_c2_ATCATGGGTAGCCTCG,B
B14_c2,,,B,B14_c2_ATCATGGTCGGAGGTA,B
B14_c2,,,B,B14_c2_ATCCACCGTGATAAAC,B
B14_c2,,,B,B14_c2_ATCGAGTGTAAACGCG,B
B14_c2,HMN171228,NI,B,B14_c2_ATCGAGTGTAAGAGGA,B
B14_c2,,,B,B14_c2_ATCTACTAGCCGTCGT,B
B14_c2,,,B,B14_c2_ATCTGCCCAAGACACG,B
B14_c2,HMN171243,NI,B,B14_c2_ATTATCCAGTTCGATC,B
B14_c2,,,B,B14_c2_ATTGGTGCAAGTACCT,B
B14_c2,HMN171238,flu,B,B14_c2_CAACCAAGTCGCTTTC,B
B14_c2,,,B,B14_c2_CAACCTCTCCAAGTAC,B
B14_c2,HMN171244,NI,B,B14_c2_CAACTAGGTCGTTGTA,B
B14_c2,,,B,B14_c2_CAAGATCAGGAACTGC,B
B14_c2,HMN171243,NI,B,B14_c2_CAAGATCCATTACCTT,B
B14_c2,,,B,B14_c2_CAAGATCTCAGAGCTT,B
B14_c2,,,B,B14_c2_CACAGGCAGCTTATCG,B
B14_c2,,,B,B14_c2_CACATAGTCGGTTAAC,B
B14_c2,,,B,B14_c2_CACATTTCACTCAGGC,B
B14_c2,,,B,B14_c2_CAGATCATCCTAAGTG,B
B14_c2,HMN171243,NI,B,B14_c2_CAGCATATCTTTCCTC,B
B14_c2,HMN171228,NI,B,B14_c2_CAGCGACTCTCAAACG,B
B14_c2,,,B,B14_c2_CAGCTGGAGCTAGTTC,B
B14_c2,HMN171244,NI,B,B14_c2_CAGTCCTTCAGAGACG,B
B14_c2,HMN171238,flu,B,B14_c2_CATATGGCAACGATGG,B
B14_c2,HMN171243,NI,B,B14_c2_CATATGGCACAACGCC,B
B14_c2,,,B,B14_c2_CATCAAGAGAGTGAGA,B
B14_c2,,,B,B14_c2_CATCCACAGACGCTTT,B
B14_c2,HMN171243,NI,B,B14_c2_CATCCACTCAGTCAGT,B
B14_c2,,,B,B14_c2_CATGACAAGAGCTGCA,B
B14_c2,HMN171228,NI,B,B14_c2_CATGACACAAGTTGTC,B
B14_c2,HMN171243,NI,B,B14_c2_CATGGCGCAGGTGGAT,B
B14_c2,,,B,B14_c2_CATGGCGGTAGCGCTC,B
B14_c2,HMN171244,NI,B,B14_c2_CATGGCGGTGTCAATC,B
B14_c2,HMN171243,NI,B,B14_c2_CATTCGCTCCATGAAC,B
B14_c2,HMN171228,NI,B,B14_c2_CATTCGCTCTAGCACA,B
B14_c2,,,B,B14_c2_CCACGGATCAGAGACG,B
B14_c2,HMN171244,NI,B,B14_c2_CCACTACAGCCCAGCT,B
B14_c2,HMN171243,NI,B,B14_c2_CCACTACAGGTCGGAT,B
B14_c2,,,B,B14_c2_CCATGTCTCAATCACG,B
B14_c2,HMN171244,NI,B,B14_c2_CCCAATCGTCCCGACA,B
B14_c2,HMN171243,NI,B,B14_c2_CCCAGTTTCTCTGCTG,B
B14_c2,HMN171243,NI,B,B14_c2_CCGGTAGAGACACGAC,B
B14_c2,HMN171243,NI,B,B14_c2_CCTACACGTGACTACT,B
B14_c2,,,B,B14_c2_CCTATTAGTACTTCTT,B
B14_c2,HMN171237,flu,B,B14_c2_CCTATTAGTTCCACGG,B
B14_c2,HMN171243,NI,B,B14_c2_CCTATTATCATATCGG,B
B14_c2,,,B,B14_c2_CCTCAGTGTACTTGAC,B
B14_c2,HMN171244,NI,B,B14_c2_CCTTACGCATCACAAC,B
B14_c2,HMN171244,NI,B,B14_c2_CCTTACGGTTGCGTTA,B
B14_c2,,,B,B14_c2_CCTTACGGTTTAGCTG,B
B14_c2,HMN171244,NI,B,B14_c2_CCTTCCCAGAGACTAT,B
B14_c2,,,B,B14_c2_CCTTCGACAAGTCTGT,B
B14_c2,,,B,B14_c2_CCTTTCTAGTGCCAGA,B
B14_c2,HMN171244,NI,B,B14_c2_CCTTTCTGTAAATGAC,B
B14_c2,,,B,B14_c2_CCTTTCTTCGGTCTAA,B
B14_c2,,,B,B14_c2_CGACTTCAGCTACCTA,B
B14_c2,HMN171243,NI,B,B14_c2_CGAGCACTCGCCAAAT,B
B14_c2,HMN171237,flu,B,B14_c2_CGATGGCTCTATCCCG,B
B14_c2,,,B,B14_c2_CGCGGTAAGTATGACA,B
B14_c2,,,B,B14_c2_CGGAGTCAGATCCCAT,B
B14_c2,,,B,B14_c2_CGGGTCACAAGCCCAC,B
B14_c2,HMN171243,NI,B,B14_c2_CGTCACTCAGCCTTGG,B
B14_c2,,,B,B14_c2_CGTCACTCAGGTGCCT,B
B14_c2,HMN171244,NI,B,B14_c2_CGTCAGGGTTCGTCTC,B
B14_c2,,,B,B14_c2_CGTGTCTAGTCGATAA,B
B14_c2,,,B,B14_c2_CGTGTCTCACAGACAG,B
B14_c2,HMN171223,flu,B,B14_c2_CGTTGGGTCTTGTACT,B
B14_c2,HMN171243,NI,B,B14_c2_CTAACTTCATCGGTTA,B
B14_c2,HMN171243,NI,B,B14_c2_CTAATGGAGTAGCGGT,B
B14_c2,HMN171244,NI,B,B14_c2_CTAATGGGTCTGATCA,B
B14_c2,HMN171243,NI,B,B14_c2_CTAATGGGTGTATGGG,B
B14_c2,HMN171244,NI,B,B14_c2_CTACCCATCTTAACCT,B
B14_c2,,,B,B14_c2_CTAGTGACATTATCTC,B
B14_c2,,,B,B14_c2_CTCACACCACCCTATC,B
B14_c2,,,B,B14_c2_CTCACACGTTGCGTTA,B
B14_c2,HMN171244,NI,B,B14_c2_CTCTACGGTGTGACGA,B
B14_c2,HMN171243,NI,B,B14_c2_CTGAAACAGGCCGAAT,B
B14_c2,HMN171244,NI,B,B14_c2_CTGATAGCACATGGGA,B
B14_c2,,,B,B14_c2_CTGATCCAGACGACGT,B
B14_c2,HMN171243,NI,B,B14_c2_CTGTGCTAGCGATCCC,B
B14_c2,,,B,B14_c2_CTGTGCTGTAAGGGAA,B
B14_c2,HMN171243,NI,B,B14_c2_CTGTTTAAGAGGGCTT,B
B14_c2,,,B,B14_c2_CTGTTTATCGCTTGTC,B
B14_c2,,,B,B14_c2_CTTACCGTCGGCATCG,B
B14_c2,HMN171228,NI,B,B14_c2_CTTAGGACACAGCCCA,B
B14_c2,,,B,B14_c2_CTTAGGACACCCAGTG,B
B14_c2,HMN171243,NI,B,B14_c2_CTTAGGATCGAGCCCA,B
B14_c2,,,B,B14_c2_CTTGGCTTCATCATTC,B
B14_c2,,,B,B14_c2_GAACGGACAGGGTATG,B
B14_c2,HMN171228,NI,B,B14_c2_GAACGGAGTCTCTTAT,B
B14_c2,,,B,B14_c2_GAAGCAGTCGAACTGT,B
B14_c2,HMN171244,NI,B,B14_c2_GAATGAACACGCTTTC,B
B14_c2,,,B,B14_c2_GACACGCGTTGTGGAG,B
B14_c2,HMN171237,flu,B,B14_c2_GACCAATCATTCTTAC,B
B14_c2,HMN171243,NI,B,B14_c2_GACGGCTGTCTGCGGT,B
B14_c2,,,B,B14_c2_GACTACAGTGTAATGA,B
B14_c2,HMN171243,NI,B,B14_c2_GACTGCGGTACTCAAC,B
B14_c2,,,B,B14_c2_GACTGCGGTCCGAATT,B
B14_c2,,,B,B14_c2_GAGTCCGTCGTACCGG,B
B14_c2,HMN171243,NI,B,B14_c2_GATCAGTGTGACGGTA,B
B14_c2,,,B,B14_c2_GATCGTACAAACTGCT,B
B14_c2,,,B,B14_c2_GCAAACTGTGATAAAC,B
B14_c2,,,B,B14_c2_GCAAACTGTTAAAGTG,B
B14_c2,HMN171243,NI,B,B14_c2_GCAAACTGTTGAGGTG,B
B14_c2,,,B,B14_c2_GCAATCAGTGACAAAT,B
B14_c2,HMN171237,flu,B,B14_c2_GCACATATCGTCGTTC,B
B14_c2,HMN171243,NI,B,B14_c2_GCCAAATAGCTAGGCA,B
B14_c2,,,B,B14_c2_GCCTCTACATTTCACT,B
B14_c2,,,B,B14_c2_GCGCAACAGCTGTTCA,B
B14_c2,HMN171244,NI,B,B14_c2_GCGCAGTGTTCAGTAC,B
B14_c2,HMN171244,NI,B,B14_c2_GCGCAGTTCATCGATG,B
B14_c2,HMN171244,NI,B,B14_c2_GCTCCTACATGTCGAT,B
B14_c2,HMN171244,NI,B,B14_c2_GCTCTGTTCAAGCCTA,B
B14_c2,,,B,B14_c2_GCTGCGACACTGTTAG,B
B14_c2,,,B,B14_c2_GCTTCCAAGAGTACCG,B
B14_c2,HMN171237,flu,B,B14_c2_GCTTCCAGTCGTGGCT,B
B14_c2,HMN171223,flu,B,B14_c2_GGACATTCATCGGAAG,B
B14_c2,,,B,B14_c2_GGACGTCTCCAATGGT,B
B14_c2,HMN171228,NI,B,B14_c2_GGAGCAAGTAATAGCA,B
B14_c2,HMN171244,NI,B,B14_c2_GGATTACTCTTGTTTG,B
B14_c2,HMN171228,NI,B,B14_c2_GGCGTGTCACAACGTT,B
B14_c2,HMN171243,NI,B,B14_c2_GGCTCGACAACTGGCC,B
B14_c2,HMN171223,flu,B,B14_c2_GGGAATGCATATACCG,B
B14_c2,,,B,B14_c2_GGGCATCCATGCTAGT,B
B14_c2,HMN171237,flu,B,B14_c2_GGTGAAGTCAAACCAC,B
B14_c2,,,B,B14_c2_GGTGCGTGTAGCGATG,B
B14_c2,,,B,B14_c2_GTAACGTCACGGTTTA,B
B14_c2,,,B,B14_c2_GTAGGCCGTGTCAATC,B
B14_c2,,,B,B14_c2_GTATCTTAGGACGAAA,B
B14_c2,,,B,B14_c2_GTGAAGGAGCAGACTG,B
B14_c2,,,B,B14_c2_GTGAAGGCAAGCCGTC,B
B14_c2,,,B,B14_c2_GTGAAGGCAGCTGTGC,B
B14_c2,,,B,B14_c2_GTGCTTCCAATCGGTT,B
B14_c2,,,B,B14_c2_GTGTTAGGTCGATTGT,B
B14_c2,HMN171244,NI,B,B14_c2_GTTAAGCCAAAGTCAA,B
B14_c2,HMN171243,NI,B,B14_c2_GTTAAGCTCCCTTGTG,B
B14_c2,,,B,B14_c2_GTTCATTCATTAGCCA,B
B14_c2,HMN171243,NI,B,B14_c2_GTTCGGGGTCTAGCCG,B
B14_c2,HMN171238,flu,B,B14_c2_TAAGAGAAGCTAGTCT,B
B14_c2,,,B,B14_c2_TACAGTGAGATCTGCT,B
B14_c2,,,B,B14_c2_TACAGTGCAACCGCCA,B
B14_c2,HMN171244,NI,B,B14_c2_TACAGTGCATGTCCTC,B
B14_c2,,,B,B14_c2_TACGGGCGTTGCCTCT,B
B14_c2,HMN171228,NI,B,B14_c2_TACGGGCTCTACTATC,B
B14_c2,,,B,B14_c2_TACGGTACAGCCAGAA,B
B14_c2,HMN171244,NI,B,B14_c2_TACTCATCATTTGCTT,B
B14_c2,,,B,B14_c2_TACTTGTAGACTAAGT,B
B14_c2,HMN171228,NI,B,B14_c2_TACTTGTCATTGAGCT,B
B14_c2,HMN171243,NI,B,B14_c2_TAGGCATAGGAATCGC,B
B14_c2,,,B,B14_c2_TAGGCATGTGATGATA,B
B14_c2,,,B,B14_c2_TAGTGGTTCGTCTGCT,B
B14_c2,HMN171244,NI,B,B14_c2_TATCTCAAGCGTAATA,B
B14_c2,HMN171243,NI,B,B14_c2_TATGCCCTCCGCGCAA,B
B14_c2,HMN171243,NI,B,B14_c2_TATTACCAGATCCGAG,B
B14_c2,,,B,B14_c2_TCACAAGCACACATGT,B
B14_c2,,,B,B14_c2_TCAGCTCCACGAGAGT,B
B14_c2,HMN171243,NI,B,B14_c2_TCAGCTCTCTGGGCCA,B
B14_c2,HMN171228,NI,B,B14_c2_TCAGGATTCCTAAGTG,B
B14_c2,HMN171243,NI,B,B14_c2_TCAGGTAGTATATGGA,B
B14_c2,,,B,B14_c2_TCATTACAGGACAGCT,B
B14_c2,,,B,B14_c2_TCCACACGTAACGACG,B
B14_c2,HMN171244,NI,B,B14_c2_TCCACACTCCGCAAGC,B
B14_c2,,,B,B14_c2_TCCACACTCCGTACAA,B
B14_c2,,,B,B14_c2_TCGTAGAAGTGTTTGC,B
B14_c2,HMN171223,flu,B,B14_c2_TCTATTGTCAAACCAC,B
B14_c2,,,B,B14_c2_TCTGAGAAGAGCTGCA,B
B14_c2,HMN171243,NI,B,B14_c2_TCTGAGATCGGACAAG,B
B14_c2,,,B,B14_c2_TCTGGAATCCCTGACT,B
B14_c2,,,B,B14_c2_TGAAAGAGTTCCACGG,B
B14_c2,,,B,B14_c2_TGACAACAGCTGAACG,B
B14_c2,HMN171244,NI,B,B14_c2_TGACGGCAGATATGCA,B
B14_c2,,,B,B14_c2_TGACGGCAGTTAAGTG,B
B14_c2,HMN171244,NI,B,B14_c2_TGACTTTTCTTTAGGG,B
B14_c2,,,B,B14_c2_TGAGAGGAGACCTAGG,B
B14_c2,HMN171243,NI,B,B14_c2_TGAGAGGTCCAAATGC,B
B14_c2,HMN171243,NI,B,B14_c2_TGAGCATAGAAAGTGG,B
B14_c2,HMN171238,flu,B,B14_c2_TGATTTCAGTGGTAGC,B
B14_c2,,,B,B14_c2_TGATTTCCACCTTGTC,B
B14_c2,HMN171238,flu,B,B14_c2_TGATTTCGTCGTCTTC,B
B14_c2,HMN171243,NI,B,B14_c2_TGCCAAAAGTCCGGTC,B
B14_c2,HMN171243,NI,B,B14_c2_TGCCAAACATGGTTGT,B
B14_c2,,,B,B14_c2_TGCCAAAGTGCAGGTA,B
B14_c2,,,B,B14_c2_TGCCAAATCTTAACCT,B
B14_c2,HMN171244,NI,B,B14_c2_TGCCCTAGTCGGGTCT,B
B14_c2,,,B,B14_c2_TGCGCAGCACGGACAA,B
B14_c2,,,B,B14_c2_TGCTACCAGCTCCCAG,B
B14_c2,HMN171243,NI,B,B14_c2_TGGACGCCATGCATGT,B
B14_c2,HMN171243,NI,B,B14_c2_TGGACGCGTGCCTGTG,B
B14_c2,HMN171228,NI,B,B14_c2_TGGCTGGAGATCCTGT,B
B14_c2,HMN171238,flu,B,B14_c2_TGGGCGTAGTCATCCA,B
B14_c2,,,B,B14_c2_TGGGCGTCATGGAATA,B
B14_c2,,,B,B14_c2_TGGGCGTTCCCAACGG,B
B14_c2,,,B,B14_c2_TGTCCCAGTTTGTGTG,B
B14_c2,,,B,B14_c2_TGTGTTTGTATCACCA,B
B14_c2,HMN171243,NI,B,B14_c2_TTAACTCAGTGTTAGA,B
B14_c2,,,B,B14_c2_TTAACTCGTAAACCTC,B
B14_c2,HMN171228,NI,B,B14_c2_TTAGGACTCCTCAATT,B
B14_c2,HMN171243,NI,B,B14_c2_TTAGGACTCGTAGGTT,B
B14_c2,,,B,B14_c2_TTAGGCAAGATGTGTA,B
B14_c2,HMN171228,NI,B,B14_c2_TTAGTTCCATTGAGCT,B
B14_c2,,,B,B14_c2_TTCGGTCAGTACGCCC,B
B14_c2,,,B,B14_c2_TTCTCAACATCCGGGT,B
B14_c2,HMN171243,NI,B,B14_c2_TTCTCCTGTAGTAGTA,B
B14_c2,HMN171228,NI,B,B14_c2_TTTATGCCAACACCCG,B
B14_c2,,,B,B14_c2_TTTCCTCAGAAGGTGA,B
B14_c2,HMN171243,NI,B,B14_c2_TTTCCTCAGGCCCGTT,B
B14_c2,,,B,B14_c2_TTTCCTCGTATTCGTG,B
B14_c2,,,B,B14_c2_TTTGCGCGTGTGCCTG,B
B15_c1,HMN171217,NI,B,B15_c1_AAACCTGGTCCAGTTA,B
B15_c1,HMN171225,NI,B,B15_c1_AAACGGGGTCAGAGGT,B
B15_c1,HMN171235,NI,B,B15_c1_AAAGATGTCAGCTCGG,B
B15_c1,HMN171225,NI,B,B15_c1_AAAGCAACAGATCCAT,B
B15_c1,HMN171217,NI,B,B15_c1_AAAGCAATCGCCATAA,B
B15_c1,HMN171225,NI,B,B15_c1_AAAGTAGCAAGGTTTC,B
B15_c1,HMN171235,NI,B,B15_c1_AAAGTAGGTTGAGGTG,B
B15_c1,HMN171225,NI,B,B15_c1_AAATGCCTCGGTCCGA,B
B15_c1,HMN171225,NI,B,B15_c1_AACCATGAGTACACCT,B
B15_c1,,,B,B15_c1_AACCATGTCTGAGTGT,B
B15_c1,,,B,B15_c1_AACCGCGAGCATGGCA,B
B15_c1,HMN171235,NI,B,B15_c1_AACCGCGGTAAATGTG,B
B15_c1,,,B,B15_c1_AACCGCGTCTTAACCT,B
B15_c1,HMN171235,NI,B,B15_c1_AACGTTGAGGCCCTCA,B
B15_c1,,,B,B15_c1_AACGTTGGTATCAGTC,B
B15_c1,HMN171235,NI,B,B15_c1_AACTCAGGTCAGCTAT,B
B15_c1,,,B,B15_c1_AACTCAGTCACTCCTG,B
B15_c1,,,B,B15_c1_AACTCTTGTATCACCA,B
B15_c1,HMN171225,NI,B,B15_c1_AACTGGTTCTCCAGGG,B
B15_c1,HMN171225,NI,B,B15_c1_AACTGGTTCTCTGAGA,B
B15_c1,,,B,B15_c1_AACTTTCCACCAGATT,B
B15_c1,HMN171235,NI,B,B15_c1_AAGCCGCCACAGATTC,B
B15_c1,,,B,B15_c1_AAGGAGCAGCCGCCTA,B
B15_c1,HMN171217,NI,B,B15_c1_AAGGTTCTCGATCCCT,B
B15_c1,HMN171225,NI,B,B15_c1_AAGTCTGGTTCAGACT,B
B15_c1,,,B,B15_c1_AATCCAGTCGTCTGCT,B
B15_c1,,,B,B15_c1_ACACCCTGTTGGAGGT,B
B15_c1,HMN171235,NI,B,B15_c1_ACACCGGTCTTTAGGG,B
B15_c1,,,B,B15_c1_ACACTGATCGGTTAAC,B
B15_c1,,,B,B15_c1_ACATACGAGTGTTGAA,B
B15_c1,HMN171217,NI,B,B15_c1_ACATGGTTCTGTTTGT,B
B15_c1,HMN171217,NI,B,B15_c1_ACCAGTATCTTTCCTC,B
B15_c1,HMN171217,NI,B,B15_c1_ACCCACTAGAATTGTG,B
B15_c1,,,B,B15_c1_ACCCACTTCCAGGGCT,B
B15_c1,,,B,B15_c1_ACCGTAACAATAAGCA,B
B15_c1,,,B,B15_c1_ACCGTAATCATGTCCC,B
B15_c1,HMN171225,NI,B,B15_c1_ACCTTTAGTGAAGGCT,B
B15_c1,,,B,B15_c1_ACCTTTATCGGAAACG,B
B15_c1,,,B,B15_c1_ACGAGCCAGCTGATAA,B
B15_c1,HMN171217,NI,B,B15_c1_ACGAGCCAGTGGACGT,B
B15_c1,HMN171217,NI,B,B15_c1_ACGAGCCGTACCTACA,B
B15_c1,,,B,B15_c1_ACGAGGACACCAGCAC,B
B15_c1,HMN171235,NI,B,B15_c1_ACGATACGTGGTCCGT,B
B15_c1,HMN171225,NI,B,B15_c1_ACGATGTCATGTTGAC,B
B15_c1,HMN171225,NI,B,B15_c1_ACGCAGCAGCCCAGCT,B
B15_c1,HMN171225,NI,B,B15_c1_ACGCCAGAGATATGCA,B
B15_c1,HMN171225,NI,B,B15_c1_ACGCCAGCATGAGCGA,B
B15_c1,HMN171225,NI,B,B15_c1_ACGCCAGGTGAGGCTA,B
B15_c1,HMN171225,NI,B,B15_c1_ACGCCGATCCACGTTC,B
B15_c1,,,B,B15_c1_ACGGAGAGTAGAGTGC,B
B15_c1,HMN171217,NI,B,B15_c1_ACGGAGAGTCCGAATT,B
B15_c1,,,B,B15_c1_ACGGCCACAGTCGATT,B
B15_c1,,,B,B15_c1_ACGGGCTCACCTTGTC,B
B15_c1,,,B,B15_c1_ACGGGCTCAGTCCTTC,B
B15_c1,HMN171235,NI,B,B15_c1_ACGGGCTGTGACTCAT,B
B15_c1,HMN171217,NI,B,B15_c1_ACGGGCTGTTGGTAAA,B
B15_c1,HMN171225,NI,B,B15_c1_ACGGGCTTCGTCCGTT,B
B15_c1,HMN171235,NI,B,B15_c1_ACGGGTCCAGTTCATG,B
B15_c1,,,B,B15_c1_ACGGGTCCATGGGACA,B
B15_c1,HMN171225,NI,B,B15_c1_ACGTCAAAGCTACCGC,B
B15_c1,,,B,B15_c1_ACGTCAATCTACCAGA,B
B15_c1,HMN171217,NI,B,B15_c1_ACTATCTAGTGGTAAT,B
B15_c1,HMN171225,NI,B,B15_c1_ACTGAACCATTTGCTT,B
B15_c1,,,B,B15_c1_ACTGAACTCCCTTGTG,B
B15_c1,HMN171235,NI,B,B15_c1_ACTGAGTCAAGTCATC,B
B15_c1,HMN171235,NI,B,B15_c1_ACTGATGAGCTAACAA,B
B15_c1,,,B,B15_c1_ACTGATGCATAGAAAC,B
B15_c1,,,B,B15_c1_ACTGCTCTCGGCTTGG,B
B15_c1,HMN171235,NI,B,B15_c1_ACTTACTCATGCTAGT,B
B15_c1,,,B,B15_c1_ACTTACTGTACAGACG,B
B15_c1,,,B,B15_c1_ACTTACTGTGCAACGA,B
B15_c1,HMN171225,NI,B,B15_c1_ACTTTCAAGTAGCGGT,B
B15_c1,HMN171241,flu,B,B15_c1_ACTTTCACACGGATAG,B
B15_c1,,,B,B15_c1_AGAATAGCATAACCTG,B
B15_c1,,,B,B15_c1_AGAATAGTCCTTGACC,B
B15_c1,,,B,B15_c1_AGACGTTTCTCAAACG,B
B15_c1,HMN171235,NI,B,B15_c1_AGAGCGAAGGTGACCA,B
B15_c1,HMN171235,NI,B,B15_c1_AGAGCGACATATACCG,B
B15_c1,,,B,B15_c1_AGAGCTTTCAGCGATT,B
B15_c1,HMN171225,NI,B,B15_c1_AGATTGCTCCTAGTGA,B
B15_c1,HMN171225,NI,B,B15_c1_AGCAGCCCAACCGCCA,B
B15_c1,,,B,B15_c1_AGCCTAAAGAACTGTA,B
B15_c1,,,B,B15_c1_AGCCTAACAAGTCTGT,B
B15_c1,HMN171225,NI,B,B15_c1_AGCCTAATCCCTAATT,B
B15_c1,,,B,B15_c1_AGCGGTCCATGCAATC,B
B15_c1,,,B,B15_c1_AGCGTATAGTAGGTGC,B
B15_c1,,,B,B15_c1_AGCGTATGTCTGATCA,B
B15_c1,,,B,B15_c1_AGCGTCGCAGTCGATT,B
B15_c1,,,B,B15_c1_AGCGTCGTCAGTCAGT,B
B15_c1,,,B,B15_c1_AGCTCCTAGGTGCTTT,B
B15_c1,HMN171227,flu,B,B15_c1_AGCTCCTCAAAGTCAA,B
B15_c1,HMN171225,NI,B,B15_c1_AGCTCTCAGAGTGAGA,B
B15_c1,,,B,B15_c1_AGCTCTCGTAACGCGA,B
B15_c1,,,B,B15_c1_AGCTCTCGTTAAGTAG,B
B15_c1,HMN171235,NI,B,B15_c1_AGCTTGAAGAGATGAG,B
B15_c1,,,B,B15_c1_AGGCCACAGGCGACAT,B
B15_c1,HMN171235,NI,B,B15_c1_AGGGATGTCATGTCTT,B
B15_c1,HMN171225,NI,B,B15_c1_AGGGTGAGTCAGCTAT,B
B15_c1,HMN171217,NI,B,B15_c1_AGTAGTCGTCGAATCT,B
B15_c1,HMN171217,NI,B,B15_c1_AGTAGTCGTGCATCTA,B
B15_c1,HMN171217,NI,B,B15_c1_AGTGAGGGTTTGGCGC,B
B15_c1,HMN171235,NI,B,B15_c1_AGTGGGATCGGAAACG,B
B15_c1,,,B,B15_c1_AGTGTCAAGATGAGAG,B
B15_c1,HMN171225,NI,B,B15_c1_AGTGTCAAGTGAACAT,B
B15_c1,,,B,B15_c1_AGTTGGTGTGTTTGTG,B
B15_c1,,,B,B15_c1_ATAACGCAGTTAGGTA,B
B15_c1,HMN171225,NI,B,B15_c1_ATAACGCCACACTGCG,B
B15_c1,HMN171225,NI,B,B15_c1_ATAACGCGTCGAGATG,B
B15_c1,HMN171235,NI,B,B15_c1_ATAACGCTCGATAGAA,B
B15_c1,HMN171225,NI,B,B15_c1_ATAAGAGCACAGACAG,B
B15_c1,HMN171225,NI,B,B15_c1_ATAAGAGCATGCAACT,B
B15_c1,HMN171217,NI,B,B15_c1_ATAGACCAGCAATCTC,B
B15_c1,,,B,B15_c1_ATAGACCCACCGAAAG,B
B15_c1,,,B,B15_c1_ATCACGATCGGCGCTA,B
B15_c1,,,B,B15_c1_ATCATCTCACAGGAGT,B
B15_c1,HMN171217,NI,B,B15_c1_ATCATCTGTCTGGTCG,B
B15_c1,,,B,B15_c1_ATCATGGAGGTAGCCA,B
B15_c1,HMN171217,NI,B,B15_c1_ATCATGGGTACTCTCC,B
B15_c1,HMN171225,NI,B,B15_c1_ATCCACCGTGTGCGTC,B
B15_c1,HMN171225,NI,B,B15_c1_ATCCGAAAGAAACCTA,B
B15_c1,HMN171235,NI,B,B15_c1_ATCCGAAAGGTGGGTT,B
B15_c1,,,B,B15_c1_ATCCGAAGTCTCGTTC,B
B15_c1,,,B,B15_c1_ATCCGAAGTGACCAAG,B
B15_c1,HMN171235,NI,B,B15_c1_ATCTACTGTGGGTCAA,B
B15_c1,HMN171225,NI,B,B15_c1_ATCTACTTCCGCAAGC,B
B15_c1,,,B,B15_c1_ATCTGCCCAGTAAGAT,B
B15_c1,,,B,B15_c1_ATGGGAGGTCGCTTCT,B
B15_c1,,,B,B15_c1_ATGTGTGCAAACAACA,B
B15_c1,,,B,B15_c1_ATTCTACAGTCGCCGT,B
B15_c1,HMN171235,NI,B,B15_c1_ATTCTACCAATCAGAA,B
B15_c1,HMN171225,NI,B,B15_c1_ATTCTACCACTTGGAT,B
B15_c1,HMN171225,NI,B,B15_c1_ATTCTACCAGCTCGCA,B
B15_c1,HMN171235,NI,B,B15_c1_ATTCTACTCGCTGATA,B
B15_c1,HMN171235,NI,B,B15_c1_ATTCTACTCTCGAGTA,B
B15_c1,HMN171225,NI,B,B15_c1_ATTTCTGAGCTAGCCC,B
B15_c1,,,B,B15_c1_CAACCTCCAAGCCGCT,B
B15_c1,HMN171217,NI,B,B15_c1_CAACCTCGTCGGATCC,B
B15_c1,HMN171225,NI,B,B15_c1_CAACCTCTCATGTCCC,B
B15_c1,,,B,B15_c1_CAAGATCAGAATAGGG,B
B15_c1,HMN171225,NI,B,B15_c1_CAAGATCGTCAGCTAT,B
B15_c1,HMN171235,NI,B,B15_c1_CAAGATCGTGACTCAT,B
B15_c1,HMN171225,NI,B,B15_c1_CAAGATCTCTACCAGA,B
B15_c1,,,B,B15_c1_CAAGGCCAGACGCACA,B
B15_c1,,,B,B15_c1_CAAGTTGTCCAAAGTC,B
B15_c1,HMN171235,NI,B,B15_c1_CACAAACAGGAGCGTT,B
B15_c1,HMN171217,NI,B,B15_c1_CACAAACTCTCAACTT,B
B15_c1,,,B,B15_c1_CACACCTTCCTCTAGC,B
B15_c1,HMN171225,NI,B,B15_c1_CACACCTTCTCGCATC,B
B15_c1,HMN171235,NI,B,B15_c1_CACACTCAGTGACATA,B
B15_c1,HMN171217,NI,B,B15_c1_CACAGGCCAAATACAG,B
B15_c1,,,B,B15_c1_CACAGTAGTACCGTTA,B
B15_c1,HMN171235,NI,B,B15_c1_CACAGTATCCAATGGT,B
B15_c1,HMN171217,NI,B,B15_c1_CACATAGCATACGCTA,B
B15_c1,HMN171217,NI,B,B15_c1_CACATAGCATGCTGGC,B
B15_c1,HMN171217,NI,B,B15_c1_CACATAGGTCGCTTCT,B
B15_c1,HMN171225,NI,B,B15_c1_CACATAGTCCGCAGTG,B
B15_c1,HMN171217,NI,B,B15_c1_CACATAGTCCTTTCGG,B
B15_c1,,,B,B15_c1_CACCACTAGTTGAGTA,B
B15_c1,,,B,B15_c1_CACCAGGAGAAGAAGC,B
B15_c1,HMN171225,NI,B,B15_c1_CACCAGGGTCGGCACT,B
B15_c1,,,B,B15_c1_CACCAGGGTCTCCATC,B
B15_c1,HMN171225,NI,B,B15_c1_CACCAGGGTGCAGTAG,B
B15_c1,HMN171217,NI,B,B15_c1_CACTCCATCGCCCTTA,B
B15_c1,,,B,B15_c1_CAGAATCCACTTCGAA,B
B15_c1,HMN171235,NI,B,B15_c1_CAGAATCGTACTCTCC,B
B15_c1,HMN171217,NI,B,B15_c1_CAGCAGCAGAGGTTAT,B
B15_c1,HMN171225,NI,B,B15_c1_CAGCAGCCAAGACACG,B
B15_c1,HMN171225,NI,B,B15_c1_CAGCATATCGGTTAAC,B
B15_c1,HMN171225,NI,B,B15_c1_CAGCTGGGTCTTCGTC,B
B15_c1,HMN171225,NI,B,B15_c1_CAGCTGGTCACTTCAT,B
B15_c1,HMN171225,NI,B,B15_c1_CAGCTGGTCGGATGGA,B
B15_c1,,,B,B15_c1_CAGGTGCGTGTGTGCC,B
B15_c1,HMN171225,NI,B,B15_c1_CAGTCCTAGTGACTCT,B
B15_c1,,,B,B15_c1_CATATGGCACATCTTT,B
B15_c1,HMN171235,NI,B,B15_c1_CATCAAGGTATCGCAT,B
B15_c1,HMN171235,NI,B,B15_c1_CATCAAGGTTCTGAAC,B
B15_c1,HMN171217,NI,B,B15_c1_CATCAAGTCTGCGACG,B
B15_c1,HMN171225,NI,B,B15_c1_CATCCACCAATCCGAT,B
B15_c1,HMN171235,NI,B,B15_c1_CATCGAAAGCGTAATA,B
B15_c1,HMN171225,NI,B,B15_c1_CATCGAATCATGCAAC,B
B15_c1,HMN171225,NI,B,B15_c1_CATGCCTAGACTGTAA,B
B15_c1,HMN171235,NI,B,B15_c1_CATGCCTGTGGTACAG,B
B15_c1,HMN171235,NI,B,B15_c1_CATGGCGCATTTGCCC,B
B15_c1,,,B,B15_c1_CATTATCCACAGACAG,B
B15_c1,,,B,B15_c1_CATTATCTCCTTGACC,B
B15_c1,,,B,B15_c1_CATTCGCCAGACGCCT,B
B15_c1,,,B,B15_c1_CATTCGCTCCAAGCCG,B
B15_c1,HMN171235,NI,B,B15_c1_CCAATCCCAAAGGAAG,B
B15_c1,HMN171225,NI,B,B15_c1_CCACCTACAGTCAGCC,B
B15_c1,HMN171235,NI,B,B15_c1_CCACTACGTTTGACAC,B
B15_c1,HMN171217,NI,B,B15_c1_CCAGCGACACCAGGTC,B
B15_c1,HMN171217,NI,B,B15_c1_CCAGCGATCGCAGGCT,B
B15_c1,HMN171217,NI,B,B15_c1_CCATGTCCACAGGTTT,B
B15_c1,HMN171225,NI,B,B15_c1_CCATTCGAGCAATCTC,B
B15_c1,,,B,B15_c1_CCATTCGCACCATCCT,B
B15_c1,HMN171235,NI,B,B15_c1_CCCATACCACTCGACG,B
B15_c1,,,B,B15_c1_CCCTCCTGTAGCTGCC,B
B15_c1,,,B,B15_c1_CCCTCCTGTGGCCCTA,B
B15_c1,HMN171217,NI,B,B15_c1_CCGGGATTCAATAAGG,B
B15_c1,HMN171217,NI,B,B15_c1_CCGGGATTCTGCTGTC,B
B15_c1,HMN171217,NI,B,B15_c1_CCGGGATTCTGTCAAG,B
B15_c1,,,B,B15_c1_CCGTACTAGAGTTGGC,B
B15_c1,,,B,B15_c1_CCGTACTCAATTCCTT,B
B15_c1,HMN171217,NI,B,B15_c1_CCGTGGATCCATGAGT,B
B15_c1,HMN171217,NI,B,B15_c1_CCGTGGATCGCCTGAG,B
B15_c1,HMN171225,NI,B,B15_c1_CCTAAAGCATGCCTTC,B
B15_c1,,,B,B15_c1_CCTAAAGTCCTCAACC,B
B15_c1,HMN171217,NI,B,B15_c1_CCTACACGTAGCGTCC,B
B15_c1,,,B,B15_c1_CCTACACGTCTTGCGG,B
B15_c1,HMN171225,NI,B,B15_c1_CCTACACGTGTCAATC,B
B15_c1,,,B,B15_c1_CCTACCAAGGATCGCA,B
B15_c1,HMN171217,NI,B,B15_c1_CCTCAGTAGAGACTTA,B
B15_c1,,,B,B15_c1_CCTCAGTCACAGAGGT,B
B15_c1,,,B,B15_c1_CCTCAGTTCAAAGACA,B
B15_c1,HMN171235,NI,B,B15_c1_CCTTACGAGTGTTAGA,B
B15_c1,,,B,B15_c1_CCTTCCCTCACTTACT,B
B15_c1,HMN171235,NI,B,B15_c1_CCTTCGAGTGTTGAGG,B
B15_c1,HMN171235,NI,B,B15_c1_CCTTTCTAGTGAAGAG,B
B15_c1,,,B,B15_c1_CCTTTCTTCTCTTGAT,B
B15_c1,,,B,B15_c1_CGAACATAGATCTGAA,B
B15_c1,HMN171225,NI,B,B15_c1_CGAATGTCAGATGAGC,B
B15_c1,,,B,B15_c1_CGACCTTCAGGATTGG,B
B15_c1,HMN171225,NI,B,B15_c1_CGACCTTGTAAGGGAA,B
B15_c1,,,B,B15_c1_CGACTTCCACAGTCGC,B
B15_c1,,,B,B15_c1_CGACTTCGTAGGGTAC,B
B15_c1,HMN171225,NI,B,B15_c1_CGACTTCTCTGTCAAG,B
B15_c1,HMN171217,NI,B,B15_c1_CGAGAAGCACCTGGTG,B
B15_c1,HMN171217,NI,B,B15_c1_CGAGAAGGTAGATTAG,B
B15_c1,,,B,B15_c1_CGAGAAGGTCGGATCC,B
B15_c1,HMN171225,NI,B,B15_c1_CGAGAAGTCCTCCTAG,B
B15_c1,,,B,B15_c1_CGAGCCAAGCTCCCAG,B
B15_c1,HMN171217,NI,B,B15_c1_CGAGCCAAGGTGTTAA,B
B15_c1,HMN171235,NI,B,B15_c1_CGATCGGGTAATAGCA,B
B15_c1,,,B,B15_c1_CGATGGCTCAGCTGGC,B
B15_c1,HMN171225,NI,B,B15_c1_CGATGTACAAGGCTCC,B
B15_c1,,,B,B15_c1_CGATGTACAGCCTTGG,B
B15_c1,HMN171241,flu,B,B15_c1_CGATTGAGTTGAGGTG,B
B15_c1,,,B,B15_c1_CGCGGTACAATTCCTT,B
B15_c1,HMN171235,NI,B,B15_c1_CGCTATCTCTGGCGTG,B
B15_c1,HMN171225,NI,B,B15_c1_CGCTATCTCTTGTACT,B
B15_c1,,,B,B15_c1_CGCTTCAGTCCTAGCG,B
B15_c1,,,B,B15_c1_CGGACGTAGAGTTGGC,B
B15_c1,HMN171225,NI,B,B15_c1_CGGACTGGTCACCCAG,B
B15_c1,,,B,B15_c1_CGTAGGCAGAACTCGG,B
B15_c1,,,B,B15_c1_CGTAGGCCAGGCTCAC,B
B15_c1,,,B,B15_c1_CGTCAGGCAGGTGGAT,B
B15_c1,,,B,B15_c1_CGTCCATAGTCTCGGC,B
B15_c1,,,B,B15_c1_CGTCTACCACCCATTC,B
B15_c1,,,B,B15_c1_CGTCTACGTTCGTCTC,B
B15_c1,,,B,B15_c1_CGTGAGCAGTACATGA,B
B15_c1,HMN171217,NI,B,B15_c1_CGTGAGCAGTGAATTG,B
B15_c1,HMN171217,NI,B,B15_c1_CGTGTAAAGCTGAAAT,B
B15_c1,HMN171227,flu,B,B15_c1_CGTGTAACATTCTCAT,B
B15_c1,,,B,B15_c1_CGTGTAATCGTACGGC,B
B15_c1,HMN171225,NI,B,B15_c1_CGTTAGAGTACCGTAT,B
B15_c1,HMN171225,NI,B,B15_c1_CGTTCTGTCGAGCCCA,B
B15_c1,HMN171235,NI,B,B15_c1_CTAACTTCACGTTGGC,B
B15_c1,,,B,B15_c1_CTAACTTTCACGCGGT,B
B15_c1,,,B,B15_c1_CTACACCAGATGAGAG,B
B15_c1,HMN171235,NI,B,B15_c1_CTACATTTCTCTTGAT,B
B15_c1,HMN171225,NI,B,B15_c1_CTACCCAAGTAATCCC,B
B15_c1,,,B,B15_c1_CTACGTCAGCGATCCC,B
B15_c1,HMN171225,NI,B,B15_c1_CTAGAGTTCCAACCAA,B
B15_c1,HMN171225,NI,B,B15_c1_CTAGTGAAGATCCCAT,B
B15_c1,HMN171217,NI,B,B15_c1_CTAGTGAGTAAATGTG,B
B15_c1,HMN171217,NI,B,B15_c1_CTAGTGATCCAATGGT,B
B15_c1,HMN171225,NI,B,B15_c1_CTCACACCAAAGGCGT,B
B15_c1,HMN171235,NI,B,B15_c1_CTCACACCAAGTAATG,B
B15_c1,HMN171225,NI,B,B15_c1_CTCACACGTCATTAGC,B
B15_c1,HMN171225,NI,B,B15_c1_CTCACACTCATCACCC,B
B15_c1,HMN171217,NI,B,B15_c1_CTCAGAAAGGACCACA,B
B15_c1,HMN171235,NI,B,B15_c1_CTCAGAATCGAATCCA,B
B15_c1,HMN171225,NI,B,B15_c1_CTCGAAACAGGTGCCT,B
B15_c1,,,B,B15_c1_CTCGAAATCTTAGCCC,B
B15_c1,HMN171235,NI,B,B15_c1_CTCGAGGGTAGCGCAA,B
B15_c1,,,B,B15_c1_CTCGGGAAGTGAACAT,B
B15_c1,HMN171235,NI,B,B15_c1_CTCGGGACAATCACAC,B
B15_c1,HMN171225,NI,B,B15_c1_CTCGTCAAGATCACGG,B
B15_c1,HMN171217,NI,B,B15_c1_CTCTAATGTAGGGACT,B
B15_c1,HMN171235,NI,B,B15_c1_CTCTACGGTAGTACCT,B
B15_c1,HMN171225,NI,B,B15_c1_CTCTGGTCAACTGGCC,B
B15_c1,,,B,B15_c1_CTGAAACCAGTTAACC,B
B15_c1,HMN171217,NI,B,B15_c1_CTGAAGTCACTTGGAT,B
B15_c1,,,B,B15_c1_CTGATAGCAAAGCAAT,B
B15_c1,,,B,B15_c1_CTGATAGCATTCTCAT,B
B15_c1,HMN171235,NI,B,B15_c1_CTGATAGGTGCTCTTC,B
B15_c1,,,B,B15_c1_CTGCCTAGTCTCTTTA,B
B15_c1,HMN171225,NI,B,B15_c1_CTGCGGAAGACCACGA,B
B15_c1,,,B,B15_c1_CTGCGGATCTGTTGAG,B
B15_c1,HMN171225,NI,B,B15_c1_CTGCTGTCATCTCCCA,B
B15_c1,,,B,B15_c1_CTGGTCTAGAGCCCAA,B
B15_c1,,,B,B15_c1_CTGGTCTCAATGTAAG,B
B15_c1,HMN171235,NI,B,B15_c1_CTGTGCTCACCACGTG,B
B15_c1,HMN171225,NI,B,B15_c1_CTTACCGGTTCAGCGC,B
B15_c1,,,B,B15_c1_CTTGGCTAGAAAGTGG,B
B15_c1,HMN171235,NI,B,B15_c1_CTTGGCTAGATACACA,B
B15_c1,HMN171217,NI,B,B15_c1_CTTGGCTAGTATCTCG,B
B15_c1,HMN171217,NI,B,B15_c1_CTTGGCTAGTGTACGG,B
B15_c1,HMN171217,NI,B,B15_c1_CTTGGCTCAATCTGCA,B
B15_c1,,,B,B15_c1_CTTTGCGAGTTTGCGT,B
B15_c1,HMN171235,NI,B,B15_c1_GAAACTCAGTCAAGCG,B
B15_c1,,,B,B15_c1_GAACCTATCGATGAGG,B
B15_c1,HMN171235,NI,B,B15_c1_GAACGGACATCTCCCA,B
B15_c1,HMN171217,NI,B,B15_c1_GAAGCAGAGAACAACT,B
B15_c1,,,B,B15_c1_GAATAAGCACGCTTTC,B
B15_c1,HMN171235,NI,B,B15_c1_GAATAAGGTCGACTAT,B
B15_c1,,,B,B15_c1_GAATGAAAGGCATTGG,B
B15_c1,HMN171225,NI,B,B15_c1_GACACGCAGATGTTAG,B
B15_c1,,,B,B15_c1_GACAGAGCAGAAGCAC,B
B15_c1,HMN171225,NI,B,B15_c1_GACCTGGCAAGTCTGT,B
B15_c1,HMN171217,NI,B,B15_c1_GACCTGGTCCTCCTAG,B
B15_c1,HMN171225,NI,B,B15_c1_GACGCGTAGCCCTAAT,B
B15_c1,HMN171235,NI,B,B15_c1_GACGCGTAGGTGACCA,B
B15_c1,HMN171217,NI,B,B15_c1_GACGCGTGTCCGTGAC,B
B15_c1,,,B,B15_c1_GACGGCTGTGGACGAT,B
B15_c1,,,B,B15_c1_GACGGCTTCCTAAGTG,B
B15_c1,,,B,B15_c1_GACGTTACATGGATGG,B
B15_c1,,,B,B15_c1_GACGTTATCCAAGCCG,B
B15_c1,,,B,B15_c1_GACTAACTCATGTAGC,B
B15_c1,HMN171235,NI,B,B15_c1_GACTGCGAGGAACTGC,B
B15_c1,HMN171225,NI,B,B15_c1_GACTGCGTCCATGCTC,B
B15_c1,HMN171225,NI,B,B15_c1_GACTGCGTCGATCCCT,B
B15_c1,HMN171225,NI,B,B15_c1_GAGCAGACAAGGGTCA,B
B15_c1,,,B,B15_c1_GAGCAGACAATGGATA,B
B15_c1,HMN171235,NI,B,B15_c1_GAGCAGACACACAGAG,B
B15_c1,,,B,B15_c1_GATCAGTAGCGCTCCA,B
B15_c1,,,B,B15_c1_GATCAGTAGGTGTTAA,B
B15_c1,HMN171225,NI,B,B15_c1_GATCGATCAGACGCCT,B
B15_c1,,,B,B15_c1_GATCGATTCCACGAAT,B
B15_c1,HMN171217,NI,B,B15_c1_GATCGTACAATCCGAT,B
B15_c1,HMN171217,NI,B,B15_c1_GATCTAGAGACCTTTG,B
B15_c1,,,B,B15_c1_GATCTAGAGAGCCCAA,B
B15_c1,HMN171225,NI,B,B15_c1_GATCTAGCACGACTCG,B
B15_c1,,,B,B15_c1_GATCTAGTCAAAGACA,B
B15_c1,HMN171235,NI,B,B15_c1_GATGAAAAGCTTTGGT,B
B15_c1,,,B,B15_c1_GATGAAAAGTGTGAAT,B
B15_c1,HMN171225,NI,B,B15_c1_GATGAAAGTAGGCATG,B
B15_c1,HMN171225,NI,B,B15_c1_GATGAGGGTACTCTCC,B
B15_c1,HMN171225,NI,B,B15_c1_GATGAGGGTTAGGGTG,B
B15_c1,,,B,B15_c1_GATGCTAAGAGCAATT,B
B15_c1,,,B,B15_c1_GATGCTACATGTCTCC,B
B15_c1,,,B,B15_c1_GATTCAGTCGATGAGG,B
B15_c1,HMN171225,NI,B,B15_c1_GCAAACTTCCCTCAGT,B
B15_c1,,,B,B15_c1_GCAATCAAGGCCCTCA,B
B15_c1,HMN171235,NI,B,B15_c1_GCACTCTTCGTTTGCC,B
B15_c1,HMN171235,NI,B,B15_c1_GCAGCCAGTCGATTGT,B
B15_c1,HMN171217,NI,B,B15_c1_GCAGCCATCGGGAGTA,B
B15_c1,,,B,B15_c1_GCAGTTAAGGAATCGC,B
B15_c1,HMN171225,NI,B,B15_c1_GCAGTTAGTTCAGTAC,B
B15_c1,HMN171235,NI,B,B15_c1_GCATACAAGACAAGCC,B
B15_c1,HMN171227,flu,B,B15_c1_GCATGCGAGGCTAGAC,B
B15_c1,,,B,B15_c1_GCCAAATGTGCCTGGT,B
B15_c1,HMN171235,NI,B,B15_c1_GCCAAATTCATCGATG,B
B15_c1,HMN171217,NI,B,B15_c1_GCGACCATCGGTTAAC,B
B15_c1,HMN171217,NI,B,B15_c1_GCGAGAAAGTCGAGTG,B
B15_c1,HMN171225,NI,B,B15_c1_GCGAGAATCTACTATC,B
B15_c1,HMN171235,NI,B,B15_c1_GCGCAACGTGCAACTT,B
B15_c1,HMN171235,NI,B,B15_c1_GCGCAACGTGCTTCTC,B
B15_c1,,,B,B15_c1_GCGCAGTAGGGTTCCC,B
B15_c1,HMN171235,NI,B,B15_c1_GCGCCAAAGAGCTGGT,B
B15_c1,,,B,B15_c1_GCGCCAAAGGACTGGT,B
B15_c1,HMN171217,NI,B,B15_c1_GCGCCAACACGGACAA,B
B15_c1,HMN171225,NI,B,B15_c1_GCGCCAATCAAGAAGT,B
B15_c1,HMN171225,NI,B,B15_c1_GCGCGATAGAATCTCC,B
B15_c1,,,B,B15_c1_GCGCGATTCTTTAGGG,B
B15_c1,,,B,B15_c1_GCTCTGTAGCACCGCT,B
B15_c1,HMN171225,NI,B,B15_c1_GCTCTGTGTATATGAG,B
B15_c1,HMN171225,NI,B,B15_c1_GCTGCGACACCAGCAC,B
B15_c1,,,B,B15_c1_GCTGCGACAGCTGTTA,B
B15_c1,HMN171225,NI,B,B15_c1_GCTGCTTGTATTCGTG,B
B15_c1,,,B,B15_c1_GCTGGGTAGCGTTGCC,B
B15_c1,HMN171217,NI,B,B15_c1_GCTGGGTAGGACGAAA,B
B15_c1,HMN171217,NI,B,B15_c1_GCTGGGTGTCCCTTGT,B
B15_c1,HMN171217,NI,B,B15_c1_GCTTGAATCAGAGCTT,B
B15_c1,HMN171217,NI,B,B15_c1_GGAAAGCGTAGGAGTC,B
B15_c1,,,B,B15_c1_GGAACTTCACCAACCG,B
B15_c1,,,B,B15_c1_GGACAAGAGTTCGCGC,B
B15_c1,HMN171217,NI,B,B15_c1_GGACAAGTCACAGGCC,B
B15_c1,,,B,B15_c1_GGACAAGTCGGAAATA,B
B15_c1,HMN171235,NI,B,B15_c1_GGACGTCAGTGTCCAT,B
B15_c1,,,B,B15_c1_GGACGTCTCATACGGT,B
B15_c1,HMN171225,NI,B,B15_c1_GGACGTCTCTATCCTA,B
B15_c1,HMN171217,NI,B,B15_c1_GGAGCAAGTCTCCATC,B
B15_c1,,,B,B15_c1_GGATGTTTCGGCGCTA,B
B15_c1,HMN171235,NI,B,B15_c1_GGATTACCACATAACC,B
B15_c1,,,B,B15_c1_GGATTACGTTGTGGAG,B
B15_c1,,,B,B15_c1_GGCAATTAGACACTAA,B
B15_c1,,,B,B15_c1_GGCAATTAGTGGGCTA,B
B15_c1,HMN171217,NI,B,B15_c1_GGCAATTTCTCTAAGG,B
B15_c1,,,B,B15_c1_GGCCGATCACGAAACG,B
B15_c1,HMN171235,NI,B,B15_c1_GGCGACTGTACTCAAC,B
B15_c1,,,B,B15_c1_GGCGTGTAGGAGTCTG,B
B15_c1,,,B,B15_c1_GGCGTGTCATGGTCTA,B
B15_c1,,,B,B15_c1_GGCTCGATCCTCGCAT,B
B15_c1,HMN171217,NI,B,B15_c1_GGCTGGTAGTAACCCT,B
B15_c1,HMN171225,NI,B,B15_c1_GGCTGGTCAGCTCGAC,B
B15_c1,,,B,B15_c1_GGCTGGTTCCCGACTT,B
B15_c1,HMN171225,NI,B,B15_c1_GGCTGGTTCCTTAATC,B
B15_c1,,,B,B15_c1_GGGAATGCATATGGTC,B
B15_c1,HMN171225,NI,B,B15_c1_GGGACCTCAATGTTGC,B
B15_c1,HMN171217,NI,B,B15_c1_GGGACCTCATGCCCGA,B
B15_c1,,,B,B15_c1_GGGAGATCAGCATACT,B
B15_c1,HMN171217,NI,B,B15_c1_GGGAGATCATGTCTCC,B
B15_c1,,,B,B15_c1_GGGAGATGTTAGATGA,B
B15_c1,HMN171217,NI,B,B15_c1_GGGATGATCAAACCAC,B
B15_c1,HMN171225,NI,B,B15_c1_GGGCACTCAATTGCTG,B
B15_c1,HMN171225,NI,B,B15_c1_GGGCACTTCAAACCGT,B
B15_c1,HMN171217,NI,B,B15_c1_GGGCATCCAGACACTT,B
B15_c1,HMN171235,NI,B,B15_c1_GGGTTGCAGTAGGTGC,B
B15_c1,,,B,B15_c1_GGGTTGCTCATTCACT,B
B15_c1,HMN171217,NI,B,B15_c1_GGTGCGTCAAGTCTAC,B
B15_c1,HMN171225,NI,B,B15_c1_GGTGCGTGTCTTGATG,B
B15_c1,HMN171235,NI,B,B15_c1_GGTGTTACACGCCAGT,B
B15_c1,HMN171217,NI,B,B15_c1_GGTGTTAGTCCTCCAT,B
B15_c1,,,B,B15_c1_GTAACGTAGACTCGGA,B
B15_c1,HMN171235,NI,B,B15_c1_GTAACGTCACGCATCG,B
B15_c1,HMN171235,NI,B,B15_c1_GTAACTGTCTGCGGCA,B
B15_c1,HMN171217,NI,B,B15_c1_GTACGTAAGTTGTCGT,B
B15_c1,,,B,B15_c1_GTACGTAGTTGAGTTC,B
B15_c1,HMN171225,NI,B,B15_c1_GTACTCCAGTGGTCCC,B
B15_c1,,,B,B15_c1_GTACTCCGTGCAACTT,B
B15_c1,HMN171235,NI,B,B15_c1_GTACTTTGTACTTAGC,B
B15_c1,HMN171225,NI,B,B15_c1_GTAGGCCGTTGGAGGT,B
B15_c1,,,B,B15_c1_GTATCTTGTCAGGACA,B
B15_c1,,,B,B15_c1_GTATTCTGTTCCCGAG,B
B15_c1,HMN171225,NI,B,B15_c1_GTCAAGTAGATAGGAG,B
B15_c1,HMN171235,NI,B,B15_c1_GTCACAACATCGGGTC,B
B15_c1,HMN171225,NI,B,B15_c1_GTCACAATCGCGCCAA,B
B15_c1,,,B,B15_c1_GTCACGGAGCTGCCCA,B
B15_c1,HMN171225,NI,B,B15_c1_GTCACGGCATAGTAAG,B
B15_c1,HMN171225,NI,B,B15_c1_GTCCTCATCTGTCCGT,B
B15_c1,,,B,B15_c1_GTCGGGTCACACAGAG,B
B15_c1,HMN171225,NI,B,B15_c1_GTCGTAAAGCGATATA,B
B15_c1,,,B,B15_c1_GTCGTAAGTTCGAATC,B
B15_c1,,,B,B15_c1_GTGAAGGAGTGTACGG,B
B15_c1,HMN171235,NI,B,B15_c1_GTGAAGGCACTGTTAG,B
B15_c1,,,B,B15_c1_GTGAAGGGTCGAATCT,B
B15_c1,,,B,B15_c1_GTGCAGCGTGTCCTCT,B
B15_c1,HMN171225,NI,B,B15_c1_GTGCAGCTCGAGAACG,B
B15_c1,HMN171225,NI,B,B15_c1_GTGCATAGTCCTCTTG,B
B15_c1,,,B,B15_c1_GTGCATATCACGCGGT,B
B15_c1,HMN171217,NI,B,B15_c1_GTGCATATCGGAAATA,B
B15_c1,HMN171225,NI,B,B15_c1_GTGCATATCGGCATCG,B
B15_c1,HMN171235,NI,B,B15_c1_GTGCATATCGGCTACG,B
B15_c1,HMN171217,NI,B,B15_c1_GTGCGGTCACACGCTG,B
B15_c1,HMN171225,NI,B,B15_c1_GTGCTTCCATGAGCGA,B
B15_c1,,,B,B15_c1_GTGCTTCGTGCGATAG,B
B15_c1,,,B,B15_c1_GTGTGCGAGACGCAAC,B
B15_c1,HMN171225,NI,B,B15_c1_GTGTTAGGTTATCCGA,B
B15_c1,HMN171235,NI,B,B15_c1_GTTACAGCAAGGACAC,B
B15_c1,HMN171217,NI,B,B15_c1_GTTACAGTCCACGTTC,B
B15_c1,HMN171217,NI,B,B15_c1_GTTCATTTCATGCTCC,B
B15_c1,HMN171217,NI,B,B15_c1_GTTCGGGGTGGCGAAT,B
B15_c1,HMN171235,NI,B,B15_c1_GTTCTCGCATACTCTT,B
B15_c1,HMN171225,NI,B,B15_c1_GTTTCTAAGACTAGAT,B
B15_c1,HMN171217,NI,B,B15_c1_TAAACCGGTGCGCTTG,B
B15_c1,HMN171225,NI,B,B15_c1_TAAGAGACACAGACAG,B
B15_c1,HMN171217,NI,B,B15_c1_TAAGCGTCACAGCGTC,B
B15_c1,HMN171217,NI,B,B15_c1_TACACGACAACAACCT,B
B15_c1,HMN171225,NI,B,B15_c1_TACAGTGGTCTAAACC,B
B15_c1,HMN171235,NI,B,B15_c1_TACAGTGGTTTGTTGG,B
B15_c1,,,B,B15_c1_TACCTATCAAGGTTTC,B
B15_c1,HMN171217,NI,B,B15_c1_TACCTATCACCCATGG,B
B15_c1,HMN171225,NI,B,B15_c1_TACCTTACAGACAGGT,B
B15_c1,HMN171235,NI,B,B15_c1_TACCTTAGTATATCCG,B
B15_c1,,,B,B15_c1_TACCTTATCCTGCTTG,B
B15_c1,HMN171217,NI,B,B15_c1_TACGGGCAGGGCTCTC,B
B15_c1,,,B,B15_c1_TACGGGCCACATTTCT,B
B15_c1,HMN171225,NI,B,B15_c1_TACGGGCTCCGTCATC,B
B15_c1,,,B,B15_c1_TACGGTACATCCCATC,B
B15_c1,,,B,B15_c1_TACTCATAGGTGCACA,B
B15_c1,HMN171235,NI,B,B15_c1_TACTCATGTAATCACC,B
B15_c1,HMN171217,NI,B,B15_c1_TACTCGCAGTTAGGTA,B
B15_c1,HMN171235,NI,B,B15_c1_TACTCGCCAACGATCT,B
B15_c1,HMN171217,NI,B,B15_c1_TACTCGCCAGTATAAG,B
B15_c1,HMN171217,NI,B,B15_c1_TACTTACAGCACGCCT,B
B15_c1,HMN171241,flu,B,B15_c1_TACTTACTCCTTGCCA,B
B15_c1,,,B,B15_c1_TACTTACTCGTACGGC,B
B15_c1,HMN171225,NI,B,B15_c1_TAGACCAAGACGCTTT,B
B15_c1,,,B,B15_c1_TAGACCAGTCGGGTCT,B
B15_c1,,,B,B15_c1_TAGACCAGTCGTTGTA,B
B15_c1,,,B,B15_c1_TAGAGCTAGTTCCACA,B
B15_c1,HMN171217,NI,B,B15_c1_TAGCCGGAGCTACCTA,B
B15_c1,,,B,B15_c1_TAGCCGGCACAAGTAA,B
B15_c1,,,B,B15_c1_TAGCCGGGTACGAAAT,B
B15_c1,HMN171235,NI,B,B15_c1_TAGGCATGTAATTGGA,B
B15_c1,,,B,B15_c1_TAGGCATGTGTGAATA,B
B15_c1,HMN171225,NI,B,B15_c1_TAGGCATTCATAGCAC,B
B15_c1,HMN171225,NI,B,B15_c1_TATCAGGCATACCATG,B
B15_c1,,,B,B15_c1_TATGCCCAGTTCGATC,B
B15_c1,HMN171225,NI,B,B15_c1_TATTACCCAGCTATTG,B
B15_c1,HMN171225,NI,B,B15_c1_TATTACCGTCCGTGAC,B
B15_c1,HMN171235,NI,B,B15_c1_TCAACGACAATCGAAA,B
B15_c1,,,B,B15_c1_TCAATCTGTAGAAAGG,B
B15_c1,HMN171225,NI,B,B15_c1_TCACAAGAGATGTTAG,B
B15_c1,,,B,B15_c1_TCAGCAAAGGCTATCT,B
B15_c1,HMN171217,NI,B,B15_c1_TCAGCAAGTACCTACA,B
B15_c1,HMN171225,NI,B,B15_c1_TCAGGATTCCTACAGA,B
B15_c1,HMN171217,NI,B,B15_c1_TCATTTGGTTCCCTTG,B
B15_c1,HMN171217,NI,B,B15_c1_TCCACACTCATAACCG,B
B15_c1,HMN171225,NI,B,B15_c1_TCCACACTCTACTTAC,B
B15_c1,HMN171217,NI,B,B15_c1_TCCCGATCAAGGTGTG,B
B15_c1,HMN171225,NI,B,B15_c1_TCGCGTTTCGGTGTCG,B
B15_c1,HMN171225,NI,B,B15_c1_TCGGGACTCGTCTGCT,B
B15_c1,HMN171217,NI,B,B15_c1_TCGGTAATCTATCCTA,B
B15_c1,HMN171225,NI,B,B15_c1_TCGTAGAAGAAACGAG,B
B15_c1,HMN171217,NI,B,B15_c1_TCGTAGAAGCGAAGGG,B
B15_c1,,,B,B15_c1_TCGTAGACACAGAGGT,B
B15_c1,,,B,B15_c1_TCGTAGACACGAGGTA,B
B15_c1,HMN171225,NI,B,B15_c1_TCGTAGAGTCAAAGCG,B
B15_c1,HMN171217,NI,B,B15_c1_TCGTAGAGTGTAATGA,B
B15_c1,HMN171235,NI,B,B15_c1_TCGTAGATCGGAGGTA,B
B15_c1,,,B,B15_c1_TCTATTGAGCACCGCT,B
B15_c1,,,B,B15_c1_TCTATTGTCGCATGGC,B
B15_c1,,,B,B15_c1_TCTCATAAGTGAAGTT,B
B15_c1,HMN171225,NI,B,B15_c1_TCTCATACATCACCCT,B
B15_c1,HMN171225,NI,B,B15_c1_TCTCATAGTGATGTGG,B
B15_c1,HMN171235,NI,B,B15_c1_TCTCTAACAATTCCTT,B
B15_c1,HMN171241,flu,B,B15_c1_TCTCTAACACGGCGTT,B
B15_c1,HMN171235,NI,B,B15_c1_TCTGGAAAGTCGTACT,B
B15_c1,,,B,B15_c1_TCTTCGGCACGGTAAG,B
B15_c1,HMN171225,NI,B,B15_c1_TCTTTCCTCAACACAC,B
B15_c1,,,B,B15_c1_TGAAAGATCAGCACAT,B
B15_c1,,,B,B15_c1_TGACAACAGCGCCTTG,B
B15_c1,HMN171217,NI,B,B15_c1_TGACAACAGTAGCCGA,B
B15_c1,HMN171217,NI,B,B15_c1_TGACAACGTTCTGTTT,B
B15_c1,HMN171235,NI,B,B15_c1_TGACGGCAGTGAACGC,B
B15_c1,HMN171225,NI,B,B15_c1_TGACTAGGTAAAGGAG,B
B15_c1,,,B,B15_c1_TGAGAGGGTGAAATCA,B
B15_c1,HMN171225,NI,B,B15_c1_TGAGCATTCCGCATCT,B
B15_c1,,,B,B15_c1_TGAGCCGAGATCACGG,B
B15_c1,HMN171225,NI,B,B15_c1_TGAGGGAGTGTTGGGA,B
B15_c1,HMN171235,NI,B,B15_c1_TGAGGGATCTAACCGA,B
B15_c1,HMN171225,NI,B,B15_c1_TGCACCTCAACGATGG,B
B15_c1,HMN171225,NI,B,B15_c1_TGCCAAAAGATGGCGT,B
B15_c1,,,B,B15_c1_TGCCAAATCGTTACAG,B
B15_c1,HMN171225,NI,B,B15_c1_TGCCCTACAACACGCC,B
B15_c1,HMN171225,NI,B,B15_c1_TGCGTGGAGGCTAGGT,B
B15_c1,,,B,B15_c1_TGCGTGGCAAGACACG,B
B15_c1,,,B,B15_c1_TGCGTGGCACAGATTC,B
B15_c1,,,B,B15_c1_TGCTACCCAAGCGTAG,B
B15_c1,HMN171235,NI,B,B15_c1_TGCTACCCATACTCTT,B
B15_c1,HMN171225,NI,B,B15_c1_TGCTGCTTCATAAAGG,B
B15_c1,HMN171225,NI,B,B15_c1_TGGCTGGTCCACTCCA,B
B15_c1,,,B,B15_c1_TGGCTGGTCGGCATCG,B
B15_c1,,,B,B15_c1_TGGGAAGTCGCTAGCG,B
B15_c1,,,B,B15_c1_TGGGCGTCAGCAGTTT,B
B15_c1,HMN171235,NI,B,B15_c1_TGGTTAGGTAATAGCA,B
B15_c1,,,B,B15_c1_TGTATTCAGACCGGAT,B
B15_c1,,,B,B15_c1_TGTATTCCAATGGACG,B
B15_c1,HMN171217,NI,B,B15_c1_TGTATTCCACATGTGT,B
B15_c1,HMN171235,NI,B,B15_c1_TGTATTCGTGATAAGT,B
B15_c1,HMN171217,NI,B,B15_c1_TGTGGTAAGTGGGATC,B
B15_c1,,,B,B15_c1_TGTTCCGAGGTAGCTG,B
B15_c1,HMN171225,NI,B,B15_c1_TGTTCCGGTTTGACAC,B
B15_c1,HMN171235,NI,B,B15_c1_TTAACTCCACAACTGT,B
B15_c1,,,B,B15_c1_TTAACTCTCGTAGGTT,B
B15_c1,HMN171217,NI,B,B15_c1_TTAGGACAGTTGTAGA,B
B15_c1,HMN171225,NI,B,B15_c1_TTAGGACGTCTCCATC,B
B15_c1,,,B,B15_c1_TTAGGCAGTATATCCG,B
B15_c1,HMN171225,NI,B,B15_c1_TTATGCTCAAGCCATT,B
B15_c1,HMN171236,flu,B,B15_c1_TTATGCTCAAGCTGGA,B
B15_c1,,,B,B15_c1_TTATGCTCACTGCCAG,B
B15_c1,,,B,B15_c1_TTATGCTTCGCATGAT,B
B15_c1,HMN171217,NI,B,B15_c1_TTCCCAGCACAGACTT,B
B15_c1,,,B,B15_c1_TTCCCAGTCCCTCTTT,B
B15_c1,,,B,B15_c1_TTCGAAGTCCAGGGCT,B
B15_c1,,,B,B15_c1_TTCGGTCAGTGTGAAT,B
B15_c1,,,B,B15_c1_TTCTACATCTCATTCA,B
B15_c1,HMN171236,flu,B,B15_c1_TTCTCCTCAGTTCATG,B
B15_c1,HMN171217,NI,B,B15_c1_TTCTCCTGTATCAGTC,B
B15_c1,HMN171241,flu,B,B15_c1_TTCTTAGCACATGTGT,B
B15_c1,HMN171217,NI,B,B15_c1_TTGACTTAGATACACA,B
B15_c1,HMN171235,NI,B,B15_c1_TTGACTTAGCATCATC,B
B15_c1,,,B,B15_c1_TTGACTTCAAAGAATC,B
B15_c1,HMN171217,NI,B,B15_c1_TTGACTTCACATGGGA,B
B15_c1,HMN171217,NI,B,B15_c1_TTGACTTGTTCGCTAA,B
B15_c1,,,B,B15_c1_TTGCCGTAGTGTTAGA,B
B15_c1,HMN171225,NI,B,B15_c1_TTGCCGTTCACCGTAA,B
B15_c1,HMN171225,NI,B,B15_c1_TTGGAACAGTGTTTGC,B
B15_c1,HMN171217,NI,B,B15_c1_TTGGCAATCCCTTGCA,B
B15_c1,,,B,B15_c1_TTTACTGTCTGCGGCA,B
B15_c1,HMN171225,NI,B,B15_c1_TTTATGCCAAAGCGGT,B
B15_c1,HMN171225,NI,B,B15_c1_TTTGCGCGTGGGTATG,B
B15_c1,HMN171225,NI,B,B15_c1_TTTGGTTAGCAGATCG,B
B15_c1,HMN171217,NI,B,B15_c1_TTTGGTTCAATAGAGT,B
B15_c1,HMN171225,NI,B,B15_c1_TTTGGTTCATCATCCC,B
B15_c1,HMN171225,NI,B,B15_c1_TTTGTCACACATAACC,B
B15_c2,HMN171227,NI,B,B15_c2_AAACCTGGTTTAGGAA,B
B15_c2,,,B,B15_c2_AAAGATGTCGTTTGCC,B
B15_c2,HMN171241,NI,B,B15_c2_AAAGCAACACTAAGTC,B
B15_c2,,,B,B15_c2_AAAGCAATCACTTACT,B
B15_c2,,,B,B15_c2_AAAGTAGCATGGTTGT,B
B15_c2,HMN171241,NI,B,B15_c2_AAAGTAGGTATTCTCT,B
B15_c2,,,B,B15_c2_AAATGCCTCACCGGGT,B
B15_c2,HMN171227,NI,B,B15_c2_AACACGTAGACCTAGG,B
B15_c2,HMN171236,NI,B,B15_c2_AACACGTTCACATGCA,B
B15_c2,HMN171227,NI,B,B15_c2_AACACGTTCACCATAG,B
B15_c2,,,B,B15_c2_AACCATGTCCTAAGTG,B
B15_c2,HMN171227,NI,B,B15_c2_AACCGCGGTAGGCTGA,B
B15_c2,,,B,B15_c2_AACTCAGGTAACGCGA,B
B15_c2,,,B,B15_c2_AACTCAGGTGTCGCTG,B
B15_c2,HMN171227,NI,B,B15_c2_AACTCCCGTCGGCACT,B
B15_c2,HMN171227,NI,B,B15_c2_AACTCCCTCAACTCTT,B
B15_c2,HMN171227,NI,B,B15_c2_AACTCTTTCACGCGGT,B
B15_c2,HMN171236,NI,B,B15_c2_AAGCCGCGTCTGCAAT,B
B15_c2,HMN171227,NI,B,B15_c2_AAGGTTCCAATTCCTT,B
B15_c2,,,B,B15_c2_AAGGTTCTCACCTTAT,B
B15_c2,HMN171227,NI,B,B15_c2_AAGGTTCTCGTAGGTT,B
B15_c2,HMN171236,NI,B,B15_c2_AAGTCTGCAAGTTGTC,B
B15_c2,HMN171227,NI,B,B15_c2_AAGTCTGCATACCATG,B
B15_c2,,,B,B15_c2_AATCCAGAGCTAGTTC,B
B15_c2,,,B,B15_c2_AATCCAGAGTAACCCT,B
B15_c2,HMN171241,NI,B,B15_c2_AATCGGTTCAACGAAA,B
B15_c2,,,B,B15_c2_ACACCAAGTCCGACGT,B
B15_c2,,,B,B15_c2_ACACCGGAGGGTGTGT,B
B15_c2,HMN171236,NI,B,B15_c2_ACACCGGGTCCATGAT,B
B15_c2,,,B,B15_c2_ACAGCCGTCCGTCATC,B
B15_c2,,,B,B15_c2_ACATACGGTTACCGAT,B
B15_c2,,,B,B15_c2_ACATACGGTTATTCTC,B
B15_c2,HMN171241,NI,B,B15_c2_ACATGGTAGGCTAGCA,B
B15_c2,HMN171227,NI,B,B15_c2_ACCGTAATCCACGTTC,B
B15_c2,HMN171241,NI,B,B15_c2_ACCTTTACACCCATGG,B
B15_c2,HMN171236,NI,B,B15_c2_ACGAGCCAGATACACA,B
B15_c2,,,B,B15_c2_ACGATACGTCCGTTAA,B
B15_c2,,,B,B15_c2_ACGATACTCTACTATC,B
B15_c2,HMN171227,NI,B,B15_c2_ACGCCAGTCATACGGT,B
B15_c2,HMN171227,NI,B,B15_c2_ACGCCGAAGGAACTGC,B
B15_c2,HMN171236,NI,B,B15_c2_ACGGAGAAGTTCCACA,B
B15_c2,HMN171236,NI,B,B15_c2_ACGGCCATCGCGTAGC,B
B15_c2,,,B,B15_c2_ACGGGCTTCTCGTTTA,B
B15_c2,,,B,B15_c2_ACGGGTCTCCGAAGAG,B
B15_c2,HMN171236,NI,B,B15_c2_ACGTCAAAGTGGGATC,B
B15_c2,,,B,B15_c2_ACTGAACAGAAGATTC,B
B15_c2,,,B,B15_c2_ACTGAACCATCACGAT,B
B15_c2,HMN171227,NI,B,B15_c2_ACTGAGTAGTGGTAAT,B
B15_c2,,,B,B15_c2_ACTGATGAGGAGCGTT,B
B15_c2,,,B,B15_c2_ACTGATGGTACTTCTT,B
B15_c2,HMN171227,NI,B,B15_c2_ACTTACTGTTCCTCCA,B
B15_c2,HMN171227,NI,B,B15_c2_ACTTGTTTCAACGAAA,B
B15_c2,,,B,B15_c2_ACTTTCACACTATCTT,B
B15_c2,HMN171236,NI,B,B15_c2_ACTTTCATCTGCGTAA,B
B15_c2,HMN171236,NI,B,B15_c2_AGAATAGGTATAGTAG,B
B15_c2,,,B,B15_c2_AGAATAGTCTGCTGTC,B
B15_c2,,,B,B15_c2_AGACGTTTCGGATGTT,B
B15_c2,HMN171227,NI,B,B15_c2_AGAGCGATCGTCTGCT,B
B15_c2,,,B,B15_c2_AGAGTGGTCGCCATAA,B
B15_c2,,,B,B15_c2_AGATCTGGTTACGTCA,B
B15_c2,HMN171227,NI,B,B15_c2_AGCAGCCAGCCAGGAT,B
B15_c2,HMN171236,NI,B,B15_c2_AGCATACGTAAATGAC,B
B15_c2,HMN171227,NI,B,B15_c2_AGCATACTCCTTGACC,B
B15_c2,HMN171227,NI,B,B15_c2_AGCGTATGTCCAACTA,B
B15_c2,,,B,B15_c2_AGCGTCGCATCATCCC,B
B15_c2,HMN171235,flu,B,B15_c2_AGGCCACCAAGTTCTG,B
B15_c2,,,B,B15_c2_AGGCCGTCAGACAGGT,B
B15_c2,,,B,B15_c2_AGGGATGCATCCAACA,B
B15_c2,,,B,B15_c2_AGGGATGGTTAAAGAC,B
B15_c2,,,B,B15_c2_AGGTCATTCCTCAACC,B
B15_c2,HMN171227,NI,B,B15_c2_AGTAGTCGTTACGCGC,B
B15_c2,HMN171227,NI,B,B15_c2_AGTCTTTCAAGCTGGA,B
B15_c2,HMN171227,NI,B,B15_c2_AGTGAGGTCCTTCAAT,B
B15_c2,HMN171236,NI,B,B15_c2_AGTGTCATCAACGAAA,B
B15_c2,HMN171227,NI,B,B15_c2_AGTTGGTAGATCCTGT,B
B15_c2,HMN171236,NI,B,B15_c2_ATAACGCGTGTCCTCT,B
B15_c2,HMN171227,NI,B,B15_c2_ATAGACCAGATGTTAG,B
B15_c2,,,B,B15_c2_ATAGACCTCGTATCAG,B
B15_c2,HMN171227,NI,B,B15_c2_ATCACGAAGATGTAAC,B
B15_c2,,,B,B15_c2_ATCACGAGTCTAGTCA,B
B15_c2,HMN171236,NI,B,B15_c2_ATCATGGAGGGAAACA,B
B15_c2,,,B,B15_c2_ATCCACCGTACGCTGC,B
B15_c2,,,B,B15_c2_ATCCACCGTCCAACTA,B
B15_c2,,,B,B15_c2_ATCCGAAAGACAGGCT,B
B15_c2,HMN171236,NI,B,B15_c2_ATCCGAATCACTTCAT,B
B15_c2,HMN171236,NI,B,B15_c2_ATCGAGTGTACACCGC,B
B15_c2,HMN171236,NI,B,B15_c2_ATCTACTCAGTCAGCC,B
B15_c2,HMN171236,NI,B,B15_c2_ATGAGGGAGCAGCCTC,B
B15_c2,HMN171227,NI,B,B15_c2_ATGTGTGCAGGAATCG,B
B15_c2,,,B,B15_c2_ATGTGTGTCCACGCAG,B
B15_c2,,,B,B15_c2_ATTACTCAGTACGCGA,B
B15_c2,HMN171236,NI,B,B15_c2_ATTATCCGTAGTACCT,B
B15_c2,HMN171227,NI,B,B15_c2_ATTGGACAGCGTAATA,B
B15_c2,,,B,B15_c2_ATTGGACTCACTTACT,B
B15_c2,HMN171227,NI,B,B15_c2_CAACCAAAGTGTTGAA,B
B15_c2,HMN171227,NI,B,B15_c2_CAACCAATCACTATTC,B
B15_c2,,,B,B15_c2_CAAGTTGAGCTACCTA,B
B15_c2,HMN171236,NI,B,B15_c2_CAAGTTGCAGGTCCAC,B
B15_c2,HMN171241,NI,B,B15_c2_CAAGTTGTCTTAGAGC,B
B15_c2,,,B,B15_c2_CACACAAAGTTGTCGT,B
B15_c2,HMN171227,NI,B,B15_c2_CACACAACAGTATGCT,B
B15_c2,HMN171227,NI,B,B15_c2_CACAGGCAGAAACGAG,B
B15_c2,HMN171227,NI,B,B15_c2_CACAGTAAGACGCTTT,B
B15_c2,,,B,B15_c2_CACATAGTCTCTTGAT,B
B15_c2,HMN171227,NI,B,B15_c2_CACATTTAGCAGGCTA,B
B15_c2,HMN171227,NI,B,B15_c2_CACATTTGTTTCCACC,B
B15_c2,,,B,B15_c2_CACCACTGTCTAGTCA,B
B15_c2,HMN171241,NI,B,B15_c2_CACCAGGTCAGATAAG,B
B15_c2,,,B,B15_c2_CAGAATCGTCTCATCC,B
B15_c2,,,B,B15_c2_CAGAGAGAGCCAGAAC,B
B15_c2,,,B,B15_c2_CAGAGAGGTAAAGGAG,B
B15_c2,,,B,B15_c2_CAGCAGCAGAAGGGTA,B
B15_c2,HMN171227,NI,B,B15_c2_CAGCAGCAGGCCCGTT,B
B15_c2,,,B,B15_c2_CAGCATACAAGCCCAC,B
B15_c2,HMN171227,NI,B,B15_c2_CAGTAACCAAATTGCC,B
B15_c2,,,B,B15_c2_CATATTCAGACTAAGT,B
B15_c2,,,B,B15_c2_CATCAGATCTCTGAGA,B
B15_c2,,,B,B15_c2_CATCGAAAGTTTAGGA,B
B15_c2,,,B,B15_c2_CATCGAAGTCTTCAAG,B
B15_c2,HMN171236,NI,B,B15_c2_CATCGAATCTAACTGG,B
B15_c2,,,B,B15_c2_CATGACAAGGATATAC,B
B15_c2,,,B,B15_c2_CATGGCGCAGCGAACA,B
B15_c2,,,B,B15_c2_CATGGCGGTCACCCAG,B
B15_c2,HMN171227,NI,B,B15_c2_CATTATCAGGAGCGAG,B
B15_c2,HMN171227,NI,B,B15_c2_CATTATCAGTGTTTGC,B
B15_c2,HMN171241,NI,B,B15_c2_CATTATCGTTCTGAAC,B
B15_c2,,,B,B15_c2_CATTCGCAGTGTTAGA,B
B15_c2,,,B,B15_c2_CCAGCGAGTGTTGGGA,B
B15_c2,,,B,B15_c2_CCAGCGATCCTCAATT,B
B15_c2,HMN171236,NI,B,B15_c2_CCATGTCAGAGGTTAT,B
B15_c2,HMN171227,NI,B,B15_c2_CCATTCGAGATCGATA,B
B15_c2,,,B,B15_c2_CCATTCGGTAAGGGAA,B
B15_c2,HMN171236,NI,B,B15_c2_CCATTCGGTTTCGCTC,B
B15_c2,,,B,B15_c2_CCCAATCAGACAGGCT,B
B15_c2,HMN171235,flu,B,B15_c2_CCGGGATGTCTAGCCG,B
B15_c2,HMN171236,NI,B,B15_c2_CCGGGATGTTTGTTGG,B
B15_c2,HMN171227,NI,B,B15_c2_CCGTGGATCCGAACGC,B
B15_c2,HMN171236,NI,B,B15_c2_CCGTTCAGTATAAACG,B
B15_c2,,,B,B15_c2_CCTAAAGTCTGCCAGG,B
B15_c2,HMN171227,NI,B,B15_c2_CCTACACGTCACCTAA,B
B15_c2,,,B,B15_c2_CCTACACTCAACACTG,B
B15_c2,,,B,B15_c2_CCTACCACACGGCGTT,B
B15_c2,,,B,B15_c2_CCTACCAGTAATTGGA,B
B15_c2,,,B,B15_c2_CCTACCATCCACGTGG,B
B15_c2,HMN171236,NI,B,B15_c2_CCTATTACAGGCTCAC,B
B15_c2,HMN171227,NI,B,B15_c2_CCTCAGTGTTCGCGAC,B
B15_c2,,,B,B15_c2_CCTTACGAGTGCCATT,B
B15_c2,HMN171241,NI,B,B15_c2_CCTTACGCAAGTACCT,B
B15_c2,HMN171227,NI,B,B15_c2_CCTTCCCGTGTTTGTG,B
B15_c2,HMN171236,NI,B,B15_c2_CCTTCGAGTCCGCTGA,B
B15_c2,,,B,B15_c2_CCTTTCTAGGCGCTCT,B
B15_c2,HMN171235,flu,B,B15_c2_CCTTTCTAGGCTACGA,B
B15_c2,HMN171227,NI,B,B15_c2_CCTTTCTGTGTGCCTG,B
B15_c2,HMN171227,NI,B,B15_c2_CGAACATAGGACCACA,B
B15_c2,,,B,B15_c2_CGAATGTCACACCGAC,B
B15_c2,HMN171236,NI,B,B15_c2_CGAGAAGCAGGAACGT,B
B15_c2,,,B,B15_c2_CGAGCACGTCATGCAT,B
B15_c2,HMN171227,NI,B,B15_c2_CGAGCCAGTAAACGCG,B
B15_c2,,,B,B15_c2_CGATCGGGTGCGAAAC,B
B15_c2,,,B,B15_c2_CGATGGCAGTGTTGAA,B
B15_c2,,,B,B15_c2_CGATGTATCAAACCGT,B
B15_c2,HMN171236,NI,B,B15_c2_CGCGGTATCTCGTTTA,B
B15_c2,,,B,B15_c2_CGCGTTTGTCCGAAGA,B
B15_c2,HMN171236,NI,B,B15_c2_CGCTATCTCCTGCCAT,B
B15_c2,,,B,B15_c2_CGCTGGAAGCCCAGCT,B
B15_c2,HMN171241,NI,B,B15_c2_CGCTTCAGTGGAAAGA,B
B15_c2,HMN171227,NI,B,B15_c2_CGGACACGTCGAACAG,B
B15_c2,HMN171227,NI,B,B15_c2_CGGACGTGTGGCGAAT,B
B15_c2,HMN171241,NI,B,B15_c2_CGGACTGCAATAAGCA,B
B15_c2,,,B,B15_c2_CGGAGCTAGTACCGGA,B
B15_c2,HMN171227,NI,B,B15_c2_CGGCTAGTCTGCGTAA,B
B15_c2,HMN171241,NI,B,B15_c2_CGGGTCACACCAGGTC,B
B15_c2,HMN171241,NI,B,B15_c2_CGGGTCACACTAGTAC,B
B15_c2,,,B,B15_c2_CGTAGGCAGACGCAAC,B
B15_c2,,,B,B15_c2_CGTAGGCAGCAAATCA,B
B15_c2,,,B,B15_c2_CGTCACTGTAATTGGA,B
B15_c2,,,B,B15_c2_CGTCAGGAGGACGAAA,B
B15_c2,,,B,B15_c2_CGTCCATAGGCCATAG,B
B15_c2,,,B,B15_c2_CGTGTCTGTCTAGAGG,B
B15_c2,,,B,B15_c2_CGTTAGAGTACCGCTG,B
B15_c2,,,B,B15_c2_CGTTAGATCGTCTGCT,B
B15_c2,HMN171227,NI,B,B15_c2_CGTTCTGAGCGTGTCC,B
B15_c2,HMN171227,NI,B,B15_c2_CGTTCTGGTAGCGATG,B
B15_c2,HMN171236,NI,B,B15_c2_CGTTGGGGTATTCTCT,B
B15_c2,HMN171236,NI,B,B15_c2_CTAATGGTCAACACAC,B
B15_c2,HMN171227,NI,B,B15_c2_CTAATGGTCGGGAGTA,B
B15_c2,HMN171227,NI,B,B15_c2_CTAGAGTCAGGCTCAC,B
B15_c2,HMN171227,NI,B,B15_c2_CTAGAGTGTCGCTTCT,B
B15_c2,,,B,B15_c2_CTAGCCTAGATAGGAG,B
B15_c2,HMN171227,NI,B,B15_c2_CTAGCCTTCCCATTTA,B
B15_c2,HMN171227,NI,B,B15_c2_CTAGTGAAGCAGCCTC,B
B15_c2,HMN171241,NI,B,B15_c2_CTCACACTCTCTTATG,B
B15_c2,HMN171227,NI,B,B15_c2_CTCAGAACAGAGCCAA,B
B15_c2,,,B,B15_c2_CTCAGAATCTACTCAT,B
B15_c2,HMN171227,NI,B,B15_c2_CTCATTACAGAGCCAA,B
B15_c2,,,B,B15_c2_CTCATTATCCCACTTG,B
B15_c2,,,B,B15_c2_CTCCTAGTCCACGTTC,B
B15_c2,,,B,B15_c2_CTCGAGGGTAAGTGGC,B
B15_c2,HMN171227,NI,B,B15_c2_CTCGAGGTCATGTCCC,B
B15_c2,HMN171236,NI,B,B15_c2_CTCGGAGCAATCGGTT,B
B15_c2,,,B,B15_c2_CTCGGGACAGTGGGAT,B
B15_c2,HMN171227,NI,B,B15_c2_CTCGTACAGCCATCGC,B
B15_c2,HMN171227,NI,B,B15_c2_CTCGTCATCTAACTGG,B
B15_c2,HMN171227,NI,B,B15_c2_CTCTACGGTCCAGTAT,B
B15_c2,HMN171227,NI,B,B15_c2_CTCTACGGTCGGCTCA,B
B15_c2,HMN171227,NI,B,B15_c2_CTCTACGTCCTATTCA,B
B15_c2,,,B,B15_c2_CTCTGGTCAGCTGCAC,B
B15_c2,HMN171241,NI,B,B15_c2_CTCTGGTTCATAACCG,B
B15_c2,,,B,B15_c2_CTGAAGTAGGCACATG,B
B15_c2,,,B,B15_c2_CTGAAGTCACCCTATC,B
B15_c2,,,B,B15_c2_CTGATAGAGTGGGTTG,B
B15_c2,,,B,B15_c2_CTGCCTATCTTCCTTC,B
B15_c2,HMN171225,flu,B,B15_c2_CTGCGGAAGGTGGGTT,B
B15_c2,,,B,B15_c2_CTGCGGATCGGCGCAT,B
B15_c2,,,B,B15_c2_CTGCTGTCAATGAATG,B
B15_c2,HMN171227,NI,B,B15_c2_CTGGTCTCATCGGAAG,B
B15_c2,,,B,B15_c2_CTTAACTAGGGTATCG,B
B15_c2,HMN171227,NI,B,B15_c2_CTTACCGAGCGAGAAA,B
B15_c2,,,B,B15_c2_CTTACCGTCAGCCTAA,B
B15_c2,,,B,B15_c2_CTTACCGTCCGCGTTT,B
B15_c2,,,B,B15_c2_CTTAGGAGTGCACCAC,B
B15_c2,,,B,B15_c2_CTTCTCTAGGCAAAGA,B
B15_c2,,,B,B15_c2_CTTTGCGAGGCTCATT,B
B15_c2,HMN171227,NI,B,B15_c2_GAAACTCCAAAGGCGT,B
B15_c2,HMN171241,NI,B,B15_c2_GAAATGAAGATCTGCT,B
B15_c2,HMN171241,NI,B,B15_c2_GAACATCCAAAGAATC,B
B15_c2,HMN171227,NI,B,B15_c2_GAACGGAGTCTAGCCG,B
B15_c2,,,B,B15_c2_GAATAAGAGATCTGCT,B
B15_c2,HMN171241,NI,B,B15_c2_GAATAAGAGTTAAGTG,B
B15_c2,,,B,B15_c2_GACACGCGTACGAAAT,B
B15_c2,HMN171236,NI,B,B15_c2_GACAGAGAGTAAGTAC,B
B15_c2,HMN171227,NI,B,B15_c2_GACCAATAGTACACCT,B
B15_c2,HMN171227,NI,B,B15_c2_GACCAATTCCAGTAGT,B
B15_c2,HMN171236,NI,B,B15_c2_GACCTGGGTGCATCTA,B
B15_c2,HMN171236,NI,B,B15_c2_GACGGCTCACGGTGTC,B
B15_c2,,,B,B15_c2_GACGGCTTCTACTCAT,B
B15_c2,,,B,B15_c2_GACGTGCTCCGTCAAA,B
B15_c2,,,B,B15_c2_GACGTTACATCAGTAC,B
B15_c2,,,B,B15_c2_GACGTTAGTGGAAAGA,B
B15_c2,HMN171236,NI,B,B15_c2_GACTAACAGCCACCTG,B
B15_c2,HMN171227,NI,B,B15_c2_GACTAACTCGCCTGTT,B
B15_c2,HMN171241,NI,B,B15_c2_GACTACATCTGGCGTG,B
B15_c2,HMN171241,NI,B,B15_c2_GACTGCGAGTTGCAGG,B
B15_c2,,,B,B15_c2_GACTGCGGTTAGGGTG,B
B15_c2,HMN171227,NI,B,B15_c2_GAGCAGAAGACTAGAT,B
B15_c2,,,B,B15_c2_GAGCAGACAAACGCGA,B
B15_c2,HMN171227,NI,B,B15_c2_GAGGTGAAGCCAACAG,B
B15_c2,HMN171227,NI,B,B15_c2_GAGGTGACATCAGTCA,B
B15_c2,HMN171236,NI,B,B15_c2_GATCAGTAGGCTCTTA,B
B15_c2,,,B,B15_c2_GATCAGTCAAGGTTTC,B
B15_c2,HMN171227,NI,B,B15_c2_GATCAGTCAGGCGATA,B
B15_c2,HMN171236,NI,B,B15_c2_GATCAGTTCTTGCATT,B
B15_c2,HMN171227,NI,B,B15_c2_GATCGATAGATGGCGT,B
B15_c2,HMN171227,NI,B,B15_c2_GATCGATCAAGCCGTC,B
B15_c2,HMN171236,NI,B,B15_c2_GATCGCGCAGTACACT,B
B15_c2,HMN171227,NI,B,B15_c2_GATCGCGCATTACGAC,B
B15_c2,HMN171241,NI,B,B15_c2_GATCGTAAGGATATAC,B
B15_c2,,,B,B15_c2_GATCGTAGTTTGCATG,B
B15_c2,HMN171227,NI,B,B15_c2_GATCTAGTCCTGCAGG,B
B15_c2,,,B,B15_c2_GATGAAACACTGTCGG,B
B15_c2,HMN171236,NI,B,B15_c2_GATGAGGAGACGCTTT,B
B15_c2,,,B,B15_c2_GATGAGGCAGCGAACA,B
B15_c2,HMN171236,NI,B,B15_c2_GATGAGGTCCAACCAA,B
B15_c2,,,B,B15_c2_GATGCTAGTTTAAGCC,B
B15_c2,HMN171227,NI,B,B15_c2_GATTCAGAGGACAGAA,B
B15_c2,,,B,B15_c2_GATTCAGGTACTCGCG,B
B15_c2,HMN171227,NI,B,B15_c2_GCAATCAAGGCTAGAC,B
B15_c2,HMN171227,NI,B,B15_c2_GCAATCAGTTCAACCA,B
B15_c2,HMN171227,NI,B,B15_c2_GCAATCAGTTGACGTT,B
B15_c2,,,B,B15_c2_GCACTCTCACCGAAAG,B
B15_c2,HMN171241,NI,B,B15_c2_GCACTCTCATCGATGT,B
B15_c2,,,B,B15_c2_GCACTCTCATTTCAGG,B
B15_c2,HMN171227,NI,B,B15_c2_GCACTCTTCCGTACAA,B
B15_c2,,,B,B15_c2_GCAGCCAAGATGTGGC,B
B15_c2,HMN171227,NI,B,B15_c2_GCAGCCACACTTCTGC,B
B15_c2,,,B,B15_c2_GCAGCCATCCAATGGT,B
B15_c2,,,B,B15_c2_GCAGTTAGTCTCATCC,B
B15_c2,HMN171227,NI,B,B15_c2_GCATACAAGGCTACGA,B
B15_c2,HMN171241,NI,B,B15_c2_GCATGATGTGAGTGAC,B
B15_c2,HMN171227,NI,B,B15_c2_GCATGATTCATGCTCC,B
B15_c2,HMN171227,NI,B,B15_c2_GCATGCGGTCCCGACA,B
B15_c2,,,B,B15_c2_GCCAAATAGCGTTGCC,B
B15_c2,,,B,B15_c2_GCCTCTAAGCTTTGGT,B
B15_c2,,,B,B15_c2_GCGACCAGTACCTACA,B
B15_c2,HMN171227,NI,B,B15_c2_GCGAGAACATAGACTC,B
B15_c2,HMN171227,NI,B,B15_c2_GCGCAGTAGCGTTTAC,B
B15_c2,,,B,B15_c2_GCGCAGTTCTCGCATC,B
B15_c2,HMN171227,NI,B,B15_c2_GCGCCAATCTCGCTTG,B
B15_c2,,,B,B15_c2_GCGCGATCAGATGAGC,B
B15_c2,HMN171227,NI,B,B15_c2_GCGCGATCAGCTGCTG,B
B15_c2,,,B,B15_c2_GCGCGATGTATAGGGC,B
B15_c2,,,B,B15_c2_GCGCGATGTGCATCTA,B
B15_c2,,,B,B15_c2_GCTCCTACAGAAGCAC,B
B15_c2,,,B,B15_c2_GCTCCTACATTCTTAC,B
B15_c2,HMN171227,NI,B,B15_c2_GCTCTGTCATCAGTAC,B
B15_c2,,,B,B15_c2_GCTCTGTTCTCCCTGA,B
B15_c2,HMN171227,NI,B,B15_c2_GCTGCAGAGCCAACAG,B
B15_c2,HMN171235,flu,B,B15_c2_GCTGCGAAGTCAAGCG,B
B15_c2,,,B,B15_c2_GCTGCTTAGGTAGCCA,B
B15_c2,,,B,B15_c2_GCTGGGTCACTCAGGC,B
B15_c2,HMN171227,NI,B,B15_c2_GCTGGGTCAGGACCCT,B
B15_c2,,,B,B15_c2_GCTGGGTTCTATCCCG,B
B15_c2,HMN171236,NI,B,B15_c2_GCTTGAACACGCCAGT,B
B15_c2,HMN171241,NI,B,B15_c2_GGAAAGCGTTGCCTCT,B
B15_c2,HMN171236,NI,B,B15_c2_GGACAAGTCGATGAGG,B
B15_c2,,,B,B15_c2_GGACAGACACCATGTA,B
B15_c2,,,B,B15_c2_GGAGCAATCGTCTGAA,B
B15_c2,HMN171236,NI,B,B15_c2_GGATTACAGGAGCGAG,B
B15_c2,HMN171227,NI,B,B15_c2_GGCCGATAGAGTCTGG,B
B15_c2,HMN171227,NI,B,B15_c2_GGCGACTAGTCGATAA,B
B15_c2,HMN171236,NI,B,B15_c2_GGCGACTAGTGAATTG,B
B15_c2,HMN171227,NI,B,B15_c2_GGCGACTAGTTCGCGC,B
B15_c2,HMN171236,NI,B,B15_c2_GGCGACTCAAACCTAC,B
B15_c2,,,B,B15_c2_GGCGTGTGTATATCCG,B
B15_c2,,,B,B15_c2_GGCTGGTTCCTTTCGG,B
B15_c2,HMN171227,NI,B,B15_c2_GGGACCTCACGTAAGG,B
B15_c2,,,B,B15_c2_GGGAGATAGGTACTCT,B
B15_c2,HMN171236,NI,B,B15_c2_GGGCACTCATCGATGT,B
B15_c2,,,B,B15_c2_GGGTCTGTCTACTCAT,B
B15_c2,HMN171236,NI,B,B15_c2_GGGTTGCCACAACGTT,B
B15_c2,HMN171236,NI,B,B15_c2_GGGTTGCTCTGCTTGC,B
B15_c2,,,B,B15_c2_GGTATTGAGTTGTCGT,B
B15_c2,HMN171225,flu,B,B15_c2_GGTGCGTGTATCACCA,B
B15_c2,HMN171235,flu,B,B15_c2_GGTGTTAGTGTGACCC,B
B15_c2,,,B,B15_c2_GTAACGTGTCACCCAG,B
B15_c2,HMN171235,flu,B,B15_c2_GTACTCCTCGTGGACC,B
B15_c2,HMN171227,NI,B,B15_c2_GTCATTTTCGGTGTTA,B
B15_c2,,,B,B15_c2_GTCCTCAGTGTGAATA,B
B15_c2,,,B,B15_c2_GTCTCGTTCGATAGAA,B
B15_c2,HMN171236,NI,B,B15_c2_GTGAAGGCACATGACT,B
B15_c2,HMN171227,NI,B,B15_c2_GTGCATAGTACTTAGC,B
B15_c2,,,B,B15_c2_GTGCTTCAGTGTGGCA,B
B15_c2,HMN171236,NI,B,B15_c2_GTTCTCGCACGTTGGC,B
B15_c2,HMN171227,NI,B,B15_c2_GTTCTCGGTATATCCG,B
B15_c2,HMN171227,NI,B,B15_c2_GTTCTCGGTTGAGTTC,B
B15_c2,HMN171241,NI,B,B15_c2_GTTTCTAAGACGCACA,B
B15_c2,HMN171227,NI,B,B15_c2_GTTTCTAGTAGAAAGG,B
B15_c2,,,B,B15_c2_TAAACCGCATAGACTC,B
B15_c2,HMN171227,NI,B,B15_c2_TAAGAGAAGGTGTTAA,B
B15_c2,HMN171241,NI,B,B15_c2_TAAGTGCAGGCACATG,B
B15_c2,HMN171227,NI,B,B15_c2_TAAGTGCCAATCACAC,B
B15_c2,HMN171241,NI,B,B15_c2_TAAGTGCTCAAGGTAA,B
B15_c2,HMN171227,NI,B,B15_c2_TACACGACAGTCTTCC,B
B15_c2,,,B,B15_c2_TACAGTGCAACACGCC,B
B15_c2,,,B,B15_c2_TACCTTACATCCCACT,B
B15_c2,,,B,B15_c2_TACGGATCATGTTCCC,B
B15_c2,,,B,B15_c2_TACGGGCCAAGAAAGG,B
B15_c2,HMN171227,NI,B,B15_c2_TACGGGCCAAGACGTG,B
B15_c2,,,B,B15_c2_TACGGTACACATGGGA,B
B15_c2,HMN171236,NI,B,B15_c2_TACGGTAGTCGGCTCA,B
B15_c2,HMN171236,NI,B,B15_c2_TACGGTAGTCTGCAAT,B
B15_c2,HMN171227,NI,B,B15_c2_TACTCGCAGCAACGGT,B
B15_c2,HMN171227,NI,B,B15_c2_TACTCGCAGTAGTGCG,B
B15_c2,,,B,B15_c2_TACTTGTGTGTCCTCT,B
B15_c2,,,B,B15_c2_TAGACCACATCTCGCT,B
B15_c2,HMN171241,NI,B,B15_c2_TAGAGCTAGCGTTGCC,B
B15_c2,,,B,B15_c2_TAGCCGGCATGCGCAC,B
B15_c2,HMN171241,NI,B,B15_c2_TAGTTGGTCGGACAAG,B
B15_c2,,,B,B15_c2_TATCAGGAGACATAAC,B
B15_c2,HMN171227,NI,B,B15_c2_TATCTCACAGTTCCCT,B
B15_c2,,,B,B15_c2_TATGCCCCAGGCAGTA,B
B15_c2,HMN171227,NI,B,B15_c2_TCACAAGAGCTGCGAA,B
B15_c2,,,B,B15_c2_TCACGAACACGCGAAA,B
B15_c2,,,B,B15_c2_TCAGCAAAGACCTTTG,B
B15_c2,HMN171227,NI,B,B15_c2_TCAGCAAGTCATCCCT,B
B15_c2,HMN171236,NI,B,B15_c2_TCAGCTCTCAGAGCTT,B
B15_c2,,,B,B15_c2_TCAGGATGTGGCCCTA,B
B15_c2,,,B,B15_c2_TCAGGTATCCAAGCCG,B
B15_c2,HMN171227,NI,B,B15_c2_TCAGGTATCCACGTTC,B
B15_c2,HMN171236,NI,B,B15_c2_TCATTACAGTGTGAAT,B
B15_c2,HMN171236,NI,B,B15_c2_TCATTACTCGGAATCT,B
B15_c2,HMN171236,NI,B,B15_c2_TCCACACAGGTCATCT,B
B15_c2,HMN171227,NI,B,B15_c2_TCCCGATAGTCGAGTG,B
B15_c2,HMN171236,NI,B,B15_c2_TCCCGATCACGAAACG,B
B15_c2,HMN171227,NI,B,B15_c2_TCCCGATGTCGTGGCT,B
B15_c2,HMN171236,NI,B,B15_c2_TCGCGAGCAAATCCGT,B
B15_c2,HMN171236,NI,B,B15_c2_TCGCGAGTCTGGGCCA,B
B15_c2,,,B,B15_c2_TCGCGTTAGCACACAG,B
B15_c2,HMN171227,NI,B,B15_c2_TCGGGACGTTATGTGC,B
B15_c2,,,B,B15_c2_TCGGTAACAATAGAGT,B
B15_c2,HMN171236,NI,B,B15_c2_TCGTACCTCTATCCTA,B
B15_c2,HMN171227,NI,B,B15_c2_TCGTAGACAATCGAAA,B
B15_c2,HMN171227,NI,B,B15_c2_TCGTAGACATACAGCT,B
B15_c2,HMN171236,NI,B,B15_c2_TCTCATAGTCGCTTCT,B
B15_c2,HMN171227,NI,B,B15_c2_TCTGGAATCGCAGGCT,B
B15_c2,,,B,B15_c2_TCTTCGGTCACGCGGT,B
B15_c2,HMN171241,NI,B,B15_c2_TCTTTCCAGGCTAGAC,B
B15_c2,HMN171227,NI,B,B15_c2_TCTTTCCGTTAAGGGC,B
B15_c2,,,B,B15_c2_TGAAAGAGTCCGAGTC,B
B15_c2,HMN171236,NI,B,B15_c2_TGACAACCAGGACGTA,B
B15_c2,HMN171227,NI,B,B15_c2_TGACGGCAGAGCTGGT,B
B15_c2,HMN171227,NI,B,B15_c2_TGACGGCAGTTACCCA,B
B15_c2,,,B,B15_c2_TGACTTTGTTCGTTGA,B
B15_c2,HMN171227,NI,B,B15_c2_TGAGGGATCTATCCCG,B
B15_c2,,,B,B15_c2_TGCACCTCATGTCCTC,B
B15_c2,HMN171227,NI,B,B15_c2_TGCCAAAAGTGAACAT,B
B15_c2,HMN171241,NI,B,B15_c2_TGCCAAAGTTTAAGCC,B
B15_c2,HMN171236,NI,B,B15_c2_TGCCAAATCCTGTAGA,B
B15_c2,,,B,B15_c2_TGCGGGTAGCCATCGC,B
B15_c2,,,B,B15_c2_TGCGTGGTCCTAGAAC,B
B15_c2,,,B,B15_c2_TGCTACCTCCAAGTAC,B
B15_c2,,,B,B15_c2_TGCTGCTGTAGGCTGA,B
B15_c2,HMN171236,NI,B,B15_c2_TGGACGCTCACAAACC,B
B15_c2,,,B,B15_c2_TGGCGCACAGTGGGAT,B
B15_c2,,,B,B15_c2_TGGCTGGAGTAACCCT,B
B15_c2,,,B,B15_c2_TGGGAAGCAAGTCATC,B
B15_c2,HMN171227,NI,B,B15_c2_TGGGAAGTCGCCGTGA,B
B15_c2,,,B,B15_c2_TGGGCGTGTCGAGATG,B
B15_c2,HMN171236,NI,B,B15_c2_TGGTTAGCAGCTGCTG,B
B15_c2,HMN171241,NI,B,B15_c2_TGTATTCGTTGCGCAC,B
B15_c2,HMN171227,NI,B,B15_c2_TGTATTCTCCAGAGGA,B
B15_c2,,,B,B15_c2_TGTCCCAGTCGGATCC,B
B15_c2,HMN171227,NI,B,B15_c2_TGTGTTTAGCCTTGAT,B
B15_c2,,,B,B15_c2_TTAGGACAGAGTACAT,B
B15_c2,HMN171241,NI,B,B15_c2_TTAGGACCACTTACGA,B
B15_c2,HMN171236,NI,B,B15_c2_TTAGGCACATCACGAT,B
B15_c2,,,B,B15_c2_TTAGTTCGTACCGGCT,B
B15_c2,HMN171227,NI,B,B15_c2_TTCCCAGCAGCTGCAC,B
B15_c2,,,B,B15_c2_TTCGAAGTCGCACTCT,B
B15_c2,,,B,B15_c2_TTCGGTCAGTGTTTGC,B
B15_c2,,,B,B15_c2_TTCTACACACGGCTAC,B
B15_c2,,,B,B15_c2_TTCTCAAGTTCTGTTT,B
B15_c2,,,B,B15_c2_TTCTTAGAGATAGGAG,B
B15_c2,HMN171227,NI,B,B15_c2_TTCTTAGGTGAGGCTA,B
B15_c2,HMN171227,NI,B,B15_c2_TTGAACGTCTGCAGTA,B
B15_c2,,,B,B15_c2_TTGACTTAGGCACATG,B
B15_c2,,,B,B15_c2_TTGACTTTCGATCCCT,B
B15_c2,HMN171236,NI,B,B15_c2_TTGCCGTAGAAACCGC,B
B15_c2,HMN171241,NI,B,B15_c2_TTGCCGTAGTTACGGG,B
B15_c2,HMN171227,NI,B,B15_c2_TTGCCGTTCGGGAGTA,B
B15_c2,,,B,B15_c2_TTGGCAAGTGTAATGA,B
B15_c2,HMN171236,NI,B,B15_c2_TTGGCAATCAGCTCTC,B
B15_c2,HMN171227,NI,B,B15_c2_TTTACTGCACAGTCGC,B
B15_c2,HMN171236,NI,B,B15_c2_TTTATGCAGCCACCTG,B
B15_c2,HMN171227,NI,B,B15_c2_TTTGCGCTCTACCAGA,B
B15_c2,,,B,B15_c2_TTTGGTTCATGACGGA,B
B15_c2,HMN171241,NI,B,B15_c2_TTTGTCAAGGCGATAC,B
B15_c2,,,B,B15_c2_TTTGTCATCTTAACCT,B
B1_c1,HMN83553,flu,B,B1_c1_AAACCTGAGCGTGAAC,B
B1_c1,HMN83554,flu,B,B1_c1_AAAGATGAGGACGAAA,B
B1_c1,,,B,B1_c1_AAAGCAACATGCCCGA,B
B1_c1,HMN83554,flu,B,B1_c1_AAAGCAAGTTCCATGA,B
B1_c1,HMN83553,flu,B,B1_c1_AAAGCAATCCTGCAGG,B
B1_c1,,,B,B1_c1_AAAGTAGGTGCGATAG,B
B1_c1,HMN83559,flu,B,B1_c1_AAATGCCAGTCCAGGA,B
B1_c1,HMN83553,flu,B,B1_c1_AAATGCCGTCATCGGC,B
B1_c1,,,B,B1_c1_AACGTTGAGGACAGCT,B
B1_c1,HMN83553,flu,B,B1_c1_AACGTTGCACTTAAGC,B
B1_c1,HMN83554,flu,B,B1_c1_AACTCTTCACCATGTA,B
B1_c1,HMN83554,flu,B,B1_c1_AACTTTCGTCCCTACT,B
B1_c1,HMN83559,flu,B,B1_c1_AAGCCGCAGGCAATTA,B
B1_c1,HMN83559,flu,B,B1_c1_AAGTCTGAGTATGACA,B
B1_c1,HMN83554,flu,B,B1_c1_ACACCAACAATCCAAC,B
B1_c1,HMN83554,flu,B,B1_c1_ACACCAACACTAAGTC,B
B1_c1,HMN83554,flu,B,B1_c1_ACACCAATCGTACGGC,B
B1_c1,HMN83554,flu,B,B1_c1_ACACCCTTCTTCATGT,B
B1_c1,HMN83559,flu,B,B1_c1_ACACTGAAGCTGCAAG,B
B1_c1,,,B,B1_c1_ACACTGATCTCACATT,B
B1_c1,,,B,B1_c1_ACAGCCGAGTAGTGCG,B
B1_c1,HMN83559,flu,B,B1_c1_ACATGGTCACCGATAT,B
B1_c1,HMN83554,flu,B,B1_c1_ACATGGTTCGGCGCTA,B
B1_c1,HMN83559,flu,B,B1_c1_ACCAGTAAGAGTCTGG,B
B1_c1,HMN83553,flu,B,B1_c1_ACCAGTAGTATTACCG,B
B1_c1,HMN83559,flu,B,B1_c1_ACCCACTCAGTATGCT,B
B1_c1,,,B,B1_c1_ACCGTAAGTAATCGTC,B
B1_c1,,,B,B1_c1_ACGCCGACAATACGCT,B
B1_c1,HMN83559,flu,B,B1_c1_ACGGAGACACATGACT,B
B1_c1,HMN83559,flu,B,B1_c1_ACGGAGATCGTAGGAG,B
B1_c1,HMN83553,flu,B,B1_c1_ACGTCAAAGCAGGTCA,B
B1_c1,HMN83554,flu,B,B1_c1_ACGTCAAGTCAGGACA,B
B1_c1,HMN83553,flu,B,B1_c1_ACTGAACGTGGCAAAC,B
B1_c1,HMN83559,flu,B,B1_c1_AGAGCGATCCTAGTGA,B
B1_c1,HMN83554,flu,B,B1_c1_AGAGCTTCATTCCTGC,B
B1_c1,HMN83559,flu,B,B1_c1_AGAGCTTGTATATGGA,B
B1_c1,,,B,B1_c1_AGAGCTTGTTTGGGCC,B
B1_c1,HMN83554,flu,B,B1_c1_AGAGTGGTCTACTATC,B
B1_c1,HMN83559,flu,B,B1_c1_AGATCTGCAGCTGCTG,B
B1_c1,HMN83553,flu,B,B1_c1_AGCAGCCCAAGCGATG,B
B1_c1,HMN83554,flu,B,B1_c1_AGCATACTCCAAAGTC,B
B1_c1,HMN83554,flu,B,B1_c1_AGCGTATAGAAGGTTT,B
B1_c1,HMN83559,flu,B,B1_c1_AGCGTCGAGACTAAGT,B
B1_c1,,,B,B1_c1_AGCGTCGCATTATCTC,B
B1_c1,,,B,B1_c1_AGCGTCGTCCTATGTT,B
B1_c1,HMN83554,flu,B,B1_c1_AGCTCCTCACGAAATA,B
B1_c1,,,B,B1_c1_AGCTCCTTCAAAGTAG,B
B1_c1,HMN83559,flu,B,B1_c1_AGGGAGTAGTCTCAAC,B
B1_c1,HMN83553,flu,B,B1_c1_AGGGATGAGGCATTGG,B
B1_c1,HMN83553,flu,B,B1_c1_AGGTCATCAGACAAAT,B
B1_c1,HMN83554,flu,B,B1_c1_AGGTCCGCAGCATGAG,B
B1_c1,HMN83559,flu,B,B1_c1_AGTAGTCAGAATGTTG,B
B1_c1,HMN83554,flu,B,B1_c1_AGTAGTCTCCCAACGG,B
B1_c1,HMN83554,flu,B,B1_c1_AGTCTTTCATCTATGG,B
B1_c1,HMN83554,flu,B,B1_c1_AGTGGGAAGGCTAGAC,B
B1_c1,HMN83553,flu,B,B1_c1_AGTTGGTTCGGCATCG,B
B1_c1,HMN83554,flu,B,B1_c1_ATAGACCGTCATATCG,B
B1_c1,HMN83559,flu,B,B1_c1_ATCATGGGTATATGAG,B
B1_c1,HMN83554,flu,B,B1_c1_ATCCGAAAGACAGGCT,B
B1_c1,HMN83559,flu,B,B1_c1_ATCCGAACACTTACGA,B
B1_c1,HMN83553,flu,B,B1_c1_ATCGAGTTCAGTCAGT,B
B1_c1,HMN83553,flu,B,B1_c1_ATCTACTAGGCATGTG,B
B1_c1,HMN83553,flu,B,B1_c1_ATCTACTGTGACAAAT,B
B1_c1,HMN83554,flu,B,B1_c1_ATCTGCCTCATACGGT,B
B1_c1,HMN83554,flu,B,B1_c1_ATGAGGGGTTACCAGT,B
B1_c1,HMN83554,flu,B,B1_c1_ATGCGATGTGATGATA,B
B1_c1,HMN83554,flu,B,B1_c1_ATGTGTGGTAGTACCT,B
B1_c1,HMN83554,flu,B,B1_c1_ATTGGTGGTCTGGAGA,B
B1_c1,,,B,B1_c1_ATTGGTGTCACTTACT,B
B1_c1,HMN83559,flu,B,B1_c1_ATTTCTGCAATGTAAG,B
B1_c1,HMN83554,flu,B,B1_c1_CAACCTCTCCGTCATC,B
B1_c1,HMN83559,flu,B,B1_c1_CAACTAGTCACAAACC,B
B1_c1,,,B,B1_c1_CACAAACGTCTCCATC,B
B1_c1,HMN83554,flu,B,B1_c1_CACACAAAGATGTGTA,B
B1_c1,,,B,B1_c1_CACACAATCGGATGGA,B
B1_c1,,,B,B1_c1_CACACAATCTGTACGA,B
B1_c1,HMN83553,flu,B,B1_c1_CACACCTTCATCGATG,B
B1_c1,HMN83554,flu,B,B1_c1_CACATTTCATGCCACG,B
B1_c1,HMN83559,flu,B,B1_c1_CACCACTGTTCAACCA,B
B1_c1,HMN83554,flu,B,B1_c1_CACTCCATCCGGCACA,B
B1_c1,HMN83554,flu,B,B1_c1_CAGAGAGAGTCATCCA,B
B1_c1,HMN83559,flu,B,B1_c1_CAGATCATCCGATATG,B
B1_c1,HMN83559,flu,B,B1_c1_CAGCATACATCCAACA,B
B1_c1,HMN83559,flu,B,B1_c1_CAGCTGGAGCCATCGC,B
B1_c1,HMN83554,flu,B,B1_c1_CAGGTGCGTTGCGTTA,B
B1_c1,HMN83554,flu,B,B1_c1_CAGTCCTAGACTGTAA,B
B1_c1,,,B,B1_c1_CATCAAGAGTCAATAG,B
B1_c1,HMN83559,flu,B,B1_c1_CATCAGACAGTTAACC,B
B1_c1,,,B,B1_c1_CATCGAAGTATAGGTA,B
B1_c1,,,B,B1_c1_CATGACAAGTGTTGAA,B
B1_c1,HMN83559,flu,B,B1_c1_CATGACATCTGCGTAA,B
B1_c1,HMN83554,flu,B,B1_c1_CATTCGCAGTGTTAGA,B
B1_c1,,,B,B1_c1_CCAATCCCACCAGGCT,B
B1_c1,,,B,B1_c1_CCAGCGAAGCTGGAAC,B
B1_c1,HMN83559,flu,B,B1_c1_CCAGCGAGTATAGGGC,B
B1_c1,HMN83559,flu,B,B1_c1_CCCAGTTCAGTGACAG,B
B1_c1,HMN83559,flu,B,B1_c1_CCCATACAGTGGACGT,B
B1_c1,,,B,B1_c1_CCGGTAGTCCCTTGTG,B
B1_c1,HMN83554,flu,B,B1_c1_CCGTTCATCATGTCCC,B
B1_c1,HMN83554,flu,B,B1_c1_CCTAAAGGTCTGGAGA,B
B1_c1,,,B,B1_c1_CCTAAAGTCGTGGGAA,B
B1_c1,HMN83554,flu,B,B1_c1_CCTACACAGCCAGAAC,B
B1_c1,HMN83559,flu,B,B1_c1_CCTATTAAGAGCCTAG,B
B1_c1,HMN83554,flu,B,B1_c1_CCTCTGATCGTCTGCT,B
B1_c1,HMN83559,flu,B,B1_c1_CCTTCCCCAGACGCTC,B
B1_c1,HMN83559,flu,B,B1_c1_CGACCTTTCAGTTGAC,B
B1_c1,HMN83559,flu,B,B1_c1_CGAGCCACAGAAGCAC,B
B1_c1,HMN83554,flu,B,B1_c1_CGATGTACATTGAGCT,B
B1_c1,,,B,B1_c1_CGATGTATCCGGGTGT,B
B1_c1,HMN83553,flu,B,B1_c1_CGATGTATCGAATCCA,B
B1_c1,HMN83554,flu,B,B1_c1_CGATTGAAGATTACCC,B
B1_c1,HMN83559,flu,B,B1_c1_CGCGGTACAAATTGCC,B
B1_c1,HMN83553,flu,B,B1_c1_CGCGTTTCACAACGTT,B
B1_c1,HMN83559,flu,B,B1_c1_CGCGTTTTCGCGGATC,B
B1_c1,,,B,B1_c1_CGCTATCGTTCAACCA,B
B1_c1,,,B,B1_c1_CGGAGCTTCCAGATCA,B
B1_c1,HMN83559,flu,B,B1_c1_CGGCTAGGTCTAACGT,B
B1_c1,HMN83553,flu,B,B1_c1_CGGTTAACACCCATGG,B
B1_c1,,,B,B1_c1_CGTCTACGTCGGCACT,B
B1_c1,,,B,B1_c1_CGTGTAACATAAAGGT,B
B1_c1,HMN83553,flu,B,B1_c1_CGTGTAATCTGTCTCG,B
B1_c1,,,B,B1_c1_CTAAGACGTGCACGAA,B
B1_c1,,,B,B1_c1_CTACACCGTTTGACAC,B
B1_c1,HMN83554,flu,B,B1_c1_CTACGTCAGGAGTTGC,B
B1_c1,HMN83554,flu,B,B1_c1_CTACGTCAGTGTCTCA,B
B1_c1,,,B,B1_c1_CTAGAGTTCGTTACGA,B
B1_c1,,,B,B1_c1_CTAGCCTAGGGTCTCC,B
B1_c1,,,B,B1_c1_CTAGCCTCATATACCG,B
B1_c1,HMN83554,flu,B,B1_c1_CTCATTAGTGCGATAG,B
B1_c1,HMN83559,flu,B,B1_c1_CTCGAGGGTCAAAGCG,B
B1_c1,HMN83554,flu,B,B1_c1_CTCGTACAGCTAACTC,B
B1_c1,,,B,B1_c1_CTGAAACCATGCGCAC,B
B1_c1,HMN83554,flu,B,B1_c1_CTGAAACTCAACGGGA,B
B1_c1,,,B,B1_c1_CTGATCCAGGTACTCT,B
B1_c1,HMN83553,flu,B,B1_c1_CTGCCTATCCAGGGCT,B
B1_c1,HMN83554,flu,B,B1_c1_CTGCGGAAGGCAGGTT,B
B1_c1,HMN83559,flu,B,B1_c1_CTGCTGTAGGATGGTC,B
B1_c1,,,B,B1_c1_CTTACCGCACTGTTAG,B
B1_c1,HMN83559,flu,B,B1_c1_GACACGCTCACCTCGT,B
B1_c1,HMN83559,flu,B,B1_c1_GACACGCTCCACGTGG,B
B1_c1,HMN83554,flu,B,B1_c1_GACGTGCTCGTGGGAA,B
B1_c1,HMN83559,flu,B,B1_c1_GACGTTACATACTCTT,B
B1_c1,,,B,B1_c1_GACTACAAGAGTAAGG,B
B1_c1,,,B,B1_c1_GACTACAAGGACTGGT,B
B1_c1,HMN83559,flu,B,B1_c1_GACTGCGGTAAGTTCC,B
B1_c1,HMN83559,flu,B,B1_c1_GAGCAGACAAGTAATG,B
B1_c1,HMN83554,flu,B,B1_c1_GAGGTGACACATCCAA,B
B1_c1,HMN83554,flu,B,B1_c1_GATCAGTAGTCACGCC,B
B1_c1,,,B,B1_c1_GATCGTAAGGTAAACT,B
B1_c1,HMN83559,flu,B,B1_c1_GATCTAGGTCTAGTGT,B
B1_c1,HMN83559,flu,B,B1_c1_GATGAGGAGCTAAGAT,B
B1_c1,,,B,B1_c1_GCGCCAAAGTCACGCC,B
B1_c1,HMN83553,flu,B,B1_c1_GCGGGTTCACACAGAG,B
B1_c1,,,B,B1_c1_GCTCCTAAGAAACCTA,B
B1_c1,HMN83554,flu,B,B1_c1_GCTCTGTTCAGGCCCA,B
B1_c1,HMN83554,flu,B,B1_c1_GCTTCCATCGTTGCCT,B
B1_c1,HMN83554,flu,B,B1_c1_GGAATAAAGGTAAACT,B
B1_c1,HMN83553,flu,B,B1_c1_GGACAGACACATGGGA,B
B1_c1,HMN83553,flu,B,B1_c1_GGACATTTCGTTGCCT,B
B1_c1,HMN83554,flu,B,B1_c1_GGCAATTGTTCCATGA,B
B1_c1,HMN83559,flu,B,B1_c1_GGCTGGTTCAGTTGAC,B
B1_c1,HMN83554,flu,B,B1_c1_GGGATGATCCTGTACC,B
B1_c1,HMN83559,flu,B,B1_c1_GGGCATCAGACATAAC,B
B1_c1,,,B,B1_c1_GGGCATCAGCCCGAAA,B
B1_c1,HMN83554,flu,B,B1_c1_GGTATTGAGATGTCGG,B
B1_c1,,,B,B1_c1_GGTGAAGAGGCCCGTT,B
B1_c1,,,B,B1_c1_GTACTCCAGGGAGTAA,B
B1_c1,HMN83554,flu,B,B1_c1_GTAGGCCAGTGTCCAT,B
B1_c1,HMN83554,flu,B,B1_c1_GTCAAGTCAGGCAGTA,B
B1_c1,HMN83554,flu,B,B1_c1_GTCGGGTTCGGCTACG,B
B1_c1,HMN83554,flu,B,B1_c1_GTCGTAAAGCCCAATT,B
B1_c1,HMN83559,flu,B,B1_c1_GTCTCGTAGTCCAGGA,B
B1_c1,HMN83554,flu,B,B1_c1_GTCTTCGAGTTTCCTT,B
B1_c1,HMN83554,flu,B,B1_c1_GTCTTCGGTTCAGTAC,B
B1_c1,HMN83553,flu,B,B1_c1_GTGAAGGTCAGCAACT,B
B1_c1,HMN83553,flu,B,B1_c1_GTGCATATCCGTCATC,B
B1_c1,HMN83554,flu,B,B1_c1_GTGCTTCCAGCTCCGA,B
B1_c1,,,B,B1_c1_GTTACAGAGCTAGTCT,B
B1_c1,HMN83554,flu,B,B1_c1_GTTCATTTCGGATGTT,B
B1_c1,HMN83553,flu,B,B1_c1_GTTCTCGAGCGTGAAC,B
B1_c1,HMN83554,flu,B,B1_c1_TAAGCGTTCCCAAGTA,B
B1_c1,HMN83559,flu,B,B1_c1_TACAGTGTCGGCGCAT,B
B1_c1,HMN83554,flu,B,B1_c1_TACCTATGTATCAGTC,B
B1_c1,HMN83554,flu,B,B1_c1_TACCTTACATGTTCCC,B
B1_c1,,,B,B1_c1_TACGGATCACCAGGCT,B
B1_c1,HMN83554,flu,B,B1_c1_TACGGATGTTGCCTCT,B
B1_c1,HMN83559,flu,B,B1_c1_TACGGGCAGCCCAGCT,B
B1_c1,HMN83554,flu,B,B1_c1_TACGGGCTCATGTAGC,B
B1_c1,HMN83553,flu,B,B1_c1_TACGGTAAGAGTCTGG,B
B1_c1,,,B,B1_c1_TACTCGCAGGTACTCT,B
B1_c1,HMN83554,flu,B,B1_c1_TACTTGTTCTGGTTCC,B
B1_c1,HMN83559,flu,B,B1_c1_TAGCCGGCAAGCGCTC,B
B1_c1,,,B,B1_c1_TAGGCATCAGACAGGT,B
B1_c1,HMN83554,flu,B,B1_c1_TATGCCCCAGTACACT,B
B1_c1,,,B,B1_c1_TATGCCCGTACCGGCT,B
B1_c1,HMN83559,flu,B,B1_c1_TCAACGAGTCTTCAAG,B
B1_c1,HMN83559,flu,B,B1_c1_TCAATCTAGCACGCCT,B
B1_c1,HMN83554,flu,B,B1_c1_TCAATCTCAAGCCATT,B
B1_c1,HMN83554,flu,B,B1_c1_TCACAAGGTACTTGAC,B
B1_c1,HMN83553,flu,B,B1_c1_TCACGAATCCAAATGC,B
B1_c1,HMN83553,flu,B,B1_c1_TCAGCAATCTTGGGTA,B
B1_c1,,,B,B1_c1_TCAGCTCAGCCAGTAG,B
B1_c1,HMN83554,flu,B,B1_c1_TCAGGATCATGGGAAC,B
B1_c1,HMN83559,flu,B,B1_c1_TCATTTGGTGATAAGT,B
B1_c1,,,B,B1_c1_TCGAGGCTCATCATTC,B
B1_c1,HMN83554,flu,B,B1_c1_TCGTACCCAGACAAAT,B
B1_c1,HMN83559,flu,B,B1_c1_TCGTAGATCCGCGGTA,B
B1_c1,HMN83559,flu,B,B1_c1_TCTCATAAGATATGGT,B
B1_c1,,,B,B1_c1_TCTTCGGCAGTAAGAT,B
B1_c1,HMN83553,flu,B,B1_c1_TGAAAGAGTTAAGAAC,B
B1_c1,HMN83553,flu,B,B1_c1_TGAGAGGGTTCGTTGA,B
B1_c1,,,B,B1_c1_TGAGCATGTATGCTTG,B
B1_c1,,,B,B1_c1_TGAGGGATCCCAACGG,B
B1_c1,,,B,B1_c1_TGCCAAACACCAACCG,B
B1_c1,,,B,B1_c1_TGCCCATAGGCTAGAC,B
B1_c1,HMN83559,flu,B,B1_c1_TGCCCTATCTGCCAGG,B
B1_c1,,,B,B1_c1_TGCGGGTGTGACTACT,B
B1_c1,HMN83553,flu,B,B1_c1_TGCGGGTTCCAACCAA,B
B1_c1,HMN83554,flu,B,B1_c1_TGCTACCGTATAGGTA,B
B1_c1,HMN83553,flu,B,B1_c1_TGCTGCTCAGGGATTG,B
B1_c1,,,B,B1_c1_TGGACGCGTGTTTGGT,B
B1_c1,,,B,B1_c1_TGGACGCTCGCGGATC,B
B1_c1,HMN83559,flu,B,B1_c1_TGGCGCACAAGGACAC,B
B1_c1,,,B,B1_c1_TGGCGCAGTCGCTTTC,B
B1_c1,HMN83554,flu,B,B1_c1_TGGCTGGGTGCAACGA,B
B1_c1,HMN83554,flu,B,B1_c1_TGGTTCCAGGCTCTTA,B
B1_c1,,,B,B1_c1_TGTGGTATCGCGTTTC,B
B1_c1,,,B,B1_c1_TGTGTTTGTAGTGAAT,B
B1_c1,HMN83554,flu,B,B1_c1_TTAACTCAGACTGTAA,B
B1_c1,HMN83553,flu,B,B1_c1_TTCCCAGAGAAAGTGG,B
B1_c1,HMN83559,flu,B,B1_c1_TTCGAAGCAGCCTGTG,B
B1_c1,HMN83559,flu,B,B1_c1_TTCGAAGTCAGGCAAG,B
B1_c1,HMN83554,flu,B,B1_c1_TTCGGTCTCTACTATC,B
B1_c1,,,B,B1_c1_TTCGGTCTCTTGCATT,B
B1_c1,HMN83559,flu,B,B1_c1_TTCTCAATCACAACGT,B
B1_c1,,,B,B1_c1_TTCTTAGTCAAACAAG,B
B1_c1,HMN83559,flu,B,B1_c1_TTGAACGAGAGCTGGT,B
B1_c1,,,B,B1_c1_TTGAACGCAACCGCCA,B
B1_c1,HMN83559,flu,B,B1_c1_TTGAACGGTCGGATCC,B
B1_c1,HMN83554,flu,B,B1_c1_TTGACTTAGACAGAGA,B
B1_c1,HMN83554,flu,B,B1_c1_TTGCGTCGTAAAGTCA,B
B1_c1,HMN83554,flu,B,B1_c1_TTTATGCGTGCCTTGG,B
B1_c1,,,B,B1_c1_TTTCCTCAGACAAAGG,B
B1_c2,HMN83552,flu,B,B1_c2_AAATGCCAGCTGCAAG,B
B1_c2,HMN83558,flu,B,B1_c2_AACACGTAGGTGACCA,B
B1_c2,HMN83558,flu,B,B1_c2_AACCATGGTCGCATCG,B
B1_c2,HMN83552,flu,B,B1_c2_AACCGCGAGCCGGTAA,B
B1_c2,,,B,B1_c2_AACTGGTAGAAAGTGG,B
B1_c2,,,B,B1_c2_AACTGGTAGACTACAA,B
B1_c2,HMN83558,flu,B,B1_c2_AAGCCGCCATCAGTCA,B
B1_c2,HMN83558,flu,B,B1_c2_AAGCCGCGTAATTGGA,B
B1_c2,HMN83558,flu,B,B1_c2_AAGCCGCTCGCCATAA,B
B1_c2,HMN83558,flu,B,B1_c2_AAGGAGCGTAAATACG,B
B1_c2,HMN83558,flu,B,B1_c2_AAGGTTCAGTAGCCGA,B
B1_c2,HMN83558,flu,B,B1_c2_AAGTCTGAGAGACTTA,B
B1_c2,HMN83558,flu,B,B1_c2_AATCCAGTCATATCGG,B
B1_c2,HMN83558,flu,B,B1_c2_ACACCAACAGGTCCAC,B
B1_c2,,,B,B1_c2_ACACCAACAGTCCTTC,B
B1_c2,HMN83558,flu,B,B1_c2_ACACTGAGTAGCTAAA,B
B1_c2,HMN83558,flu,B,B1_c2_ACACTGATCCTTTCTC,B
B1_c2,HMN83551,flu,B,B1_c2_ACAGCTACATCGGGTC,B
B1_c2,HMN83558,flu,B,B1_c2_ACAGCTATCCGTCAAA,B
B1_c2,HMN83558,flu,B,B1_c2_ACCTTTACATAGAAAC,B
B1_c2,,,B,B1_c2_ACCTTTATCATCTGTT,B
B1_c2,HMN83558,flu,B,B1_c2_ACCTTTATCTCGCATC,B
B1_c2,HMN83551,flu,B,B1_c2_ACGAGCCTCTCGCATC,B
B1_c2,,,B,B1_c2_ACGCCAGAGATGCGAC,B
B1_c2,,,B,B1_c2_ACGCCGAAGATCTGCT,B
B1_c2,HMN83558,flu,B,B1_c2_ACGGAGACAGGGATTG,B
B1_c2,HMN83558,flu,B,B1_c2_ACGTCAAGTTGCGCAC,B
B1_c2,HMN83552,flu,B,B1_c2_ACGTCAATCAGTTAGC,B
B1_c2,HMN83552,flu,B,B1_c2_ACTGAACGTGCCTTGG,B
B1_c2,HMN83551,flu,B,B1_c2_ACTGAACTCCTCAATT,B
B1_c2,HMN83558,flu,B,B1_c2_ACTGAGTGTTCAGCGC,B
B1_c2,HMN83558,flu,B,B1_c2_ACTGCTCCAAGTCATC,B
B1_c2,HMN83558,flu,B,B1_c2_ACTGCTCTCAAGGCTT,B
B1_c2,,,B,B1_c2_ACTGTCCGTTCACCTC,B
B1_c2,HMN83558,flu,B,B1_c2_ACTTACTGTTCACCTC,B
B1_c2,HMN83558,flu,B,B1_c2_ACTTTCACATTATCTC,B
B1_c2,,,B,B1_c2_AGAATAGTCGTTTATC,B
B1_c2,HMN83551,flu,B,B1_c2_AGAGCGAGTAACGTTC,B
B1_c2,HMN83552,flu,B,B1_c2_AGCAGCCAGCGAGAAA,B
B1_c2,HMN83558,flu,B,B1_c2_AGCCTAAAGCTTTGGT,B
B1_c2,,,B,B1_c2_AGCCTAAAGTATTGGA,B
B1_c2,,,B,B1_c2_AGCCTAAGTAGAGTGC,B
B1_c2,HMN83558,flu,B,B1_c2_AGCGTATCAACTGCTA,B
B1_c2,,,B,B1_c2_AGCGTCGCAGCTATTG,B
B1_c2,HMN83558,flu,B,B1_c2_AGCTCTCGTCGCTTTC,B
B1_c2,,,B,B1_c2_AGCTTGAAGGCTAGCA,B
B1_c2,HMN83558,flu,B,B1_c2_AGGCCACTCTGACCTC,B
B1_c2,,,B,B1_c2_AGGTCCGTCAGCACAT,B
B1_c2,HMN83558,flu,B,B1_c2_AGTAGTCTCGTCCAGG,B
B1_c2,,,B,B1_c2_AGTGAGGCAAGTTCTG,B
B1_c2,HMN83558,flu,B,B1_c2_AGTGGGACAGGGTTAG,B
B1_c2,HMN83558,flu,B,B1_c2_AGTTGGTCAAGAAAGG,B
B1_c2,HMN83558,flu,B,B1_c2_AGTTGGTGTCTCTCTG,B
B1_c2,HMN83558,flu,B,B1_c2_ATAAGAGTCCTGTACC,B
B1_c2,,,B,B1_c2_ATCATCTGTCTGCCAG,B
B1_c2,HMN83558,flu,B,B1_c2_ATCCGAACACCGATAT,B
B1_c2,HMN83558,flu,B,B1_c2_ATCCGAATCACAACGT,B
B1_c2,,,B,B1_c2_ATCTGCCAGGGATACC,B
B1_c2,HMN83551,flu,B,B1_c2_ATCTGCCGTTATGTGC,B
B1_c2,HMN83558,flu,B,B1_c2_ATGAGGGAGGACAGCT,B
B1_c2,HMN83558,flu,B,B1_c2_ATTACTCGTGCGGTAA,B
B1_c2,HMN83558,flu,B,B1_c2_ATTGGTGAGTTACGGG,B
B1_c2,HMN83558,flu,B,B1_c2_ATTTCTGAGATCACGG,B
B1_c2,HMN83551,flu,B,B1_c2_CAACTAGCATATACCG,B
B1_c2,HMN83552,flu,B,B1_c2_CAAGAAACACTCGACG,B
B1_c2,,,B,B1_c2_CAAGAAATCCGCGCAA,B
B1_c2,HMN83558,flu,B,B1_c2_CAAGGCCGTATAGGGC,B
B1_c2,,,B,B1_c2_CAAGTTGCACCTCGTT,B
B1_c2,HMN83552,flu,B,B1_c2_CACAAACCATTGAGCT,B
B1_c2,,,B,B1_c2_CACACAAAGGCGATAC,B
B1_c2,HMN83551,flu,B,B1_c2_CACACAACATTCACTT,B
B1_c2,HMN83551,flu,B,B1_c2_CACCACTAGGCTAGAC,B
B1_c2,,,B,B1_c2_CACCAGGTCAACACCA,B
B1_c2,HMN83558,flu,B,B1_c2_CACTCCAAGGTACTCT,B
B1_c2,HMN83551,flu,B,B1_c2_CACTCCACATCCAACA,B
B1_c2,HMN83558,flu,B,B1_c2_CAGATCACAGGTCCAC,B
B1_c2,,,B,B1_c2_CAGATCAGTTAGTGGG,B
B1_c2,HMN83558,flu,B,B1_c2_CAGTCCTAGCAGACTG,B
B1_c2,HMN83558,flu,B,B1_c2_CATCGAAGTTATGCGT,B
B1_c2,HMN83558,flu,B,B1_c2_CATGACAGTCTCAACA,B
B1_c2,HMN83552,flu,B,B1_c2_CATGCCTTCACGAAGG,B
B1_c2,HMN83558,flu,B,B1_c2_CATGGCGGTAGCGTGA,B
B1_c2,HMN83558,flu,B,B1_c2_CATTATCGTCCGAATT,B
B1_c2,HMN83558,flu,B,B1_c2_CATTATCTCATGCAAC,B
B1_c2,HMN83552,flu,B,B1_c2_CATTCGCAGACTAGAT,B
B1_c2,HMN83551,flu,B,B1_c2_CCAGCGAAGGTTCCTA,B
B1_c2,HMN83558,flu,B,B1_c2_CCAGCGATCAACCATG,B
B1_c2,HMN83558,flu,B,B1_c2_CCATTCGTCCTGCAGG,B
B1_c2,HMN83551,flu,B,B1_c2_CCCAATCAGTGAACAT,B
B1_c2,,,B,B1_c2_CCCAGTTGTGTGACCC,B
B1_c2,HMN83558,flu,B,B1_c2_CCGGGATAGGTGATTA,B
B1_c2,HMN83558,flu,B,B1_c2_CCGGTAGAGAGGTTGC,B
B1_c2,,,B,B1_c2_CCGGTAGAGTGTACTC,B
B1_c2,HMN83551,flu,B,B1_c2_CCGGTAGCAAAGCAAT,B
B1_c2,HMN83558,flu,B,B1_c2_CCGTTCATCAATCACG,B
B1_c2,HMN83558,flu,B,B1_c2_CCTAAAGCACACCGAC,B
B1_c2,HMN83551,flu,B,B1_c2_CCTAGCTGTCAAAGCG,B
B1_c2,HMN83552,flu,B,B1_c2_CCTCAGTGTTAAGATG,B
B1_c2,HMN83558,flu,B,B1_c2_CCTCTGAAGACACTAA,B
B1_c2,HMN83558,flu,B,B1_c2_CCTTACGAGGCTCTTA,B
B1_c2,HMN83551,flu,B,B1_c2_CCTTACGCAGGGTACA,B
B1_c2,HMN83558,flu,B,B1_c2_CGAACATAGCGTGTCC,B
B1_c2,HMN83552,flu,B,B1_c2_CGAACATCATCGGGTC,B
B1_c2,HMN83558,flu,B,B1_c2_CGACCTTAGGCCCTTG,B
B1_c2,HMN83558,flu,B,B1_c2_CGACCTTCAGGAATCG,B
B1_c2,,,B,B1_c2_CGACCTTTCAAGGCTT,B
B1_c2,HMN83558,flu,B,B1_c2_CGACTTCCACAGAGGT,B
B1_c2,HMN83551,flu,B,B1_c2_CGAGCACCATGTAGTC,B
B1_c2,,,B,B1_c2_CGATGGCGTATTCGTG,B
B1_c2,HMN83551,flu,B,B1_c2_CGATTGACAGCTGCAC,B
B1_c2,HMN83558,flu,B,B1_c2_CGATTGAGTCCAGTTA,B
B1_c2,,,B,B1_c2_CGCGGTACAGGGATTG,B
B1_c2,HMN83551,flu,B,B1_c2_CGCGTTTCACCTATCC,B
B1_c2,HMN83558,flu,B,B1_c2_CGCTATCCAGTCGTGC,B
B1_c2,HMN83558,flu,B,B1_c2_CGCTATCGTACAGTTC,B
B1_c2,,,B,B1_c2_CGCTTCAAGTTAGGTA,B
B1_c2,HMN83551,flu,B,B1_c2_CGGACACGTCGCGGTT,B
B1_c2,HMN83552,flu,B,B1_c2_CGGACACGTGACGCCT,B
B1_c2,HMN83558,flu,B,B1_c2_CGGACGTCAAGCTGAG,B
B1_c2,HMN83552,flu,B,B1_c2_CGGACGTGTATTACCG,B
B1_c2,HMN83551,flu,B,B1_c2_CGGAGCTAGGGCTTCC,B
B1_c2,,,B,B1_c2_CGGAGCTCAGTATCTG,B
B1_c2,,,B,B1_c2_CGGAGTCAGCTGTTCA,B
B1_c2,,,B,B1_c2_CGTAGCGCAGGTCCAC,B
B1_c2,HMN83558,flu,B,B1_c2_CGTGTCTAGTGAATTG,B
B1_c2,HMN83551,flu,B,B1_c2_CGTTAGATCGTAGATC,B
B1_c2,HMN83558,flu,B,B1_c2_CGTTCTGGTAAGTGGC,B
B1_c2,HMN83558,flu,B,B1_c2_CGTTGGGAGGTGCAAC,B
B1_c2,HMN83558,flu,B,B1_c2_CTAAGACCACAGACTT,B
B1_c2,,,B,B1_c2_CTACATTCAGTATCTG,B
B1_c2,,,B,B1_c2_CTAGCCTAGAGGTTGC,B
B1_c2,HMN83558,flu,B,B1_c2_CTAGCCTCACTACAGT,B
B1_c2,,,B,B1_c2_CTAGCCTTCAACACAC,B
B1_c2,HMN83551,flu,B,B1_c2_CTAGTGAGTCTGGTCG,B
B1_c2,HMN83552,flu,B,B1_c2_CTAGTGATCGGAATCT,B
B1_c2,HMN83558,flu,B,B1_c2_CTCATTACAGGGTTAG,B
B1_c2,HMN83558,flu,B,B1_c2_CTCCTAGCATGAACCT,B
B1_c2,HMN83551,flu,B,B1_c2_CTCGGAGTCTGTCTCG,B
B1_c2,HMN83552,flu,B,B1_c2_CTCGGGAAGCTATGCT,B
B1_c2,HMN83552,flu,B,B1_c2_CTGAAACAGGCAGTCA,B
B1_c2,HMN83551,flu,B,B1_c2_CTGCGGATCGCTTGTC,B
B1_c2,HMN83558,flu,B,B1_c2_CTGTGCTGTGCCTGCA,B
B1_c2,HMN83558,flu,B,B1_c2_CTGTGCTTCTGTACGA,B
B1_c2,HMN83558,flu,B,B1_c2_CTGTTTAGTGATGATA,B
B1_c2,HMN83558,flu,B,B1_c2_CTTAACTGTAAGCACG,B
B1_c2,HMN83558,flu,B,B1_c2_CTTCTCTAGAGTTGGC,B
B1_c2,HMN83551,flu,B,B1_c2_CTTGGCTCAACACCTA,B
B1_c2,HMN83551,flu,B,B1_c2_GAAACTCGTCAACATC,B
B1_c2,,,B,B1_c2_GAACATCAGATGCCTT,B
B1_c2,HMN83551,flu,B,B1_c2_GAACGGAAGAAGGCCT,B
B1_c2,HMN83558,flu,B,B1_c2_GAAGCAGCATCGACGC,B
B1_c2,,,B,B1_c2_GACAGAGCATCAGTAC,B
B1_c2,HMN83551,flu,B,B1_c2_GACCAATAGTAGGTGC,B
B1_c2,,,B,B1_c2_GACTAACGTTGAGGTG,B
B1_c2,HMN83552,flu,B,B1_c2_GAGGTGAAGATCCCGC,B
B1_c2,,,B,B1_c2_GAGGTGACAAAGGCGT,B
B1_c2,,,B,B1_c2_GAGTCCGAGCGTCAAG,B
B1_c2,HMN83558,flu,B,B1_c2_GATCAGTTCTTGAGAC,B
B1_c2,,,B,B1_c2_GATCGATGTGCTAGCC,B
B1_c2,HMN83558,flu,B,B1_c2_GATCGCGTCCGCTGTT,B
B1_c2,HMN83558,flu,B,B1_c2_GATGAGGGTCCGAACC,B
B1_c2,,,B,B1_c2_GATGCTAAGAGCTGGT,B
B1_c2,,,B,B1_c2_GATTCAGGTTCGAATC,B
B1_c2,HMN83558,flu,B,B1_c2_GCACATAAGGGCATGT,B
B1_c2,HMN83558,flu,B,B1_c2_GCAGCCACATACCATG,B
B1_c2,,,B,B1_c2_GCATACATCACTATTC,B
B1_c2,HMN83552,flu,B,B1_c2_GCATGATAGTGAATTG,B
B1_c2,HMN83558,flu,B,B1_c2_GCATGCGGTCCTCTTG,B
B1_c2,HMN83558,flu,B,B1_c2_GCATGTAAGCAACGGT,B
B1_c2,,,B,B1_c2_GCATGTAAGTCGTTTG,B
B1_c2,,,B,B1_c2_GCATGTAGTCTTGTCC,B
B1_c2,,,B,B1_c2_GCGACCATCCTATGTT,B
B1_c2,HMN83558,flu,B,B1_c2_GCGCAACCATCGATGT,B
B1_c2,HMN83552,flu,B,B1_c2_GCGCAACTCTATGTGG,B
B1_c2,HMN83558,flu,B,B1_c2_GCGCAGTGTTATTCTC,B
B1_c2,,,B,B1_c2_GCGCCAAGTGAGGGAG,B
B1_c2,,,B,B1_c2_GCGCCAATCGAGGTAG,B
B1_c2,,,B,B1_c2_GCGCGATTCGCCTGAG,B
B1_c2,HMN83558,flu,B,B1_c2_GCGGGTTGTCGTCTTC,B
B1_c2,HMN83558,flu,B,B1_c2_GCTCTGTCATTACGAC,B
B1_c2,HMN83558,flu,B,B1_c2_GCTGCTTCATGACGGA,B
B1_c2,,,B,B1_c2_GCTGGGTGTATAAACG,B
B1_c2,HMN83552,flu,B,B1_c2_GCTGGGTTCTTCAACT,B
B1_c2,HMN83558,flu,B,B1_c2_GCTTGAAGTTCCGGCA,B
B1_c2,HMN83558,flu,B,B1_c2_GGACATTTCGTGACAT,B
B1_c2,HMN83558,flu,B,B1_c2_GGACGTCAGCGCTCCA,B
B1_c2,HMN83551,flu,B,B1_c2_GGAGCAATCAAGGCTT,B
B1_c2,,,B,B1_c2_GGCGTGTTCAGTTGAC,B
B1_c2,HMN83558,flu,B,B1_c2_GGCTCGATCGGTGTTA,B
B1_c2,HMN83558,flu,B,B1_c2_GGGAATGGTATAATGG,B
B1_c2,,,B,B1_c2_GGGAGATGTCGAACAG,B
B1_c2,HMN83551,flu,B,B1_c2_GGGAGATTCCACGTGG,B
B1_c2,HMN83551,flu,B,B1_c2_GGGATGAAGTCCGTAT,B
B1_c2,HMN83558,flu,B,B1_c2_GGGATGACACTTCGAA,B
B1_c2,HMN83558,flu,B,B1_c2_GGGATGAGTATAGGTA,B
B1_c2,HMN83551,flu,B,B1_c2_GTAACGTAGTGCAAGC,B
B1_c2,HMN83558,flu,B,B1_c2_GTAACTGGTAGCAAAT,B
B1_c2,,,B,B1_c2_GTAACTGTCGGCGCAT,B
B1_c2,HMN83552,flu,B,B1_c2_GTACGTATCGCGCCAA,B
B1_c2,HMN83552,flu,B,B1_c2_GTACTCCAGAAACCTA,B
B1_c2,,,B,B1_c2_GTACTTTTCGGGAGTA,B
B1_c2,,,B,B1_c2_GTAGGCCAGACCGGAT,B
B1_c2,HMN83558,flu,B,B1_c2_GTAGGCCCAGGTGGAT,B
B1_c2,,,B,B1_c2_GTATCTTAGAGCTGGT,B
B1_c2,HMN83558,flu,B,B1_c2_GTCATTTGTTCAGGCC,B
B1_c2,,,B,B1_c2_GTCGTAATCGGAGCAA,B
B1_c2,HMN83558,flu,B,B1_c2_GTCTTCGTCAGTGCAT,B
B1_c2,HMN83551,flu,B,B1_c2_GTGAAGGGTCCGTGAC,B
B1_c2,HMN83552,flu,B,B1_c2_GTGCAGCCATTACGAC,B
B1_c2,HMN83558,flu,B,B1_c2_GTGCTTCGTCCGTGAC,B
B1_c2,HMN83558,flu,B,B1_c2_GTGTGCGTCGGTGTTA,B
B1_c2,HMN83551,flu,B,B1_c2_GTGTGCGTCTAACTCT,B
B1_c2,,,B,B1_c2_GTTAAGCGTACAGACG,B
B1_c2,,,B,B1_c2_GTTAAGCTCACATAGC,B
B1_c2,HMN83552,flu,B,B1_c2_GTTCGGGCATCCTAGA,B
B1_c2,HMN83552,flu,B,B1_c2_GTTTCTATCACGGTTA,B
B1_c2,,,B,B1_c2_TAAACCGGTCTGGAGA,B
B1_c2,HMN83558,flu,B,B1_c2_TACGGATTCGGCATCG,B
B1_c2,,,B,B1_c2_TACTCGCAGTCGCCGT,B
B1_c2,HMN83558,flu,B,B1_c2_TACTTACTCCGAGCCA,B
B1_c2,HMN83558,flu,B,B1_c2_TACTTACTCTTAGAGC,B
B1_c2,HMN83558,flu,B,B1_c2_TAGACCATCTGTTGAG,B
B1_c2,HMN83558,flu,B,B1_c2_TATCTCACAGACAAAT,B
B1_c2,HMN83558,flu,B,B1_c2_TATCTCAGTATAGGGC,B
B1_c2,,,B,B1_c2_TATGCCCAGTTAAGTG,B
B1_c2,HMN83558,flu,B,B1_c2_TATGCCCCACTGAAGG,B
B1_c2,HMN83558,flu,B,B1_c2_TATTACCAGAGTACCG,B
B1_c2,,,B,B1_c2_TCAACGAAGTTCGCAT,B
B1_c2,HMN83558,flu,B,B1_c2_TCAACGACAAGGACTG,B
B1_c2,,,B,B1_c2_TCACAAGAGCTAAGAT,B
B1_c2,HMN83552,flu,B,B1_c2_TCACAAGGTTCAGCGC,B
B1_c2,,,B,B1_c2_TCAGCAACATAGGATA,B
B1_c2,HMN83558,flu,B,B1_c2_TCAGGATAGAAACCTA,B
B1_c2,HMN83558,flu,B,B1_c2_TCAGGATAGATGTGGC,B
B1_c2,,,B,B1_c2_TCAGGTACATCACAAC,B
B1_c2,HMN83552,flu,B,B1_c2_TCAGGTATCAACACAC,B
B1_c2,HMN83551,flu,B,B1_c2_TCCCGATGTGGCGAAT,B
B1_c2,HMN83551,flu,B,B1_c2_TCGAGGCAGATAGTCA,B
B1_c2,HMN83558,flu,B,B1_c2_TCGCGAGCACTAGTAC,B
B1_c2,HMN83558,flu,B,B1_c2_TCGCGAGTCAACACCA,B
B1_c2,,,B,B1_c2_TCGCGTTCACTATCTT,B
B1_c2,HMN83551,flu,B,B1_c2_TCGGGACGTTAGGGTG,B
B1_c2,HMN83551,flu,B,B1_c2_TCGGGACTCACCGGGT,B
B1_c2,HMN83551,flu,B,B1_c2_TCGTACCTCCACGACG,B
B1_c2,,,B,B1_c2_TCTATTGCATCCGCGA,B
B1_c2,HMN83558,flu,B,B1_c2_TCTGGAAGTCTTCTCG,B
B1_c2,,,B,B1_c2_TGAAAGACACTTGGAT,B
B1_c2,HMN83558,flu,B,B1_c2_TGAAAGATCGTTGCCT,B
B1_c2,HMN83558,flu,B,B1_c2_TGACAACAGAGGTACC,B
B1_c2,HMN83558,flu,B,B1_c2_TGACAACGTAACGACG,B
B1_c2,HMN83558,flu,B,B1_c2_TGACTAGAGGTGCACA,B
B1_c2,,,B,B1_c2_TGACTTTCAACACCCG,B
B1_c2,HMN83552,flu,B,B1_c2_TGAGAGGAGGGATCTG,B
B1_c2,HMN83558,flu,B,B1_c2_TGAGAGGCAATAAGCA,B
B1_c2,HMN83558,flu,B,B1_c2_TGAGGGACAAGGCTCC,B
B1_c2,HMN83552,flu,B,B1_c2_TGCACCTAGAGGTTAT,B
B1_c2,HMN83551,flu,B,B1_c2_TGCCAAAAGCCTTGAT,B
B1_c2,HMN83558,flu,B,B1_c2_TGCCCATTCTGCTGCT,B
B1_c2,HMN83552,flu,B,B1_c2_TGCCCTAAGACGCTTT,B
B1_c2,,,B,B1_c2_TGCCCTATCTCAAGTG,B
B1_c2,HMN83558,flu,B,B1_c2_TGCGTGGCATGCCTTC,B
B1_c2,HMN83558,flu,B,B1_c2_TGCTGCTAGAAGCCCA,B
B1_c2,HMN83558,flu,B,B1_c2_TGCTGCTGTTACGACT,B
B1_c2,HMN83558,flu,B,B1_c2_TGGCGCAAGTACTTGC,B
B1_c2,HMN83551,flu,B,B1_c2_TGGGAAGTCACGACTA,B
B1_c2,HMN83558,flu,B,B1_c2_TGGTTAGAGCTAGTTC,B
B1_c2,HMN83558,flu,B,B1_c2_TGGTTCCAGCGAAGGG,B
B1_c2,HMN83551,flu,B,B1_c2_TGTATTCAGTATTGGA,B
B1_c2,HMN83552,flu,B,B1_c2_TGTGGTAAGTCATCCA,B
B1_c2,HMN83558,flu,B,B1_c2_TGTGGTATCAACTCTT,B
B1_c2,,,B,B1_c2_TGTGTTTCATGCGCAC,B
B1_c2,HMN83551,flu,B,B1_c2_TGTGTTTGTGTGACGA,B
B1_c2,HMN83558,flu,B,B1_c2_TGTTCCGCATCCGTGG,B
B1_c2,HMN83558,flu,B,B1_c2_TGTTCCGTCCAAACAC,B
B1_c2,,,B,B1_c2_TGTTCCGTCCATTCTA,B
B1_c2,HMN83558,flu,B,B1_c2_TTAGGCAAGATCCCGC,B
B1_c2,HMN83558,flu,B,B1_c2_TTCGGTCCACCGCTAG,B
B1_c2,HMN83552,flu,B,B1_c2_TTCTCAAAGTGTACCT,B
B1_c2,HMN83551,flu,B,B1_c2_TTCTCCTTCATGTAGC,B
B1_c2,HMN83558,flu,B,B1_c2_TTCTTAGAGAAACCGC,B
B1_c2,HMN83558,flu,B,B1_c2_TTGCCGTGTTTCGCTC,B
B1_c2,HMN83551,flu,B,B1_c2_TTGCCGTTCTCGAGTA,B
B1_c2,,,B,B1_c2_TTGGAACGTTACGGAG,B
B1_c2,,,B,B1_c2_TTTGCGCCAATGGAAT,B
B1_c2,HMN83551,flu,B,B1_c2_TTTGGTTAGACAGGCT,B
B1_c2,HMN83558,flu,B,B1_c2_TTTGGTTAGTCGATAA,B
B1_c2,HMN83558,flu,B,B1_c2_TTTGGTTCAAGAAGAG,B
B1_c2,HMN83558,flu,B,B1_c2_TTTGGTTCACGGCTAC,B
B1_c2,HMN83558,flu,B,B1_c2_TTTGGTTCAGAGTGTG,B
B1_c2,HMN83558,flu,B,B1_c2_TTTGTCAAGCAATCTC,B
B2_c1,,,B,B2_c1_AACTCCCGTTCCTCCA,B
B2_c1,,,B,B2_c1_AAGCCGCCAACTGCTA,B
B2_c1,HMN83561,flu,B,B2_c1_ACACCAATCGTCCAGG,B
B2_c1,HMN83562,flu,B,B2_c1_ACAGCTAGTACTTGAC,B
B2_c1,HMN83557,flu,B,B2_c1_ACATACGCAAGCCATT,B
B2_c1,HMN83561,flu,B,B2_c1_ACATACGGTGCATCTA,B
B2_c1,HMN83562,flu,B,B2_c1_ACATGGTTCATAACCG,B
B2_c1,,,B,B2_c1_ACCGTAAAGGCGCTCT,B
B2_c1,,,B,B2_c1_ACGCCAGGTTCGTTGA,B
B2_c1,HMN83561,flu,B,B2_c1_ACGGCCACATATGAGA,B
B2_c1,HMN83562,flu,B,B2_c1_ACGGGCTGTGGCTCCA,B
B2_c1,HMN83562,flu,B,B2_c1_ACTATCTGTCCGTTAA,B
B2_c1,HMN83562,flu,B,B2_c1_ACTGAACTCTTAGAGC,B
B2_c1,,,B,B2_c1_ACTGAGTCAACCGCCA,B
B2_c1,,,B,B2_c1_ACTGATGCATACTCTT,B
B2_c1,,,B,B2_c1_ACTGATGTCACCATAG,B
B2_c1,HMN83561,flu,B,B2_c1_ACTTACTTCAAGATCC,B
B2_c1,HMN83561,flu,B,B2_c1_AGACGTTTCGATAGAA,B
B2_c1,HMN83557,flu,B,B2_c1_AGAGTGGTCGTGGGAA,B
B2_c1,HMN83557,flu,B,B2_c1_AGCATACTCACGAAGG,B
B2_c1,HMN83562,flu,B,B2_c1_AGGCCACGTTTGGCGC,B
B2_c1,HMN83561,flu,B,B2_c1_AGGGAGTTCTAACTGG,B
B2_c1,HMN83561,flu,B,B2_c1_AGGTCATGTACCATCA,B
B2_c1,HMN83557,flu,B,B2_c1_AGTGAGGAGGAATCGC,B
B2_c1,HMN83561,flu,B,B2_c1_ATAGACCGTTGTTTGG,B
B2_c1,HMN83561,flu,B,B2_c1_ATCCGAAGTCTGGTCG,B
B2_c1,HMN83561,flu,B,B2_c1_ATCTACTGTCACAAGG,B
B2_c1,HMN83557,flu,B,B2_c1_ATTATCCTCAGTGTTG,B
B2_c1,HMN83562,flu,B,B2_c1_ATTGGTGGTAAGGGAA,B
B2_c1,,,B,B2_c1_CAACCTCGTGATAAGT,B
B2_c1,HMN83561,flu,B,B2_c1_CAAGATCAGTACGCCC,B
B2_c1,HMN83562,flu,B,B2_c1_CAAGGCCCATCGATTG,B
B2_c1,HMN83557,flu,B,B2_c1_CACAGTACACTTGGAT,B
B2_c1,HMN83561,flu,B,B2_c1_CACCACTCAGTATAAG,B
B2_c1,,,B,B2_c1_CACCAGGCATTATCTC,B
B2_c1,HMN83561,flu,B,B2_c1_CACTCCACATAGAAAC,B
B2_c1,HMN83561,flu,B,B2_c1_CAGAATCTCGTTACGA,B
B2_c1,HMN83562,flu,B,B2_c1_CAGCATAAGACGCTTT,B
B2_c1,HMN83562,flu,B,B2_c1_CATATGGGTTTGACAC,B
B2_c1,HMN83557,flu,B,B2_c1_CATCAGACATAGTAAG,B
B2_c1,,,B,B2_c1_CATGACATCAGGTAAA,B
B2_c1,,,B,B2_c1_CCAGCGACAATGGAAT,B
B2_c1,HMN83557,flu,B,B2_c1_CCATGTCGTAGAAAGG,B
B2_c1,HMN83557,flu,B,B2_c1_CCGGTAGCAGTAAGAT,B
B2_c1,HMN83557,flu,B,B2_c1_CCGTACTGTGTGGTTT,B
B2_c1,HMN83562,flu,B,B2_c1_CCGTTCACAGCCAATT,B
B2_c1,HMN83561,flu,B,B2_c1_CCTACACCAATCACAC,B
B2_c1,HMN83561,flu,B,B2_c1_CGACCTTCATCACCCT,B
B2_c1,HMN83557,flu,B,B2_c1_CGACTTCTCTAACTGG,B
B2_c1,HMN83562,flu,B,B2_c1_CGCGGTACATGCTGGC,B
B2_c1,HMN83561,flu,B,B2_c1_CGGACGTAGACCTAGG,B
B2_c1,,,B,B2_c1_CGTAGCGGTTACGCGC,B
B2_c1,HMN83557,flu,B,B2_c1_CGTCTACTCCGCGCAA,B
B2_c1,,,B,B2_c1_CGTGAGCGTATAGTAG,B
B2_c1,HMN83557,flu,B,B2_c1_CGTGTCTTCATAAAGG,B
B2_c1,HMN83557,flu,B,B2_c1_CTACGTCCACACTGCG,B
B2_c1,,,B,B2_c1_CTCAGAACAGTGAGTG,B
B2_c1,HMN83557,flu,B,B2_c1_CTCATTAAGCGTTCCG,B
B2_c1,HMN83557,flu,B,B2_c1_CTCATTATCCAAACTG,B
B2_c1,HMN83557,flu,B,B2_c1_CTCGAAACAAAGCGGT,B
B2_c1,HMN83557,flu,B,B2_c1_CTGATAGTCGGTGTTA,B
B2_c1,,,B,B2_c1_CTGATCCAGAGTACCG,B
B2_c1,HMN83557,flu,B,B2_c1_CTTGGCTAGGATTCGG,B
B2_c1,,,B,B2_c1_CTTTGCGTCCGAAGAG,B
B2_c1,HMN83562,flu,B,B2_c1_GAAACTCGTTTGGGCC,B
B2_c1,HMN83562,flu,B,B2_c1_GACGTGCTCAACACAC,B
B2_c1,HMN83557,flu,B,B2_c1_GACTGCGGTATGCTTG,B
B2_c1,,,B,B2_c1_GAGGTGACACAGCGTC,B
B2_c1,HMN83562,flu,B,B2_c1_GAGGTGACATGACGGA,B
B2_c1,HMN83562,flu,B,B2_c1_GATCGATTCGTGACAT,B
B2_c1,HMN83557,flu,B,B2_c1_GATCGTATCTCCAGGG,B
B2_c1,,,B,B2_c1_GATGAAAGTAAGGGCT,B
B2_c1,,,B,B2_c1_GCAAACTTCGTCGTTC,B
B2_c1,HMN83562,flu,B,B2_c1_GCAATCACACCATCCT,B
B2_c1,HMN83557,flu,B,B2_c1_GCACTCTTCTGGTTCC,B
B2_c1,HMN83561,flu,B,B2_c1_GCCTCTACATTTCAGG,B
B2_c1,HMN83557,flu,B,B2_c1_GCGCAACGTCCAGTTA,B
B2_c1,HMN83557,flu,B,B2_c1_GCGCCAATCAATCACG,B
B2_c1,HMN83562,flu,B,B2_c1_GCTTCCAGTTCTGGTA,B
B2_c1,HMN83557,flu,B,B2_c1_GGACATTAGGTTCCTA,B
B2_c1,HMN83562,flu,B,B2_c1_GGACATTTCCCAGGTG,B
B2_c1,HMN83557,flu,B,B2_c1_GGCTCGAAGTATTGGA,B
B2_c1,HMN83557,flu,B,B2_c1_GGCTGGTTCCTTGGTC,B
B2_c1,,,B,B2_c1_GGTATTGTCAATCTCT,B
B2_c1,,,B,B2_c1_GGTGAAGCAATCTACG,B
B2_c1,HMN83561,flu,B,B2_c1_GTAACTGGTAAATGTG,B
B2_c1,,,B,B2_c1_GTAGTCACATGTTGAC,B
B2_c1,HMN83557,flu,B,B2_c1_GTCAAGTTCTCGTTTA,B
B2_c1,HMN83562,flu,B,B2_c1_GTCACAAAGTGGAGAA,B
B2_c1,,,B,B2_c1_GTCATTTAGAGACGAA,B
B2_c1,,,B,B2_c1_GTCGGGTAGCCAGGAT,B
B2_c1,HMN83557,flu,B,B2_c1_GTCGGGTTCACTTATC,B
B2_c1,HMN83562,flu,B,B2_c1_GTCGTAATCCTCGCAT,B
B2_c1,HMN83561,flu,B,B2_c1_GTGCAGCTCCTTTACA,B
B2_c1,,,B,B2_c1_GTGGGTCCATATGAGA,B
B2_c1,HMN83561,flu,B,B2_c1_GTGTGCGAGGAATCGC,B
B2_c1,HMN83561,flu,B,B2_c1_GTTCTCGCATGGGAAC,B
B2_c1,HMN83561,flu,B,B2_c1_TAAACCGAGAGCTGGT,B
B2_c1,HMN83562,flu,B,B2_c1_TACACGATCAGTACGT,B
B2_c1,HMN83562,flu,B,B2_c1_TACAGTGAGAGACGAA,B
B2_c1,HMN83557,flu,B,B2_c1_TACTCGCTCTCCTATA,B
B2_c1,,,B,B2_c1_TACTTGTAGAGTAAGG,B
B2_c1,HMN83557,flu,B,B2_c1_TAGCCGGTCCTCCTAG,B
B2_c1,HMN83561,flu,B,B2_c1_TCAGCTCAGGGTTCCC,B
B2_c1,HMN83561,flu,B,B2_c1_TCAGGATGTACATCCA,B
B2_c1,HMN83557,flu,B,B2_c1_TCCACACTCCCTTGCA,B
B2_c1,,,B,B2_c1_TCGGTAACACACGCTG,B
B2_c1,HMN83557,flu,B,B2_c1_TCGTACCCACGTAAGG,B
B2_c1,HMN83561,flu,B,B2_c1_TCTTCGGTCACGATGT,B
B2_c1,,,B,B2_c1_TCTTTCCGTTACTGAC,B
B2_c1,,,B,B2_c1_TGAAAGACACGACTCG,B
B2_c1,HMN83562,flu,B,B2_c1_TGACAACTCCAGTATG,B
B2_c1,,,B,B2_c1_TGACTTTGTTAAGTAG,B
B2_c1,HMN83562,flu,B,B2_c1_TGCGGGTAGACTGTAA,B
B2_c1,,,B,B2_c1_TGGACGCAGCTGGAAC,B
B2_c1,,,B,B2_c1_TGGCCAGGTAACGACG,B
B2_c1,HMN83561,flu,B,B2_c1_TTCTACAAGCAACGGT,B
B2_c1,HMN83561,flu,B,B2_c1_TTCTACAAGCGTGTCC,B
B2_c1,HMN83557,flu,B,B2_c1_TTCTTAGCAGATCCAT,B
B2_c1,HMN83562,flu,B,B2_c1_TTGAACGGTGGCCCTA,B
B2_c2,,,B,B2_c2_AAATGCCAGTCGATAA,B
B2_c2,HMN83562,NI,B,B2_c2_AAATGCCGTCTAGAGG,B
B2_c2,,,B,B2_c2_AACACGTTCGATGAGG,B
B2_c2,,,B,B2_c2_AACTCCCGTCGAATCT,B
B2_c2,HMN83560,flu,B,B2_c2_AACTCCCTCTCGGACG,B
B2_c2,HMN83556,flu,B,B2_c2_AACTCTTAGTAGTGCG,B
B2_c2,HMN83556,flu,B,B2_c2_AACTCTTCACATCCGG,B
B2_c2,HMN83560,flu,B,B2_c2_AAGTCTGGTGTTTGTG,B
B2_c2,,,B,B2_c2_ACACCAACAAGGTGTG,B
B2_c2,,,B,B2_c2_ACACCCTGTGCAGACA,B
B2_c2,HMN83555,flu,B,B2_c2_ACATACGTCCATGCTC,B
B2_c2,,,B,B2_c2_ACATGGTCACGAGAGT,B
B2_c2,HMN83556,flu,B,B2_c2_ACATGGTGTCAGCTAT,B
B2_c2,HMN83560,flu,B,B2_c2_ACCCACTCAGATCCAT,B
B2_c2,,,B,B2_c2_ACCTTTATCGCTGATA,B
B2_c2,HMN83555,flu,B,B2_c2_ACGAGCCAGTCGTTTG,B
B2_c2,,,B,B2_c2_ACGAGGAGTTCTGAAC,B
B2_c2,HMN83555,flu,B,B2_c2_ACGATACCAGATGAGC,B
B2_c2,HMN83556,flu,B,B2_c2_ACGATGTAGCGATGAC,B
B2_c2,,,B,B2_c2_ACGCAGCGTACGCACC,B
B2_c2,,,B,B2_c2_ACGCCAGGTCATTAGC,B
B2_c2,HMN83555,flu,B,B2_c2_ACGCCAGGTCTGGAGA,B
B2_c2,HMN83555,flu,B,B2_c2_ACGCCGAAGAGGTAGA,B
B2_c2,HMN83556,flu,B,B2_c2_ACGCCGATCGCGCCAA,B
B2_c2,HMN83555,flu,B,B2_c2_ACGGCCACAAGCTGTT,B
B2_c2,HMN83556,flu,B,B2_c2_ACGTCAACACAGATTC,B
B2_c2,HMN83560,flu,B,B2_c2_ACTATCTTCCTACAGA,B
B2_c2,HMN83560,flu,B,B2_c2_ACTGTCCCAACGATCT,B
B2_c2,HMN83556,flu,B,B2_c2_ACTGTCCGTCCAACTA,B
B2_c2,HMN83555,flu,B,B2_c2_ACTTGTTCACTGAAGG,B
B2_c2,HMN83555,flu,B,B2_c2_ACTTTCATCAGGTAAA,B
B2_c2,HMN83556,flu,B,B2_c2_AGAGCTTTCGTAGGAG,B
B2_c2,,,B,B2_c2_AGAGTGGAGGACTGGT,B
B2_c2,,,B,B2_c2_AGATTGCGTAGGGTAC,B
B2_c2,HMN83556,flu,B,B2_c2_AGATTGCGTGTTAAGA,B
B2_c2,HMN83556,flu,B,B2_c2_AGCCTAACAAATCCGT,B
B2_c2,HMN83556,flu,B,B2_c2_AGCGTATCACATGGGA,B
B2_c2,HMN83560,flu,B,B2_c2_AGCGTATCATCCAACA,B
B2_c2,,,B,B2_c2_AGCGTATCATCCGTGG,B
B2_c2,HMN83560,flu,B,B2_c2_AGCGTATGTGTAAGTA,B
B2_c2,HMN83556,flu,B,B2_c2_AGGGATGTCAAGCCTA,B
B2_c2,HMN83556,flu,B,B2_c2_AGGGTGACAGATCGGA,B
B2_c2,,,B,B2_c2_AGTCTTTAGCGAAGGG,B
B2_c2,,,B,B2_c2_AGTGTCAAGCTCCTTC,B
B2_c2,,,B,B2_c2_AGTGTCACACCGAATT,B
B2_c2,HMN83555,flu,B,B2_c2_ATCATGGCATGCAATC,B
B2_c2,HMN83555,flu,B,B2_c2_ATCATGGGTCCAACTA,B
B2_c2,HMN83555,flu,B,B2_c2_ATCATGGGTGGCCCTA,B
B2_c2,HMN83560,flu,B,B2_c2_ATCCGAAGTTTGACTG,B
B2_c2,HMN83556,flu,B,B2_c2_ATCTACTTCAGAGACG,B
B2_c2,,,B,B2_c2_ATCTGCCTCCCTCTTT,B
B2_c2,HMN83555,flu,B,B2_c2_ATCTGCCTCTTCGGTC,B
B2_c2,HMN83555,flu,B,B2_c2_ATGGGAGAGGGATCTG,B
B2_c2,HMN83556,flu,B,B2_c2_ATGTGTGCAATCTACG,B
B2_c2,HMN83556,flu,B,B2_c2_ATTATCCCAGACTCGC,B
B2_c2,HMN83555,flu,B,B2_c2_ATTATCCGTGCTTCTC,B
B2_c2,,,B,B2_c2_ATTGGACGTTTAGGAA,B
B2_c2,HMN83555,flu,B,B2_c2_ATTTCTGGTAATAGCA,B
B2_c2,HMN83555,flu,B,B2_c2_CAACCAAGTAGCTCCG,B
B2_c2,HMN83555,flu,B,B2_c2_CAACCAAGTGCTAGCC,B
B2_c2,HMN83555,flu,B,B2_c2_CAACTAGGTCACAAGG,B
B2_c2,,,B,B2_c2_CAACTAGTCCTTGACC,B
B2_c2,HMN83555,flu,B,B2_c2_CAAGATCTCCTAAGTG,B
B2_c2,,,B,B2_c2_CAAGATCTCCTGCTTG,B
B2_c2,HMN83555,flu,B,B2_c2_CACACCTAGGCCCTCA,B
B2_c2,HMN83555,flu,B,B2_c2_CACACCTTCGTATCAG,B
B2_c2,HMN83555,flu,B,B2_c2_CACACTCCACTGTGTA,B
B2_c2,HMN83556,flu,B,B2_c2_CACATTTCAGCAGTTT,B
B2_c2,HMN83556,flu,B,B2_c2_CACCACTGTAAACACA,B
B2_c2,HMN83556,flu,B,B2_c2_CAGAATCAGATGTGTA,B
B2_c2,,,B,B2_c2_CAGAGAGCACCCAGTG,B
B2_c2,HMN83555,flu,B,B2_c2_CAGATCACACAACGTT,B
B2_c2,,,B,B2_c2_CAGATCATCCAGATCA,B
B2_c2,,,B,B2_c2_CAGCAGCCAGCTCGCA,B
B2_c2,HMN83556,flu,B,B2_c2_CAGCATATCAACACTG,B
B2_c2,HMN83555,flu,B,B2_c2_CAGCGACAGACCACGA,B
B2_c2,HMN83560,flu,B,B2_c2_CAGTAACTCTGGCGTG,B
B2_c2,HMN83556,flu,B,B2_c2_CATATTCCACCATCCT,B
B2_c2,HMN83556,flu,B,B2_c2_CATATTCGTAATTGGA,B
B2_c2,HMN83560,flu,B,B2_c2_CATCAGAAGCTAGTTC,B
B2_c2,,,B,B2_c2_CATCCACAGCTAACAA,B
B2_c2,,,B,B2_c2_CATCGAAAGCTAACAA,B
B2_c2,HMN83555,flu,B,B2_c2_CATCGAAAGTGTTGAA,B
B2_c2,HMN83555,flu,B,B2_c2_CCACCTAGTTCTGGTA,B
B2_c2,,,B,B2_c2_CCACGGATCGTATCAG,B
B2_c2,HMN83556,flu,B,B2_c2_CCACTACAGATCCCGC,B
B2_c2,,,B,B2_c2_CCATGTCAGCAATATG,B
B2_c2,,,B,B2_c2_CCCAATCAGCCCAATT,B
B2_c2,HMN83555,flu,B,B2_c2_CCCAATCTCGTCTGCT,B
B2_c2,,,B,B2_c2_CCCATACGTATGGTTC,B
B2_c2,,,B,B2_c2_CCGTACTGTTTGGCGC,B
B2_c2,HMN83555,flu,B,B2_c2_CCGTGGACAAGCCCAC,B
B2_c2,,,B,B2_c2_CCGTGGATCGTACGGC,B
B2_c2,HMN83556,flu,B,B2_c2_CCTACACAGTCAAGGC,B
B2_c2,HMN83555,flu,B,B2_c2_CCTACCAAGGGTCGAT,B
B2_c2,,,B,B2_c2_CCTCAGTTCTCGCTTG,B
B2_c2,HMN83556,flu,B,B2_c2_CCTTACGAGTAAGTAC,B
B2_c2,HMN83556,flu,B,B2_c2_CCTTCGAAGTCCGGTC,B
B2_c2,HMN83556,flu,B,B2_c2_CCTTTCTAGCCATCGC,B
B2_c2,HMN83555,flu,B,B2_c2_CGACCTTGTCCCGACA,B
B2_c2,HMN83556,flu,B,B2_c2_CGACCTTTCAATACCG,B
B2_c2,HMN83556,flu,B,B2_c2_CGAGAAGCATGTAAGA,B
B2_c2,,,B,B2_c2_CGAGCCAAGTGTTGAA,B
B2_c2,,,B,B2_c2_CGCGGTAAGTGAAGTT,B
B2_c2,,,B,B2_c2_CGCGTTTCAGCGAACA,B
B2_c2,HMN83556,flu,B,B2_c2_CGCGTTTTCCTTTCTC,B
B2_c2,HMN83556,flu,B,B2_c2_CGCGTTTTCTGACCTC,B
B2_c2,,,B,B2_c2_CGCTATCTCCAGATCA,B
B2_c2,,,B,B2_c2_CGCTGGAAGGGCACTA,B
B2_c2,HMN83556,flu,B,B2_c2_CGCTTCAAGCGATTCT,B
B2_c2,,,B,B2_c2_CGCTTCACATGAAGTA,B
B2_c2,HMN83556,flu,B,B2_c2_CGCTTCATCCTTTCTC,B
B2_c2,,,B,B2_c2_CGGACACAGAGCTTCT,B
B2_c2,HMN83560,flu,B,B2_c2_CGGACACAGTCATGCT,B
B2_c2,,,B,B2_c2_CGGACGTAGTGATCGG,B
B2_c2,HMN83556,flu,B,B2_c2_CGGAGTCCAGCTGCTG,B
B2_c2,,,B,B2_c2_CGGGTCATCGAACGGA,B
B2_c2,,,B,B2_c2_CGGTTAACATCCGCGA,B
B2_c2,HMN83556,flu,B,B2_c2_CGGTTAAGTCAAACTC,B
B2_c2,,,B,B2_c2_CGGTTAAGTCCGTCAG,B
B2_c2,HMN83560,flu,B,B2_c2_CGGTTAATCCATGAAC,B
B2_c2,,,B,B2_c2_CGTCCATAGCCGCCTA,B
B2_c2,HMN83555,flu,B,B2_c2_CGTTAGACACATAACC,B
B2_c2,HMN83556,flu,B,B2_c2_CGTTAGATCAGCCTAA,B
B2_c2,HMN83555,flu,B,B2_c2_CGTTCTGAGGGAAACA,B
B2_c2,,,B,B2_c2_CGTTGGGGTAGGCTGA,B
B2_c2,HMN83556,flu,B,B2_c2_CTAACTTAGTTGCAGG,B
B2_c2,HMN83556,flu,B,B2_c2_CTACCCATCCTCGCAT,B
B2_c2,,,B,B2_c2_CTAGTGAGTTCGCGAC,B
B2_c2,HMN83556,flu,B,B2_c2_CTCACACAGCAGACTG,B
B2_c2,HMN83556,flu,B,B2_c2_CTCCTAGGTGACGGTA,B
B2_c2,,,B,B2_c2_CTCGGGAAGATGGCGT,B
B2_c2,HMN83556,flu,B,B2_c2_CTCGTCAAGATACACA,B
B2_c2,HMN83555,flu,B,B2_c2_CTCTAATGTAAGTTCC,B
B2_c2,HMN83556,flu,B,B2_c2_CTCTACGGTAAATGAC,B
B2_c2,,,B,B2_c2_CTGAAACGTAGGACAC,B
B2_c2,HMN83556,flu,B,B2_c2_CTGAAACTCGATGAGG,B
B2_c2,HMN83555,flu,B,B2_c2_CTGATAGCACAGACAG,B
B2_c2,,,B,B2_c2_CTGTTTATCACGACTA,B
B2_c2,,,B,B2_c2_CTTTGCGTCATGCATG,B
B2_c2,HMN83555,flu,B,B2_c2_GAAACTCTCGCCAGCA,B
B2_c2,,,B,B2_c2_GAAACTCTCGTTTAGG,B
B2_c2,,,B,B2_c2_GAAATGAGTCGTGGCT,B
B2_c2,HMN83560,flu,B,B2_c2_GAACCTAGTCAACATC,B
B2_c2,,,B,B2_c2_GAACCTAGTCACCCAG,B
B2_c2,,,B,B2_c2_GAACCTATCACTCTTA,B
B2_c2,HMN83555,flu,B,B2_c2_GAACGGAGTATAGGTA,B
B2_c2,HMN83555,flu,B,B2_c2_GAATGAAGTTGGAGGT,B
B2_c2,,,B,B2_c2_GACCTGGGTATGAAAC,B
B2_c2,HMN83555,flu,B,B2_c2_GACGCGTGTTCACCTC,B
B2_c2,HMN83556,flu,B,B2_c2_GACGGCTTCAATAAGG,B
B2_c2,HMN83556,flu,B,B2_c2_GACGTGCTCTGGTATG,B
B2_c2,HMN83556,flu,B,B2_c2_GACTACAAGAACAACT,B
B2_c2,HMN83556,flu,B,B2_c2_GACTACAAGTCGTTTG,B
B2_c2,,,B,B2_c2_GACTACAGTTAGTGGG,B
B2_c2,HMN83556,flu,B,B2_c2_GAGCAGAAGACAAAGG,B
B2_c2,HMN83556,flu,B,B2_c2_GAGTCCGCATACTCTT,B
B2_c2,,,B,B2_c2_GAGTCCGCATTTGCTT,B
B2_c2,HMN83555,flu,B,B2_c2_GAGTCCGTCTGCGGCA,B
B2_c2,,,B,B2_c2_GATCGATTCTATCCCG,B
B2_c2,HMN83555,flu,B,B2_c2_GATCGCGCAAAGCGGT,B
B2_c2,HMN83556,flu,B,B2_c2_GATCGCGTCAGCGATT,B
B2_c2,HMN83560,flu,B,B2_c2_GATGAAAGTAAACACA,B
B2_c2,,,B,B2_c2_GATGAGGCAAACGCGA,B
B2_c2,,,B,B2_c2_GCAAACTCAACACCCG,B
B2_c2,HMN83556,flu,B,B2_c2_GCAAACTTCAGGCCCA,B
B2_c2,,,B,B2_c2_GCATACATCGGTGTCG,B
B2_c2,,,B,B2_c2_GCATGCGAGAGTGAGA,B
B2_c2,HMN83556,flu,B,B2_c2_GCATGCGAGCTAGTTC,B
B2_c2,,,B,B2_c2_GCATGCGCATTGCGGC,B
B2_c2,,,B,B2_c2_GCATGCGGTATTAGCC,B
B2_c2,HMN83555,flu,B,B2_c2_GCATGTACAGTGGAGT,B
B2_c2,HMN83556,flu,B,B2_c2_GCATGTAGTCTTGTCC,B
B2_c2,,,B,B2_c2_GCCTCTATCTTTACAC,B
B2_c2,HMN83556,flu,B,B2_c2_GCGAGAAAGAGCCCAA,B
B2_c2,HMN83556,flu,B,B2_c2_GCGCAGTCAGGTCGTC,B
B2_c2,,,B,B2_c2_GCGCGATCAGTCTTCC,B
B2_c2,HMN83555,flu,B,B2_c2_GCGGGTTCAAGACACG,B
B2_c2,HMN83555,flu,B,B2_c2_GCTCTGTTCCCAACGG,B
B2_c2,HMN83560,flu,B,B2_c2_GCTGCAGAGGTGCACA,B
B2_c2,,,B,B2_c2_GCTGCGACAGTAGAGC,B
B2_c2,HMN83560,flu,B,B2_c2_GCTTCCATCAACACGT,B
B2_c2,,,B,B2_c2_GGAACTTCATCACAAC,B
B2_c2,HMN83562,NI,B,B2_c2_GGAACTTTCGGACAAG,B
B2_c2,HMN83555,flu,B,B2_c2_GGACAGATCTAACGGT,B
B2_c2,HMN83556,flu,B,B2_c2_GGAGCAAAGAAGGTTT,B
B2_c2,HMN83555,flu,B,B2_c2_GGCGTGTCACCTCGTT,B
B2_c2,,,B,B2_c2_GGCTCGAGTACAGTTC,B
B2_c2,,,B,B2_c2_GGGAATGTCAGTCCCT,B
B2_c2,HMN83555,flu,B,B2_c2_GGGATGAAGCAATCTC,B
B2_c2,,,B,B2_c2_GGGCACTAGTGGTAGC,B
B2_c2,HMN83555,flu,B,B2_c2_GGGCATCTCCGTCATC,B
B2_c2,HMN83556,flu,B,B2_c2_GGGTCTGTCGGTCTAA,B
B2_c2,HMN83556,flu,B,B2_c2_GGGTTGCGTAATCACC,B
B2_c2,HMN83556,flu,B,B2_c2_GGTATTGTCGTGGTCG,B
B2_c2,,,B,B2_c2_GGTGAAGAGCGCCTCA,B
B2_c2,HMN83556,flu,B,B2_c2_GGTGTTATCTCTAGGA,B
B2_c2,,,B,B2_c2_GTAACGTAGCAGGTCA,B
B2_c2,HMN83556,flu,B,B2_c2_GTAACTGCATATGAGA,B
B2_c2,,,B,B2_c2_GTAACTGGTACCGGCT,B
B2_c2,,,B,B2_c2_GTAACTGTCAGGTAAA,B
B2_c2,,,B,B2_c2_GTACTTTTCGAATGCT,B
B2_c2,HMN83555,flu,B,B2_c2_GTCACAATCCGAGCCA,B
B2_c2,HMN83555,flu,B,B2_c2_GTCGTAAAGATTACCC,B
B2_c2,,,B,B2_c2_GTCTCGTAGGAGTAGA,B
B2_c2,,,B,B2_c2_GTCTTCGAGTGTTAGA,B
B2_c2,HMN83556,flu,B,B2_c2_GTGAAGGGTGGACGAT,B
B2_c2,HMN83556,flu,B,B2_c2_GTGCATAGTACAGTGG,B
B2_c2,HMN83555,flu,B,B2_c2_GTGCGGTAGTGTTGAA,B
B2_c2,HMN83555,flu,B,B2_c2_GTGCGGTTCAAGATCC,B
B2_c2,HMN83556,flu,B,B2_c2_GTGTTAGAGCTACCGC,B
B2_c2,,,B,B2_c2_GTGTTAGAGGAATCGC,B
B2_c2,,,B,B2_c2_GTGTTAGAGGCGTACA,B
B2_c2,HMN83556,flu,B,B2_c2_GTTACAGCACGGACAA,B
B2_c2,HMN83560,flu,B,B2_c2_GTTCGGGAGGATGGTC,B
B2_c2,HMN83555,flu,B,B2_c2_GTTCGGGCAGCCTTGG,B
B2_c2,HMN83555,flu,B,B2_c2_GTTCGGGGTGACGCCT,B
B2_c2,HMN83555,flu,B,B2_c2_GTTCGGGTCAGGCCCA,B
B2_c2,,,B,B2_c2_TAAACCGGTAAGTAGT,B
B2_c2,HMN83556,flu,B,B2_c2_TAAGCGTAGGGTTTCT,B
B2_c2,,,B,B2_c2_TACACGAGTACACCGC,B
B2_c2,HMN83556,flu,B,B2_c2_TACACGAGTCATTAGC,B
B2_c2,HMN83560,flu,B,B2_c2_TACAGTGTCCCACTTG,B
B2_c2,HMN83555,flu,B,B2_c2_TACCTATAGAAGGCCT,B
B2_c2,HMN83555,flu,B,B2_c2_TACGGTATCGCTGATA,B
B2_c2,HMN83555,flu,B,B2_c2_TAGACCAAGTCTTGCA,B
B2_c2,HMN83556,flu,B,B2_c2_TAGAGCTCATAACCTG,B
B2_c2,,,B,B2_c2_TATCAGGCAACACGCC,B
B2_c2,HMN83560,flu,B,B2_c2_TATGCCCCAGTTAACC,B
B2_c2,HMN83556,flu,B,B2_c2_TATGCCCTCAGTGCAT,B
B2_c2,,,B,B2_c2_TCAATCTAGACGCACA,B
B2_c2,HMN83556,flu,B,B2_c2_TCACGAAAGCTAGGCA,B
B2_c2,,,B,B2_c2_TCACGAAGTATTAGCC,B
B2_c2,HMN83556,flu,B,B2_c2_TCACGAAGTGACAAAT,B
B2_c2,HMN83560,flu,B,B2_c2_TCAGCAAGTCAAAGAT,B
B2_c2,,,B,B2_c2_TCAGCTCGTAGGGTAC,B
B2_c2,HMN83556,flu,B,B2_c2_TCGGGACTCTGACCTC,B
B2_c2,,,B,B2_c2_TCGTACCCAACTGCTA,B
B2_c2,HMN83556,flu,B,B2_c2_TCGTAGATCCGTAGGC,B
B2_c2,,,B,B2_c2_TCTATTGCATATACCG,B
B2_c2,,,B,B2_c2_TCTATTGGTCCATGAT,B
B2_c2,,,B,B2_c2_TCTCTAAGTCTAGCGC,B
B2_c2,HMN83556,flu,B,B2_c2_TCTCTAAGTGGCCCTA,B
B2_c2,HMN83556,flu,B,B2_c2_TCTTTCCGTTACAGAA,B
B2_c2,,,B,B2_c2_TGAAAGAGTCCGTGAC,B
B2_c2,,,B,B2_c2_TGACGGCAGATATACG,B
B2_c2,,,B,B2_c2_TGAGCATAGCCACTAT,B
B2_c2,,,B,B2_c2_TGAGCCGAGCAGACTG,B
B2_c2,,,B,B2_c2_TGAGCCGTCCTAAGTG,B
B2_c2,,,B,B2_c2_TGAGCCGTCGTTTATC,B
B2_c2,HMN83556,flu,B,B2_c2_TGCACCTAGAGCCTAG,B
B2_c2,HMN83555,flu,B,B2_c2_TGCCCATAGCCCAGCT,B
B2_c2,HMN83555,flu,B,B2_c2_TGCGGGTTCGCTAGCG,B
B2_c2,,,B,B2_c2_TGCGTGGCAGCCAGAA,B
B2_c2,,,B,B2_c2_TGCTACCGTAGCTGCC,B
B2_c2,,,B,B2_c2_TGGCCAGTCGCCCTTA,B
B2_c2,,,B,B2_c2_TGGCGCAGTGATGTGG,B
B2_c2,,,B,B2_c2_TGGCGCATCCCATTTA,B
B2_c2,HMN83562,NI,B,B2_c2_TGGTTCCAGATGTTAG,B
B2_c2,HMN83556,flu,B,B2_c2_TGTGGTAAGGCTAGCA,B
B2_c2,,,B,B2_c2_TGTGTTTGTTGTACAC,B
B2_c2,,,B,B2_c2_TTAACTCCAAATACAG,B
B2_c2,HMN83555,flu,B,B2_c2_TTAGGACGTCTGATTG,B
B2_c2,,,B,B2_c2_TTAGGACTCAGAGACG,B
B2_c2,HMN83555,flu,B,B2_c2_TTAGGACTCTATCCCG,B
B2_c2,HMN83556,flu,B,B2_c2_TTAGGCAAGCACGCCT,B
B2_c2,HMN83556,flu,B,B2_c2_TTAGGCAAGGGTCTCC,B
B2_c2,,,B,B2_c2_TTATGCTGTCACTTCC,B
B2_c2,HMN83556,flu,B,B2_c2_TTCCCAGAGCTTCGCG,B
B2_c2,,,B,B2_c2_TTCTACATCCGTCAAA,B
B2_c2,HMN83556,flu,B,B2_c2_TTCTACATCCTGTAGA,B
B2_c2,,,B,B2_c2_TTCTCAATCAAGCCTA,B
B2_c2,,,B,B2_c2_TTCTTAGGTACCGCTG,B
B2_c2,HMN83556,flu,B,B2_c2_TTGCCGTAGACCCACC,B
B2_c2,,,B,B2_c2_TTGCCGTAGTTTAGGA,B
B2_c2,,,B,B2_c2_TTGTAGGAGTTAGGTA,B
B2_c2,,,B,B2_c2_TTTATGCCAGTATAAG,B
B2_c2,,,B,B2_c2_TTTATGCTCCTCAACC,B
B2_c2,HMN83555,flu,B,B2_c2_TTTCCTCAGTTAAGTG,B
B2_c2,HMN83556,flu,B,B2_c2_TTTGCGCTCAAACGGG,B
B2_c2,,,B,B2_c2_TTTGTCATCCCAGGTG,B
B2_c2,,,B,B2_c2_TTTGTCATCTACTCAT,B
B3_c1,HMN83569,flu,B,B3_c1_AAACCTGTCGGAGGTA,B
B3_c1,HMN83569,flu,B,B3_c1_AAAGATGGTGCCTGTG,B
B3_c1,HMN83567,flu,B,B3_c1_AAAGCAAGTCGCGTGT,B
B3_c1,,,B,B3_c1_AAATGCCGTCAGAGGT,B
B3_c1,HMN83569,flu,B,B3_c1_AACCGCGGTACCGAGA,B
B3_c1,,,B,B3_c1_AACGTTGCAACTGCTA,B
B3_c1,HMN83569,flu,B,B3_c1_AAGACCTCAGCCTTTC,B
B3_c1,,,B,B3_c1_AAGCCGCAGTCTTGCA,B
B3_c1,,,B,B3_c1_AAGGAGCCAAGCGAGT,B
B3_c1,HMN83569,flu,B,B3_c1_AAGGTTCGTTTGACAC,B
B3_c1,,,B,B3_c1_AAGGTTCTCCAGAAGG,B
B3_c1,HMN83569,flu,B,B3_c1_ACACCGGAGTCGTACT,B
B3_c1,,,B,B3_c1_ACACTGAAGTAGTGCG,B
B3_c1,HMN83569,flu,B,B3_c1_ACAGCTATCACAGGCC,B
B3_c1,HMN83569,flu,B,B3_c1_ACATACGAGTACATGA,B
B3_c1,,,B,B3_c1_ACATCAGCAACGCACC,B
B3_c1,,,B,B3_c1_ACATCAGCAGGTGGAT,B
B3_c1,HMN83570,flu,B,B3_c1_ACCAGTAAGGGTGTGT,B
B3_c1,HMN83569,flu,B,B3_c1_ACCTTTATCACGAAGG,B
B3_c1,HMN83567,flu,B,B3_c1_ACGGGCTTCATGTCCC,B
B3_c1,HMN83569,flu,B,B3_c1_ACGGGTCCAGGGTATG,B
B3_c1,,,B,B3_c1_ACGTCAACATTGTGCA,B
B3_c1,HMN83570,flu,B,B3_c1_ACTATCTCAATGTTGC,B
B3_c1,HMN83569,flu,B,B3_c1_ACTGAACAGCACCGTC,B
B3_c1,HMN83569,flu,B,B3_c1_ACTGAACCACGGACAA,B
B3_c1,HMN83570,flu,B,B3_c1_ACTGAGTTCCGGCACA,B
B3_c1,,,B,B3_c1_ACTGTCCCAATGGAAT,B
B3_c1,HMN83567,flu,B,B3_c1_ACTTGTTGTGACAAAT,B
B3_c1,HMN83567,flu,B,B3_c1_AGAGCGAAGGACACCA,B
B3_c1,HMN83569,flu,B,B3_c1_AGAGTGGCAGTGGGAT,B
B3_c1,,,B,B3_c1_AGATCTGTCTACGAGT,B
B3_c1,HMN83567,flu,B,B3_c1_AGATTGCTCTGCTGCT,B
B3_c1,HMN83569,flu,B,B3_c1_AGCAGCCAGTTGTCGT,B
B3_c1,,,B,B3_c1_AGCTCCTGTCCGACGT,B
B3_c1,HMN83569,flu,B,B3_c1_AGGCCACAGCGGATCA,B
B3_c1,HMN83569,flu,B,B3_c1_AGGCCACCATGGGACA,B
B3_c1,HMN83567,flu,B,B3_c1_AGGCCACTCGCGATCG,B
B3_c1,HMN83569,flu,B,B3_c1_AGGCCGTCAATCAGAA,B
B3_c1,HMN83569,flu,B,B3_c1_AGGGATGCAGGAACGT,B
B3_c1,HMN83569,flu,B,B3_c1_AGTCTTTCATAAAGGT,B
B3_c1,HMN83569,flu,B,B3_c1_AGTGGGACAGGAATCG,B
B3_c1,HMN83570,flu,B,B3_c1_AGTTGGTAGCTGCAAG,B
B3_c1,,,B,B3_c1_AGTTGGTGTTTCCACC,B
B3_c1,HMN83569,flu,B,B3_c1_ATCCACCAGGGCTTGA,B
B3_c1,HMN83569,flu,B,B3_c1_ATCTACTAGATATGCA,B
B3_c1,HMN83567,flu,B,B3_c1_ATGAGGGAGAGGTTAT,B
B3_c1,HMN83569,flu,B,B3_c1_ATGAGGGTCAACACCA,B
B3_c1,HMN83569,flu,B,B3_c1_ATGCGATAGAGCTTCT,B
B3_c1,HMN83569,flu,B,B3_c1_ATGTGTGTCACCATAG,B
B3_c1,HMN83569,flu,B,B3_c1_ATGTGTGTCCTGCTTG,B
B3_c1,HMN83569,flu,B,B3_c1_ATTACTCGTGCCTTGG,B
B3_c1,HMN83569,flu,B,B3_c1_ATTGGTGTCCCTTGTG,B
B3_c1,HMN83569,flu,B,B3_c1_CAACCAAGTTCCGTCT,B
B3_c1,HMN83569,flu,B,B3_c1_CAACTAGCACAGAGGT,B
B3_c1,HMN83569,flu,B,B3_c1_CAAGAAACACACCGCA,B
B3_c1,,,B,B3_c1_CAAGATCCATCCTAGA,B
B3_c1,,,B,B3_c1_CACACAAAGCACACAG,B
B3_c1,HMN83569,flu,B,B3_c1_CACAGTAGTGGAAAGA,B
B3_c1,,,B,B3_c1_CACATAGAGTGTGGCA,B
B3_c1,HMN83570,flu,B,B3_c1_CACATAGGTACTCTCC,B
B3_c1,HMN83570,flu,B,B3_c1_CACTCCAAGTACTTGC,B
B3_c1,HMN83569,flu,B,B3_c1_CAGAATCCAAGGTTTC,B
B3_c1,,,B,B3_c1_CAGAGAGAGAGGTACC,B
B3_c1,HMN83570,flu,B,B3_c1_CAGAGAGAGTCGCCGT,B
B3_c1,HMN83567,flu,B,B3_c1_CAGCAGCTCATCGGAT,B
B3_c1,HMN83570,flu,B,B3_c1_CAGCATAGTATCGCAT,B
B3_c1,HMN83569,flu,B,B3_c1_CAGCCGATCCAAGTAC,B
B3_c1,HMN83569,flu,B,B3_c1_CAGCTAATCATTGCCC,B
B3_c1,,,B,B3_c1_CAGCTGGGTTGAGTTC,B
B3_c1,,,B,B3_c1_CAGGTGCGTAATAGCA,B
B3_c1,HMN83570,flu,B,B3_c1_CAGTCCTGTATGAATG,B
B3_c1,,,B,B3_c1_CATATGGCATCCGTGG,B
B3_c1,HMN83569,flu,B,B3_c1_CATATTCAGATCCCGC,B
B3_c1,HMN83569,flu,B,B3_c1_CATCAAGCAGTAAGCG,B
B3_c1,HMN83570,flu,B,B3_c1_CATCAGAGTCAATACC,B
B3_c1,HMN83567,flu,B,B3_c1_CATCCACAGATAGTCA,B
B3_c1,HMN83570,flu,B,B3_c1_CATCCACTCTGACCTC,B
B3_c1,HMN83569,flu,B,B3_c1_CATCGGGCAATTGCTG,B
B3_c1,HMN83569,flu,B,B3_c1_CCACCTATCTTCCTTC,B
B3_c1,,,B,B3_c1_CCATGTCAGGCGCTCT,B
B3_c1,HMN83569,flu,B,B3_c1_CCATTCGAGCTGGAAC,B
B3_c1,,,B,B3_c1_CCCTCCTAGTGCAAGC,B
B3_c1,HMN83569,flu,B,B3_c1_CCGGGATGTCTAGCGC,B
B3_c1,HMN83569,flu,B,B3_c1_CCGGTAGGTCGCATCG,B
B3_c1,HMN83569,flu,B,B3_c1_CCGTGGATCAGAGGTG,B
B3_c1,HMN83569,flu,B,B3_c1_CCGTTCATCCACGACG,B
B3_c1,HMN83569,flu,B,B3_c1_CCTATTAGTTAGAACA,B
B3_c1,HMN83567,flu,B,B3_c1_CCTCAGTCACGCATCG,B
B3_c1,HMN83569,flu,B,B3_c1_CCTCAGTCATCTATGG,B
B3_c1,HMN83570,flu,B,B3_c1_CCTTCCCTCACGCATA,B
B3_c1,HMN83569,flu,B,B3_c1_CCTTCGATCCCTAATT,B
B3_c1,,,B,B3_c1_CGAGAAGAGTAATCCC,B
B3_c1,HMN83567,flu,B,B3_c1_CGATGTAGTTCCATGA,B
B3_c1,HMN83569,flu,B,B3_c1_CGATGTATCCTGTACC,B
B3_c1,HMN83569,flu,B,B3_c1_CGATTGATCGAACGGA,B
B3_c1,HMN83569,flu,B,B3_c1_CGCCAAGGTTGCTCCT,B
B3_c1,HMN83567,flu,B,B3_c1_CGCTATCTCACTGGGC,B
B3_c1,HMN83570,flu,B,B3_c1_CGCTGGATCTAACCGA,B
B3_c1,HMN83569,flu,B,B3_c1_CGGACTGCAGTAACGG,B
B3_c1,HMN83569,flu,B,B3_c1_CGGCTAGAGACGACGT,B
B3_c1,HMN83569,flu,B,B3_c1_CGGCTAGCAAGACACG,B
B3_c1,,,B,B3_c1_CGGCTAGCAGACAAAT,B
B3_c1,HMN83567,flu,B,B3_c1_CGGGTCAAGCAGGTCA,B
B3_c1,HMN83569,flu,B,B3_c1_CGTCTACAGACTAGAT,B
B3_c1,HMN83567,flu,B,B3_c1_CGTCTACTCAAGGCTT,B
B3_c1,,,B,B3_c1_CGTGAGCAGAGCTTCT,B
B3_c1,HMN83569,flu,B,B3_c1_CGTTAGAAGCCAGTTT,B
B3_c1,HMN83570,flu,B,B3_c1_CGTTGGGAGACAATAC,B
B3_c1,HMN83567,flu,B,B3_c1_CGTTGGGTCAACCAAC,B
B3_c1,HMN83569,flu,B,B3_c1_CTAACTTCACAGGAGT,B
B3_c1,,,B,B3_c1_CTAACTTCACCCATTC,B
B3_c1,HMN83567,flu,B,B3_c1_CTAACTTCATGGTAGG,B
B3_c1,HMN83569,flu,B,B3_c1_CTAACTTTCACCACCT,B
B3_c1,HMN83569,flu,B,B3_c1_CTAAGACGTACGAAAT,B
B3_c1,,,B,B3_c1_CTAAGACGTTTAAGCC,B
B3_c1,HMN83570,flu,B,B3_c1_CTAATGGCACTTCTGC,B
B3_c1,HMN83569,flu,B,B3_c1_CTAATGGTCCGGCACA,B
B3_c1,,,B,B3_c1_CTACATTGTGCTCTTC,B
B3_c1,HMN83569,flu,B,B3_c1_CTAGCCTAGAGTTGGC,B
B3_c1,,,B,B3_c1_CTCAGAACATACAGCT,B
B3_c1,HMN83569,flu,B,B3_c1_CTCAGAACATACTCTT,B
B3_c1,HMN83569,flu,B,B3_c1_CTCATTAAGGGCTCTC,B
B3_c1,HMN83570,flu,B,B3_c1_CTCCTAGAGAATTCCC,B
B3_c1,HMN83570,flu,B,B3_c1_CTCGAGGCAGTCAGCC,B
B3_c1,HMN83567,flu,B,B3_c1_CTCGAGGGTCGAATCT,B
B3_c1,,,B,B3_c1_CTCGGGAGTCGCATAT,B
B3_c1,HMN83569,flu,B,B3_c1_CTCGGGATCAAACGGG,B
B3_c1,HMN83569,flu,B,B3_c1_CTCTGGTTCCTTGGTC,B
B3_c1,HMN83569,flu,B,B3_c1_CTGAAGTTCAGAGCTT,B
B3_c1,HMN83569,flu,B,B3_c1_CTGCCTAGTTCAGCGC,B
B3_c1,HMN83569,flu,B,B3_c1_CTGCCTATCAGCTCTC,B
B3_c1,,,B,B3_c1_CTGCCTATCTCGCTTG,B
B3_c1,HMN83569,flu,B,B3_c1_CTGCTGTAGTCGAGTG,B
B3_c1,HMN83569,flu,B,B3_c1_CTGGTCTGTAGCGTCC,B
B3_c1,HMN83569,flu,B,B3_c1_CTGTGCTGTTCAGGCC,B
B3_c1,,,B,B3_c1_CTGTTTAGTAAGAGGA,B
B3_c1,HMN83569,flu,B,B3_c1_CTGTTTAGTGCAGGTA,B
B3_c1,HMN83569,flu,B,B3_c1_CTTAACTCAACTTGAC,B
B3_c1,HMN83569,flu,B,B3_c1_CTTAACTCAAGCGCTC,B
B3_c1,,,B,B3_c1_GAACATCAGGGTATCG,B
B3_c1,,,B,B3_c1_GAACATCCATGAGCGA,B
B3_c1,HMN83569,flu,B,B3_c1_GAACATCTCGTACCGG,B
B3_c1,HMN83567,flu,B,B3_c1_GAACCTACAGCTATTG,B
B3_c1,HMN83569,flu,B,B3_c1_GAACGGACAGCGTCCA,B
B3_c1,,,B,B3_c1_GAAGCAGGTATAGTAG,B
B3_c1,,,B,B3_c1_GAAGCAGTCCCAGGTG,B
B3_c1,,,B,B3_c1_GACAGAGCAAGGTGTG,B
B3_c1,HMN83569,flu,B,B3_c1_GACAGAGGTCGGCACT,B
B3_c1,,,B,B3_c1_GACCTGGGTACTCAAC,B
B3_c1,HMN83570,flu,B,B3_c1_GACGTGCAGTCCTCCT,B
B3_c1,,,B,B3_c1_GACTAACGTGTGCCTG,B
B3_c1,,,B,B3_c1_GACTAACGTTCCAACA,B
B3_c1,,,B,B3_c1_GACTGCGGTTGTTTGG,B
B3_c1,HMN83569,flu,B,B3_c1_GAGGTGACATCCTTGC,B
B3_c1,HMN83567,flu,B,B3_c1_GAGTCCGCACATGACT,B
B3_c1,HMN83564,NI,B,B3_c1_GATCGATAGACGCTTT,B
B3_c1,HMN83569,flu,B,B3_c1_GATCGATAGTACGCCC,B
B3_c1,HMN83569,flu,B,B3_c1_GATCGATGTCCCTTGT,B
B3_c1,,,B,B3_c1_GATCGCGAGCTCCTTC,B
B3_c1,,,B,B3_c1_GATCTAGAGCACACAG,B
B3_c1,,,B,B3_c1_GATGAAAGTAACGCGA,B
B3_c1,,,B,B3_c1_GATTCAGCACTTGGAT,B
B3_c1,HMN83570,flu,B,B3_c1_GATTCAGCAGGCTGAA,B
B3_c1,HMN83567,flu,B,B3_c1_GCACTCTTCAATCACG,B
B3_c1,,,B,B3_c1_GCAGCCAGTCTCCCTA,B
B3_c1,,,B,B3_c1_GCATGTACACCTGGTG,B
B3_c1,,,B,B3_c1_GCATGTAGTGTTGAGG,B
B3_c1,,,B,B3_c1_GCGACCATCCTCTAGC,B
B3_c1,HMN83569,flu,B,B3_c1_GCGAGAAGTAAGAGAG,B
B3_c1,HMN83569,flu,B,B3_c1_GCGAGAAGTTATCACG,B
B3_c1,,,B,B3_c1_GCGAGAATCGGACAAG,B
B3_c1,HMN83569,flu,B,B3_c1_GCGCAGTCATATGAGA,B
B3_c1,,,B,B3_c1_GCGCGATCAGTCCTTC,B
B3_c1,HMN83569,flu,B,B3_c1_GCGGGTTTCAGTCCCT,B
B3_c1,HMN83570,flu,B,B3_c1_GCTCCTAAGCTGTCTA,B
B3_c1,HMN83567,flu,B,B3_c1_GCTGCAGCACTCAGGC,B
B3_c1,HMN83567,flu,B,B3_c1_GCTGCAGCATTGAGCT,B
B3_c1,HMN83567,flu,B,B3_c1_GCTGGGTGTACTTAGC,B
B3_c1,HMN83567,flu,B,B3_c1_GCTTCCAAGACCTAGG,B
B3_c1,HMN83570,flu,B,B3_c1_GCTTGAAAGTAGTGCG,B
B3_c1,HMN83570,flu,B,B3_c1_GGAACTTCATTACCTT,B
B3_c1,HMN83570,flu,B,B3_c1_GGAACTTGTTCGGGCT,B
B3_c1,HMN83569,flu,B,B3_c1_GGACAAGGTACTTGAC,B
B3_c1,,,B,B3_c1_GGACAAGGTCCGTTAA,B
B3_c1,HMN83569,flu,B,B3_c1_GGACGTCTCAACGGGA,B
B3_c1,,,B,B3_c1_GGATGTTGTCGGCACT,B
B3_c1,HMN83569,flu,B,B3_c1_GGATTACTCACAGGCC,B
B3_c1,,,B,B3_c1_GGCAATTAGATCGGGT,B
B3_c1,,,B,B3_c1_GGCCGATCAGTGAGTG,B
B3_c1,HMN83569,flu,B,B3_c1_GGCGACTCAATGAAAC,B
B3_c1,HMN83570,flu,B,B3_c1_GGCTCGAAGAATTCCC,B
B3_c1,,,B,B3_c1_GGCTCGAAGATCCTGT,B
B3_c1,HMN83569,flu,B,B3_c1_GGGCACTCAGTGAGTG,B
B3_c1,HMN83567,flu,B,B3_c1_GGGTTGCGTGTTGAGG,B
B3_c1,HMN83569,flu,B,B3_c1_GGGTTGCTCGTTGACA,B
B3_c1,HMN83567,flu,B,B3_c1_GTACGTAAGACCCACC,B
B3_c1,HMN83570,flu,B,B3_c1_GTACTCCTCAGAGCTT,B
B3_c1,HMN83569,flu,B,B3_c1_GTAGTCATCTAGAGTC,B
B3_c1,HMN83569,flu,B,B3_c1_GTCTTCGAGTTACGGG,B
B3_c1,HMN83569,flu,B,B3_c1_GTCTTCGTCTGCCCTA,B
B3_c1,HMN83569,flu,B,B3_c1_GTGAAGGGTACCGTAT,B
B3_c1,HMN83567,flu,B,B3_c1_GTGCATAAGAGTAAGG,B
B3_c1,HMN83569,flu,B,B3_c1_GTGCATAGTCCGAAGA,B
B3_c1,,,B,B3_c1_GTGCGGTGTGCAACTT,B
B3_c1,HMN83567,flu,B,B3_c1_GTGCTTCGTTCCCTTG,B
B3_c1,HMN83569,flu,B,B3_c1_GTGGGTCCACGTAAGG,B
B3_c1,,,B,B3_c1_GTGGGTCGTATAGTAG,B
B3_c1,,,B,B3_c1_GTGGGTCTCGCAAACT,B
B3_c1,,,B,B3_c1_GTGTTAGTCTTTAGTC,B
B3_c1,,,B,B3_c1_GTTAAGCAGAATGTGT,B
B3_c1,HMN83569,flu,B,B3_c1_GTTAAGCAGGCTATCT,B
B3_c1,HMN83570,flu,B,B3_c1_GTTACAGCAACACGCC,B
B3_c1,HMN83570,flu,B,B3_c1_TAAACCGCATGATCCA,B
B3_c1,HMN83569,flu,B,B3_c1_TAAGCGTAGGTGATAT,B
B3_c1,HMN83569,flu,B,B3_c1_TAAGTGCCAAGACACG,B
B3_c1,HMN83569,flu,B,B3_c1_TACAGTGAGCCAACAG,B
B3_c1,,,B,B3_c1_TACAGTGCATACGCTA,B
B3_c1,,,B,B3_c1_TACCTTACATCGGAAG,B
B3_c1,,,B,B3_c1_TACGGATGTTCCACGG,B
B3_c1,HMN83569,flu,B,B3_c1_TACGGGCAGTGTGAAT,B
B3_c1,HMN83569,flu,B,B3_c1_TACTCATGTGTCGCTG,B
B3_c1,,,B,B3_c1_TACTCGCGTTGGGACA,B
B3_c1,HMN83567,flu,B,B3_c1_TACTTACAGGGTGTGT,B
B3_c1,,,B,B3_c1_TAGAGCTCAATAGCAA,B
B3_c1,HMN83569,flu,B,B3_c1_TAGGCATAGCGATATA,B
B3_c1,HMN83569,flu,B,B3_c1_TAGTGGTTCTATGTGG,B
B3_c1,,,B,B3_c1_TAGTTGGTCCGTAGTA,B
B3_c1,HMN83569,flu,B,B3_c1_TATCAGGCAATCACAC,B
B3_c1,,,B,B3_c1_TATCTCAAGTTGAGTA,B
B3_c1,,,B,B3_c1_TATCTCACAGTTCCCT,B
B3_c1,HMN83569,flu,B,B3_c1_TATGCCCAGTTGAGTA,B
B3_c1,HMN83570,flu,B,B3_c1_TATTACCTCGCCGTGA,B
B3_c1,HMN83567,flu,B,B3_c1_TCACAAGAGGGCTCTC,B
B3_c1,,,B,B3_c1_TCACAAGTCTCGGACG,B
B3_c1,HMN83569,flu,B,B3_c1_TCACGAACAATGCCAT,B
B3_c1,,,B,B3_c1_TCACGAATCTCAACTT,B
B3_c1,HMN83569,flu,B,B3_c1_TCAGATGGTAAACACA,B
B3_c1,,,B,B3_c1_TCAGATGTCACCGGGT,B
B3_c1,HMN83569,flu,B,B3_c1_TCAGATGTCCAAGCCG,B
B3_c1,HMN83569,flu,B,B3_c1_TCAGGTACAGCTGGCT,B
B3_c1,HMN83570,flu,B,B3_c1_TCGAGGCTCACTCTTA,B
B3_c1,,,B,B3_c1_TCGCGTTTCTGGGCCA,B
B3_c1,HMN83569,flu,B,B3_c1_TCGGGACGTCTTTCAT,B
B3_c1,HMN83567,flu,B,B3_c1_TCGTACCTCCTTCAAT,B
B3_c1,HMN83567,flu,B,B3_c1_TCGTACCTCGTCGTTC,B
B3_c1,,,B,B3_c1_TCGTAGAAGTGGGTTG,B
B3_c1,,,B,B3_c1_TGAAAGAAGGATGGAA,B
B3_c1,,,B,B3_c1_TGACAACAGTCCATAC,B
B3_c1,HMN83569,flu,B,B3_c1_TGACTTTGTTACGACT,B
B3_c1,,,B,B3_c1_TGAGCATGTGTTGAGG,B
B3_c1,,,B,B3_c1_TGCCAAACATCGGGTC,B
B3_c1,HMN83567,flu,B,B3_c1_TGCCAAAGTAGAGGAA,B
B3_c1,HMN83569,flu,B,B3_c1_TGCGTGGAGCCGCCTA,B
B3_c1,HMN83569,flu,B,B3_c1_TGCGTGGGTTGTCGCG,B
B3_c1,HMN83569,flu,B,B3_c1_TGCGTGGTCAACGGCC,B
B3_c1,HMN83569,flu,B,B3_c1_TGCTACCAGTGGGTTG,B
B3_c1,,,B,B3_c1_TGGCCAGGTGTTTGGT,B
B3_c1,HMN83569,flu,B,B3_c1_TGGCGCATCACCTCGT,B
B3_c1,,,B,B3_c1_TGGCTGGTCGAATGCT,B
B3_c1,HMN83569,flu,B,B3_c1_TGGGAAGTCTGGTATG,B
B3_c1,HMN83569,flu,B,B3_c1_TGGTTAGGTGTAAGTA,B
B3_c1,HMN83567,flu,B,B3_c1_TTAGGACCACAAGACG,B
B3_c1,,,B,B3_c1_TTAGTTCAGATGCGAC,B
B3_c1,,,B,B3_c1_TTCCCAGAGGCGCTCT,B
B3_c1,,,B,B3_c1_TTCGGTCAGAGTACCG,B
B3_c1,,,B,B3_c1_TTCTTAGTCATGTCCC,B
B3_c1,,,B,B3_c1_TTGACTTGTCGCGGTT,B
B3_c1,,,B,B3_c1_TTGCCGTGTAATAGCA,B
B3_c1,HMN83567,flu,B,B3_c1_TTTGCGCCAAGTAATG,B
B3_c1,HMN83567,flu,B,B3_c1_TTTGCGCCATACAGCT,B
B3_c1,,,B,B3_c1_TTTGCGCTCTCTAGGA,B
B3_c1,HMN83569,flu,B,B3_c1_TTTGGTTCATAAGACA,B
B3_c1,,,B,B3_c1_TTTGTCAAGGTGCACA,B
B3_c1,HMN83569,flu,B,B3_c1_TTTGTCATCAACGAAA,B
B3_c2,HMN83565,flu,B,B3_c2_AAACCTGAGCAGGCTA,B
B3_c2,HMN83564,flu,B,B3_c2_AAACCTGCATGGTCTA,B
B3_c2,HMN83565,flu,B,B3_c2_AAACCTGGTATTCGTG,B
B3_c2,HMN83565,flu,B,B3_c2_AAACGGGCACACCGAC,B
B3_c2,HMN83568,flu,B,B3_c2_AAAGATGAGATGGCGT,B
B3_c2,HMN83565,flu,B,B3_c2_AAAGTAGGTGATGTGG,B
B3_c2,HMN83564,flu,B,B3_c2_AACACGTAGGTTACCT,B
B3_c2,HMN83568,flu,B,B3_c2_AACACGTGTACTCAAC,B
B3_c2,HMN83568,flu,B,B3_c2_AACCGCGTCTGCTGTC,B
B3_c2,HMN83568,flu,B,B3_c2_AACGTTGCACGGTGTC,B
B3_c2,HMN83565,flu,B,B3_c2_AACTCAGCAGCAGTTT,B
B3_c2,,,B,B3_c2_AACTCAGTCGCGATCG,B
B3_c2,HMN83568,flu,B,B3_c2_AACTGGTCACGTCAGC,B
B3_c2,,,B,B3_c2_AATCGGTTCGCAGGCT,B
B3_c2,HMN83568,flu,B,B3_c2_ACACCCTAGACCACGA,B
B3_c2,,,B,B3_c2_ACATACGAGGATGGAA,B
B3_c2,HMN83568,flu,B,B3_c2_ACATACGCATAAGACA,B
B3_c2,HMN83565,flu,B,B3_c2_ACATGGTGTACTCGCG,B
B3_c2,HMN83568,flu,B,B3_c2_ACCCACTAGGTGCTAG,B
B3_c2,,,B,B3_c2_ACCCACTTCGAGAACG,B
B3_c2,,,B,B3_c2_ACGGGCTTCCTTGACC,B
B3_c2,,,B,B3_c2_ACGTCAAAGCGTCTAT,B
B3_c2,,,B,B3_c2_ACTATCTAGGCGACAT,B
B3_c2,HMN83568,flu,B,B3_c2_ACTATCTCACCTTGTC,B
B3_c2,HMN83565,flu,B,B3_c2_ACTTACTCAGACTCGC,B
B3_c2,HMN83564,flu,B,B3_c2_ACTTGTTAGCTGATAA,B
B3_c2,,,B,B3_c2_ACTTGTTGTTTGGGCC,B
B3_c2,HMN83568,flu,B,B3_c2_AGAGCTTCATCACGTA,B
B3_c2,HMN83565,flu,B,B3_c2_AGCAGCCAGCCCAATT,B
B3_c2,,,B,B3_c2_AGCCTAACATTGAGCT,B
B3_c2,,,B,B3_c2_AGCTTGACAGGTCGTC,B
B3_c2,HMN83568,flu,B,B3_c2_AGGGATGCAACTGGCC,B
B3_c2,HMN83568,flu,B,B3_c2_AGGTCATTCTTCATGT,B
B3_c2,HMN83564,flu,B,B3_c2_AGGTCCGAGAACAATC,B
B3_c2,HMN83564,flu,B,B3_c2_AGTAGTCCACTAGTAC,B
B3_c2,HMN83564,flu,B,B3_c2_AGTTGGTCAAACCCAT,B
B3_c2,HMN83564,flu,B,B3_c2_ATAAGAGGTAGGGACT,B
B3_c2,,,B,B3_c2_ATCATGGAGGACAGAA,B
B3_c2,,,B,B3_c2_ATCCACCCAGACAAAT,B
B3_c2,HMN83568,flu,B,B3_c2_ATCCGAAAGTGGTAGC,B
B3_c2,HMN83565,flu,B,B3_c2_ATCCGAACATGTCGAT,B
B3_c2,HMN83565,flu,B,B3_c2_ATGAGGGTCAGCCTAA,B
B3_c2,HMN83568,flu,B,B3_c2_ATGCGATGTTTGTGTG,B
B3_c2,,,B,B3_c2_ATGGGAGGTATCAGTC,B
B3_c2,HMN83568,flu,B,B3_c2_ATGTGTGCAATAGCGG,B
B3_c2,,,B,B3_c2_ATTATCCGTACTCAAC,B
B3_c2,HMN83565,flu,B,B3_c2_ATTATCCGTCTCCACT,B
B3_c2,HMN83565,flu,B,B3_c2_ATTATCCGTTCCGTCT,B
B3_c2,HMN83564,flu,B,B3_c2_CAACCAAGTCACTGGC,B
B3_c2,,,B,B3_c2_CAACCAATCGTCGTTC,B
B3_c2,,,B,B3_c2_CAACTAGTCCTATTCA,B
B3_c2,,,B,B3_c2_CAAGATCTCCTAGGGC,B
B3_c2,HMN83565,flu,B,B3_c2_CAAGGCCGTGCACTTA,B
B3_c2,HMN83568,flu,B,B3_c2_CACAAACAGACTTTCG,B
B3_c2,HMN83568,flu,B,B3_c2_CACACCTAGGCAGTCA,B
B3_c2,HMN83565,flu,B,B3_c2_CACAGGCCACTCAGGC,B
B3_c2,HMN83565,flu,B,B3_c2_CACATTTGTGAACCTT,B
B3_c2,HMN83568,flu,B,B3_c2_CACCACTTCCAGATCA,B
B3_c2,,,B,B3_c2_CACCAGGGTGCCTGGT,B
B3_c2,,,B,B3_c2_CACTCCAAGGGTATCG,B
B3_c2,HMN83568,flu,B,B3_c2_CAGTAACTCACCACCT,B
B3_c2,HMN83568,flu,B,B3_c2_CAGTAACTCGAATGCT,B
B3_c2,HMN83564,flu,B,B3_c2_CAGTCCTTCCCGGATG,B
B3_c2,HMN83564,flu,B,B3_c2_CATATTCAGTGGTCCC,B
B3_c2,,,B,B3_c2_CATGGCGCATCCCATC,B
B3_c2,HMN83564,flu,B,B3_c2_CCAATCCTCACCATAG,B
B3_c2,,,B,B3_c2_CCCAATCAGGCAGTCA,B
B3_c2,HMN83568,flu,B,B3_c2_CCCATACCAAGTAATG,B
B3_c2,HMN83568,flu,B,B3_c2_CCCTCCTCACTTGGAT,B
B3_c2,HMN83568,flu,B,B3_c2_CCGTGGAAGGTGCTAG,B
B3_c2,,,B,B3_c2_CCTACACCACTGTCGG,B
B3_c2,HMN83568,flu,B,B3_c2_CCTAGCTAGAAGGCCT,B
B3_c2,HMN83568,flu,B,B3_c2_CCTTACGTCGGGAGTA,B
B3_c2,HMN83564,flu,B,B3_c2_CCTTCGACACCAGGCT,B
B3_c2,HMN83565,flu,B,B3_c2_CCTTTCTAGGCAGGTT,B
B3_c2,HMN83565,flu,B,B3_c2_CCTTTCTAGTGTTTGC,B
B3_c2,HMN83564,flu,B,B3_c2_CGAGAAGTCTGAGTGT,B
B3_c2,HMN83568,flu,B,B3_c2_CGAGCACGTCTAGCCG,B
B3_c2,,,B,B3_c2_CGAGCACTCTGACCTC,B
B3_c2,HMN83568,flu,B,B3_c2_CGATCGGTCTCGCTTG,B
B3_c2,,,B,B3_c2_CGATGGCCACATGGGA,B
B3_c2,HMN83568,flu,B,B3_c2_CGATGGCCAGGACCCT,B
B3_c2,HMN83565,flu,B,B3_c2_CGATTGAGTCGTCTTC,B
B3_c2,HMN83568,flu,B,B3_c2_CGCTATCAGGCATTGG,B
B3_c2,HMN83564,flu,B,B3_c2_CGCTGGATCCAGAAGG,B
B3_c2,HMN83564,flu,B,B3_c2_CGGACGTAGGTGATTA,B
B3_c2,,,B,B3_c2_CGGACGTCACCAGATT,B
B3_c2,,,B,B3_c2_CGGCTAGCACCTCGGA,B
B3_c2,HMN83564,flu,B,B3_c2_CGGGTCAAGATCTGCT,B
B3_c2,,,B,B3_c2_CGTAGCGGTCAATACC,B
B3_c2,HMN83565,flu,B,B3_c2_CGTCACTCACTGTGTA,B
B3_c2,HMN83568,flu,B,B3_c2_CGTCTACTCTGTCTAT,B
B3_c2,HMN83564,flu,B,B3_c2_CGTTCTGGTAGGACAC,B
B3_c2,HMN83564,flu,B,B3_c2_CTAACTTCAGAAGCAC,B
B3_c2,,,B,B3_c2_CTAACTTCAGGACGTA,B
B3_c2,HMN83565,flu,B,B3_c2_CTAATGGGTTGTGGCC,B
B3_c2,HMN83565,flu,B,B3_c2_CTAGCCTAGAAACGAG,B
B3_c2,HMN83564,flu,B,B3_c2_CTAGCCTTCAACCATG,B
B3_c2,,,B,B3_c2_CTCACACAGCCTATGT,B
B3_c2,HMN83565,flu,B,B3_c2_CTCACACCACCAGCAC,B
B3_c2,HMN83565,flu,B,B3_c2_CTCAGAACAGACAAAT,B
B3_c2,,,B,B3_c2_CTCATTAAGCCGTCGT,B
B3_c2,HMN83568,flu,B,B3_c2_CTCGAGGCATTGGCGC,B
B3_c2,HMN83568,flu,B,B3_c2_CTCGTACCAGCTCGAC,B
B3_c2,,,B,B3_c2_CTCGTACGTAAGGGCT,B
B3_c2,HMN83564,flu,B,B3_c2_CTCTAATAGCGGATCA,B
B3_c2,HMN83564,flu,B,B3_c2_CTCTAATAGTACACCT,B
B3_c2,HMN83568,flu,B,B3_c2_CTCTAATCATGTCCTC,B
B3_c2,,,B,B3_c2_CTCTACGCACGAGGTA,B
B3_c2,HMN83564,flu,B,B3_c2_CTCTGGTAGGCAGGTT,B
B3_c2,,,B,B3_c2_CTGCCTACACCTCGTT,B
B3_c2,HMN83568,flu,B,B3_c2_CTGTTTACACAACTGT,B
B3_c2,HMN83564,flu,B,B3_c2_CTTCTCTAGAGTCGGT,B
B3_c2,HMN83568,flu,B,B3_c2_CTTGGCTAGTTCGATC,B
B3_c2,HMN83568,flu,B,B3_c2_CTTGGCTCACGGTTTA,B
B3_c2,,,B,B3_c2_CTTTGCGCAGAAGCAC,B
B3_c2,HMN83568,flu,B,B3_c2_GAACATCAGACAGGCT,B
B3_c2,HMN83564,flu,B,B3_c2_GAACCTAGTCAGCTAT,B
B3_c2,,,B,B3_c2_GAACGGACACCCTATC,B
B3_c2,,,B,B3_c2_GAAGCAGTCCAGATCA,B
B3_c2,,,B,B3_c2_GACGGCTGTCAGAAGC,B
B3_c2,,,B,B3_c2_GACGTGCGTTAGAACA,B
B3_c2,,,B,B3_c2_GACGTTAAGGTGCTTT,B
B3_c2,,,B,B3_c2_GACTAACGTCAAAGAT,B
B3_c2,,,B,B3_c2_GACTGCGGTCCTCTTG,B
B3_c2,HMN83564,flu,B,B3_c2_GAGCAGAAGCGTGTCC,B
B3_c2,HMN83568,flu,B,B3_c2_GAGTCCGGTTCGGCAC,B
B3_c2,HMN83564,flu,B,B3_c2_GATCAGTAGATAGTCA,B
B3_c2,,,B,B3_c2_GATCTAGGTCAAGCGA,B
B3_c2,,,B,B3_c2_GCAATCACAGGCTGAA,B
B3_c2,HMN83564,flu,B,B3_c2_GCACATATCTTGGGTA,B
B3_c2,HMN83564,flu,B,B3_c2_GCACTCTGTCCTGCTT,B
B3_c2,,,B,B3_c2_GCAGTTAGTTCACCTC,B
B3_c2,HMN83564,flu,B,B3_c2_GCATGATAGTACGTTC,B
B3_c2,HMN83568,flu,B,B3_c2_GCATGCGTCAGCCTAA,B
B3_c2,HMN83568,flu,B,B3_c2_GCATGTAAGATATACG,B
B3_c2,HMN83565,flu,B,B3_c2_GCATGTATCTCGGACG,B
B3_c2,,,B,B3_c2_GCGACCACAATGAATG,B
B3_c2,HMN83565,flu,B,B3_c2_GCGCAACAGCCTATGT,B
B3_c2,,,B,B3_c2_GCGCAACGTCACTTCC,B
B3_c2,,,B,B3_c2_GCGCAGTGTAAGGGCT,B
B3_c2,,,B,B3_c2_GCTCTGTGTCCCGACA,B
B3_c2,,,B,B3_c2_GCTGCGAGTGTCCTCT,B
B3_c2,HMN83568,flu,B,B3_c2_GCTGGGTAGGCCGAAT,B
B3_c2,,,B,B3_c2_GCTTCCAGTCATGCCG,B
B3_c2,HMN83565,flu,B,B3_c2_GCTTGAACAGTAAGAT,B
B3_c2,HMN83568,flu,B,B3_c2_GGAATAAAGACCACGA,B
B3_c2,,,B,B3_c2_GGACAGACAGAAGCAC,B
B3_c2,HMN83565,flu,B,B3_c2_GGAGCAAAGTTTCCTT,B
B3_c2,HMN83564,flu,B,B3_c2_GGCAATTAGGATTCGG,B
B3_c2,HMN83564,flu,B,B3_c2_GGCCGATTCCTCAATT,B
B3_c2,HMN83564,flu,B,B3_c2_GGGAATGCAATCCAAC,B
B3_c2,HMN83568,flu,B,B3_c2_GGGACCTGTCGAAAGC,B
B3_c2,HMN83568,flu,B,B3_c2_GGGCATCGTCGAATCT,B
B3_c2,HMN83564,flu,B,B3_c2_GGGTCTGAGGTGATAT,B
B3_c2,,,B,B3_c2_GGGTCTGGTCGCATAT,B
B3_c2,HMN83564,flu,B,B3_c2_GGTATTGAGCAAATCA,B
B3_c2,,,B,B3_c2_GGTATTGCACAAGTAA,B
B3_c2,HMN83564,flu,B,B3_c2_GGTGAAGCACATAACC,B
B3_c2,HMN83568,flu,B,B3_c2_GGTGCGTTCTGGCGAC,B
B3_c2,,,B,B3_c2_GTAACGTGTTCGGCAC,B
B3_c2,,,B,B3_c2_GTACGTATCTGGGCCA,B
B3_c2,,,B,B3_c2_GTACTCCAGAAGGTTT,B
B3_c2,HMN83565,flu,B,B3_c2_GTACTTTGTGAGTATA,B
B3_c2,HMN83568,flu,B,B3_c2_GTAGGCCCATGACGGA,B
B3_c2,HMN83564,flu,B,B3_c2_GTAGTCAGTAGAGGAA,B
B3_c2,,,B,B3_c2_GTATTCTGTAGCGATG,B
B3_c2,HMN83564,flu,B,B3_c2_GTCACAAAGTCTCCTC,B
B3_c2,HMN83568,flu,B,B3_c2_GTCTTCGAGTCGTTTG,B
B3_c2,,,B,B3_c2_GTCTTCGCACGCATCG,B
B3_c2,HMN83564,flu,B,B3_c2_GTGAAGGGTTCCGGCA,B
B3_c2,,,B,B3_c2_GTGTGCGAGTCTCGGC,B
B3_c2,HMN83568,flu,B,B3_c2_GTGTTAGGTTTGACTG,B
B3_c2,HMN83564,flu,B,B3_c2_GTTAAGCGTATTCTCT,B
B3_c2,HMN83568,flu,B,B3_c2_GTTAAGCGTGTTCTTT,B
B3_c2,,,B,B3_c2_GTTACAGTCTTAGCCC,B
B3_c2,,,B,B3_c2_GTTTCTACAGACGCAA,B
B3_c2,HMN83564,flu,B,B3_c2_TACCTATCAGAGCCAA,B
B3_c2,,,B,B3_c2_TACCTTAAGGCAGGTT,B
B3_c2,HMN83568,flu,B,B3_c2_TACCTTAGTCTTGATG,B
B3_c2,HMN83568,flu,B,B3_c2_TACGGTAGTAGAGCTG,B
B3_c2,,,B,B3_c2_TACTCATGTCCCGACA,B
B3_c2,,,B,B3_c2_TACTTGTGTGCATCTA,B
B3_c2,HMN83568,flu,B,B3_c2_TAGCCGGCAGAAGCAC,B
B3_c2,HMN83565,flu,B,B3_c2_TAGTTGGGTTAAGGGC,B
B3_c2,HMN83564,flu,B,B3_c2_TCAACGAAGAGGGCTT,B
B3_c2,,,B,B3_c2_TCAACGAGTTTACTCT,B
B3_c2,HMN83568,flu,B,B3_c2_TCAACGATCCACGAAT,B
B3_c2,HMN83564,flu,B,B3_c2_TCACAAGCAGGCTCAC,B
B3_c2,,,B,B3_c2_TCACGAAGTCGCTTTC,B
B3_c2,HMN83568,flu,B,B3_c2_TCAGATGTCCATTCTA,B
B3_c2,HMN83564,flu,B,B3_c2_TCAGGATAGAAACGAG,B
B3_c2,,,B,B3_c2_TCAGGTATCGGCATCG,B
B3_c2,,,B,B3_c2_TCGCGTTCAGCTCGCA,B
B3_c2,HMN83565,flu,B,B3_c2_TCTATTGAGGAATCGC,B
B3_c2,HMN83565,flu,B,B3_c2_TCTCTAAAGCTGCAAG,B
B3_c2,HMN83564,flu,B,B3_c2_TCTCTAAAGGTCGGAT,B
B3_c2,HMN83564,flu,B,B3_c2_TCTGGAAGTCTTGCGG,B
B3_c2,HMN83568,flu,B,B3_c2_TCTTTCCTCTCCAACC,B
B3_c2,,,B,B3_c2_TGACAACTCGATGAGG,B
B3_c2,,,B,B3_c2_TGCCAAAGTTAGTGGG,B
B3_c2,HMN83564,flu,B,B3_c2_TGCCCATTCTAACTGG,B
B3_c2,HMN83564,flu,B,B3_c2_TGCCCTACATCCCATC,B
B3_c2,,,B,B3_c2_TGCGGGTAGCGAAGGG,B
B3_c2,HMN83568,flu,B,B3_c2_TGCTACCGTCAACTGT,B
B3_c2,HMN83564,flu,B,B3_c2_TGGCCAGAGGACATTA,B
B3_c2,HMN83564,flu,B,B3_c2_TGGCTGGAGTAAGTAC,B
B3_c2,,,B,B3_c2_TGGCTGGAGTGGACGT,B
B3_c2,,,B,B3_c2_TGGGCGTGTGGGTCAA,B
B3_c2,HMN83568,flu,B,B3_c2_TGTGGTATCAGTGTTG,B
B3_c2,HMN83565,flu,B,B3_c2_TGTGTTTAGAGCAATT,B
B3_c2,,,B,B3_c2_TTAACTCCAGCTGGCT,B
B3_c2,HMN83568,flu,B,B3_c2_TTAGGCATCCCTCAGT,B
B3_c2,HMN83568,flu,B,B3_c2_TTAGTTCAGCACCGCT,B
B3_c2,,,B,B3_c2_TTCCCAGCAGCATGAG,B
B3_c2,,,B,B3_c2_TTCCCAGTCAGCAACT,B
B3_c2,HMN83565,flu,B,B3_c2_TTCTACACAGTGGGAT,B
B3_c2,HMN83568,flu,B,B3_c2_TTCTACACATTAACCG,B
B3_c2,,,B,B3_c2_TTCTCAATCAATACCG,B
B3_c2,HMN83564,flu,B,B3_c2_TTCTCCTCAGTATAAG,B
B3_c2,HMN83565,flu,B,B3_c2_TTCTCCTTCTGCTGCT,B
B3_c2,HMN83568,flu,B,B3_c2_TTCTTAGGTCCCGACA,B
B3_c2,HMN83568,flu,B,B3_c2_TTCTTAGTCGCCTGAG,B
B3_c2,,,B,B3_c2_TTGAACGGTTAAGTAG,B
B3_c2,,,B,B3_c2_TTGACTTAGGAGTTTA,B
B3_c2,,,B,B3_c2_TTGACTTAGGCGATAC,B
B3_c2,,,B,B3_c2_TTGACTTTCTTACCTA,B
B3_c2,HMN83564,flu,B,B3_c2_TTGTAGGGTGCAACGA,B
B3_c2,,,B,B3_c2_TTTCCTCGTCATGCAT,B
B4_c1,,,B,B4_c1_AAACCTGGTAACGCGA,B
B4_c1,,,B,B4_c1_AAAGCAAAGCACGCCT,B
B4_c1,,,B,B4_c1_AAAGTAGCATTGGTAC,B
B4_c1,HMN83572,flu,B,B4_c1_AAATGCCCAAAGAATC,B
B4_c1,,,B,B4_c1_AACACGTGTTTAGCTG,B
B4_c1,HMN83576,flu,B,B4_c1_AACCGCGCAGGGAGAG,B
B4_c1,HMN83576,flu,B,B4_c1_AACGTTGAGTCTCCTC,B
B4_c1,,,B,B4_c1_AACTCTTTCTACTTAC,B
B4_c1,HMN83576,flu,B,B4_c1_AACTGGTAGCCAGAAC,B
B4_c1,,,B,B4_c1_AAGGCAGCAGATCTGT,B
B4_c1,HMN83576,flu,B,B4_c1_ACACCCTGTACTTCTT,B
B4_c1,,,B,B4_c1_ACACTGATCCCAACGG,B
B4_c1,HMN83572,flu,B,B4_c1_ACCAGTAGTACCAGTT,B
B4_c1,HMN83572,flu,B,B4_c1_ACCAGTATCGTAGATC,B
B4_c1,HMN83572,flu,B,B4_c1_ACCTTTAGTTGACGTT,B
B4_c1,HMN83572,flu,B,B4_c1_ACGATGTCATTTGCCC,B
B4_c1,HMN83576,flu,B,B4_c1_ACGTCAAGTTCCTCCA,B
B4_c1,HMN83576,flu,B,B4_c1_ACTGAACAGAAGGACA,B
B4_c1,HMN83571,flu,B,B4_c1_ACTGCTCTCCGAATGT,B
B4_c1,,,B,B4_c1_AGATTGCCAGACGTAG,B
B4_c1,,,B,B4_c1_AGCTCTCCACAACGTT,B
B4_c1,HMN83572,flu,B,B4_c1_AGGCCGTCACCGATAT,B
B4_c1,HMN83563,NI,B,B4_c1_AGTAGTCAGCGACGTA,B
B4_c1,,,B,B4_c1_AGTGAGGTCTGACCTC,B
B4_c1,HMN83571,flu,B,B4_c1_ATAACGCTCGAGAGCA,B
B4_c1,,,B,B4_c1_ATAGACCGTACACCGC,B
B4_c1,HMN83571,flu,B,B4_c1_ATGCGATAGGCCCGTT,B
B4_c1,HMN83576,flu,B,B4_c1_ATGGGAGGTAACGTTC,B
B4_c1,HMN83571,flu,B,B4_c1_ATTACTCAGGTGACCA,B
B4_c1,HMN83576,flu,B,B4_c1_ATTATCCTCGACGGAA,B
B4_c1,,,B,B4_c1_ATTGGTGTCCGTCATC,B
B4_c1,HMN83572,flu,B,B4_c1_CAAGTTGAGGCATTGG,B
B4_c1,HMN83571,flu,B,B4_c1_CACACCTAGAGTTGGC,B
B4_c1,,,B,B4_c1_CACACCTAGATCCCGC,B
B4_c1,,,B,B4_c1_CACATAGAGTCTCCTC,B
B4_c1,HMN83576,flu,B,B4_c1_CACCAGGCAGAGTGTG,B
B4_c1,HMN83572,flu,B,B4_c1_CACCAGGTCATAGCAC,B
B4_c1,HMN83576,flu,B,B4_c1_CACCTTGGTGTGCCTG,B
B4_c1,HMN83576,flu,B,B4_c1_CAGCGACAGATATACG,B
B4_c1,HMN83572,flu,B,B4_c1_CAGCTGGGTACCGAGA,B
B4_c1,HMN83571,flu,B,B4_c1_CAGCTGGTCATAACCG,B
B4_c1,HMN83571,flu,B,B4_c1_CATATTCAGTCGCCGT,B
B4_c1,HMN83572,flu,B,B4_c1_CCAGCGAAGGGCTCTC,B
B4_c1,HMN83576,flu,B,B4_c1_CCATGTCGTGCCTGTG,B
B4_c1,,,B,B4_c1_CCCAATCCACGGATAG,B
B4_c1,HMN83576,flu,B,B4_c1_CCGGGATGTGCGATAG,B
B4_c1,HMN83576,flu,B,B4_c1_CCGGGATTCCCTCTTT,B
B4_c1,HMN83571,flu,B,B4_c1_CCGTGGAGTGAACCTT,B
B4_c1,HMN83571,flu,B,B4_c1_CCTACACTCTGTTGAG,B
B4_c1,HMN83572,flu,B,B4_c1_CCTCTGAGTGGCGAAT,B
B4_c1,HMN83572,flu,B,B4_c1_CGAGCACCATCCTTGC,B
B4_c1,HMN83572,flu,B,B4_c1_CGATGTAGTAGGACAC,B
B4_c1,HMN83576,flu,B,B4_c1_CGCCAAGAGTGATCGG,B
B4_c1,,,B,B4_c1_CGCGGTATCAGGTAAA,B
B4_c1,HMN83576,flu,B,B4_c1_CGCTTCACAAGTCTGT,B
B4_c1,,,B,B4_c1_CGGAGCTAGAATGTTG,B
B4_c1,HMN83576,flu,B,B4_c1_CGGCTAGCAATACGCT,B
B4_c1,HMN83571,flu,B,B4_c1_CGGCTAGGTCGAGATG,B
B4_c1,HMN83572,flu,B,B4_c1_CGGCTAGGTGTGACCC,B
B4_c1,,,B,B4_c1_CGTAGGCGTCAGAATA,B
B4_c1,HMN83572,flu,B,B4_c1_CGTAGGCTCAGCCTAA,B
B4_c1,HMN83572,flu,B,B4_c1_CTAGTGATCTGTCAAG,B
B4_c1,HMN83576,flu,B,B4_c1_CTCATTACAAGGTTCT,B
B4_c1,HMN83571,flu,B,B4_c1_CTCTAATCATAAAGGT,B
B4_c1,HMN83572,flu,B,B4_c1_CTCTGGTAGTTGTAGA,B
B4_c1,,,B,B4_c1_CTCTGGTTCAGCTCTC,B
B4_c1,HMN83576,flu,B,B4_c1_CTGAAACTCACATACG,B
B4_c1,HMN83572,flu,B,B4_c1_CTGCTGTGTACTCAAC,B
B4_c1,,,B,B4_c1_GAAACTCAGTAATCCC,B
B4_c1,,,B,B4_c1_GAAATGAAGTTCCACA,B
B4_c1,,,B,B4_c1_GAACATCTCAAAGACA,B
B4_c1,HMN83576,flu,B,B4_c1_GAACGGAAGCGACGTA,B
B4_c1,HMN83572,flu,B,B4_c1_GAACGGAGTTTAGGAA,B
B4_c1,HMN83576,flu,B,B4_c1_GAAGCAGGTCAGGACA,B
B4_c1,,,B,B4_c1_GAATGAACACCCTATC,B
B4_c1,HMN83572,flu,B,B4_c1_GACAGAGTCAGCTCGG,B
B4_c1,HMN83576,flu,B,B4_c1_GACGCGTCAGCAGTTT,B
B4_c1,HMN83572,flu,B,B4_c1_GACTAACAGAGGGATA,B
B4_c1,HMN83576,flu,B,B4_c1_GAGTCCGCACGGATAG,B
B4_c1,HMN83571,flu,B,B4_c1_GAGTCCGCAGTCAGAG,B
B4_c1,HMN83571,flu,B,B4_c1_GATGAGGGTGACGGTA,B
B4_c1,HMN83571,flu,B,B4_c1_GCAGCCAGTTCGTTGA,B
B4_c1,HMN83571,flu,B,B4_c1_GCATGTAAGGATGCGT,B
B4_c1,,,B,B4_c1_GCATGTACATCAGTCA,B
B4_c1,,,B,B4_c1_GCCTCTACATCCGGGT,B
B4_c1,HMN83576,flu,B,B4_c1_GCGACCATCCCTTGTG,B
B4_c1,HMN83572,flu,B,B4_c1_GCGCAACAGCGGATCA,B
B4_c1,HMN83572,flu,B,B4_c1_GCGCAGTCAAAGGTGC,B
B4_c1,HMN83576,flu,B,B4_c1_GCGGGTTAGTCCATAC,B
B4_c1,HMN83576,flu,B,B4_c1_GCTGCAGGTGTGTGCC,B
B4_c1,,,B,B4_c1_GCTGCGAAGTTTGCGT,B
B4_c1,,,B,B4_c1_GCTGGGTCACTTAAGC,B
B4_c1,HMN83571,flu,B,B4_c1_GCTTCCATCGAGGTAG,B
B4_c1,HMN83571,flu,B,B4_c1_GGAAAGCCACTGTGTA,B
B4_c1,HMN83576,flu,B,B4_c1_GGAAAGCGTGAGCGAT,B
B4_c1,HMN83572,flu,B,B4_c1_GGACGTCTCAGTTTGG,B
B4_c1,HMN83572,flu,B,B4_c1_GGATTACAGTAGCGGT,B
B4_c1,,,B,B4_c1_GGCCGATGTTTACTCT,B
B4_c1,HMN83572,flu,B,B4_c1_GGGAGATAGGGAACGG,B
B4_c1,HMN83571,flu,B,B4_c1_GGGCACTGTTATGTGC,B
B4_c1,HMN83576,flu,B,B4_c1_GGGCATCTCACCTTAT,B
B4_c1,HMN83576,flu,B,B4_c1_GGGTCTGTCATCATTC,B
B4_c1,HMN83572,flu,B,B4_c1_GGGTTGCGTGCGAAAC,B
B4_c1,HMN83576,flu,B,B4_c1_GGTGTTACAGACTCGC,B
B4_c1,HMN83576,flu,B,B4_c1_GTAACTGTCATGTAGC,B
B4_c1,,,B,B4_c1_GTAGGCCGTAATAGCA,B
B4_c1,,,B,B4_c1_GTATTCTCAGACGCTC,B
B4_c1,HMN83571,flu,B,B4_c1_GTCAAGTAGATGCGAC,B
B4_c1,HMN83576,flu,B,B4_c1_GTCACGGAGTGTCCCG,B
B4_c1,HMN83576,flu,B,B4_c1_GTCGGGTCAAGGTTTC,B
B4_c1,HMN83572,flu,B,B4_c1_GTGAAGGCAGGGAGAG,B
B4_c1,HMN83571,flu,B,B4_c1_GTGCATATCGTTACAG,B
B4_c1,,,B,B4_c1_GTGGGTCTCCCTTGTG,B
B4_c1,HMN83572,flu,B,B4_c1_GTTCGGGAGAGTGACC,B
B4_c1,,,B,B4_c1_GTTCGGGAGGTGCTAG,B
B4_c1,HMN83572,flu,B,B4_c1_GTTCGGGGTTCGGGCT,B
B4_c1,HMN83576,flu,B,B4_c1_GTTCTCGGTAGATTAG,B
B4_c1,HMN83572,flu,B,B4_c1_GTTCTCGTCTGACCTC,B
B4_c1,HMN83572,flu,B,B4_c1_GTTTCTACAGGATCGA,B
B4_c1,,,B,B4_c1_GTTTCTATCGAGCCCA,B
B4_c1,HMN83576,flu,B,B4_c1_TAAACCGCATGGTTGT,B
B4_c1,,,B,B4_c1_TAAGAGATCTGTACGA,B
B4_c1,,,B,B4_c1_TACCTATAGCTACCTA,B
B4_c1,HMN83572,flu,B,B4_c1_TACCTTACACGCATCG,B
B4_c1,HMN83576,flu,B,B4_c1_TACGGATTCCTCGCAT,B
B4_c1,HMN83572,flu,B,B4_c1_TACGGTATCCTCGCAT,B
B4_c1,HMN83571,flu,B,B4_c1_TACTCGCCACCGAATT,B
B4_c1,HMN83571,flu,B,B4_c1_TACTTACGTCACTGGC,B
B4_c1,,,B,B4_c1_TACTTGTGTTCAGGCC,B
B4_c1,,,B,B4_c1_TACTTGTTCCGGGTGT,B
B4_c1,HMN83576,flu,B,B4_c1_TAGAGCTCATTCTCAT,B
B4_c1,HMN83572,flu,B,B4_c1_TAGCCGGTCAGAAATG,B
B4_c1,HMN83576,flu,B,B4_c1_TCAGATGGTTATGTGC,B
B4_c1,HMN83571,flu,B,B4_c1_TCAGCAAAGGAGCGAG,B
B4_c1,,,B,B4_c1_TCGAGGCAGATGCCTT,B
B4_c1,HMN83571,flu,B,B4_c1_TCGCGAGAGAACTGTA,B
B4_c1,HMN83572,flu,B,B4_c1_TCTGGAATCCTTTACA,B
B4_c1,HMN83571,flu,B,B4_c1_TGAAAGAGTGTGAATA,B
B4_c1,,,B,B4_c1_TGACGGCGTTGATTGC,B
B4_c1,,,B,B4_c1_TGACTAGGTGCGCTTG,B
B4_c1,HMN83576,flu,B,B4_c1_TGACTTTAGCGCCTCA,B
B4_c1,HMN83571,flu,B,B4_c1_TGCCCATAGCCTATGT,B
B4_c1,,,B,B4_c1_TGGGAAGTCGTACCGG,B
B4_c1,HMN83576,flu,B,B4_c1_TGTGTTTAGGTGTTAA,B
B4_c1,HMN83572,flu,B,B4_c1_TGTGTTTGTCGAGTTT,B
B4_c1,HMN83572,flu,B,B4_c1_TTAGGACCACGGCGTT,B
B4_c1,,,B,B4_c1_TTATGCTCAAGTTAAG,B
B4_c1,HMN83572,flu,B,B4_c1_TTATGCTCACATGTGT,B
B4_c1,,,B,B4_c1_TTATGCTCAGTAAGAT,B
B4_c1,,,B,B4_c1_TTATGCTTCAGAGGTG,B
B4_c1,HMN83576,flu,B,B4_c1_TTCTCAACAATGTAAG,B
B4_c1,HMN83572,flu,B,B4_c1_TTGCGTCGTGAAATCA,B
B4_c1,HMN83572,flu,B,B4_c1_TTGTAGGAGGAGCGTT,B
B4_c1,,,B,B4_c1_TTTATGCTCACCAGGC,B
B4_c1,HMN83572,flu,B,B4_c1_TTTATGCTCAGGATCT,B
B4_c2,HMN83566,flu,B,B4_c2_AAAGCAATCCAGATCA,B
B4_c2,HMN83575,flu,B,B4_c2_AAAGTAGTCAGTACGT,B
B4_c2,HMN83566,flu,B,B4_c2_AAATGCCTCAGGTAAA,B
B4_c2,,,B,B4_c2_AACACGTGTAGCTGCC,B
B4_c2,HMN83563,flu,B,B4_c2_AACCGCGCACATCTTT,B
B4_c2,,,B,B4_c2_AACTCAGTCGTTACGA,B
B4_c2,,,B,B4_c2_AACTCCCTCAAGAAGT,B
B4_c2,HMN83566,flu,B,B4_c2_AACTGGTTCTGGCGTG,B
B4_c2,HMN83575,flu,B,B4_c2_AAGCCGCTCGAGCCCA,B
B4_c2,HMN83563,flu,B,B4_c2_AAGCCGCTCTTACCGC,B
B4_c2,,,B,B4_c2_AATCCAGAGGAATGGA,B
B4_c2,HMN83575,flu,B,B4_c2_AATCGGTAGCAGCCTC,B
B4_c2,HMN83566,flu,B,B4_c2_AATCGGTGTTGTACAC,B
B4_c2,HMN83566,flu,B,B4_c2_ACCAGTACATGCAACT,B
B4_c2,HMN83563,flu,B,B4_c2_ACGAGGAAGTAGGTGC,B
B4_c2,,,B,B4_c2_ACGTCAAGTGAGCGAT,B
B4_c2,,,B,B4_c2_ACTTTCACACAAGACG,B
B4_c2,HMN83566,flu,B,B4_c2_AGATCTGGTCATGCCG,B
B4_c2,HMN83566,flu,B,B4_c2_AGCTCCTAGAAACCAT,B
B4_c2,,,B,B4_c2_AGCTCCTGTGCACCAC,B
B4_c2,HMN83563,flu,B,B4_c2_AGCTCTCTCCTGTACC,B
B4_c2,HMN83566,flu,B,B4_c2_AGGGATGTCTATCCTA,B
B4_c2,HMN83575,flu,B,B4_c2_AGTGTCACACGTTGGC,B
B4_c2,,,B,B4_c2_ATGGGAGAGTACACCT,B
B4_c2,HMN83575,flu,B,B4_c2_ATGGGAGGTCAAGCGA,B
B4_c2,HMN83575,flu,B,B4_c2_ATTATCCCAGGTCCAC,B
B4_c2,HMN83563,flu,B,B4_c2_ATTGGTGAGCCAGGAT,B
B4_c2,,,B,B4_c2_ATTTCTGCACTACAGT,B
B4_c2,HMN83563,flu,B,B4_c2_ATTTCTGTCTAACTCT,B
B4_c2,HMN83563,flu,B,B4_c2_CAAGTTGGTACCGTTA,B
B4_c2,HMN83563,flu,B,B4_c2_CACACCTGTACATCCA,B
B4_c2,HMN83571,NI,B,B4_c2_CACAGTATCTACTATC,B
B4_c2,HMN83566,flu,B,B4_c2_CACCAGGAGACTTGAA,B
B4_c2,HMN83566,flu,B,B4_c2_CAGAATCGTCAGAGGT,B
B4_c2,,,B,B4_c2_CAGAGAGAGACTAGAT,B
B4_c2,,,B,B4_c2_CAGCATAAGATGGCGT,B
B4_c2,,,B,B4_c2_CAGCTGGTCCTCAACC,B
B4_c2,,,B,B4_c2_CATATTCGTCTTGCGG,B
B4_c2,,,B,B4_c2_CATCCACAGTTGAGTA,B
B4_c2,,,B,B4_c2_CATCGGGAGCCGATTT,B
B4_c2,,,B,B4_c2_CCATGTCCACCTGGTG,B
B4_c2,,,B,B4_c2_CCGGGATGTCTAAACC,B
B4_c2,,,B,B4_c2_CCGGTAGCAATAGCAA,B
B4_c2,,,B,B4_c2_CCGTTCAGTACACCGC,B
B4_c2,HMN83563,flu,B,B4_c2_CGCGGTATCTCCAACC,B
B4_c2,HMN83575,flu,B,B4_c2_CGTAGGCTCAGTACGT,B
B4_c2,,,B,B4_c2_CGTCTACTCAATCACG,B
B4_c2,HMN83566,flu,B,B4_c2_CTACATTAGACAATAC,B
B4_c2,HMN83566,flu,B,B4_c2_CTACCCAGTACCGAGA,B
B4_c2,,,B,B4_c2_CTAGAGTCATGCCTAA,B
B4_c2,HMN83566,flu,B,B4_c2_CTCATTAAGCCACTAT,B
B4_c2,HMN83566,flu,B,B4_c2_CTCGAAAGTTCGTGAT,B
B4_c2,,,B,B4_c2_CTCGGAGCAGTATAAG,B
B4_c2,,,B,B4_c2_CTCTAATCAATTCCTT,B
B4_c2,,,B,B4_c2_CTCTACGCATCGATGT,B
B4_c2,,,B,B4_c2_CTGATAGTCTGCGACG,B
B4_c2,,,B,B4_c2_CTGCTGTGTCGTCTTC,B
B4_c2,HMN83563,flu,B,B4_c2_CTTAGGACATTTCAGG,B
B4_c2,HMN83563,flu,B,B4_c2_GAAATGAAGGTCGGAT,B
B4_c2,,,B,B4_c2_GAACCTATCGCGTTTC,B
B4_c2,HMN83575,flu,B,B4_c2_GAATGAATCATAAAGG,B
B4_c2,HMN83563,flu,B,B4_c2_GACACGCCACTGCCAG,B
B4_c2,,,B,B4_c2_GACCTGGGTCTACCTC,B
B4_c2,,,B,B4_c2_GACGTGCCACACCGAC,B
B4_c2,HMN83566,flu,B,B4_c2_GACTAACCATGTCGAT,B
B4_c2,HMN83575,flu,B,B4_c2_GATCGATTCGCCTGAG,B
B4_c2,,,B,B4_c2_GATCTAGAGATGTCGG,B
B4_c2,,,B,B4_c2_GCAGCCAGTGATGTCT,B
B4_c2,HMN83566,flu,B,B4_c2_GCAGCCATCAGGTTCA,B
B4_c2,,,B,B4_c2_GCATGTAAGTTAAGTG,B
B4_c2,HMN83563,flu,B,B4_c2_GCCTCTAAGCGATTCT,B
B4_c2,HMN83575,flu,B,B4_c2_GCGAGAAGTTCAGACT,B
B4_c2,,,B,B4_c2_GGAGCAAAGCGACGTA,B
B4_c2,,,B,B4_c2_GGAGCAATCCAAATGC,B
B4_c2,,,B,B4_c2_GGCAATTCACTAGTAC,B
B4_c2,,,B,B4_c2_GGCCGATGTCAAACTC,B
B4_c2,,,B,B4_c2_GGCCGATGTTACGGAG,B
B4_c2,,,B,B4_c2_GGCTGGTTCCGGGTGT,B
B4_c2,HMN83566,flu,B,B4_c2_GGGAATGTCCCTAACC,B
B4_c2,HMN83575,flu,B,B4_c2_GGGTCTGGTCCGTCAG,B
B4_c2,,,B,B4_c2_GGGTCTGTCTGCAAGT,B
B4_c2,HMN83566,flu,B,B4_c2_GTAACTGTCTTGTCAT,B
B4_c2,,,B,B4_c2_GTACTCCAGAGTGAGA,B
B4_c2,,,B,B4_c2_GTATTCTAGTGAAGAG,B
B4_c2,HMN83563,flu,B,B4_c2_GTCACGGCAGGCTGAA,B
B4_c2,HMN83563,flu,B,B4_c2_GTCGGGTCAATCGGTT,B
B4_c2,,,B,B4_c2_TAAACCGGTGCACCAC,B
B4_c2,,,B,B4_c2_TAAACCGGTTACTGAC,B
B4_c2,,,B,B4_c2_TACCTATGTTGTACAC,B
B4_c2,,,B,B4_c2_TACGGGCAGTGTCCCG,B
B4_c2,,,B,B4_c2_TAGGCATAGAGGACGG,B
B4_c2,,,B,B4_c2_TAGGCATGTGGTGTAG,B
B4_c2,HMN83566,flu,B,B4_c2_TATCAGGGTAGCTGCC,B
B4_c2,HMN83575,flu,B,B4_c2_TATCTCACATCGTCGG,B
B4_c2,HMN83566,flu,B,B4_c2_TCACAAGTCGGTCCGA,B
B4_c2,,,B,B4_c2_TCACGAAGTAGGCTGA,B
B4_c2,HMN83566,flu,B,B4_c2_TCAGGTACAATGGACG,B
B4_c2,HMN83575,flu,B,B4_c2_TCATTACCACCTGGTG,B
B4_c2,,,B,B4_c2_TCCCGATTCTCCTATA,B
B4_c2,,,B,B4_c2_TCGCGTTTCGCATGAT,B
B4_c2,HMN83575,flu,B,B4_c2_TCGGGACTCGTGGGAA,B
B4_c2,,,B,B4_c2_TCGGTAAGTGGTCTCG,B
B4_c2,HMN83563,flu,B,B4_c2_TCGGTAATCGACCAGC,B
B4_c2,,,B,B4_c2_TGACAACGTACCGAGA,B
B4_c2,HMN83575,flu,B,B4_c2_TGACGGCCAGCGATCC,B
B4_c2,HMN83575,flu,B,B4_c2_TGACTAGTCAGTGCAT,B
B4_c2,,,B,B4_c2_TGACTTTCACAGATTC,B
B4_c2,,,B,B4_c2_TGACTTTTCGGCTACG,B
B4_c2,,,B,B4_c2_TGAGCCGCACACGCTG,B
B4_c2,,,B,B4_c2_TGATTTCAGGCCCTTG,B
B4_c2,HMN83575,flu,B,B4_c2_TGCCAAACAAGGACTG,B
B4_c2,HMN83566,flu,B,B4_c2_TGCGTGGTCAGTCCCT,B
B4_c2,,,B,B4_c2_TGGCTGGTCGGACAAG,B
B4_c2,,,B,B4_c2_TGGGAAGGTCAAAGAT,B
B4_c2,HMN83566,flu,B,B4_c2_TGGTTCCGTAAGTTCC,B
B4_c2,HMN83575,flu,B,B4_c2_TGTATTCCAGCTGGCT,B
B4_c2,HMN83566,flu,B,B4_c2_TTAGGACTCGATGAGG,B
B4_c2,HMN83566,flu,B,B4_c2_TTCTACAAGTACGCCC,B
B4_c2,HMN83563,flu,B,B4_c2_TTGACTTGTCTCAACA,B
B4_c2,,,B,B4_c2_TTGGAACGTTGTACAC,B
B5_c1,HMN52532,flu,B,B5_c1_AAACGGGTCGCTAGCG,B
B5_c1,HMN52532,flu,B,B5_c1_AAAGATGGTCGATTGT,B
B5_c1,,,B,B5_c1_AAAGCAACAATGAAAC,B
B5_c1,,,B,B5_c1_AAAGCAACAATTCCTT,B
B5_c1,HMN83573,flu,B,B5_c1_AAAGTAGAGTACATGA,B
B5_c1,,,B,B5_c1_AAATGCCCATTACGAC,B
B5_c1,HMN83579,flu,B,B5_c1_AACTCCCAGTTACCCA,B
B5_c1,HMN52532,flu,B,B5_c1_AACTCCCAGTTAGGTA,B
B5_c1,HMN83573,flu,B,B5_c1_AAGGAGCAGCACGCCT,B
B5_c1,HMN52532,flu,B,B5_c1_AAGGAGCCACTGCCAG,B
B5_c1,HMN83579,flu,B,B5_c1_AAGGCAGTCAGGTAAA,B
B5_c1,HMN52532,flu,B,B5_c1_AAGGCAGTCGGTGTTA,B
B5_c1,HMN83573,flu,B,B5_c1_AAGGTTCCATCACAAC,B
B5_c1,,,B,B5_c1_AATCCAGAGGCGATAC,B
B5_c1,HMN83579,flu,B,B5_c1_ACACCAACATGCAATC,B
B5_c1,HMN83579,flu,B,B5_c1_ACACCCTTCCACGAAT,B
B5_c1,HMN83579,flu,B,B5_c1_ACACCGGTCAGTGTTG,B
B5_c1,,,B,B5_c1_ACACTGAAGACTACAA,B
B5_c1,HMN83579,flu,B,B5_c1_ACATACGGTTGTCTTT,B
B5_c1,HMN52532,flu,B,B5_c1_ACATGGTAGTGAACAT,B
B5_c1,HMN83573,flu,B,B5_c1_ACATGGTCAGTCGTGC,B
B5_c1,,,B,B5_c1_ACATGGTCATGCCTAA,B
B5_c1,HMN83573,flu,B,B5_c1_ACATGGTGTCCATCCT,B
B5_c1,,,B,B5_c1_ACCAGTAAGCCGTCGT,B
B5_c1,HMN83579,flu,B,B5_c1_ACCAGTATCTGAGTGT,B
B5_c1,HMN52532,flu,B,B5_c1_ACCGTAACATTCGACA,B
B5_c1,,,B,B5_c1_ACCGTAATCCAAATGC,B
B5_c1,HMN83579,flu,B,B5_c1_ACCTTTAAGAGACTTA,B
B5_c1,HMN52532,flu,B,B5_c1_ACCTTTATCGTCCGTT,B
B5_c1,HMN83579,flu,B,B5_c1_ACGAGGACAAACCCAT,B
B5_c1,HMN83573,flu,B,B5_c1_ACGATGTAGCTCAACT,B
B5_c1,HMN83573,flu,B,B5_c1_ACGATGTGTTTGCATG,B
B5_c1,,,B,B5_c1_ACGCAGCCACCAGCAC,B
B5_c1,,,B,B5_c1_ACGCCGAGTAGCGTCC,B
B5_c1,HMN52532,flu,B,B5_c1_ACGGAGAAGACCTAGG,B
B5_c1,HMN52532,flu,B,B5_c1_ACGGCCAGTTTGGCGC,B
B5_c1,,,B,B5_c1_ACGGGTCGTGGTCTCG,B
B5_c1,HMN83579,flu,B,B5_c1_ACTATCTAGACCCACC,B
B5_c1,HMN83579,flu,B,B5_c1_ACTATCTAGATCTGCT,B
B5_c1,,,B,B5_c1_ACTATCTCATCGGGTC,B
B5_c1,,,B,B5_c1_ACTGAACCAAAGGAAG,B
B5_c1,HMN83573,flu,B,B5_c1_ACTGATGGTGCCTGGT,B
B5_c1,HMN83579,flu,B,B5_c1_ACTGCTCTCATCGATG,B
B5_c1,,,B,B5_c1_ACTGCTCTCGAGGTAG,B
B5_c1,HMN83579,flu,B,B5_c1_ACTGTCCCAAGAGTCG,B
B5_c1,HMN83579,flu,B,B5_c1_ACTGTCCCACTGTGTA,B
B5_c1,HMN83573,flu,B,B5_c1_ACTGTCCGTGGTTTCA,B
B5_c1,,,B,B5_c1_AGAATAGAGTGGACGT,B
B5_c1,,,B,B5_c1_AGAATAGGTCTACCTC,B
B5_c1,HMN83573,flu,B,B5_c1_AGAATAGGTGCCTGCA,B
B5_c1,HMN52532,flu,B,B5_c1_AGAGCGATCCCTTGTG,B
B5_c1,,,B,B5_c1_AGAGTGGTCCCTCTTT,B
B5_c1,,,B,B5_c1_AGATTGCGTCATGCCG,B
B5_c1,HMN83579,flu,B,B5_c1_AGATTGCTCATGCAAC,B
B5_c1,HMN83579,flu,B,B5_c1_AGCGGTCCATGGGAAC,B
B5_c1,HMN83579,flu,B,B5_c1_AGCGGTCGTGCTTCTC,B
B5_c1,HMN83573,flu,B,B5_c1_AGCGTATCATTTCACT,B
B5_c1,HMN83579,flu,B,B5_c1_AGCGTCGGTCCCGACA,B
B5_c1,,,B,B5_c1_AGCTCCTAGCACGCCT,B
B5_c1,HMN83579,flu,B,B5_c1_AGCTCCTCATCCAACA,B
B5_c1,HMN83579,flu,B,B5_c1_AGCTCCTTCCGTTGCT,B
B5_c1,HMN83573,flu,B,B5_c1_AGCTCTCTCGTATCAG,B
B5_c1,,,B,B5_c1_AGGGAGTTCACATAGC,B
B5_c1,HMN83573,flu,B,B5_c1_AGGGTGAAGACAGGCT,B
B5_c1,HMN52532,flu,B,B5_c1_AGGTCATCATACAGCT,B
B5_c1,HMN52532,flu,B,B5_c1_AGTAGTCAGCCAGTTT,B
B5_c1,HMN52532,flu,B,B5_c1_AGTAGTCTCAGCTCTC,B
B5_c1,HMN83579,flu,B,B5_c1_AGTCTTTAGAAACCGC,B
B5_c1,,,B,B5_c1_AGTGAGGAGGCAGGTT,B
B5_c1,HMN83573,flu,B,B5_c1_AGTGAGGCACAGATTC,B
B5_c1,HMN83579,flu,B,B5_c1_AGTGTCAGTCGAGATG,B
B5_c1,HMN52532,flu,B,B5_c1_AGTTGGTCATATGCTG,B
B5_c1,HMN83579,flu,B,B5_c1_ATAACGCGTGAAGGCT,B
B5_c1,HMN83579,flu,B,B5_c1_ATAACGCTCGACCAGC,B
B5_c1,,,B,B5_c1_ATAGACCGTGTTGGGA,B
B5_c1,HMN83573,flu,B,B5_c1_ATCCACCGTTTGCATG,B
B5_c1,HMN83579,flu,B,B5_c1_ATCCGAATCCTAAGTG,B
B5_c1,,,B,B5_c1_ATCGAGTTCCAGTATG,B
B5_c1,HMN83573,flu,B,B5_c1_ATCTACTCAGTATCTG,B
B5_c1,HMN83579,flu,B,B5_c1_ATGAGGGAGAAACGCC,B
B5_c1,,,B,B5_c1_ATTGGACAGTGTGGCA,B
B5_c1,,,B,B5_c1_ATTGGACCACCAACCG,B
B5_c1,HMN52532,flu,B,B5_c1_CAACCAAAGTGTACTC,B
B5_c1,HMN52532,flu,B,B5_c1_CAAGGCCAGACCTTTG,B
B5_c1,HMN83573,flu,B,B5_c1_CAAGGCCGTCACTGGC,B
B5_c1,HMN83573,flu,B,B5_c1_CAAGGCCTCATATCGG,B
B5_c1,HMN83579,flu,B,B5_c1_CACAAACGTAGAGGAA,B
B5_c1,,,B,B5_c1_CACAAACTCCGCTGTT,B
B5_c1,HMN52532,flu,B,B5_c1_CACACAAAGGGATCTG,B
B5_c1,HMN83573,flu,B,B5_c1_CACACCTCAAGGACAC,B
B5_c1,HMN83579,flu,B,B5_c1_CACACCTCACCGCTAG,B
B5_c1,HMN52532,flu,B,B5_c1_CACACTCGTCTCTCGT,B
B5_c1,,,B,B5_c1_CACAGTACATTCCTGC,B
B5_c1,,,B,B5_c1_CACATTTCAGATCTGT,B
B5_c1,HMN83573,flu,B,B5_c1_CACCACTGTAAGAGAG,B
B5_c1,,,B,B5_c1_CACCAGGAGAGATGAG,B
B5_c1,,,B,B5_c1_CACCAGGGTTCGTCTC,B
B5_c1,HMN83579,flu,B,B5_c1_CACCAGGTCGCTTAGA,B
B5_c1,,,B,B5_c1_CACCTTGTCTATCCCG,B
B5_c1,HMN83579,flu,B,B5_c1_CAGAATCAGCTAGTTC,B
B5_c1,HMN83573,flu,B,B5_c1_CAGAGAGTCGGTTCGG,B
B5_c1,HMN52532,flu,B,B5_c1_CAGCAGCAGAGGTAGA,B
B5_c1,HMN52532,flu,B,B5_c1_CAGCAGCAGTTGTAGA,B
B5_c1,HMN52532,flu,B,B5_c1_CAGCAGCCAGGTGGAT,B
B5_c1,,,B,B5_c1_CAGCAGCGTGAGTATA,B
B5_c1,,,B,B5_c1_CAGCATATCAACACAC,B
B5_c1,HMN52532,flu,B,B5_c1_CAGCATATCCAAAGTC,B
B5_c1,HMN52532,flu,B,B5_c1_CAGCCGAGTCGTGGCT,B
B5_c1,,,B,B5_c1_CAGCTAAGTACCATCA,B
B5_c1,HMN83579,flu,B,B5_c1_CAGCTAAGTTGTGGCC,B
B5_c1,,,B,B5_c1_CAGCTGGAGCGATTCT,B
B5_c1,HMN52532,flu,B,B5_c1_CAGTAACCAGTAAGAT,B
B5_c1,HMN52532,flu,B,B5_c1_CAGTAACGTTCTCATT,B
B5_c1,,,B,B5_c1_CATATTCAGAGTCTGG,B
B5_c1,HMN52532,flu,B,B5_c1_CATATTCCAGTAAGCG,B
B5_c1,HMN83579,flu,B,B5_c1_CATCAGAAGTTCGCAT,B
B5_c1,HMN83579,flu,B,B5_c1_CATCGAATCCTAGGGC,B
B5_c1,,,B,B5_c1_CATCGGGAGTTAGCGG,B
B5_c1,HMN83579,flu,B,B5_c1_CATGACAGTACTCGCG,B
B5_c1,HMN83573,flu,B,B5_c1_CATGGCGGTAGCTGCC,B
B5_c1,HMN83579,flu,B,B5_c1_CATTATCAGACGCAAC,B
B5_c1,HMN83579,flu,B,B5_c1_CATTCGCCAAGACACG,B
B5_c1,HMN52532,flu,B,B5_c1_CATTCGCTCAACACAC,B
B5_c1,HMN83573,flu,B,B5_c1_CCATGTCAGCCACGCT,B
B5_c1,HMN52532,flu,B,B5_c1_CCATGTCGTCGCGGTT,B
B5_c1,HMN83573,flu,B,B5_c1_CCATGTCGTTCACGGC,B
B5_c1,HMN52532,flu,B,B5_c1_CCATTCGAGTTCGATC,B
B5_c1,HMN52532,flu,B,B5_c1_CCCAATCGTCGTGGCT,B
B5_c1,HMN83579,flu,B,B5_c1_CCCAATCTCCTTTCGG,B
B5_c1,,,B,B5_c1_CCCATACTCCTCAACC,B
B5_c1,,,B,B5_c1_CCCATACTCTGAGTGT,B
B5_c1,HMN52532,flu,B,B5_c1_CCGGGATGTAGCTAAA,B
B5_c1,HMN83579,flu,B,B5_c1_CCGGGATGTGATGCCC,B
B5_c1,HMN52532,flu,B,B5_c1_CCGGTAGCATACTCTT,B
B5_c1,HMN83573,flu,B,B5_c1_CCGTACTCATCGGAAG,B
B5_c1,,,B,B5_c1_CCTACACGTTATGCGT,B
B5_c1,,,B,B5_c1_CCTACCATCGTCCAGG,B
B5_c1,HMN83579,flu,B,B5_c1_CCTATTATCGGCATCG,B
B5_c1,HMN83579,flu,B,B5_c1_CCTCAGTGTCACCCAG,B
B5_c1,,,B,B5_c1_CCTCAGTTCTGTCCGT,B
B5_c1,HMN83573,flu,B,B5_c1_CCTCTGAAGAAGGTTT,B
B5_c1,HMN83579,flu,B,B5_c1_CCTTACGGTTGTTTGG,B
B5_c1,HMN83579,flu,B,B5_c1_CCTTCCCAGCGATATA,B
B5_c1,,,B,B5_c1_CCTTCCCTCACAGGCC,B
B5_c1,,,B,B5_c1_CGACTTCCACCTTGTC,B
B5_c1,HMN52532,flu,B,B5_c1_CGAGCACAGGCAAAGA,B
B5_c1,HMN83579,flu,B,B5_c1_CGAGCCATCTATGTGG,B
B5_c1,HMN83579,flu,B,B5_c1_CGATCGGTCAATAAGG,B
B5_c1,HMN52532,flu,B,B5_c1_CGATGGCTCACTGGGC,B
B5_c1,HMN83573,flu,B,B5_c1_CGATGTACAGTTTACG,B
B5_c1,HMN83579,flu,B,B5_c1_CGATGTAGTTGTACAC,B
B5_c1,,,B,B5_c1_CGCCAAGGTCCTCTTG,B
B5_c1,HMN83579,flu,B,B5_c1_CGCCAAGGTCTTGATG,B
B5_c1,HMN83579,flu,B,B5_c1_CGCGTTTGTGCCTGGT,B
B5_c1,HMN83573,flu,B,B5_c1_CGCTATCAGGGTCTCC,B
B5_c1,HMN52532,flu,B,B5_c1_CGCTGGACATCCTAGA,B
B5_c1,,,B,B5_c1_CGGACACTCTAGCACA,B
B5_c1,HMN52532,flu,B,B5_c1_CGGACGTCAAGTTCTG,B
B5_c1,HMN83579,flu,B,B5_c1_CGGACGTCAATAGCAA,B
B5_c1,HMN52532,flu,B,B5_c1_CGGACTGGTACCGCTG,B
B5_c1,HMN83573,flu,B,B5_c1_CGGCTAGAGGGTCGAT,B
B5_c1,HMN83579,flu,B,B5_c1_CGTAGGCAGGGCACTA,B
B5_c1,HMN83579,flu,B,B5_c1_CGTAGGCAGTGCAAGC,B
B5_c1,HMN83573,flu,B,B5_c1_CGTAGGCGTCAACTGT,B
B5_c1,HMN52532,flu,B,B5_c1_CGTCACTCATGCTGGC,B
B5_c1,HMN52532,flu,B,B5_c1_CGTCACTGTTATCCGA,B
B5_c1,HMN52532,flu,B,B5_c1_CGTCAGGGTGAACCTT,B
B5_c1,HMN52532,flu,B,B5_c1_CGTCTACCATTTGCCC,B
B5_c1,HMN83573,flu,B,B5_c1_CGTGAGCAGTGTACTC,B
B5_c1,HMN52532,flu,B,B5_c1_CGTGAGCTCACCCTCA,B
B5_c1,,,B,B5_c1_CGTGTAACAGTACACT,B
B5_c1,HMN83573,flu,B,B5_c1_CGTGTCTCAACTGGCC,B
B5_c1,HMN83573,flu,B,B5_c1_CGTTAGACAGCCTATA,B
B5_c1,HMN83579,flu,B,B5_c1_CGTTAGAGTCACAAGG,B
B5_c1,HMN83579,flu,B,B5_c1_CGTTAGAGTGTTTGTG,B
B5_c1,HMN52532,flu,B,B5_c1_CTAACTTGTTGATTGC,B
B5_c1,,,B,B5_c1_CTAATGGTCGGTGTCG,B
B5_c1,HMN52532,flu,B,B5_c1_CTACCCAGTTGGTTTG,B
B5_c1,HMN52532,flu,B,B5_c1_CTACGTCCAGCGAACA,B
B5_c1,,,B,B5_c1_CTACGTCCATCCTTGC,B
B5_c1,HMN83573,flu,B,B5_c1_CTACGTCGTGTCAATC,B
B5_c1,HMN52532,flu,B,B5_c1_CTAGTGACATCGGGTC,B
B5_c1,HMN52532,flu,B,B5_c1_CTCACACAGATCCGAG,B
B5_c1,HMN83579,flu,B,B5_c1_CTCACACCAGCTGCTG,B
B5_c1,,,B,B5_c1_CTCATTATCATCACCC,B
B5_c1,HMN83579,flu,B,B5_c1_CTCCTAGTCAAGCCTA,B
B5_c1,HMN83579,flu,B,B5_c1_CTCCTAGTCACATGCA,B
B5_c1,HMN83579,flu,B,B5_c1_CTCGAAACACCCATTC,B
B5_c1,HMN83579,flu,B,B5_c1_CTCGAGGAGCTCCCAG,B
B5_c1,HMN83573,flu,B,B5_c1_CTCGAGGGTCATTAGC,B
B5_c1,HMN83573,flu,B,B5_c1_CTCGGAGAGAGTACCG,B
B5_c1,HMN83573,flu,B,B5_c1_CTCGGAGAGATGAGAG,B
B5_c1,HMN52532,flu,B,B5_c1_CTCGGAGCAATAACGA,B
B5_c1,HMN52532,flu,B,B5_c1_CTCGTACTCCAAAGTC,B
B5_c1,HMN83573,flu,B,B5_c1_CTCGTACTCCTTTACA,B
B5_c1,HMN83579,flu,B,B5_c1_CTCTACGCAGCGTAAG,B
B5_c1,HMN83579,flu,B,B5_c1_CTCTGGTAGATGTGGC,B
B5_c1,,,B,B5_c1_CTCTGGTGTCGGCTCA,B
B5_c1,HMN52532,flu,B,B5_c1_CTGAAACCATTCGACA,B
B5_c1,HMN83579,flu,B,B5_c1_CTGATAGCACCGTTGG,B
B5_c1,,,B,B5_c1_CTGCCTAGTAAATGTG,B
B5_c1,HMN52532,flu,B,B5_c1_CTGCCTATCACCAGGC,B
B5_c1,HMN83573,flu,B,B5_c1_CTGCCTATCCAGAGGA,B
B5_c1,HMN83579,flu,B,B5_c1_CTTAACTTCATGGTCA,B
B5_c1,,,B,B5_c1_CTTACCGCAGCGTAAG,B
B5_c1,HMN83573,flu,B,B5_c1_CTTACCGCATGGTAGG,B
B5_c1,HMN52532,flu,B,B5_c1_CTTAGGACAAGCCGCT,B
B5_c1,HMN83579,flu,B,B5_c1_CTTAGGAGTCTCCCTA,B
B5_c1,,,B,B5_c1_CTTCTCTGTACGACCC,B
B5_c1,HMN52532,flu,B,B5_c1_CTTGGCTAGGAGTTGC,B
B5_c1,HMN52532,flu,B,B5_c1_CTTGGCTAGGAGTTTA,B
B5_c1,HMN52532,flu,B,B5_c1_CTTTGCGTCGGAGGTA,B
B5_c1,HMN83579,flu,B,B5_c1_GAAATGACATCCGGGT,B
B5_c1,HMN52532,flu,B,B5_c1_GAACATCAGTTAGCGG,B
B5_c1,HMN52532,flu,B,B5_c1_GAACCTATCAATACCG,B
B5_c1,HMN83579,flu,B,B5_c1_GAATGAATCCCTGACT,B
B5_c1,HMN52532,flu,B,B5_c1_GAATGAATCTGGAGCC,B
B5_c1,HMN83573,flu,B,B5_c1_GACACGCGTCATACTG,B
B5_c1,,,B,B5_c1_GACCAATTCAATCACG,B
B5_c1,HMN83579,flu,B,B5_c1_GACGTGCAGTATCGAA,B
B5_c1,,,B,B5_c1_GACTACATCGGATGGA,B
B5_c1,HMN52532,flu,B,B5_c1_GACTGCGCAGATTGCT,B
B5_c1,HMN83573,flu,B,B5_c1_GACTGCGCAGGTCGTC,B
B5_c1,,,B,B5_c1_GAGGTGAAGTACACCT,B
B5_c1,HMN52532,flu,B,B5_c1_GAGGTGAGTTCACGGC,B
B5_c1,HMN52532,flu,B,B5_c1_GAGTCCGCAATAGCGG,B
B5_c1,HMN52532,flu,B,B5_c1_GATCGATTCAACACAC,B
B5_c1,HMN52532,flu,B,B5_c1_GATCGTAAGATAGCAT,B
B5_c1,HMN52532,flu,B,B5_c1_GATGAAAAGGGTTCCC,B
B5_c1,,,B,B5_c1_GATGAAATCGAACTGT,B
B5_c1,,,B,B5_c1_GATGCTAGTGCACTTA,B
B5_c1,HMN83573,flu,B,B5_c1_GCAATCAGTGGAAAGA,B
B5_c1,HMN52532,flu,B,B5_c1_GCACTCTGTAACGTTC,B
B5_c1,HMN52532,flu,B,B5_c1_GCAGTTAGTTGTGGCC,B
B5_c1,HMN52532,flu,B,B5_c1_GCATACAAGCTACCGC,B
B5_c1,HMN83579,flu,B,B5_c1_GCATGCGGTCCGACGT,B
B5_c1,HMN83573,flu,B,B5_c1_GCATGTATCTACTCAT,B
B5_c1,HMN52532,flu,B,B5_c1_GCCAAATTCCTGCCAT,B
B5_c1,HMN52532,flu,B,B5_c1_GCCTCTATCCTGCCAT,B
B5_c1,HMN83573,flu,B,B5_c1_GCGACCAAGTGGACGT,B
B5_c1,,,B,B5_c1_GCGCAACAGGACAGAA,B
B5_c1,HMN83579,flu,B,B5_c1_GCGCAGTTCCTTCAAT,B
B5_c1,HMN83579,flu,B,B5_c1_GCTCCTATCACCCGAG,B
B5_c1,,,B,B5_c1_GCTGCAGTCCTAGAAC,B
B5_c1,HMN52532,flu,B,B5_c1_GCTGCAGTCGATCCCT,B
B5_c1,HMN83573,flu,B,B5_c1_GCTGCGAGTAAGTAGT,B
B5_c1,HMN52532,flu,B,B5_c1_GCTGCGAGTTTCCACC,B
B5_c1,HMN83573,flu,B,B5_c1_GCTGCTTCACCAGGCT,B
B5_c1,HMN52532,flu,B,B5_c1_GCTGCTTTCCAAACAC,B
B5_c1,HMN83579,flu,B,B5_c1_GCTGGGTGTTGTCTTT,B
B5_c1,,,B,B5_c1_GCTGGGTTCAACCAAC,B
B5_c1,HMN83579,flu,B,B5_c1_GCTTCCAAGTGTACGG,B
B5_c1,HMN52532,flu,B,B5_c1_GCTTCCAGTCGCATCG,B
B5_c1,HMN83579,flu,B,B5_c1_GCTTGAATCGTCGTTC,B
B5_c1,HMN83579,flu,B,B5_c1_GGAACTTGTGTAATGA,B
B5_c1,,,B,B5_c1_GGAATAATCCACGACG,B
B5_c1,HMN83573,flu,B,B5_c1_GGACAAGCAGTAGAGC,B
B5_c1,HMN83579,flu,B,B5_c1_GGACAAGTCAACGCTA,B
B5_c1,HMN52532,flu,B,B5_c1_GGACAGAGTGTTCGAT,B
B5_c1,HMN83579,flu,B,B5_c1_GGACATTTCAGATAAG,B
B5_c1,HMN83573,flu,B,B5_c1_GGATTACAGAATTCCC,B
B5_c1,HMN83573,flu,B,B5_c1_GGATTACAGGGTATCG,B
B5_c1,HMN83579,flu,B,B5_c1_GGATTACAGTTGAGTA,B
B5_c1,HMN52532,flu,B,B5_c1_GGCCGATAGCAATATG,B
B5_c1,HMN52532,flu,B,B5_c1_GGCCGATCACGGCCAT,B
B5_c1,HMN52532,flu,B,B5_c1_GGCTCGAAGAAGGCCT,B
B5_c1,HMN52532,flu,B,B5_c1_GGGAATGCAACTTGAC,B
B5_c1,HMN52532,flu,B,B5_c1_GGGACCTAGAGGTTGC,B
B5_c1,HMN52532,flu,B,B5_c1_GGGAGATGTATCGCAT,B
B5_c1,HMN83573,flu,B,B5_c1_GGGAGATTCTGACCTC,B
B5_c1,HMN83579,flu,B,B5_c1_GGGATGAAGGTAGCCA,B
B5_c1,HMN83573,flu,B,B5_c1_GGGATGAAGTTACCCA,B
B5_c1,HMN83573,flu,B,B5_c1_GGGATGACACATTAGC,B
B5_c1,HMN83579,flu,B,B5_c1_GGGATGACAGCTGCTG,B
B5_c1,HMN52532,flu,B,B5_c1_GGGCATCAGTACGCGA,B
B5_c1,HMN52532,flu,B,B5_c1_GGGTCTGAGCTAGCCC,B
B5_c1,HMN52532,flu,B,B5_c1_GGGTCTGTCTAGCACA,B
B5_c1,HMN83573,flu,B,B5_c1_GGTATTGAGGGCACTA,B
B5_c1,HMN83579,flu,B,B5_c1_GGTATTGCAAACCTAC,B
B5_c1,HMN83579,flu,B,B5_c1_GGTGAAGCAACCGCCA,B
B5_c1,HMN83573,flu,B,B5_c1_GGTGCGTAGTTGAGTA,B
B5_c1,HMN83573,flu,B,B5_c1_GGTGTTACAGCCTATA,B
B5_c1,HMN83573,flu,B,B5_c1_GTACTTTCAGTCGTGC,B
B5_c1,HMN83573,flu,B,B5_c1_GTAGGCCTCCGCTGTT,B
B5_c1,,,B,B5_c1_GTAGGCCTCTATCCCG,B
B5_c1,,,B,B5_c1_GTAGTCACATGCCTTC,B
B5_c1,HMN52532,flu,B,B5_c1_GTATCTTAGAAGGGTA,B
B5_c1,,,B,B5_c1_GTCACAAAGATACACA,B
B5_c1,HMN52532,flu,B,B5_c1_GTCATTTCATATGCTG,B
B5_c1,,,B,B5_c1_GTCCTCAAGCGTTGCC,B
B5_c1,,,B,B5_c1_GTCCTCAAGTTAGGTA,B
B5_c1,HMN83573,flu,B,B5_c1_GTCCTCAGTACGCTGC,B
B5_c1,HMN52532,flu,B,B5_c1_GTCCTCATCGCCTGTT,B
B5_c1,,,B,B5_c1_GTCTTCGCATCTATGG,B
B5_c1,HMN52532,flu,B,B5_c1_GTGCATATCCTTTCGG,B
B5_c1,HMN83573,flu,B,B5_c1_GTGCTTCTCAGCATGT,B
B5_c1,HMN83579,flu,B,B5_c1_GTTACAGAGATAGCAT,B
B5_c1,HMN83579,flu,B,B5_c1_GTTACAGAGTTTGCGT,B
B5_c1,HMN83579,flu,B,B5_c1_GTTCATTCAAGGTTTC,B
B5_c1,HMN83579,flu,B,B5_c1_GTTCTCGAGTCATGCT,B
B5_c1,HMN52532,flu,B,B5_c1_GTTTCTACAATAAGCA,B
B5_c1,HMN52532,flu,B,B5_c1_TAAACCGCAAGCCCAC,B
B5_c1,HMN83579,flu,B,B5_c1_TAAGAGATCCAATGGT,B
B5_c1,HMN52532,flu,B,B5_c1_TAAGCGTGTCATACTG,B
B5_c1,HMN83573,flu,B,B5_c1_TAAGTGCGTACCGTAT,B
B5_c1,HMN83579,flu,B,B5_c1_TAAGTGCTCTCTGAGA,B
B5_c1,HMN52532,flu,B,B5_c1_TACAGTGCATGGAATA,B
B5_c1,,,B,B5_c1_TACAGTGGTCCGAATT,B
B5_c1,HMN83579,flu,B,B5_c1_TACCTATGTTACGACT,B
B5_c1,,,B,B5_c1_TACCTTAAGTTATCGC,B
B5_c1,,,B,B5_c1_TACGGATTCGGAGCAA,B
B5_c1,HMN52532,flu,B,B5_c1_TACGGGCCATTGGCGC,B
B5_c1,HMN52532,flu,B,B5_c1_TACGGGCGTCTGGAGA,B
B5_c1,HMN83579,flu,B,B5_c1_TACGGGCTCCTAGGGC,B
B5_c1,HMN52532,flu,B,B5_c1_TACTCATAGTTAACGA,B
B5_c1,HMN52532,flu,B,B5_c1_TAGACCAAGGCCCGTT,B
B5_c1,HMN83573,flu,B,B5_c1_TAGCCGGTCCTCTAGC,B
B5_c1,HMN83573,flu,B,B5_c1_TAGTGGTCAGCTATTG,B
B5_c1,,,B,B5_c1_TAGTGGTGTGTCAATC,B
B5_c1,HMN83579,flu,B,B5_c1_TATCTCAGTAATAGCA,B
B5_c1,HMN52532,flu,B,B5_c1_TATGCCCCACACTGCG,B
B5_c1,HMN83579,flu,B,B5_c1_TCAATCTTCCCATTAT,B
B5_c1,,,B,B5_c1_TCAGATGGTGCAACGA,B
B5_c1,,,B,B5_c1_TCAGATGTCAAACCGT,B
B5_c1,,,B,B5_c1_TCAGCTCTCGGGAGTA,B
B5_c1,HMN52532,flu,B,B5_c1_TCAGGATAGGATTCGG,B
B5_c1,HMN83579,flu,B,B5_c1_TCAGGTATCACTTACT,B
B5_c1,HMN83573,flu,B,B5_c1_TCATTACCACCTGGTG,B
B5_c1,HMN83573,flu,B,B5_c1_TCATTTGCAGTCAGAG,B
B5_c1,HMN52532,flu,B,B5_c1_TCATTTGCAGTCAGCC,B
B5_c1,HMN83573,flu,B,B5_c1_TCCACACTCACTCTTA,B
B5_c1,HMN83579,flu,B,B5_c1_TCCACACTCCAAGCCG,B
B5_c1,,,B,B5_c1_TCGAGGCAGTTTCCTT,B
B5_c1,,,B,B5_c1_TCGCGAGAGAGCTATA,B
B5_c1,HMN52532,flu,B,B5_c1_TCGCGAGTCACGGTTA,B
B5_c1,,,B,B5_c1_TCGCGTTAGCTAAACA,B
B5_c1,HMN83573,flu,B,B5_c1_TCGGTAAGTAGCCTCG,B
B5_c1,,,B,B5_c1_TCGGTAAGTCGCATAT,B
B5_c1,HMN83579,flu,B,B5_c1_TCGGTAATCATCGGAT,B
B5_c1,HMN83579,flu,B,B5_c1_TCGGTAATCGCAAACT,B
B5_c1,HMN52532,flu,B,B5_c1_TCGTACCCAGTAGAGC,B
B5_c1,,,B,B5_c1_TCTGAGAAGTGTGAAT,B
B5_c1,HMN83573,flu,B,B5_c1_TCTGGAACATATACGC,B
B5_c1,HMN52532,flu,B,B5_c1_TCTTCGGTCGATAGAA,B
B5_c1,,,B,B5_c1_TCTTTCCAGTGTCTCA,B
B5_c1,,,B,B5_c1_TGAAAGAAGCAATCTC,B
B5_c1,HMN83579,flu,B,B5_c1_TGAAAGATCACCATAG,B
B5_c1,HMN83579,flu,B,B5_c1_TGAGCATAGCGGCTTC,B
B5_c1,HMN83579,flu,B,B5_c1_TGAGCCGGTTTAGCTG,B
B5_c1,HMN83573,flu,B,B5_c1_TGAGGGAAGATGTGTA,B
B5_c1,HMN52532,flu,B,B5_c1_TGAGGGAAGGTTCCTA,B
B5_c1,HMN52532,flu,B,B5_c1_TGCCCTACAAAGAATC,B
B5_c1,HMN83579,flu,B,B5_c1_TGCTACCCATACGCTA,B
B5_c1,,,B,B5_c1_TGCTGCTAGATCTGCT,B
B5_c1,,,B,B5_c1_TGGACGCCAGGTTTCA,B
B5_c1,HMN52532,flu,B,B5_c1_TGGACGCGTGGTGTAG,B
B5_c1,,,B,B5_c1_TGGTTCCGTGCATCTA,B
B5_c1,HMN52532,flu,B,B5_c1_TGTATTCAGGTGACCA,B
B5_c1,HMN83573,flu,B,B5_c1_TGTCCCAGTACTCGCG,B
B5_c1,HMN83573,flu,B,B5_c1_TGTGGTACAGCCTTTC,B
B5_c1,HMN83579,flu,B,B5_c1_TGTTCCGCACCGAAAG,B
B5_c1,HMN83579,flu,B,B5_c1_TGTTCCGGTGCAACTT,B
B5_c1,HMN83579,flu,B,B5_c1_TTAACTCGTTAAAGTG,B
B5_c1,HMN83579,flu,B,B5_c1_TTAACTCTCTCGATGA,B
B5_c1,HMN52532,flu,B,B5_c1_TTAGGACTCTTTAGGG,B
B5_c1,,,B,B5_c1_TTATGCTAGTGTCCCG,B
B5_c1,HMN83579,flu,B,B5_c1_TTCCCAGAGCTCCTCT,B
B5_c1,HMN83573,flu,B,B5_c1_TTCCCAGGTCATTAGC,B
B5_c1,HMN83573,flu,B,B5_c1_TTCGAAGCACTATCTT,B
B5_c1,,,B,B5_c1_TTCTCCTAGGCGCTCT,B
B5_c1,HMN52532,flu,B,B5_c1_TTGAACGCATCCCATC,B
B5_c1,HMN52532,flu,B,B5_c1_TTGCCGTTCTTTCCTC,B
B5_c1,,,B,B5_c1_TTGCGTCAGCCACGCT,B
B5_c1,HMN83573,flu,B,B5_c1_TTGGAACAGCTAACTC,B
B5_c1,HMN52532,flu,B,B5_c1_TTGGCAAAGTGTGGCA,B
B5_c1,HMN83573,flu,B,B5_c1_TTTCCTCGTGACGGTA,B
B5_c1,HMN83579,flu,B,B5_c1_TTTGTCACAGTTAACC,B
B5_c2,HMN83577,flu,B,B5_c2_AAAGATGTCGATCCCT,B
B5_c2,HMN83577,flu,B,B5_c2_AAATGCCCAGCGATCC,B
B5_c2,HMN83574,flu,B,B5_c2_AAATGCCGTCAGCTAT,B
B5_c2,HMN83574,flu,B,B5_c2_AACCATGAGCAGGCTA,B
B5_c2,HMN83577,flu,B,B5_c2_AACCATGAGCTCCTCT,B
B5_c2,,,B,B5_c2_AACGTTGAGCGTAGTG,B
B5_c2,,,B,B5_c2_AACGTTGAGGAGTAGA,B
B5_c2,HMN83577,flu,B,B5_c2_AACTCCCCAGTTCCCT,B
B5_c2,,,B,B5_c2_AACTCCCTCAGTTCGA,B
B5_c2,,,B,B5_c2_AACTCCCTCTCCGGTT,B
B5_c2,HMN83578,flu,B,B5_c2_AACTGGTTCATTGCCC,B
B5_c2,HMN83578,flu,B,B5_c2_AACTTTCGTCATGCAT,B
B5_c2,,,B,B5_c2_AAGGAGCCAAGCGAGT,B
B5_c2,HMN83574,flu,B,B5_c2_AAGGAGCTCGGCGGTT,B
B5_c2,,,B,B5_c2_AAGGCAGCAAGTTAAG,B
B5_c2,,,B,B5_c2_AAGGTTCAGCTACCGC,B
B5_c2,,,B,B5_c2_AAGGTTCGTAGGAGTC,B
B5_c2,HMN83577,flu,B,B5_c2_AAGTCTGAGCGTGAGT,B
B5_c2,HMN83577,flu,B,B5_c2_AAGTCTGGTAAGAGAG,B
B5_c2,HMN83574,flu,B,B5_c2_ACACCAAAGCTGTTCA,B
B5_c2,,,B,B5_c2_ACACCAAGTTAAGATG,B
B5_c2,HMN83577,flu,B,B5_c2_ACAGCTAAGACCGGAT,B
B5_c2,HMN83574,flu,B,B5_c2_ACATCAGAGTTAGCGG,B
B5_c2,HMN83574,flu,B,B5_c2_ACATGGTAGGCCCTTG,B
B5_c2,,,B,B5_c2_ACCGTAACATCACGAT,B
B5_c2,HMN83577,flu,B,B5_c2_ACCGTAAGTTTGTGTG,B
B5_c2,,,B,B5_c2_ACCGTAATCGACGGAA,B
B5_c2,HMN83577,flu,B,B5_c2_ACGAGGAGTGACTCAT,B
B5_c2,,,B,B5_c2_ACGATACAGATGCCAG,B
B5_c2,HMN83578,flu,B,B5_c2_ACGATGTGTGTGACCC,B
B5_c2,HMN83577,flu,B,B5_c2_ACGCCGACACCAGATT,B
B5_c2,HMN83577,flu,B,B5_c2_ACGGAGAAGACTTTCG,B
B5_c2,HMN83577,flu,B,B5_c2_ACGGCCAGTATATCCG,B
B5_c2,HMN83578,flu,B,B5_c2_ACGGCCAGTCCATCCT,B
B5_c2,HMN83574,flu,B,B5_c2_ACGGGTCGTTCAGACT,B
B5_c2,HMN83578,flu,B,B5_c2_ACGTCAATCTCTGCTG,B
B5_c2,,,B,B5_c2_ACTGATGTCACTTACT,B
B5_c2,,,B,B5_c2_ACTGATGTCCAAACTG,B
B5_c2,HMN83577,flu,B,B5_c2_ACTGCTCAGCTGGAAC,B
B5_c2,HMN83574,flu,B,B5_c2_ACTGCTCGTCCAGTTA,B
B5_c2,,,B,B5_c2_ACTGCTCTCATTCACT,B
B5_c2,HMN83577,flu,B,B5_c2_ACTGCTCTCCATGCTC,B
B5_c2,HMN83574,flu,B,B5_c2_ACTTACTAGACCACGA,B
B5_c2,HMN83574,flu,B,B5_c2_ACTTACTTCATTCACT,B
B5_c2,,,B,B5_c2_AGACGTTAGATAGCAT,B
B5_c2,HMN83578,flu,B,B5_c2_AGACGTTGTCGCTTCT,B
B5_c2,HMN83577,flu,B,B5_c2_AGAGTGGAGGTGTGGT,B
B5_c2,HMN83574,flu,B,B5_c2_AGATCTGCACTGAAGG,B
B5_c2,HMN83578,flu,B,B5_c2_AGATTGCAGGACTGGT,B
B5_c2,HMN83577,flu,B,B5_c2_AGCATACAGTCTCAAC,B
B5_c2,,,B,B5_c2_AGCATACCAGTCAGCC,B
B5_c2,HMN83578,flu,B,B5_c2_AGCGTCGGTACGCACC,B
B5_c2,HMN83577,flu,B,B5_c2_AGCTTGACAGGTCCAC,B
B5_c2,,,B,B5_c2_AGGGAGTCAGTATAAG,B
B5_c2,HMN83577,flu,B,B5_c2_AGGGAGTGTAGTGAAT,B
B5_c2,HMN83577,flu,B,B5_c2_AGGTCATGTCCAGTAT,B
B5_c2,HMN83577,flu,B,B5_c2_AGTAGTCAGAGGGCTT,B
B5_c2,HMN83577,flu,B,B5_c2_AGTAGTCCAATCAGAA,B
B5_c2,,,B,B5_c2_AGTAGTCGTTAGATGA,B
B5_c2,,,B,B5_c2_AGTTGGTTCAATCACG,B
B5_c2,HMN83577,flu,B,B5_c2_ATAAGAGGTAATAGCA,B
B5_c2,,,B,B5_c2_ATCACGACAGTCGATT,B
B5_c2,,,B,B5_c2_ATCACGACATTCACTT,B
B5_c2,,,B,B5_c2_ATCATCTGTCTTGTCC,B
B5_c2,,,B,B5_c2_ATCCGAAAGACACGAC,B
B5_c2,HMN83577,flu,B,B5_c2_ATCCGAACATCCGGGT,B
B5_c2,HMN83574,flu,B,B5_c2_ATCTACTTCGTGTAGT,B
B5_c2,HMN83578,flu,B,B5_c2_ATGAGGGGTCGACTGC,B
B5_c2,,,B,B5_c2_ATGAGGGGTTCAGCGC,B
B5_c2,HMN83577,flu,B,B5_c2_ATGCGATGTAATCGTC,B
B5_c2,,,B,B5_c2_ATGCGATGTGGTTTCA,B
B5_c2,,,B,B5_c2_ATGGGAGCAATTCCTT,B
B5_c2,HMN83577,flu,B,B5_c2_ATGTGTGCAGTATGCT,B
B5_c2,,,B,B5_c2_ATTGGTGGTGACGGTA,B
B5_c2,HMN83577,flu,B,B5_c2_CAACCTCCACTTAACG,B
B5_c2,HMN83574,flu,B,B5_c2_CAACCTCCAGGAACGT,B
B5_c2,,,B,B5_c2_CAAGAAACACAGACTT,B
B5_c2,HMN83577,flu,B,B5_c2_CACAAACTCTTAGCCC,B
B5_c2,HMN83578,flu,B,B5_c2_CACACCTGTGTGTGCC,B
B5_c2,,,B,B5_c2_CACACTCCAACAACCT,B
B5_c2,HMN83578,flu,B,B5_c2_CACATAGAGGAGTAGA,B
B5_c2,HMN83577,flu,B,B5_c2_CACATAGAGGCCATAG,B
B5_c2,HMN83578,flu,B,B5_c2_CACCTTGCATGCAACT,B
B5_c2,HMN83578,flu,B,B5_c2_CAGAATCTCAAAGTAG,B
B5_c2,,,B,B5_c2_CAGCCGATCTGGAGCC,B
B5_c2,HMN83577,flu,B,B5_c2_CAGGTGCGTCGAGTTT,B
B5_c2,HMN83577,flu,B,B5_c2_CAGTAACGTCCCTTGT,B
B5_c2,HMN83578,flu,B,B5_c2_CAGTCCTGTACCTACA,B
B5_c2,HMN83577,flu,B,B5_c2_CATCAGACACCAACCG,B
B5_c2,HMN83577,flu,B,B5_c2_CATCAGACAGCCAATT,B
B5_c2,HMN83577,flu,B,B5_c2_CATCCACGTCCTAGCG,B
B5_c2,HMN83578,flu,B,B5_c2_CATCGAAGTGTCAATC,B
B5_c2,,,B,B5_c2_CATCGGGCATAGACTC,B
B5_c2,HMN83578,flu,B,B5_c2_CATCGGGGTGGCGAAT,B
B5_c2,,,B,B5_c2_CATGACAAGTATTGGA,B
B5_c2,HMN83578,flu,B,B5_c2_CATGCCTCAGCTGGCT,B
B5_c2,HMN83574,flu,B,B5_c2_CATGCCTGTAAAGTCA,B
B5_c2,HMN83578,flu,B,B5_c2_CATGGCGGTCTAGCCG,B
B5_c2,HMN83578,flu,B,B5_c2_CATTATCAGGCAATTA,B
B5_c2,HMN83574,flu,B,B5_c2_CCAATCCCAGGTCTCG,B
B5_c2,HMN83578,flu,B,B5_c2_CCACTACCAGGAATCG,B
B5_c2,HMN83577,flu,B,B5_c2_CCATTCGGTTCCTCCA,B
B5_c2,HMN83578,flu,B,B5_c2_CCCAATCCACAACTGT,B
B5_c2,HMN83578,flu,B,B5_c2_CCCAGTTAGCCAGTTT,B
B5_c2,HMN83577,flu,B,B5_c2_CCCATACGTACATGTC,B
B5_c2,HMN83577,flu,B,B5_c2_CCTACACCAAGTAATG,B
B5_c2,,,B,B5_c2_CCTACACCACGACGAA,B
B5_c2,,,B,B5_c2_CCTACCATCTGGTGTA,B
B5_c2,HMN83577,flu,B,B5_c2_CCTCAGTGTGACTACT,B
B5_c2,HMN83578,flu,B,B5_c2_CCTCTGAAGACATAAC,B
B5_c2,,,B,B5_c2_CCTTACGGTCCGAACC,B
B5_c2,HMN83578,flu,B,B5_c2_CCTTTCTGTACGCTGC,B
B5_c2,,,B,B5_c2_CGAATGTCAGCTCGAC,B
B5_c2,,,B,B5_c2_CGAATGTGTGGAAAGA,B
B5_c2,HMN83577,flu,B,B5_c2_CGACTTCCAAGCTGAG,B
B5_c2,HMN83577,flu,B,B5_c2_CGACTTCTCACCTCGT,B
B5_c2,HMN83578,flu,B,B5_c2_CGAGCACTCATGCAAC,B
B5_c2,,,B,B5_c2_CGAGCACTCTGCGGCA,B
B5_c2,HMN83578,flu,B,B5_c2_CGAGCCAAGCATCATC,B
B5_c2,HMN83577,flu,B,B5_c2_CGAGCCACACTTAACG,B
B5_c2,HMN83577,flu,B,B5_c2_CGATCGGCAGCTTAAC,B
B5_c2,,,B,B5_c2_CGATGTAAGTGTCTCA,B
B5_c2,HMN83578,flu,B,B5_c2_CGATGTACAGTCAGCC,B
B5_c2,HMN83577,flu,B,B5_c2_CGATGTAGTCAGTGGA,B
B5_c2,HMN83577,flu,B,B5_c2_CGATTGACAGGATCGA,B
B5_c2,,,B,B5_c2_CGCGGTAAGTGCGATG,B
B5_c2,HMN83578,flu,B,B5_c2_CGCGGTAAGTTAGCGG,B
B5_c2,,,B,B5_c2_CGCGGTATCTGTACGA,B
B5_c2,HMN83577,flu,B,B5_c2_CGCTGGACATCTATGG,B
B5_c2,HMN83574,flu,B,B5_c2_CGCTTCAAGCACCGTC,B
B5_c2,HMN83577,flu,B,B5_c2_CGCTTCACAAGCCGTC,B
B5_c2,,,B,B5_c2_CGCTTCATCGCACTCT,B
B5_c2,HMN83578,flu,B,B5_c2_CGGACGTCATACTCTT,B
B5_c2,HMN83577,flu,B,B5_c2_CGGCTAGTCAACACCA,B
B5_c2,,,B,B5_c2_CGGCTAGTCATTGCGA,B
B5_c2,HMN83574,flu,B,B5_c2_CGTAGCGAGAAGGTTT,B
B5_c2,,,B,B5_c2_CGTAGGCTCAACCAAC,B
B5_c2,,,B,B5_c2_CGTGTAAAGACAGACC,B
B5_c2,,,B,B5_c2_CGTGTAACATTTCAGG,B
B5_c2,,,B,B5_c2_CGTGTAATCGACAGCC,B
B5_c2,HMN83577,flu,B,B5_c2_CGTGTCTAGGATATAC,B
B5_c2,HMN83578,flu,B,B5_c2_CGTTAGAGTCAAACTC,B
B5_c2,,,B,B5_c2_CGTTGGGCAAACCCAT,B
B5_c2,HMN83578,flu,B,B5_c2_CGTTGGGTCGTTTGCC,B
B5_c2,HMN83578,flu,B,B5_c2_CTAAGACAGCAGATCG,B
B5_c2,HMN83574,flu,B,B5_c2_CTAAGACGTTACCGAT,B
B5_c2,HMN83574,flu,B,B5_c2_CTAATGGAGCTAACAA,B
B5_c2,HMN83578,flu,B,B5_c2_CTACACCGTTCGGCAC,B
B5_c2,HMN83577,flu,B,B5_c2_CTACATTGTATGAAAC,B
B5_c2,,,B,B5_c2_CTACCCAGTTTAGCTG,B
B5_c2,HMN83577,flu,B,B5_c2_CTACGTCGTCGAACAG,B
B5_c2,HMN83578,flu,B,B5_c2_CTAGAGTTCTCCCTGA,B
B5_c2,HMN83577,flu,B,B5_c2_CTAGCCTTCGGATGTT,B
B5_c2,HMN83577,flu,B,B5_c2_CTAGTGACAGGGCATA,B
B5_c2,HMN83578,flu,B,B5_c2_CTCACACAGCGGCTTC,B
B5_c2,HMN83577,flu,B,B5_c2_CTCCTAGCAAGCGAGT,B
B5_c2,HMN83578,flu,B,B5_c2_CTCCTAGGTAAACACA,B
B5_c2,,,B,B5_c2_CTCGAAATCGGAGGTA,B
B5_c2,HMN83577,flu,B,B5_c2_CTCGAGGTCTGAGGGA,B
B5_c2,HMN83577,flu,B,B5_c2_CTCGGAGGTAGCTAAA,B
B5_c2,,,B,B5_c2_CTCGGGAGTTCATGGT,B
B5_c2,HMN83577,flu,B,B5_c2_CTCGTACGTACTTCTT,B
B5_c2,HMN83578,flu,B,B5_c2_CTCGTCACAGACGCAA,B
B5_c2,HMN83574,flu,B,B5_c2_CTGAAGTCATATGGTC,B
B5_c2,HMN83577,flu,B,B5_c2_CTGATAGCACCACGTG,B
B5_c2,,,B,B5_c2_CTGCCTAAGAGGGCTT,B
B5_c2,HMN83577,flu,B,B5_c2_CTGCTGTGTTATCACG,B
B5_c2,HMN83574,flu,B,B5_c2_CTGTGCTCAGTCGATT,B
B5_c2,HMN83574,flu,B,B5_c2_CTGTTTAGTCGCATCG,B
B5_c2,HMN83574,flu,B,B5_c2_CTGTTTATCATGTGGT,B
B5_c2,,,B,B5_c2_CTTGGCTAGTCTCGGC,B
B5_c2,,,B,B5_c2_CTTTGCGTCCGAATGT,B
B5_c2,HMN83577,flu,B,B5_c2_GAAACTCAGGGTCGAT,B
B5_c2,HMN83578,flu,B,B5_c2_GAACGGAAGTAGCCGA,B
B5_c2,,,B,B5_c2_GAACGGAAGTGACATA,B
B5_c2,,,B,B5_c2_GAACGGAGTAGAAAGG,B
B5_c2,HMN83577,flu,B,B5_c2_GAATAAGGTGTTGAGG,B
B5_c2,HMN83578,flu,B,B5_c2_GAATAAGTCTGTTTGT,B
B5_c2,HMN83578,flu,B,B5_c2_GACACGCGTCGCATAT,B
B5_c2,,,B,B5_c2_GACCAATTCTAACCGA,B
B5_c2,HMN83577,flu,B,B5_c2_GACCTGGAGGCGACAT,B
B5_c2,HMN83578,flu,B,B5_c2_GACCTGGGTGTTTGGT,B
B5_c2,HMN83574,flu,B,B5_c2_GACGTGCTCATGTGGT,B
B5_c2,HMN83577,flu,B,B5_c2_GAGTCCGCACGGTTTA,B
B5_c2,,,B,B5_c2_GAGTCCGGTCTGGTCG,B
B5_c2,,,B,B5_c2_GATCGTACAGTGGGAT,B
B5_c2,HMN83578,flu,B,B5_c2_GATCGTATCACCTTAT,B
B5_c2,,,B,B5_c2_GATGAGGAGCAGGCTA,B
B5_c2,,,B,B5_c2_GCAATCACAGCCTTTC,B
B5_c2,,,B,B5_c2_GCAATCATCAACGCTA,B
B5_c2,,,B,B5_c2_GCACATAGTCATACTG,B
B5_c2,HMN83577,flu,B,B5_c2_GCAGCCAAGGAATGGA,B
B5_c2,HMN83578,flu,B,B5_c2_GCAGTTACATCATCCC,B
B5_c2,HMN83574,flu,B,B5_c2_GCAGTTATCACGCGGT,B
B5_c2,HMN83578,flu,B,B5_c2_GCAGTTATCTCGATGA,B
B5_c2,HMN83577,flu,B,B5_c2_GCATGATTCTTCGGTC,B
B5_c2,,,B,B5_c2_GCATGCGCATCTACGA,B
B5_c2,,,B,B5_c2_GCATGTAGTACCGTAT,B
B5_c2,,,B,B5_c2_GCCAAATAGAATTCCC,B
B5_c2,HMN83577,flu,B,B5_c2_GCGACCACATTAGGCT,B
B5_c2,HMN83577,flu,B,B5_c2_GCGCAGTCAGGTCGTC,B
B5_c2,HMN83577,flu,B,B5_c2_GCGCAGTGTTCTGTTT,B
B5_c2,HMN83578,flu,B,B5_c2_GCGCGATAGAGTTGGC,B
B5_c2,HMN83574,flu,B,B5_c2_GCGGGTTAGTAGGCCA,B
B5_c2,HMN83577,flu,B,B5_c2_GCGGGTTCACTAGTAC,B
B5_c2,HMN83578,flu,B,B5_c2_GCGGGTTTCGGCGGTT,B
B5_c2,,,B,B5_c2_GCTCTGTAGCTTTGGT,B
B5_c2,,,B,B5_c2_GCTGCGAAGTAGGCCA,B
B5_c2,HMN83577,flu,B,B5_c2_GCTGGGTTCGTTACGA,B
B5_c2,HMN83574,flu,B,B5_c2_GCTTCCACAGTAACGG,B
B5_c2,,,B,B5_c2_GCTTCCAGTAGAAGGA,B
B5_c2,HMN83577,flu,B,B5_c2_GGAACTTAGGCTAGGT,B
B5_c2,HMN83577,flu,B,B5_c2_GGACATTTCCTCAACC,B
B5_c2,,,B,B5_c2_GGATGTTTCTATGTGG,B
B5_c2,HMN83578,flu,B,B5_c2_GGATTACAGCCACGTC,B
B5_c2,HMN83578,flu,B,B5_c2_GGATTACAGTACACCT,B
B5_c2,HMN83577,flu,B,B5_c2_GGCCGATAGCAATCTC,B
B5_c2,HMN83577,flu,B,B5_c2_GGCGTGTCAGCCTTGG,B
B5_c2,HMN83577,flu,B,B5_c2_GGCTCGAGTAGCACGA,B
B5_c2,HMN83577,flu,B,B5_c2_GGGAATGCATCTACGA,B
B5_c2,HMN83577,flu,B,B5_c2_GGGATGATCTAACCGA,B
B5_c2,HMN83577,flu,B,B5_c2_GGGCATCCACCACCAG,B
B5_c2,HMN83577,flu,B,B5_c2_GGGCATCGTGATGCCC,B
B5_c2,HMN83574,flu,B,B5_c2_GGGTCTGGTCTCATCC,B
B5_c2,HMN83574,flu,B,B5_c2_GGTGAAGAGAAGGGTA,B
B5_c2,HMN83578,flu,B,B5_c2_GGTGAAGAGATGAGAG,B
B5_c2,HMN83578,flu,B,B5_c2_GGTGAAGGTCAGCTAT,B
B5_c2,HMN83577,flu,B,B5_c2_GGTGCGTAGAAGATTC,B
B5_c2,HMN83578,flu,B,B5_c2_GGTGCGTTCAAACGGG,B
B5_c2,HMN83578,flu,B,B5_c2_GGTGCGTTCATATCGG,B
B5_c2,HMN83578,flu,B,B5_c2_GGTGCGTTCTTGTATC,B
B5_c2,HMN83577,flu,B,B5_c2_GGTGTTAAGAGCCTAG,B
B5_c2,HMN83574,flu,B,B5_c2_GGTGTTACACTATCTT,B
B5_c2,HMN83574,flu,B,B5_c2_GTACTTTCATGGTCTA,B
B5_c2,HMN83577,flu,B,B5_c2_GTACTTTCATTCTTAC,B
B5_c2,HMN83574,flu,B,B5_c2_GTAGGCCCAGCCACCA,B
B5_c2,,,B,B5_c2_GTATTCTCAGCTGGCT,B
B5_c2,HMN83577,flu,B,B5_c2_GTATTCTCATGCCTAA,B
B5_c2,,,B,B5_c2_GTCACAATCTGAGTGT,B
B5_c2,,,B,B5_c2_GTCATTTAGGAGTAGA,B
B5_c2,HMN83574,flu,B,B5_c2_GTCATTTTCAGCTCTC,B
B5_c2,HMN83577,flu,B,B5_c2_GTCGGGTCAAGACACG,B
B5_c2,HMN83577,flu,B,B5_c2_GTCTTCGAGAATTGTG,B
B5_c2,,,B,B5_c2_GTCTTCGCACACCGCA,B
B5_c2,HMN83577,flu,B,B5_c2_GTCTTCGTCCGCGTTT,B
B5_c2,HMN83578,flu,B,B5_c2_GTGCAGCAGCGCCTTG,B
B5_c2,HMN83577,flu,B,B5_c2_GTGCATACATATACCG,B
B5_c2,,,B,B5_c2_GTGCGGTGTTTGCATG,B
B5_c2,HMN83578,flu,B,B5_c2_GTGCTTCAGGATATAC,B
B5_c2,HMN83577,flu,B,B5_c2_GTGCTTCCATGAAGTA,B
B5_c2,,,B,B5_c2_GTGTGCGGTTGTTTGG,B
B5_c2,,,B,B5_c2_GTTACAGAGGCACATG,B
B5_c2,HMN83577,flu,B,B5_c2_GTTACAGCACTGCCAG,B
B5_c2,,,B,B5_c2_GTTCTCGGTTATCACG,B
B5_c2,HMN83577,flu,B,B5_c2_TAAGTGCGTCCAAGTT,B
B5_c2,HMN83578,flu,B,B5_c2_TACCTTACAATGAATG,B
B5_c2,HMN83577,flu,B,B5_c2_TACGGGCAGGCTAGGT,B
B5_c2,HMN83577,flu,B,B5_c2_TACGGGCCAATGCCAT,B
B5_c2,HMN83574,flu,B,B5_c2_TACGGGCTCCGCTGTT,B
B5_c2,HMN83577,flu,B,B5_c2_TACGGTAAGTAGATGT,B
B5_c2,,,B,B5_c2_TACTCATGTAGCCTAT,B
B5_c2,HMN83574,flu,B,B5_c2_TACTCGCTCTGTCTCG,B
B5_c2,,,B,B5_c2_TACTTACGTGCACTTA,B
B5_c2,HMN83577,flu,B,B5_c2_TACTTGTGTACTTGAC,B
B5_c2,HMN83577,flu,B,B5_c2_TAGACCATCAACCAAC,B
B5_c2,,,B,B5_c2_TAGAGCTGTCATCGGC,B
B5_c2,HMN83574,flu,B,B5_c2_TAGGCATCAATCTGCA,B
B5_c2,HMN83578,flu,B,B5_c2_TAGTGGTAGATGCCTT,B
B5_c2,,,B,B5_c2_TAGTGGTGTTAAGTAG,B
B5_c2,,,B,B5_c2_TAGTTGGGTTTAGGAA,B
B5_c2,HMN83577,flu,B,B5_c2_TAGTTGGTCAGGTAAA,B
B5_c2,HMN83578,flu,B,B5_c2_TATCAGGCATGGTCTA,B
B5_c2,HMN83578,flu,B,B5_c2_TATCAGGGTGATAAGT,B
B5_c2,HMN83574,flu,B,B5_c2_TATCTCACAGCTGTTA,B
B5_c2,HMN83574,flu,B,B5_c2_TATCTCAGTGCGCTTG,B
B5_c2,,,B,B5_c2_TATCTCATCGCAGGCT,B
B5_c2,HMN83577,flu,B,B5_c2_TCAACGAAGGTGCACA,B
B5_c2,HMN83578,flu,B,B5_c2_TCAACGAGTGCAGACA,B
B5_c2,,,B,B5_c2_TCAATCTGTAGCACGA,B
B5_c2,HMN83577,flu,B,B5_c2_TCAGATGCAAACGTGG,B
B5_c2,HMN83578,flu,B,B5_c2_TCAGCAAAGAAACCGC,B
B5_c2,HMN83577,flu,B,B5_c2_TCAGCAATCATAGCAC,B
B5_c2,,,B,B5_c2_TCAGCTCGTTTGACAC,B
B5_c2,HMN83577,flu,B,B5_c2_TCAGGATTCCGCATAA,B
B5_c2,HMN83578,flu,B,B5_c2_TCAGGTAAGGCAAAGA,B
B5_c2,HMN83574,flu,B,B5_c2_TCAGGTAGTCCGTGAC,B
B5_c2,HMN83574,flu,B,B5_c2_TCCACACTCTAACCGA,B
B5_c2,HMN83577,flu,B,B5_c2_TCCCGATCACGTAAGG,B
B5_c2,HMN83577,flu,B,B5_c2_TCGAGGCGTGCATCTA,B
B5_c2,HMN83577,flu,B,B5_c2_TCGCGAGTCTTCGGTC,B
B5_c2,HMN83578,flu,B,B5_c2_TCGGGACAGCAGCGTA,B
B5_c2,HMN83577,flu,B,B5_c2_TCGGTAAGTGTTTGTG,B
B5_c2,HMN83577,flu,B,B5_c2_TCGTACCAGCCCAATT,B
B5_c2,HMN83577,flu,B,B5_c2_TCTCTAATCCTAAGTG,B
B5_c2,,,B,B5_c2_TCTGAGATCAGTACGT,B
B5_c2,HMN83577,flu,B,B5_c2_TCTTTCCGTCTTCGTC,B
B5_c2,,,B,B5_c2_TGAGAGGCACGGTTTA,B
B5_c2,HMN83578,flu,B,B5_c2_TGAGAGGTCACCGTAA,B
B5_c2,HMN83574,flu,B,B5_c2_TGAGCATTCTGATTCT,B
B5_c2,HMN83578,flu,B,B5_c2_TGCACCTGTCATACTG,B
B5_c2,HMN83578,flu,B,B5_c2_TGCCAAACAAGCCTAT,B
B5_c2,,,B,B5_c2_TGCCCATAGTGTCCCG,B
B5_c2,HMN83578,flu,B,B5_c2_TGCCCATTCTACTATC,B
B5_c2,,,B,B5_c2_TGCGGGTCAATCACAC,B
B5_c2,HMN83574,flu,B,B5_c2_TGCGGGTTCTCATTCA,B
B5_c2,,,B,B5_c2_TGCGTGGAGCACACAG,B
B5_c2,HMN83578,flu,B,B5_c2_TGCTGCTAGGAGTAGA,B
B5_c2,HMN83574,flu,B,B5_c2_TGCTGCTGTTGTGGCC,B
B5_c2,,,B,B5_c2_TGGACGCAGGGTATCG,B
B5_c2,HMN83578,flu,B,B5_c2_TGGACGCCACTTACGA,B
B5_c2,,,B,B5_c2_TGGCGCATCTGCTTGC,B
B5_c2,HMN83577,flu,B,B5_c2_TGGTTCCTCGTGACAT,B
B5_c2,,,B,B5_c2_TGTATTCGTAGTAGTA,B
B5_c2,HMN83574,flu,B,B5_c2_TGTGGTATCACCATAG,B
B5_c2,HMN83577,flu,B,B5_c2_TTAACTCAGTTTGCGT,B
B5_c2,HMN83577,flu,B,B5_c2_TTAGGACCAAAGAATC,B
B5_c2,HMN83577,flu,B,B5_c2_TTAGGCACACTTACGA,B
B5_c2,HMN83578,flu,B,B5_c2_TTAGTTCAGTGTGAAT,B
B5_c2,HMN83578,flu,B,B5_c2_TTCCCAGAGCTAACAA,B
B5_c2,HMN83578,flu,B,B5_c2_TTCGAAGTCACTTATC,B
B5_c2,HMN83577,flu,B,B5_c2_TTCGGTCGTTCAGCGC,B
B5_c2,HMN83578,flu,B,B5_c2_TTGAACGTCTTATCTG,B
B5_c2,HMN83578,flu,B,B5_c2_TTGACTTTCAACACCA,B
B5_c2,,,B,B5_c2_TTGGAACTCCATGAGT,B
B5_c2,,,B,B5_c2_TTTGGTTTCACATGCA,B
B5_c2,HMN83574,flu,B,B5_c2_TTTGTCACAAAGAATC,B
B6_c1,HMN52534,flu,B,B6_c1_AAACCTGTCAGGCAAG,B
B6_c1,HMN52534,flu,B,B6_c1_AAACGGGGTATCAGTC,B
B6_c1,HMN52536,flu,B,B6_c1_AAAGCAATCACCTTAT,B
B6_c1,HMN52534,flu,B,B6_c1_AAAGCAATCCTGCTTG,B
B6_c1,,,B,B6_c1_AAATGCCAGCAGCGTA,B
B6_c1,HMN52536,flu,B,B6_c1_AACACGTCAGGTTTCA,B
B6_c1,HMN52534,flu,B,B6_c1_AACCGCGTCTACTATC,B
B6_c1,,,B,B6_c1_AACTCCCAGGAGTCTG,B
B6_c1,HMN52536,flu,B,B6_c1_AACTCTTAGAAGAAGC,B
B6_c1,,,B,B6_c1_AACTGGTAGGGATGGG,B
B6_c1,HMN52536,flu,B,B6_c1_AACTGGTTCGGAAACG,B
B6_c1,,,B,B6_c1_AAGACCTGTTCAGCGC,B
B6_c1,HMN52534,flu,B,B6_c1_AAGACCTTCGAACGGA,B
B6_c1,,,B,B6_c1_AAGACCTTCGGTCCGA,B
B6_c1,,,B,B6_c1_AAGGAGCAGAAGGCCT,B
B6_c1,HMN52534,flu,B,B6_c1_AAGGCAGGTGAGGGTT,B
B6_c1,HMN52534,flu,B,B6_c1_AAGGCAGGTGAGTGAC,B
B6_c1,HMN52534,flu,B,B6_c1_AAGGTTCTCACCCTCA,B
B6_c1,,,B,B6_c1_ACACCAAAGCTCTCGG,B
B6_c1,HMN52536,flu,B,B6_c1_ACACCAACACCTATCC,B
B6_c1,HMN52534,flu,B,B6_c1_ACACCGGGTTGTTTGG,B
B6_c1,,,B,B6_c1_ACACTGACAGACTCGC,B
B6_c1,HMN52534,flu,B,B6_c1_ACACTGAGTGCCTGCA,B
B6_c1,,,B,B6_c1_ACACTGATCATATCGG,B
B6_c1,,,B,B6_c1_ACAGCTAAGATTACCC,B
B6_c1,HMN52536,flu,B,B6_c1_ACAGCTATCAGCGACC,B
B6_c1,,,B,B6_c1_ACATGGTCATCGATTG,B
B6_c1,HMN52537,flu,B,B6_c1_ACATGGTTCCAGAAGG,B
B6_c1,,,B,B6_c1_ACCAGTACATCCTTGC,B
B6_c1,,,B,B6_c1_ACCGTAACAGCATGAG,B
B6_c1,,,B,B6_c1_ACGGAGATCGTTACGA,B
B6_c1,HMN52534,flu,B,B6_c1_ACGGGTCGTGACAAAT,B
B6_c1,,,B,B6_c1_ACTGCTCCAATGGATA,B
B6_c1,,,B,B6_c1_AGAATAGAGAAGGTGA,B
B6_c1,HMN52536,flu,B,B6_c1_AGAGCGAAGGAATTAC,B
B6_c1,HMN83580,NI,B,B6_c1_AGAGTGGGTCTGCAAT,B
B6_c1,HMN52534,flu,B,B6_c1_AGATCTGCACGAAACG,B
B6_c1,HMN52534,flu,B,B6_c1_AGATTGCGTGCAGACA,B
B6_c1,,,B,B6_c1_AGCAGCCGTAATCGTC,B
B6_c1,HMN52534,flu,B,B6_c1_AGCCTAATCTTCCTTC,B
B6_c1,,,B,B6_c1_AGCGTATGTTCGCGAC,B
B6_c1,HMN52534,flu,B,B6_c1_AGCTCCTGTCATACTG,B
B6_c1,,,B,B6_c1_AGCTCCTTCAGGCCCA,B
B6_c1,,,B,B6_c1_AGCTCTCAGCGTGAAC,B
B6_c1,,,B,B6_c1_AGCTCTCAGTGAATTG,B
B6_c1,HMN52534,flu,B,B6_c1_AGCTCTCGTCAGTGGA,B
B6_c1,,,B,B6_c1_AGCTTGACAAAGGAAG,B
B6_c1,HMN52534,flu,B,B6_c1_AGCTTGAGTCAGAGGT,B
B6_c1,,,B,B6_c1_AGGCCGTTCAACGGGA,B
B6_c1,,,B,B6_c1_AGGGAGTTCAGCATGT,B
B6_c1,,,B,B6_c1_AGGGATGAGGGTATCG,B
B6_c1,HMN52534,flu,B,B6_c1_AGGGTGAGTGGCAAAC,B
B6_c1,HMN52534,flu,B,B6_c1_AGTGAGGAGCTATGCT,B
B6_c1,HMN52534,flu,B,B6_c1_AGTGGGAAGAACAACT,B
B6_c1,,,B,B6_c1_AGTGGGAAGTACGACG,B
B6_c1,HMN52534,flu,B,B6_c1_AGTTGGTGTAAGTTCC,B
B6_c1,HMN52534,flu,B,B6_c1_AGTTGGTTCGAATGCT,B
B6_c1,,,B,B6_c1_ATAACGCCAGACAAGC,B
B6_c1,HMN52534,flu,B,B6_c1_ATAACGCTCTTAGAGC,B
B6_c1,HMN52534,flu,B,B6_c1_ATAAGAGGTTGGAGGT,B
B6_c1,HMN52534,flu,B,B6_c1_ATAGACCCACCACCAG,B
B6_c1,,,B,B6_c1_ATCACGACACCAGTTA,B
B6_c1,,,B,B6_c1_ATCACGAGTCATTAGC,B
B6_c1,,,B,B6_c1_ATCATGGCACCTGGTG,B
B6_c1,HMN52534,flu,B,B6_c1_ATCCACCGTGCCTGGT,B
B6_c1,HMN52534,flu,B,B6_c1_ATCTACTAGAATGTGT,B
B6_c1,,,B,B6_c1_ATCTACTCAGCTGTGC,B
B6_c1,,,B,B6_c1_ATGAGGGAGACTAGGC,B
B6_c1,HMN52536,flu,B,B6_c1_ATGAGGGAGCTAGCCC,B
B6_c1,HMN52534,flu,B,B6_c1_ATGAGGGGTTATGCGT,B
B6_c1,HMN52536,flu,B,B6_c1_ATGCGATGTTAAGACA,B
B6_c1,HMN52534,flu,B,B6_c1_ATGGGAGCACCGAAAG,B
B6_c1,,,B,B6_c1_ATGGGAGGTCTCCACT,B
B6_c1,,,B,B6_c1_ATTACTCTCAGCATGT,B
B6_c1,HMN52534,flu,B,B6_c1_ATTACTCTCCTTGGTC,B
B6_c1,,,B,B6_c1_ATTATCCAGTGTGGCA,B
B6_c1,,,B,B6_c1_ATTCTACCAGGCTCAC,B
B6_c1,HMN52534,flu,B,B6_c1_ATTCTACGTACTCGCG,B
B6_c1,HMN52536,flu,B,B6_c1_ATTCTACGTCGACTGC,B
B6_c1,HMN52534,flu,B,B6_c1_ATTGGACAGAAGGTTT,B
B6_c1,,,B,B6_c1_ATTGGTGAGCAGCGTA,B
B6_c1,HMN83580,NI,B,B6_c1_ATTGGTGTCAAACGGG,B
B6_c1,,,B,B6_c1_ATTTCTGCACAGACTT,B
B6_c1,HMN83580,NI,B,B6_c1_ATTTCTGCAGGCTCAC,B
B6_c1,HMN52537,flu,B,B6_c1_CAACCAACACCGAATT,B
B6_c1,HMN52534,flu,B,B6_c1_CAACCTCCACTGTTAG,B
B6_c1,HMN52537,flu,B,B6_c1_CAACCTCTCTTTACAC,B
B6_c1,,,B,B6_c1_CAAGAAAGTCAATACC,B
B6_c1,HMN52536,flu,B,B6_c1_CAAGATCAGTATGACA,B
B6_c1,HMN52537,flu,B,B6_c1_CACACAAAGCAGGCTA,B
B6_c1,HMN52536,flu,B,B6_c1_CACACAAGTCGGGTCT,B
B6_c1,,,B,B6_c1_CACACTCGTCGAAAGC,B
B6_c1,HMN52534,flu,B,B6_c1_CACAGTATCCGTTGTC,B
B6_c1,HMN52534,flu,B,B6_c1_CACATTTGTGTGACGA,B
B6_c1,HMN52534,flu,B,B6_c1_CACCTTGCATTTGCCC,B
B6_c1,,,B,B6_c1_CACTCCAGTTAAGAAC,B
B6_c1,,,B,B6_c1_CAGATCATCCACGTTC,B
B6_c1,,,B,B6_c1_CAGGTGCAGACGCAAC,B
B6_c1,HMN52534,flu,B,B6_c1_CAGGTGCCATCCGCGA,B
B6_c1,HMN52534,flu,B,B6_c1_CAGTAACAGTGAAGTT,B
B6_c1,HMN52534,flu,B,B6_c1_CAGTAACGTCAGAATA,B
B6_c1,HMN52536,flu,B,B6_c1_CATATGGCAGCCTATA,B
B6_c1,,,B,B6_c1_CATCGGGGTCAGCTAT,B
B6_c1,HMN52534,flu,B,B6_c1_CATGACAAGCAGATCG,B
B6_c1,HMN52534,flu,B,B6_c1_CATTCGCGTCGGCTCA,B
B6_c1,,,B,B6_c1_CATTCGCTCAGGTTCA,B
B6_c1,,,B,B6_c1_CCACCTAAGCACCGTC,B
B6_c1,,,B,B6_c1_CCACTACGTACCATCA,B
B6_c1,,,B,B6_c1_CCAGCGACACGTTGGC,B
B6_c1,,,B,B6_c1_CCAGCGAGTACTTCTT,B
B6_c1,HMN52534,flu,B,B6_c1_CCAGCGATCCAGAGGA,B
B6_c1,,,B,B6_c1_CCAGCGATCCTACAGA,B
B6_c1,,,B,B6_c1_CCATTCGTCTTAACCT,B
B6_c1,HMN52534,flu,B,B6_c1_CCCAGTTGTGCAGGTA,B
B6_c1,HMN52534,flu,B,B6_c1_CCCATACTCAAAGTAG,B
B6_c1,HMN52534,flu,B,B6_c1_CCCTCCTTCAGGCCCA,B
B6_c1,HMN52536,flu,B,B6_c1_CCGTTCACAGGTTTCA,B
B6_c1,HMN52534,flu,B,B6_c1_CCTAAAGAGTGTGAAT,B
B6_c1,,,B,B6_c1_CCTTCCCTCTGACCTC,B
B6_c1,,,B,B6_c1_CCTTTCTTCGTCTGCT,B
B6_c1,HMN52534,flu,B,B6_c1_CGAACATCAATCTGCA,B
B6_c1,HMN52536,flu,B,B6_c1_CGAATGTAGGATTCGG,B
B6_c1,HMN52534,flu,B,B6_c1_CGACCTTCACCTATCC,B
B6_c1,,,B,B6_c1_CGACCTTCATATGGTC,B
B6_c1,,,B,B6_c1_CGACTTCCATATACGC,B
B6_c1,,,B,B6_c1_CGACTTCTCATGTGGT,B
B6_c1,,,B,B6_c1_CGAGAAGAGACCACGA,B
B6_c1,HMN52534,flu,B,B6_c1_CGAGCACAGTTTGCGT,B
B6_c1,HMN52534,flu,B,B6_c1_CGAGCACTCGCAAACT,B
B6_c1,,,B,B6_c1_CGATGGCTCGTTGACA,B
B6_c1,,,B,B6_c1_CGATGTACATAGTAAG,B
B6_c1,HMN52534,flu,B,B6_c1_CGATTGAAGTATCTCG,B
B6_c1,,,B,B6_c1_CGCGGTAAGACCGGAT,B
B6_c1,HMN52534,flu,B,B6_c1_CGCTATCGTGCAGACA,B
B6_c1,HMN52534,flu,B,B6_c1_CGGACACCAATCACAC,B
B6_c1,HMN52534,flu,B,B6_c1_CGGACACTCAACCAAC,B
B6_c1,HMN52534,flu,B,B6_c1_CGGACTGAGCCAACAG,B
B6_c1,HMN52536,flu,B,B6_c1_CGGACTGAGTAACCCT,B
B6_c1,HMN52534,flu,B,B6_c1_CGGACTGGTTACGACT,B
B6_c1,HMN52536,flu,B,B6_c1_CGGCTAGGTATAGGTA,B
B6_c1,HMN52534,flu,B,B6_c1_CGGGTCAGTGACAAAT,B
B6_c1,,,B,B6_c1_CGGTTAACACTCAGGC,B
B6_c1,,,B,B6_c1_CGTAGCGTCCTTAATC,B
B6_c1,HMN52537,flu,B,B6_c1_CGTAGGCCATTGCGGC,B
B6_c1,HMN52536,flu,B,B6_c1_CGTCTACCAGACGCCT,B
B6_c1,HMN52537,flu,B,B6_c1_CGTGAGCCAAAGGAAG,B
B6_c1,,,B,B6_c1_CGTTAGAAGTAAGTAC,B
B6_c1,HMN52537,flu,B,B6_c1_CGTTAGAGTCCCTTGT,B
B6_c1,HMN52536,flu,B,B6_c1_CGTTAGAGTCTAGAGG,B
B6_c1,HMN52534,flu,B,B6_c1_CGTTGGGAGACACTAA,B
B6_c1,HMN52534,flu,B,B6_c1_CTAACTTTCACTTATC,B
B6_c1,,,B,B6_c1_CTAACTTTCTTCAACT,B
B6_c1,HMN52534,flu,B,B6_c1_CTAAGACGTCCGTGAC,B
B6_c1,HMN52533,NI,B,B6_c1_CTAAGACGTGCCTGCA,B
B6_c1,,,B,B6_c1_CTAATGGGTCTAGAGG,B
B6_c1,HMN52534,flu,B,B6_c1_CTACGTCAGGCTAGGT,B
B6_c1,HMN52534,flu,B,B6_c1_CTAGAGTCAACTGCGC,B
B6_c1,HMN52534,flu,B,B6_c1_CTAGTGACAGTTCCCT,B
B6_c1,HMN52534,flu,B,B6_c1_CTCAGAACATACTCTT,B
B6_c1,HMN52534,flu,B,B6_c1_CTCGGAGGTAAGTGTA,B
B6_c1,HMN52534,flu,B,B6_c1_CTCTAATCAGCGTTCG,B
B6_c1,HMN52534,flu,B,B6_c1_CTCTAATTCAACACAC,B
B6_c1,HMN52534,flu,B,B6_c1_CTCTACGAGGTGCTAG,B
B6_c1,HMN52534,flu,B,B6_c1_CTCTACGCATGTCGAT,B
B6_c1,HMN52537,flu,B,B6_c1_CTCTACGTCCCAGGTG,B
B6_c1,,,B,B6_c1_CTCTGGTAGGCGACAT,B
B6_c1,HMN52534,flu,B,B6_c1_CTGAAGTCAAGGTTCT,B
B6_c1,,,B,B6_c1_CTGAAGTGTAGAAAGG,B
B6_c1,,,B,B6_c1_CTGATAGTCATATCGG,B
B6_c1,,,B,B6_c1_CTGATCCAGTCGAGTG,B
B6_c1,,,B,B6_c1_CTGATCCCACCACGTG,B
B6_c1,HMN52534,flu,B,B6_c1_CTGCCTAGTCTAAACC,B
B6_c1,,,B,B6_c1_CTGCCTATCAGCTCGG,B
B6_c1,,,B,B6_c1_CTGCCTATCTATGTGG,B
B6_c1,HMN52534,flu,B,B6_c1_CTGCGGATCTGCAAGT,B
B6_c1,HMN52536,flu,B,B6_c1_CTGCTGTGTCAGGACA,B
B6_c1,,,B,B6_c1_CTGGTCTGTCGGATCC,B
B6_c1,HMN52536,flu,B,B6_c1_CTGTTTAAGGGATACC,B
B6_c1,HMN52534,flu,B,B6_c1_CTGTTTACAGTATGCT,B
B6_c1,HMN52534,flu,B,B6_c1_CTGTTTAGTAAGGATT,B
B6_c1,,,B,B6_c1_CTGTTTATCTCGTATT,B
B6_c1,HMN52536,flu,B,B6_c1_CTTAACTTCCTCTAGC,B
B6_c1,HMN52536,flu,B,B6_c1_CTTACCGAGAAACCTA,B
B6_c1,HMN52536,flu,B,B6_c1_CTTAGGATCACTGGGC,B
B6_c1,HMN52534,flu,B,B6_c1_CTTGGCTAGCGATGAC,B
B6_c1,,,B,B6_c1_CTTGGCTAGCGTAATA,B
B6_c1,HMN52534,flu,B,B6_c1_GAAACTCCATGACGGA,B
B6_c1,HMN52534,flu,B,B6_c1_GAAACTCTCTTGCATT,B
B6_c1,HMN52534,flu,B,B6_c1_GAAATGAAGTTCCACA,B
B6_c1,,,B,B6_c1_GAACATCTCGCTGATA,B
B6_c1,HMN52534,flu,B,B6_c1_GACACGCAGTGGAGTC,B
B6_c1,,,B,B6_c1_GACCAATAGCGAGAAA,B
B6_c1,HMN52534,flu,B,B6_c1_GACCAATCAGGATTGG,B
B6_c1,HMN52537,flu,B,B6_c1_GACCTGGGTGCCTGGT,B
B6_c1,HMN52536,flu,B,B6_c1_GACCTGGTCTGATACG,B
B6_c1,HMN52534,flu,B,B6_c1_GACGTGCAGCTGGAAC,B
B6_c1,HMN52534,flu,B,B6_c1_GACGTTAAGAATGTGT,B
B6_c1,HMN52536,flu,B,B6_c1_GACTAACTCAAGCCTA,B
B6_c1,HMN52534,flu,B,B6_c1_GAGGTGAAGGGATACC,B
B6_c1,HMN52534,flu,B,B6_c1_GATCGATAGTGTACGG,B
B6_c1,HMN52534,flu,B,B6_c1_GATCGCGTCTCTAAGG,B
B6_c1,HMN52536,flu,B,B6_c1_GATCGTACAGCCTGTG,B
B6_c1,,,B,B6_c1_GATGAAACACAAGACG,B
B6_c1,HMN52534,flu,B,B6_c1_GATTCAGTCAAAGACA,B
B6_c1,HMN52534,flu,B,B6_c1_GCAAACTAGAGCTGCA,B
B6_c1,HMN52534,flu,B,B6_c1_GCAAACTAGAGTAATC,B
B6_c1,,,B,B6_c1_GCACATACAACTGGCC,B
B6_c1,,,B,B6_c1_GCACATACACTCAGGC,B
B6_c1,HMN52536,flu,B,B6_c1_GCAGTTATCGGCGCTA,B
B6_c1,,,B,B6_c1_GCAGTTATCTGAGGGA,B
B6_c1,HMN52534,flu,B,B6_c1_GCATGATCAAGTACCT,B
B6_c1,HMN52534,flu,B,B6_c1_GCATGCGCAGCTCCGA,B
B6_c1,,,B,B6_c1_GCCTCTAAGCCAGGAT,B
B6_c1,HMN52536,flu,B,B6_c1_GCGACCACACATTTCT,B
B6_c1,HMN52537,flu,B,B6_c1_GCGACCACACCTCGGA,B
B6_c1,HMN52534,flu,B,B6_c1_GCGCAGTTCAGCAACT,B
B6_c1,HMN52536,flu,B,B6_c1_GCGCCAACATCAGTCA,B
B6_c1,,,B,B6_c1_GCGCCAATCTGTTTGT,B
B6_c1,HMN52534,flu,B,B6_c1_GCGGGTTAGGACGAAA,B
B6_c1,HMN52534,flu,B,B6_c1_GCGGGTTGTCCGACGT,B
B6_c1,,,B,B6_c1_GCTCTGTCAGGCGATA,B
B6_c1,HMN52536,flu,B,B6_c1_GCTGCTTGTCACTGGC,B
B6_c1,HMN52536,flu,B,B6_c1_GCTGGGTCAAGCGTAG,B
B6_c1,HMN52536,flu,B,B6_c1_GCTGGGTTCCATTCTA,B
B6_c1,HMN52534,flu,B,B6_c1_GCTTGAATCTGTCTAT,B
B6_c1,HMN52534,flu,B,B6_c1_GGAAAGCCAAAGCAAT,B
B6_c1,HMN52536,flu,B,B6_c1_GGACAGACACTCAGGC,B
B6_c1,,,B,B6_c1_GGACAGACATCCTAGA,B
B6_c1,HMN52536,flu,B,B6_c1_GGACATTTCCACGTGG,B
B6_c1,HMN52534,flu,B,B6_c1_GGACGTCTCAACACTG,B
B6_c1,HMN52533,NI,B,B6_c1_GGACGTCTCTCCAGGG,B
B6_c1,HMN52537,flu,B,B6_c1_GGATTACTCACGCATA,B
B6_c1,HMN52534,flu,B,B6_c1_GGCAATTGTAATTGGA,B
B6_c1,,,B,B6_c1_GGCCGATCATTGTGCA,B
B6_c1,,,B,B6_c1_GGCCGATGTGGCGAAT,B
B6_c1,HMN52537,flu,B,B6_c1_GGCTGGTTCCTTTCTC,B
B6_c1,HMN52537,flu,B,B6_c1_GGGAGATAGCCCTAAT,B
B6_c1,HMN52537,flu,B,B6_c1_GGGCACTAGCTACCTA,B
B6_c1,HMN52537,flu,B,B6_c1_GGGCACTTCAAACGGG,B
B6_c1,HMN52536,flu,B,B6_c1_GGGCATCTCACTTCAT,B
B6_c1,HMN52536,flu,B,B6_c1_GGGCATCTCTGCAGTA,B
B6_c1,HMN52534,flu,B,B6_c1_GGTATTGCACAGCCCA,B
B6_c1,HMN83580,NI,B,B6_c1_GGTGAAGAGAATCTCC,B
B6_c1,,,B,B6_c1_GGTGAAGGTTCGCTAA,B
B6_c1,HMN52534,flu,B,B6_c1_GGTGTTAAGATACACA,B
B6_c1,,,B,B6_c1_GTACTCCTCGACAGCC,B
B6_c1,,,B,B6_c1_GTACTTTAGAACTCGG,B
B6_c1,,,B,B6_c1_GTACTTTGTCCGAAGA,B
B6_c1,HMN52534,flu,B,B6_c1_GTATCTTGTAAGTGGC,B
B6_c1,HMN52534,flu,B,B6_c1_GTATTCTAGAAACCTA,B
B6_c1,HMN52534,flu,B,B6_c1_GTATTCTGTGAGGCTA,B
B6_c1,HMN52534,flu,B,B6_c1_GTCAAGTAGACGCAAC,B
B6_c1,HMN52534,flu,B,B6_c1_GTCAAGTGTACGAAAT,B
B6_c1,HMN52536,flu,B,B6_c1_GTCAAGTTCGTGTAGT,B
B6_c1,,,B,B6_c1_GTCACAACAAGCGATG,B
B6_c1,,,B,B6_c1_GTCACGGTCGCGTTTC,B
B6_c1,HMN52534,flu,B,B6_c1_GTCCTCAAGGCTAGAC,B
B6_c1,,,B,B6_c1_GTCCTCATCGACAGCC,B
B6_c1,HMN52534,flu,B,B6_c1_GTCGTAACAGGAATGC,B
B6_c1,HMN52534,flu,B,B6_c1_GTCTTCGCACAGCCCA,B
B6_c1,,,B,B6_c1_GTGAAGGCATGGTTGT,B
B6_c1,HMN52536,flu,B,B6_c1_GTGCAGCAGCTGAACG,B
B6_c1,HMN52537,flu,B,B6_c1_GTGCATATCAAGGTAA,B
B6_c1,HMN52534,flu,B,B6_c1_GTGCTTCTCACAACGT,B
B6_c1,HMN52536,flu,B,B6_c1_GTGTGCGTCACATAGC,B
B6_c1,HMN52534,flu,B,B6_c1_GTGTTAGTCACCGTAA,B
B6_c1,,,B,B6_c1_GTTAAGCCAAACTGTC,B
B6_c1,,,B,B6_c1_GTTCATTCAATCTGCA,B
B6_c1,,,B,B6_c1_GTTCGGGAGGACAGCT,B
B6_c1,HMN52536,flu,B,B6_c1_GTTCGGGGTATTAGCC,B
B6_c1,HMN52534,flu,B,B6_c1_TAAGAGAGTCAGATAA,B
B6_c1,,,B,B6_c1_TAAGCGTCACCCAGTG,B
B6_c1,HMN52534,flu,B,B6_c1_TACCTATAGAATGTTG,B
B6_c1,HMN83580,NI,B,B6_c1_TACCTTAAGCGACGTA,B
B6_c1,,,B,B6_c1_TACGGATAGGGCATGT,B
B6_c1,HMN52534,flu,B,B6_c1_TACGGTAAGAACAATC,B
B6_c1,HMN52534,flu,B,B6_c1_TACGGTAGTCAGAATA,B
B6_c1,HMN52537,flu,B,B6_c1_TACGGTAGTTGGAGGT,B
B6_c1,HMN52536,flu,B,B6_c1_TACTTGTCACGGCTAC,B
B6_c1,HMN52534,flu,B,B6_c1_TAGACCAGTCAAGCGA,B
B6_c1,HMN52534,flu,B,B6_c1_TAGCCGGGTTACCAGT,B
B6_c1,HMN52534,flu,B,B6_c1_TAGGCATAGTGACATA,B
B6_c1,,,B,B6_c1_TATCTCAGTAGCGTAG,B
B6_c1,,,B,B6_c1_TCAACGAAGCGCTCCA,B
B6_c1,HMN52537,flu,B,B6_c1_TCAATCTGTCTCCATC,B
B6_c1,,,B,B6_c1_TCACAAGCATCTGGTA,B
B6_c1,,,B,B6_c1_TCACGAACAGTCTTCC,B
B6_c1,HMN52537,flu,B,B6_c1_TCACGAATCGGTCTAA,B
B6_c1,HMN52537,flu,B,B6_c1_TCAGCTCCATGCCCGA,B
B6_c1,HMN83580,NI,B,B6_c1_TCATTACCAGCGATCC,B
B6_c1,,,B,B6_c1_TCATTTGGTGATGTCT,B
B6_c1,,,B,B6_c1_TCCACACAGTGTACGG,B
B6_c1,HMN52534,flu,B,B6_c1_TCCACACCAAGCCGCT,B
B6_c1,,,B,B6_c1_TCCCGATGTATAGGTA,B
B6_c1,,,B,B6_c1_TCGAGGCAGCTACCGC,B
B6_c1,HMN52534,flu,B,B6_c1_TCGGGACAGACGCTTT,B
B6_c1,,,B,B6_c1_TCGGTAAAGCCCTAAT,B
B6_c1,HMN52534,flu,B,B6_c1_TCGGTAAGTCCGACGT,B
B6_c1,,,B,B6_c1_TCGGTAATCCCTTGCA,B
B6_c1,,,B,B6_c1_TCGTAGATCCGAATGT,B
B6_c1,HMN52534,flu,B,B6_c1_TCTATTGCAAAGCAAT,B
B6_c1,HMN52537,flu,B,B6_c1_TCTTCGGGTGGCAAAC,B
B6_c1,HMN52536,flu,B,B6_c1_TGACAACGTATCACCA,B
B6_c1,,,B,B6_c1_TGACGGCGTTCGGCAC,B
B6_c1,,,B,B6_c1_TGACGGCGTTGATTGC,B
B6_c1,,,B,B6_c1_TGACTAGGTGGCAAAC,B
B6_c1,HMN52534,flu,B,B6_c1_TGAGAGGCACATGACT,B
B6_c1,HMN52536,flu,B,B6_c1_TGAGAGGGTCCGCTGA,B
B6_c1,,,B,B6_c1_TGAGGGAAGACTGTAA,B
B6_c1,,,B,B6_c1_TGCCCATGTGGCTCCA,B
B6_c1,HMN52534,flu,B,B6_c1_TGCTACCGTGTGTGCC,B
B6_c1,HMN52534,flu,B,B6_c1_TGGCGCACATCTCGCT,B
B6_c1,HMN52536,flu,B,B6_c1_TGGCTGGCAGCGTCCA,B
B6_c1,HMN52536,flu,B,B6_c1_TGGGAAGGTACCGGCT,B
B6_c1,,,B,B6_c1_TGGGAAGGTCCAAGTT,B
B6_c1,,,B,B6_c1_TGTATTCAGTGGGTTG,B
B6_c1,,,B,B6_c1_TGTCCCAGTTCGTTGA,B
B6_c1,HMN52534,flu,B,B6_c1_TGTTCCGCAGACGCAA,B
B6_c1,,,B,B6_c1_TTAGGACTCAGCGACC,B
B6_c1,HMN52534,flu,B,B6_c1_TTAGTTCCATGCGCAC,B
B6_c1,HMN52536,flu,B,B6_c1_TTAGTTCTCACCAGGC,B
B6_c1,HMN52534,flu,B,B6_c1_TTATGCTAGAAGGTTT,B
B6_c1,,,B,B6_c1_TTCCCAGGTTCAACCA,B
B6_c1,HMN52534,flu,B,B6_c1_TTCGAAGAGTCGAGTG,B
B6_c1,HMN52536,flu,B,B6_c1_TTCGGTCAGTTTCCTT,B
B6_c1,,,B,B6_c1_TTCTCAAAGAGCTTCT,B
B6_c1,HMN52534,flu,B,B6_c1_TTCTCCTGTTACGACT,B
B6_c1,HMN52537,flu,B,B6_c1_TTGACTTAGGCCCTTG,B
B6_c1,HMN52534,flu,B,B6_c1_TTGCCGTCACCAACCG,B
B6_c1,HMN52536,flu,B,B6_c1_TTGGCAAAGCTAGCCC,B
B6_c1,HMN52536,flu,B,B6_c1_TTGGCAAAGCTCCTTC,B
B6_c1,HMN52534,flu,B,B6_c1_TTGGCAACAAAGGCGT,B
B6_c1,,,B,B6_c1_TTGTAGGCAGCCAATT,B
B6_c1,,,B,B6_c1_TTTACTGTCAGTTCGA,B
B6_c1,HMN52534,flu,B,B6_c1_TTTATGCAGAGGTAGA,B
B6_c1,HMN52536,flu,B,B6_c1_TTTATGCTCACCTTAT,B
B6_c1,HMN52534,flu,B,B6_c1_TTTCCTCTCATTCACT,B
B6_c2,HMN52533,flu,B,B6_c2_AAACCTGAGCAATATG,B
B6_c2,HMN52538,flu,B,B6_c2_AAACCTGCAAGCTGTT,B
B6_c2,,,B,B6_c2_AAACGGGCAGGATTGG,B
B6_c2,,,B,B6_c2_AAAGATGCACAGGAGT,B
B6_c2,HMN52538,flu,B,B6_c2_AAAGATGCAGCTGCTG,B
B6_c2,HMN52538,flu,B,B6_c2_AAAGATGCAGGGTACA,B
B6_c2,,,B,B6_c2_AAAGCAACATCTATGG,B
B6_c2,HMN52533,flu,B,B6_c2_AAATGCCGTGATGCCC,B
B6_c2,HMN83580,flu,B,B6_c2_AACCATGCAATGGTCT,B
B6_c2,,,B,B6_c2_AACCATGTCGCGCCAA,B
B6_c2,HMN52538,flu,B,B6_c2_AACGTTGCACCGGAAA,B
B6_c2,,,B,B6_c2_AACGTTGGTCTAGCCG,B
B6_c2,,,B,B6_c2_AACTCAGAGAGTAAGG,B
B6_c2,HMN52533,flu,B,B6_c2_AACTGGTCAAGAGTCG,B
B6_c2,HMN52533,flu,B,B6_c2_AACTGGTTCCCATTAT,B
B6_c2,HMN52533,flu,B,B6_c2_AACTTTCTCTTCTGGC,B
B6_c2,HMN52533,flu,B,B6_c2_AAGACCTCATGAGCGA,B
B6_c2,,,B,B6_c2_AAGCCGCCACACTGCG,B
B6_c2,,,B,B6_c2_AAGTCTGAGATGGCGT,B
B6_c2,HMN52533,flu,B,B6_c2_AAGTCTGGTATTAGCC,B
B6_c2,HMN83580,flu,B,B6_c2_AAGTCTGGTCCGACGT,B
B6_c2,HMN52533,flu,B,B6_c2_AATCCAGCAAGGTGTG,B
B6_c2,HMN52533,flu,B,B6_c2_ACACCAAAGGGATCTG,B
B6_c2,HMN52533,flu,B,B6_c2_ACACCAACACCTCGTT,B
B6_c2,HMN83580,flu,B,B6_c2_ACACCAACATCGGGTC,B
B6_c2,,,B,B6_c2_ACACCAAGTCTTGTCC,B
B6_c2,,,B,B6_c2_ACACCCTTCGTCACGG,B
B6_c2,,,B,B6_c2_ACACCGGGTACAAGTA,B
B6_c2,,,B,B6_c2_ACACTGAGTCATCGGC,B
B6_c2,,,B,B6_c2_ACACTGATCAAAGTAG,B
B6_c2,HMN52533,flu,B,B6_c2_ACAGCTAAGGGAGTAA,B
B6_c2,,,B,B6_c2_ACCCACTCAGTAAGCG,B
B6_c2,HMN52533,flu,B,B6_c2_ACCGTAAGTCGCGGTT,B
B6_c2,HMN52533,flu,B,B6_c2_ACGAGCCCAATCACAC,B
B6_c2,,,B,B6_c2_ACGAGCCCAGGGATTG,B
B6_c2,HMN52533,flu,B,B6_c2_ACGAGCCGTACCCAAT,B
B6_c2,HMN52533,flu,B,B6_c2_ACGAGGACATGCCCGA,B
B6_c2,,,B,B6_c2_ACGCAGCCACTTCGAA,B
B6_c2,,,B,B6_c2_ACGCAGCTCTTGTACT,B
B6_c2,,,B,B6_c2_ACGCCAGAGGCATGGT,B
B6_c2,,,B,B6_c2_ACGGAGACACTCTGTC,B
B6_c2,HMN83580,flu,B,B6_c2_ACGGAGAGTCCAGTAT,B
B6_c2,,,B,B6_c2_ACGGAGATCAGAGGTG,B
B6_c2,,,B,B6_c2_ACGGCCACATATGAGA,B
B6_c2,HMN52538,flu,B,B6_c2_ACGGCCATCACATACG,B
B6_c2,,,B,B6_c2_ACGGGCTAGCCCAATT,B
B6_c2,HMN83580,flu,B,B6_c2_ACTATCTAGAGGTTAT,B
B6_c2,HMN52538,flu,B,B6_c2_ACTATCTAGCGAAGGG,B
B6_c2,,,B,B6_c2_ACTATCTAGTCCATAC,B
B6_c2,HMN83580,flu,B,B6_c2_ACTGAACCACTATCTT,B
B6_c2,HMN52538,flu,B,B6_c2_ACTGAGTAGTCAAGCG,B
B6_c2,,,B,B6_c2_ACTGCTCAGCCACCTG,B
B6_c2,,,B,B6_c2_ACTGCTCCAATGACCT,B
B6_c2,HMN83580,flu,B,B6_c2_ACTGCTCTCTGGCGAC,B
B6_c2,HMN52533,flu,B,B6_c2_ACTGTCCTCTGGTGTA,B
B6_c2,,,B,B6_c2_ACTTACTAGACAAAGG,B
B6_c2,HMN52533,flu,B,B6_c2_ACTTACTCAGTATGCT,B
B6_c2,HMN52533,flu,B,B6_c2_ACTTTCACACGGATAG,B
B6_c2,,,B,B6_c2_ACTTTCACAGCCTTTC,B
B6_c2,,,B,B6_c2_ACTTTCAGTTCCGGCA,B
B6_c2,,,B,B6_c2_AGACGTTCAAGCTGAG,B
B6_c2,HMN83580,flu,B,B6_c2_AGAGCTTAGTCGAGTG,B
B6_c2,HMN52533,flu,B,B6_c2_AGAGCTTGTACCGAGA,B
B6_c2,,,B,B6_c2_AGAGCTTGTTTGGGCC,B
B6_c2,,,B,B6_c2_AGAGTGGAGCGGATCA,B
B6_c2,HMN52533,flu,B,B6_c2_AGATCTGTCCTCAACC,B
B6_c2,HMN52538,flu,B,B6_c2_AGATCTGTCTTGCATT,B
B6_c2,HMN52538,flu,B,B6_c2_AGCAGCCCAGCTGCTG,B
B6_c2,HMN83580,flu,B,B6_c2_AGCGGTCAGGATGGTC,B
B6_c2,HMN52533,flu,B,B6_c2_AGCGGTCTCCAAAGTC,B
B6_c2,,,B,B6_c2_AGCGTATTCTCAAGTG,B
B6_c2,HMN83580,flu,B,B6_c2_AGCGTCGCAGATTGCT,B
B6_c2,,,B,B6_c2_AGCGTCGTCAGAGGTG,B
B6_c2,,,B,B6_c2_AGCTCTCCAAAGCAAT,B
B6_c2,,,B,B6_c2_AGCTCTCCACAAGTAA,B
B6_c2,HMN52533,flu,B,B6_c2_AGCTTGAAGTACATGA,B
B6_c2,HMN52533,flu,B,B6_c2_AGCTTGACACAGGTTT,B
B6_c2,,,B,B6_c2_AGGCCACAGACAGAGA,B
B6_c2,,,B,B6_c2_AGGCCACAGTCAATAG,B
B6_c2,,,B,B6_c2_AGGGATGTCTATCCTA,B
B6_c2,,,B,B6_c2_AGGGTGATCGTGACAT,B
B6_c2,,,B,B6_c2_AGGTCATAGTGAAGAG,B
B6_c2,,,B,B6_c2_AGTGAGGTCGGAGCAA,B
B6_c2,,,B,B6_c2_AGTGGGAAGATCGATA,B
B6_c2,HMN52533,flu,B,B6_c2_AGTGTCACACTGTCGG,B
B6_c2,,,B,B6_c2_AGTGTCATCACTGGGC,B
B6_c2,HMN83580,flu,B,B6_c2_AGTTGGTCACAGACAG,B
B6_c2,HMN52533,flu,B,B6_c2_AGTTGGTCATCATCCC,B
B6_c2,HMN52533,flu,B,B6_c2_ATAGACCTCACCGTAA,B
B6_c2,HMN83580,flu,B,B6_c2_ATCACGACAATCAGAA,B
B6_c2,,,B,B6_c2_ATCATCTCAAGGTTTC,B
B6_c2,HMN83580,flu,B,B6_c2_ATCCACCAGTTGCAGG,B
B6_c2,,,B,B6_c2_ATCCACCTCTTGCAAG,B
B6_c2,,,B,B6_c2_ATCCGAACAAAGGCGT,B
B6_c2,,,B,B6_c2_ATCTACTCACACCGCA,B
B6_c2,,,B,B6_c2_ATGAGGGGTTCCACTC,B
B6_c2,HMN52533,flu,B,B6_c2_ATGCGATCAGCCAATT,B
B6_c2,HMN52533,flu,B,B6_c2_ATGCGATTCATTGCGA,B
B6_c2,,,B,B6_c2_ATGTGTGGTGTCGCTG,B
B6_c2,,,B,B6_c2_ATTACTCCATCAGTCA,B
B6_c2,HMN52533,flu,B,B6_c2_ATTACTCGTCAATACC,B
B6_c2,HMN52533,flu,B,B6_c2_ATTACTCTCCTTCAAT,B
B6_c2,HMN52533,flu,B,B6_c2_ATTGGACAGTGCTGCC,B
B6_c2,HMN52533,flu,B,B6_c2_ATTGGTGTCCAAGTAC,B
B6_c2,HMN52538,flu,B,B6_c2_ATTTCTGAGATATGGT,B
B6_c2,HMN52533,flu,B,B6_c2_ATTTCTGAGCTACCTA,B
B6_c2,,,B,B6_c2_ATTTCTGGTTCCTCCA,B
B6_c2,HMN52533,flu,B,B6_c2_CAACCAATCAGAGACG,B
B6_c2,HMN52533,flu,B,B6_c2_CAACTAGTCAGTTTGG,B
B6_c2,,,B,B6_c2_CAAGATCAGGTGTGGT,B
B6_c2,,,B,B6_c2_CAAGGCCAGACTACAA,B
B6_c2,,,B,B6_c2_CAAGGCCAGTAGGTGC,B
B6_c2,HMN52538,flu,B,B6_c2_CAAGTTGTCCCATTAT,B
B6_c2,,,B,B6_c2_CACAAACAGATGTGTA,B
B6_c2,,,B,B6_c2_CACAGGCCATCCGGGT,B
B6_c2,HMN52533,flu,B,B6_c2_CACAGTAAGTGTCTCA,B
B6_c2,,,B,B6_c2_CACAGTAGTAGTAGTA,B
B6_c2,HMN52538,flu,B,B6_c2_CACATTTAGGATGCGT,B
B6_c2,HMN52538,flu,B,B6_c2_CACATTTTCGCAGGCT,B
B6_c2,HMN83580,flu,B,B6_c2_CACCACTTCTTGTACT,B
B6_c2,HMN83580,flu,B,B6_c2_CACCAGGAGCCATCGC,B
B6_c2,HMN52533,flu,B,B6_c2_CACCTTGAGCCGTCGT,B
B6_c2,,,B,B6_c2_CACTCCAAGTGCGTGA,B
B6_c2,HMN52533,flu,B,B6_c2_CACTCCACACAGCGTC,B
B6_c2,HMN52533,flu,B,B6_c2_CACTCCACACGCCAGT,B
B6_c2,HMN83580,flu,B,B6_c2_CAGATCAAGATGGGTC,B
B6_c2,HMN52533,flu,B,B6_c2_CAGATCAGTGCAGGTA,B
B6_c2,HMN52538,flu,B,B6_c2_CAGCAGCAGATGGCGT,B
B6_c2,,,B,B6_c2_CAGCAGCCAGATCCAT,B
B6_c2,,,B,B6_c2_CAGCATACACATGGGA,B
B6_c2,,,B,B6_c2_CAGCATACACGGTAGA,B
B6_c2,HMN52538,flu,B,B6_c2_CAGCCGAAGATCCCGC,B
B6_c2,,,B,B6_c2_CAGCCGACATGCCTTC,B
B6_c2,,,B,B6_c2_CAGCCGATCATTCACT,B
B6_c2,HMN52538,flu,B,B6_c2_CAGCTAAGTCTAACGT,B
B6_c2,HMN52533,flu,B,B6_c2_CAGCTGGGTTCTGAAC,B
B6_c2,HMN83580,flu,B,B6_c2_CAGCTGGTCGTGGTCG,B
B6_c2,,,B,B6_c2_CAGTAACAGGGCTTCC,B
B6_c2,,,B,B6_c2_CAGTAACCACCAGGTC,B
B6_c2,,,B,B6_c2_CAGTCCTCACATTCGA,B
B6_c2,HMN52533,flu,B,B6_c2_CATATTCCACCAACCG,B
B6_c2,HMN52533,flu,B,B6_c2_CATCAAGAGGTTCCTA,B
B6_c2,,,B,B6_c2_CATCAAGGTAAGTGGC,B
B6_c2,HMN52538,flu,B,B6_c2_CATCAGAAGCAATATG,B
B6_c2,,,B,B6_c2_CATCAGAAGTCGTTTG,B
B6_c2,,,B,B6_c2_CATCAGAGTGGTAACG,B
B6_c2,HMN52533,flu,B,B6_c2_CATCCACGTAGGCATG,B
B6_c2,HMN52533,flu,B,B6_c2_CATCGAAAGAGAGCTC,B
B6_c2,HMN52533,flu,B,B6_c2_CATCGGGAGTGGGTTG,B
B6_c2,HMN52533,flu,B,B6_c2_CATCGGGCAGTCACTA,B
B6_c2,HMN52533,flu,B,B6_c2_CATCGGGGTCTCCATC,B
B6_c2,HMN52533,flu,B,B6_c2_CATGACACACATGACT,B
B6_c2,HMN52533,flu,B,B6_c2_CATGACACACTTAACG,B
B6_c2,HMN52538,flu,B,B6_c2_CATGGCGAGGTGTTAA,B
B6_c2,HMN83580,flu,B,B6_c2_CATGGCGGTAATCGTC,B
B6_c2,HMN52533,flu,B,B6_c2_CATGGCGGTGATGTGG,B
B6_c2,HMN52533,flu,B,B6_c2_CATTATCCAGTAGAGC,B
B6_c2,,,B,B6_c2_CCAATCCAGGGTTCCC,B
B6_c2,HMN52533,flu,B,B6_c2_CCACCTACATTCGACA,B
B6_c2,HMN52533,flu,B,B6_c2_CCAGCGAGTCCGACGT,B
B6_c2,HMN52538,flu,B,B6_c2_CCCATACGTCCTAGCG,B
B6_c2,,,B,B6_c2_CCCTCCTAGGAGCGAG,B
B6_c2,,,B,B6_c2_CCCTCCTGTTGGTGGA,B
B6_c2,,,B,B6_c2_CCGGGATAGCTTATCG,B
B6_c2,HMN52538,flu,B,B6_c2_CCGGTAGAGACCTTTG,B
B6_c2,,,B,B6_c2_CCGTACTAGAATTGTG,B
B6_c2,HMN52538,flu,B,B6_c2_CCGTACTCATGCTAGT,B
B6_c2,,,B,B6_c2_CCGTACTTCATAGCAC,B
B6_c2,,,B,B6_c2_CCGTGGAAGTAACCCT,B
B6_c2,HMN52538,flu,B,B6_c2_CCGTTCACAAACCTAC,B
B6_c2,,,B,B6_c2_CCTAAAGAGATGAGAG,B
B6_c2,HMN52538,flu,B,B6_c2_CCTAAAGAGCCCGAAA,B
B6_c2,,,B,B6_c2_CCTACACAGTCAAGCG,B
B6_c2,,,B,B6_c2_CCTACACCATGTCGAT,B
B6_c2,,,B,B6_c2_CCTACCACAGTAACGG,B
B6_c2,,,B,B6_c2_CCTAGCTGTCTCCCTA,B
B6_c2,,,B,B6_c2_CCTATTACATTTGCCC,B
B6_c2,HMN52538,flu,B,B6_c2_CCTATTAGTGTTTGGT,B
B6_c2,HMN52538,flu,B,B6_c2_CCTATTATCGAATGCT,B
B6_c2,HMN52533,flu,B,B6_c2_CCTCAGTCAGGCAGTA,B
B6_c2,,,B,B6_c2_CCTCAGTGTGAGTATA,B
B6_c2,,,B,B6_c2_CCTCTGATCGTGACAT,B
B6_c2,,,B,B6_c2_CCTTACGAGGATGGTC,B
B6_c2,HMN52533,flu,B,B6_c2_CCTTACGAGTCCGGTC,B
B6_c2,HMN52538,flu,B,B6_c2_CCTTACGAGTGTCTCA,B
B6_c2,,,B,B6_c2_CCTTACGTCTCCGGTT,B
B6_c2,,,B,B6_c2_CCTTCCCAGCGCCTCA,B
B6_c2,,,B,B6_c2_CCTTCCCCAGTCGATT,B
B6_c2,HMN52533,flu,B,B6_c2_CCTTCCCTCGTTTATC,B
B6_c2,,,B,B6_c2_CCTTTCTTCGTACGGC,B
B6_c2,HMN52533,flu,B,B6_c2_CCTTTCTTCTTTAGGG,B
B6_c2,,,B,B6_c2_CGAACATCACTAGTAC,B
B6_c2,,,B,B6_c2_CGAATGTAGCACCGTC,B
B6_c2,,,B,B6_c2_CGACCTTTCTCGATGA,B
B6_c2,HMN52533,flu,B,B6_c2_CGACTTCAGACTAGGC,B
B6_c2,HMN52533,flu,B,B6_c2_CGACTTCAGTGCCAGA,B
B6_c2,HMN52533,flu,B,B6_c2_CGACTTCCAGTTAACC,B
B6_c2,HMN52533,flu,B,B6_c2_CGACTTCGTCTAGGTT,B
B6_c2,HMN52538,flu,B,B6_c2_CGAGCACCACCCATTC,B
B6_c2,HMN52533,flu,B,B6_c2_CGATGTAAGGCCCGTT,B
B6_c2,HMN52533,flu,B,B6_c2_CGATGTAAGTGGAGTC,B
B6_c2,,,B,B6_c2_CGATGTATCGATAGAA,B
B6_c2,HMN83580,flu,B,B6_c2_CGATTGAGTCGAAAGC,B
B6_c2,,,B,B6_c2_CGCGGTACAGGCAGTA,B
B6_c2,HMN52533,flu,B,B6_c2_CGCGGTATCCATTCTA,B
B6_c2,HMN52533,flu,B,B6_c2_CGCGTTTCAGACGCTC,B
B6_c2,HMN52538,flu,B,B6_c2_CGCGTTTTCAGTTCGA,B
B6_c2,HMN52533,flu,B,B6_c2_CGCTGGATCAATACCG,B
B6_c2,,,B,B6_c2_CGCTGGATCGGTTCGG,B
B6_c2,HMN83580,flu,B,B6_c2_CGCTGGATCGTCACGG,B
B6_c2,,,B,B6_c2_CGCTTCATCGGAAATA,B
B6_c2,HMN52538,flu,B,B6_c2_CGGACACAGGAGCGAG,B
B6_c2,HMN52538,flu,B,B6_c2_CGGACACGTGTAATGA,B
B6_c2,,,B,B6_c2_CGGACGTAGTCATCCA,B
B6_c2,HMN52533,flu,B,B6_c2_CGGACGTTCGCTTAGA,B
B6_c2,HMN52533,flu,B,B6_c2_CGGAGCTGTACAGACG,B
B6_c2,HMN52538,flu,B,B6_c2_CGGAGCTGTCCATCCT,B
B6_c2,HMN52538,flu,B,B6_c2_CGGAGCTGTTTGTTGG,B
B6_c2,HMN52533,flu,B,B6_c2_CGGAGTCCAGGTGGAT,B
B6_c2,,,B,B6_c2_CGGCTAGCAAAGGAAG,B
B6_c2,HMN52533,flu,B,B6_c2_CGGCTAGCATGGTCTA,B
B6_c2,HMN52533,flu,B,B6_c2_CGGCTAGGTTTGACAC,B
B6_c2,HMN52538,flu,B,B6_c2_CGGTTAAGTAGTGAAT,B
B6_c2,HMN52533,flu,B,B6_c2_CGTAGCGGTGCAGTAG,B
B6_c2,HMN83580,flu,B,B6_c2_CGTAGGCTCAAACCAC,B
B6_c2,,,B,B6_c2_CGTAGGCTCTTGCATT,B
B6_c2,HMN52533,flu,B,B6_c2_CGTCACTGTTTGGCGC,B
B6_c2,HMN52533,flu,B,B6_c2_CGTCCATGTATGAAAC,B
B6_c2,HMN83580,flu,B,B6_c2_CGTCTACTCTTAACCT,B
B6_c2,HMN52533,flu,B,B6_c2_CGTGAGCGTCTACCTC,B
B6_c2,HMN52538,flu,B,B6_c2_CGTGAGCGTCTTCAAG,B
B6_c2,,,B,B6_c2_CGTGTAACACCGTTGG,B
B6_c2,HMN52533,flu,B,B6_c2_CGTTCTGCAGGACGTA,B
B6_c2,,,B,B6_c2_CGTTGGGAGGTGCTAG,B
B6_c2,,,B,B6_c2_CGTTGGGAGTATCGAA,B
B6_c2,,,B,B6_c2_CGTTGGGCAGGGTACA,B
B6_c2,,,B,B6_c2_CGTTGGGTCTCTTGAT,B
B6_c2,HMN52533,flu,B,B6_c2_CTAAGACGTCTGATTG,B
B6_c2,HMN52538,flu,B,B6_c2_CTAATGGTCCCTCTTT,B
B6_c2,,,B,B6_c2_CTACCCAAGCTAGTGG,B
B6_c2,,,B,B6_c2_CTACCCAGTCTAGAGG,B
B6_c2,,,B,B6_c2_CTACGTCAGCAGCGTA,B
B6_c2,HMN52533,flu,B,B6_c2_CTACGTCCAATCGGTT,B
B6_c2,,,B,B6_c2_CTAGCCTCAGATCCAT,B
B6_c2,HMN52538,flu,B,B6_c2_CTAGCCTTCGCAAGCC,B
B6_c2,HMN52538,flu,B,B6_c2_CTAGTGAAGTTACCCA,B
B6_c2,HMN83580,flu,B,B6_c2_CTCACACGTGTGTGCC,B
B6_c2,HMN83580,flu,B,B6_c2_CTCAGAATCAAGAAGT,B
B6_c2,,,B,B6_c2_CTCAGAATCGCCTGTT,B
B6_c2,HMN52533,flu,B,B6_c2_CTCATTAAGTTACGGG,B
B6_c2,HMN52538,flu,B,B6_c2_CTCATTACACATCCGG,B
B6_c2,,,B,B6_c2_CTCCTAGCACTCAGGC,B
B6_c2,HMN52533,flu,B,B6_c2_CTCGAAAGTACTTGAC,B
B6_c2,HMN52533,flu,B,B6_c2_CTCGAGGCAAGGGTCA,B
B6_c2,HMN83580,flu,B,B6_c2_CTCGAGGTCCTAAGTG,B
B6_c2,HMN52533,flu,B,B6_c2_CTCGGAGAGATAGTCA,B
B6_c2,HMN52533,flu,B,B6_c2_CTCGGAGCATACCATG,B
B6_c2,,,B,B6_c2_CTCGGAGCATCACGAT,B
B6_c2,,,B,B6_c2_CTCGGAGGTTGTGGCC,B
B6_c2,HMN52533,flu,B,B6_c2_CTCTAATGTGTAAGTA,B
B6_c2,,,B,B6_c2_CTGATAGGTTGTGGAG,B
B6_c2,HMN52538,flu,B,B6_c2_CTGATCCGTTGCCTCT,B
B6_c2,HMN52533,flu,B,B6_c2_CTGATCCTCGTTGCCT,B
B6_c2,HMN52533,flu,B,B6_c2_CTGCGGAAGCCCAATT,B
B6_c2,,,B,B6_c2_CTGCGGATCCTTTACA,B
B6_c2,HMN52533,flu,B,B6_c2_CTGCTGTTCTCCAGGG,B
B6_c2,HMN52533,flu,B,B6_c2_CTGGTCTAGCTGTCTA,B
B6_c2,,,B,B6_c2_CTGTGCTTCTTCGAGA,B
B6_c2,HMN52538,flu,B,B6_c2_CTGTTTAAGGACGAAA,B
B6_c2,HMN52533,flu,B,B6_c2_CTTAACTCAGTCACTA,B
B6_c2,,,B,B6_c2_CTTACCGGTTTGGGCC,B
B6_c2,,,B,B6_c2_CTTAGGATCTACCTGC,B
B6_c2,,,B,B6_c2_CTTGGCTCAATCCGAT,B
B6_c2,HMN52533,flu,B,B6_c2_GAAACTCGTAAACCTC,B
B6_c2,,,B,B6_c2_GAAATGAAGATGTGTA,B
B6_c2,,,B,B6_c2_GAAATGACATGACATC,B
B6_c2,HMN52533,flu,B,B6_c2_GAAATGATCAACACGT,B
B6_c2,HMN52533,flu,B,B6_c2_GAACATCAGGCATGTG,B
B6_c2,HMN52538,flu,B,B6_c2_GAACATCCATATGGTC,B
B6_c2,,,B,B6_c2_GAACCTACAATCCAAC,B
B6_c2,,,B,B6_c2_GAACGGACACCGCTAG,B
B6_c2,HMN52533,flu,B,B6_c2_GAAGCAGTCAACACCA,B
B6_c2,,,B,B6_c2_GAATAAGCACCTCGGA,B
B6_c2,,,B,B6_c2_GAATGAATCCTGCAGG,B
B6_c2,,,B,B6_c2_GACACGCAGAGGTACC,B
B6_c2,HMN52533,flu,B,B6_c2_GACCAATGTTCAGTAC,B
B6_c2,,,B,B6_c2_GACGGCTAGACTACAA,B
B6_c2,,,B,B6_c2_GACGTGCGTAGCGTCC,B
B6_c2,HMN52538,flu,B,B6_c2_GACGTTAGTGCACGAA,B
B6_c2,HMN52533,flu,B,B6_c2_GACTAACCACGAGGTA,B
B6_c2,,,B,B6_c2_GACTAACCAGCCTGTG,B
B6_c2,,,B,B6_c2_GACTAACTCACAACGT,B
B6_c2,HMN52538,flu,B,B6_c2_GACTACAGTTACTGAC,B
B6_c2,HMN52538,flu,B,B6_c2_GACTGCGAGGAATCGC,B
B6_c2,HMN52533,flu,B,B6_c2_GACTGCGAGGACAGCT,B
B6_c2,HMN83580,flu,B,B6_c2_GACTGCGGTCTGCCAG,B
B6_c2,,,B,B6_c2_GAGCAGAAGTACGTTC,B
B6_c2,HMN52533,flu,B,B6_c2_GAGCAGACATACCATG,B
B6_c2,HMN52538,flu,B,B6_c2_GAGGTGAGTATAGTAG,B
B6_c2,,,B,B6_c2_GAGGTGATCATTCACT,B
B6_c2,HMN52533,flu,B,B6_c2_GATCAGTAGACCTTTG,B
B6_c2,,,B,B6_c2_GATCAGTCACTCGACG,B
B6_c2,,,B,B6_c2_GATCAGTTCTCTAAGG,B
B6_c2,HMN52533,flu,B,B6_c2_GATCGCGCAATCACAC,B
B6_c2,HMN83580,flu,B,B6_c2_GATCGCGGTTCGTCTC,B
B6_c2,,,B,B6_c2_GATCTAGAGAATGTTG,B
B6_c2,HMN52538,flu,B,B6_c2_GATCTAGCAGGTCTCG,B
B6_c2,,,B,B6_c2_GATGAGGTCGAATGGG,B
B6_c2,HMN83580,flu,B,B6_c2_GATGCTAGTGCTGTAT,B
B6_c2,HMN83580,flu,B,B6_c2_GATTCAGCAAAGCGGT,B
B6_c2,HMN52533,flu,B,B6_c2_GATTCAGCATTAGCCA,B
B6_c2,,,B,B6_c2_GATTCAGTCTTTACAC,B
B6_c2,HMN52538,flu,B,B6_c2_GCAAACTCATGCATGT,B
B6_c2,HMN52538,flu,B,B6_c2_GCAATCATCGAGAACG,B
B6_c2,HMN52533,flu,B,B6_c2_GCACATACACACCGAC,B
B6_c2,,,B,B6_c2_GCACATACATGAAGTA,B
B6_c2,HMN52533,flu,B,B6_c2_GCAGCCACACCTGGTG,B
B6_c2,,,B,B6_c2_GCAGCCACATATGAGA,B
B6_c2,HMN83580,flu,B,B6_c2_GCAGCCAGTAGCTAAA,B
B6_c2,,,B,B6_c2_GCAGTTACACGGTAAG,B
B6_c2,HMN52533,flu,B,B6_c2_GCAGTTAGTCTGATCA,B
B6_c2,HMN52533,flu,B,B6_c2_GCAGTTATCAATACCG,B
B6_c2,,,B,B6_c2_GCATACATCCAACCAA,B
B6_c2,HMN52533,flu,B,B6_c2_GCATGCGTCGCGCCAA,B
B6_c2,HMN83580,flu,B,B6_c2_GCATGTATCGAGCCCA,B
B6_c2,HMN52538,flu,B,B6_c2_GCCAAATAGCGATCCC,B
B6_c2,,,B,B6_c2_GCCAAATTCTCGCATC,B
B6_c2,HMN52533,flu,B,B6_c2_GCCTCTAAGCAGCGTA,B
B6_c2,HMN52533,flu,B,B6_c2_GCCTCTATCTGTTGAG,B
B6_c2,HMN83580,flu,B,B6_c2_GCGAGAAAGCCGCCTA,B
B6_c2,HMN83580,flu,B,B6_c2_GCGCGATCACAGGTTT,B
B6_c2,,,B,B6_c2_GCGGGTTAGGGAGTAA,B
B6_c2,HMN52538,flu,B,B6_c2_GCTCCTAAGAGGACGG,B
B6_c2,HMN52538,flu,B,B6_c2_GCTCTGTAGTGTCTCA,B
B6_c2,HMN52533,flu,B,B6_c2_GCTCTGTGTGTGTGCC,B
B6_c2,HMN83580,flu,B,B6_c2_GCTGCGATCTGGTGTA,B
B6_c2,,,B,B6_c2_GCTGCTTCAAGCTGGA,B
B6_c2,,,B,B6_c2_GCTGGGTGTACGACCC,B
B6_c2,HMN52538,flu,B,B6_c2_GCTTCCAAGGACACCA,B
B6_c2,HMN83580,flu,B,B6_c2_GCTTGAAAGCGTCTAT,B
B6_c2,HMN52533,flu,B,B6_c2_GCTTGAAGTGTTCTTT,B
B6_c2,,,B,B6_c2_GGAACTTAGAAGGGTA,B
B6_c2,,,B,B6_c2_GGAATAACAGGGATTG,B
B6_c2,HMN52538,flu,B,B6_c2_GGACAGACATGCATGT,B
B6_c2,,,B,B6_c2_GGACGTCTCTTTACAC,B
B6_c2,,,B,B6_c2_GGAGCAAAGAGTACAT,B
B6_c2,,,B,B6_c2_GGAGCAAAGCACGCCT,B
B6_c2,HMN52533,flu,B,B6_c2_GGAGCAAGTCACTTCC,B
B6_c2,HMN52533,flu,B,B6_c2_GGATGTTAGTCATGCT,B
B6_c2,HMN83580,flu,B,B6_c2_GGCCGATAGTAGGCCA,B
B6_c2,HMN52533,flu,B,B6_c2_GGCGACTCATGTAGTC,B
B6_c2,,,B,B6_c2_GGCTCGAGTTGTGGAG,B
B6_c2,,,B,B6_c2_GGCTCGATCGTGGTCG,B
B6_c2,HMN52538,flu,B,B6_c2_GGCTGGTAGCTAAACA,B
B6_c2,,,B,B6_c2_GGGAATGAGGATGGTC,B
B6_c2,,,B,B6_c2_GGGAATGCACTAGTAC,B
B6_c2,HMN52538,flu,B,B6_c2_GGGAATGCATTGGCGC,B
B6_c2,HMN83580,flu,B,B6_c2_GGGACCTGTGTTCGAT,B
B6_c2,HMN52533,flu,B,B6_c2_GGGACCTGTGTTTGTG,B
B6_c2,HMN83580,flu,B,B6_c2_GGGATGAAGGAGTCTG,B
B6_c2,,,B,B6_c2_GGGATGAGTTCAGACT,B
B6_c2,HMN52533,flu,B,B6_c2_GGGATGATCAGGCCCA,B
B6_c2,,,B,B6_c2_GGGTCTGCATCGGAAG,B
B6_c2,,,B,B6_c2_GGGTCTGTCATGCAAC,B
B6_c2,,,B,B6_c2_GGGTCTGTCGTCCAGG,B
B6_c2,HMN52533,flu,B,B6_c2_GGGTTGCAGACTGTAA,B
B6_c2,HMN52533,flu,B,B6_c2_GGTATTGAGGACGAAA,B
B6_c2,HMN52538,flu,B,B6_c2_GGTGCGTGTCGCCATG,B
B6_c2,HMN52533,flu,B,B6_c2_GGTGTTAAGAGCTATA,B
B6_c2,HMN83580,flu,B,B6_c2_GGTGTTAAGGCATGTG,B
B6_c2,HMN52533,flu,B,B6_c2_GGTGTTATCGTGGACC,B
B6_c2,HMN52533,flu,B,B6_c2_GTAACTGAGGAATCGC,B
B6_c2,HMN52533,flu,B,B6_c2_GTACGTATCTTAACCT,B
B6_c2,HMN52533,flu,B,B6_c2_GTACTCCCAGACAAAT,B
B6_c2,,,B,B6_c2_GTAGGCCCAAGTAGTA,B
B6_c2,,,B,B6_c2_GTAGTCAAGCGTGTCC,B
B6_c2,HMN52538,flu,B,B6_c2_GTATCTTTCACAATGC,B
B6_c2,HMN52533,flu,B,B6_c2_GTCATTTGTAGCTGCC,B
B6_c2,,,B,B6_c2_GTCCTCATCAACACGT,B
B6_c2,,,B,B6_c2_GTCGTAAAGACACTAA,B
B6_c2,,,B,B6_c2_GTCTCGTCAGCTGGCT,B
B6_c2,HMN52533,flu,B,B6_c2_GTCTCGTGTTGTTTGG,B
B6_c2,,,B,B6_c2_GTCTTCGTCAATACCG,B
B6_c2,HMN52533,flu,B,B6_c2_GTGCATATCCTTGGTC,B
B6_c2,HMN52533,flu,B,B6_c2_GTGCGGTAGGCGTACA,B
B6_c2,,,B,B6_c2_GTGCTTCGTCAGAAGC,B
B6_c2,HMN52533,flu,B,B6_c2_GTGGGTCAGACGACGT,B
B6_c2,HMN52533,flu,B,B6_c2_GTGGGTCTCGTCCGTT,B
B6_c2,,,B,B6_c2_GTGTTAGTCACTTCAT,B
B6_c2,HMN83580,flu,B,B6_c2_GTTAAGCCAGCATGAG,B
B6_c2,,,B,B6_c2_GTTCATTTCCGCGGTA,B
B6_c2,,,B,B6_c2_GTTCGGGCACCGAAAG,B
B6_c2,,,B,B6_c2_TAAACCGAGTTGCAGG,B
B6_c2,,,B,B6_c2_TAAACCGCAGCCTTTC,B
B6_c2,HMN52533,flu,B,B6_c2_TAAGAGAAGCGTTGCC,B
B6_c2,HMN52533,flu,B,B6_c2_TAAGAGATCCAACCAA,B
B6_c2,,,B,B6_c2_TAAGCGTGTCAGAAGC,B
B6_c2,,,B,B6_c2_TAAGCGTGTCTCCCTA,B
B6_c2,HMN52533,flu,B,B6_c2_TACACGACAAGCTGAG,B
B6_c2,HMN52533,flu,B,B6_c2_TACACGATCCTGCTTG,B
B6_c2,,,B,B6_c2_TACCTATAGACCACGA,B
B6_c2,,,B,B6_c2_TACCTATTCACGGTTA,B
B6_c2,HMN52533,flu,B,B6_c2_TACCTTAAGGATTCGG,B
B6_c2,HMN52533,flu,B,B6_c2_TACCTTACAAGCGTAG,B
B6_c2,HMN52533,flu,B,B6_c2_TACCTTACATGACATC,B
B6_c2,,,B,B6_c2_TACCTTAGTATATGAG,B
B6_c2,HMN52538,flu,B,B6_c2_TACGGATCATTGGTAC,B
B6_c2,HMN52533,flu,B,B6_c2_TACGGATGTAAATGTG,B
B6_c2,,,B,B6_c2_TACGGATTCTGCAAGT,B
B6_c2,,,B,B6_c2_TACGGGCTCTATGTGG,B
B6_c2,,,B,B6_c2_TACTCGCTCTTATCTG,B
B6_c2,,,B,B6_c2_TACTTACCAAATACAG,B
B6_c2,HMN52533,flu,B,B6_c2_TAGCCGGAGGCGCTCT,B
B6_c2,HMN52533,flu,B,B6_c2_TAGCCGGCAGGCAGTA,B
B6_c2,,,B,B6_c2_TAGCCGGGTCGGATCC,B
B6_c2,,,B,B6_c2_TAGTTGGGTTTAGCTG,B
B6_c2,HMN52533,flu,B,B6_c2_TAGTTGGTCGGCATCG,B
B6_c2,HMN52538,flu,B,B6_c2_TATCTCATCCTGCCAT,B
B6_c2,HMN52533,flu,B,B6_c2_TATGCCCGTGCGAAAC,B
B6_c2,,,B,B6_c2_TATGCCCGTTCATGGT,B
B6_c2,,,B,B6_c2_TCAATCTAGCGCTTAT,B
B6_c2,HMN52533,flu,B,B6_c2_TCAATCTCAGCATGAG,B
B6_c2,,,B,B6_c2_TCACGAACAGGACCCT,B
B6_c2,,,B,B6_c2_TCACGAAGTACTCAAC,B
B6_c2,HMN52533,flu,B,B6_c2_TCACGAAGTAGCGTCC,B
B6_c2,HMN52533,flu,B,B6_c2_TCAGATGTCAACCAAC,B
B6_c2,HMN83580,flu,B,B6_c2_TCAGCTCGTCTGATCA,B
B6_c2,HMN52538,flu,B,B6_c2_TCAGGTATCAGCTCGG,B
B6_c2,,,B,B6_c2_TCATTACAGCCGTCGT,B
B6_c2,,,B,B6_c2_TCATTACAGTATCTCG,B
B6_c2,,,B,B6_c2_TCATTTGGTCTCTTAT,B
B6_c2,,,B,B6_c2_TCCACACAGTCGAGTG,B
B6_c2,,,B,B6_c2_TCCACACTCAGCTTAG,B
B6_c2,HMN52538,flu,B,B6_c2_TCCACACTCGCTGATA,B
B6_c2,HMN52533,flu,B,B6_c2_TCCCGATTCTTTCCTC,B
B6_c2,HMN52533,flu,B,B6_c2_TCGAGGCTCATTCACT,B
B6_c2,HMN52533,flu,B,B6_c2_TCGCGAGGTTCGGGCT,B
B6_c2,,,B,B6_c2_TCGCGTTCAGTGACAG,B
B6_c2,HMN52533,flu,B,B6_c2_TCGGGACGTCTTCTCG,B
B6_c2,HMN52533,flu,B,B6_c2_TCGTACCCATTCCTGC,B
B6_c2,HMN52538,flu,B,B6_c2_TCGTACCCATTTCAGG,B
B6_c2,HMN83580,flu,B,B6_c2_TCGTAGAAGTAGCGGT,B
B6_c2,,,B,B6_c2_TCGTAGACAAGCTGAG,B
B6_c2,HMN52538,flu,B,B6_c2_TCGTAGAGTACATCCA,B
B6_c2,HMN52533,flu,B,B6_c2_TCTCTAATCAGCCTAA,B
B6_c2,HMN52533,flu,B,B6_c2_TCTGAGAAGTTGCAGG,B
B6_c2,,,B,B6_c2_TCTGAGACAGATGGCA,B
B6_c2,HMN52533,flu,B,B6_c2_TCTGAGACATGGATGG,B
B6_c2,,,B,B6_c2_TGAAAGAAGAAACGCC,B
B6_c2,HMN52533,flu,B,B6_c2_TGAAAGATCAAACCGT,B
B6_c2,HMN52538,flu,B,B6_c2_TGACAACTCACTTCAT,B
B6_c2,,,B,B6_c2_TGACTAGGTGCTCTTC,B
B6_c2,HMN52533,flu,B,B6_c2_TGAGAGGAGACCCACC,B
B6_c2,HMN52538,flu,B,B6_c2_TGAGCATAGCTCTCGG,B
B6_c2,HMN52538,flu,B,B6_c2_TGAGCCGGTCCATGAT,B
B6_c2,,,B,B6_c2_TGATTTCAGAGTACAT,B
B6_c2,,,B,B6_c2_TGCACCTAGGGTATCG,B
B6_c2,,,B,B6_c2_TGCACCTGTAGGCTGA,B
B6_c2,HMN52533,flu,B,B6_c2_TGCCAAAAGATCTGAA,B
B6_c2,HMN52533,flu,B,B6_c2_TGCCCTACAAAGTCAA,B
B6_c2,,,B,B6_c2_TGCGGGTGTCCATCCT,B
B6_c2,HMN52533,flu,B,B6_c2_TGCGTGGTCAGGCGAA,B
B6_c2,HMN52533,flu,B,B6_c2_TGCGTGGTCCCTGACT,B
B6_c2,,,B,B6_c2_TGCTGCTCATGCCTAA,B
B6_c2,HMN52533,flu,B,B6_c2_TGGCCAGGTATATGAG,B
B6_c2,HMN52533,flu,B,B6_c2_TGGCCAGGTTGGGACA,B
B6_c2,HMN83580,flu,B,B6_c2_TGGCCAGTCTTGTTTG,B
B6_c2,,,B,B6_c2_TGGCGCAAGAGACGAA,B
B6_c2,,,B,B6_c2_TGGCTGGCACCAACCG,B
B6_c2,HMN83580,flu,B,B6_c2_TGGCTGGGTAGGACAC,B
B6_c2,,,B,B6_c2_TGGGAAGCACTGTGTA,B
B6_c2,HMN52533,flu,B,B6_c2_TGGGCGTCAGGCGATA,B
B6_c2,,,B,B6_c2_TGGGCGTGTATGAATG,B
B6_c2,HMN52538,flu,B,B6_c2_TGGTTAGCATGCAACT,B
B6_c2,,,B,B6_c2_TGTATTCCAGGATTGG,B
B6_c2,HMN52538,flu,B,B6_c2_TGTGGTATCTACGAGT,B
B6_c2,HMN83580,flu,B,B6_c2_TGTGGTATCTCGTATT,B
B6_c2,HMN52533,flu,B,B6_c2_TGTGTTTGTAATTGGA,B
B6_c2,,,B,B6_c2_TGTGTTTTCAGCTCGG,B
B6_c2,HMN52533,flu,B,B6_c2_TGTGTTTTCAGTTAGC,B
B6_c2,HMN52533,flu,B,B6_c2_TTAGGACGTTAGTGGG,B
B6_c2,HMN52533,flu,B,B6_c2_TTAGTTCAGGTCATCT,B
B6_c2,HMN52533,flu,B,B6_c2_TTAGTTCTCCAGTAGT,B
B6_c2,HMN83580,flu,B,B6_c2_TTATGCTCACATCTTT,B
B6_c2,HMN83580,flu,B,B6_c2_TTCCCAGCACATGACT,B
B6_c2,,,B,B6_c2_TTCCCAGGTTCTGTTT,B
B6_c2,HMN83580,flu,B,B6_c2_TTCGAAGCATCACAAC,B
B6_c2,HMN83580,flu,B,B6_c2_TTCGGTCGTCGCTTCT,B
B6_c2,,,B,B6_c2_TTCTACACACGGTAGA,B
B6_c2,,,B,B6_c2_TTCTCAAAGCCTATGT,B
B6_c2,,,B,B6_c2_TTCTCAAAGTTGCAGG,B
B6_c2,HMN52533,flu,B,B6_c2_TTCTCAAGTGAGTATA,B
B6_c2,,,B,B6_c2_TTCTCCTAGATATACG,B
B6_c2,,,B,B6_c2_TTCTTAGGTACATGTC,B
B6_c2,HMN52533,flu,B,B6_c2_TTGACTTGTGGTCCGT,B
B6_c2,HMN52533,flu,B,B6_c2_TTGACTTTCTAACGGT,B
B6_c2,HMN52533,flu,B,B6_c2_TTGCCGTGTCCGAGTC,B
B6_c2,,,B,B6_c2_TTGGAACGTCAAGCGA,B
B6_c2,,,B,B6_c2_TTGGCAAAGCCGGTAA,B
B6_c2,HMN52533,flu,B,B6_c2_TTGGCAATCGTCCAGG,B
B6_c2,HMN52533,flu,B,B6_c2_TTGTAGGGTTAGAACA,B
B6_c2,,,B,B6_c2_TTTACTGAGCTAGTCT,B
B6_c2,HMN52533,flu,B,B6_c2_TTTACTGGTCGAACAG,B
B6_c2,HMN83580,flu,B,B6_c2_TTTATGCGTTTGTGTG,B
B6_c2,HMN52533,flu,B,B6_c2_TTTATGCTCACGATGT,B
B6_c2,HMN52538,flu,B,B6_c2_TTTCCTCAGATATGCA,B
B6_c2,HMN83580,flu,B,B6_c2_TTTCCTCGTATCAGTC,B
B6_c2,,,B,B6_c2_TTTCCTCTCTGCGGCA,B
B6_c2,,,B,B6_c2_TTTGCGCAGTGATCGG,B
B6_c2,HMN52533,flu,B,B6_c2_TTTGGTTGTCACAAGG,B
B7_c1,HMN52543,flu,B,B7_c1_AAACGGGAGCTTTGGT,B
B7_c1,HMN52552,flu,B,B7_c1_AAAGATGGTCACTTCC,B
B7_c1,,,B,B7_c1_AAAGATGTCAGAGACG,B
B7_c1,HMN52543,flu,B,B7_c1_AAAGCAAAGTATCGAA,B
B7_c1,,,B,B7_c1_AAAGCAACATAGAAAC,B
B7_c1,HMN52558,flu,B,B7_c1_AAAGCAAGTGTCAATC,B
B7_c1,HMN52543,flu,B,B7_c1_AAAGTAGAGAGGACGG,B
B7_c1,,,B,B7_c1_AAATGCCGTAAGGGCT,B
B7_c1,HMN52552,flu,B,B7_c1_AAATGCCTCCTATTCA,B
B7_c1,,,B,B7_c1_AACACGTAGAGTCGGT,B
B7_c1,HMN52558,flu,B,B7_c1_AACACGTCAATGGATA,B
B7_c1,HMN52552,flu,B,B7_c1_AACACGTCATCGACGC,B
B7_c1,HMN52552,flu,B,B7_c1_AACCGCGAGCTATGCT,B
B7_c1,,,B,B7_c1_AACCGCGGTGCTCTTC,B
B7_c1,,,B,B7_c1_AACGTTGGTGTAACGG,B
B7_c1,,,B,B7_c1_AACTCCCCAGATAATG,B
B7_c1,HMN52558,flu,B,B7_c1_AACTCCCTCACTGGGC,B
B7_c1,HMN52552,flu,B,B7_c1_AACTGGTCAGCTGCAC,B
B7_c1,,,B,B7_c1_AACTGGTGTGTAATGA,B
B7_c1,,,B,B7_c1_AACTGGTTCTGGTATG,B
B7_c1,HMN52552,flu,B,B7_c1_AAGACCTCAGGCGATA,B
B7_c1,HMN52558,flu,B,B7_c1_AAGGAGCAGAGACGAA,B
B7_c1,HMN52543,flu,B,B7_c1_AAGGAGCTCAGTACGT,B
B7_c1,,,B,B7_c1_AAGGAGCTCCCTCAGT,B
B7_c1,HMN52543,flu,B,B7_c1_AAGGCAGAGATGTAAC,B
B7_c1,HMN52543,flu,B,B7_c1_AAGGCAGCAGTCAGCC,B
B7_c1,HMN52543,flu,B,B7_c1_AAGGCAGCATCCGTGG,B
B7_c1,HMN52558,flu,B,B7_c1_AAGGTTCAGCTCTCGG,B
B7_c1,HMN52543,flu,B,B7_c1_AAGGTTCGTTGACGTT,B
B7_c1,HMN52543,flu,B,B7_c1_AATCGGTAGAATTGTG,B
B7_c1,HMN52558,flu,B,B7_c1_ACACCAAAGATCGGGT,B
B7_c1,,,B,B7_c1_ACACCAACAGTGACAG,B
B7_c1,HMN52558,flu,B,B7_c1_ACACTGACAATAGCAA,B
B7_c1,,,B,B7_c1_ACACTGATCGAGAACG,B
B7_c1,HMN52552,flu,B,B7_c1_ACATACGCACCAACCG,B
B7_c1,,,B,B7_c1_ACATCAGAGCGTAGTG,B
B7_c1,HMN52543,flu,B,B7_c1_ACATCAGCAAGAAAGG,B
B7_c1,HMN52558,flu,B,B7_c1_ACATCAGTCTGACCTC,B
B7_c1,HMN52558,flu,B,B7_c1_ACATGGTAGAGTGAGA,B
B7_c1,,,B,B7_c1_ACATGGTAGCTAGTCT,B
B7_c1,HMN52552,flu,B,B7_c1_ACATGGTTCTCTAAGG,B
B7_c1,,,B,B7_c1_ACCAGTAAGAATAGGG,B
B7_c1,HMN52552,flu,B,B7_c1_ACCAGTAGTCAAAGAT,B
B7_c1,HMN52558,flu,B,B7_c1_ACCAGTATCTATGTGG,B
B7_c1,HMN52558,flu,B,B7_c1_ACCCACTTCGCCTGTT,B
B7_c1,HMN52543,flu,B,B7_c1_ACGAGCCGTACCGTAT,B
B7_c1,,,B,B7_c1_ACGAGGAGTAAGTAGT,B
B7_c1,,,B,B7_c1_ACGAGGAGTGGAAAGA,B
B7_c1,,,B,B7_c1_ACGAGGATCCGTCATC,B
B7_c1,,,B,B7_c1_ACGATGTCAGGCTCAC,B
B7_c1,,,B,B7_c1_ACGCAGCGTGTAACGG,B
B7_c1,HMN52558,flu,B,B7_c1_ACGCCGATCCCATTAT,B
B7_c1,HMN52558,flu,B,B7_c1_ACGGAGACACGGATAG,B
B7_c1,,,B,B7_c1_ACGGAGACAGTCCTTC,B
B7_c1,,,B,B7_c1_ACGGAGATCAGATAAG,B
B7_c1,HMN52543,flu,B,B7_c1_ACGGCCACAGTGACAG,B
B7_c1,,,B,B7_c1_ACGGGTCAGACAGACC,B
B7_c1,,,B,B7_c1_ACGTCAACAGTCAGCC,B
B7_c1,,,B,B7_c1_ACTATCTCATCACGTA,B
B7_c1,HMN52552,flu,B,B7_c1_ACTATCTTCTGTTTGT,B
B7_c1,,,B,B7_c1_ACTGAACAGCGTGTCC,B
B7_c1,,,B,B7_c1_ACTGAGTAGATATGCA,B
B7_c1,,,B,B7_c1_ACTGAGTAGCTCCTTC,B
B7_c1,HMN52558,flu,B,B7_c1_ACTGAGTAGGGATACC,B
B7_c1,,,B,B7_c1_ACTGATGCAGGGAGAG,B
B7_c1,,,B,B7_c1_ACTGCTCCAGTCGATT,B
B7_c1,HMN52552,flu,B,B7_c1_ACTGTCCTCGCATGGC,B
B7_c1,,,B,B7_c1_ACTTTCAAGAATAGGG,B
B7_c1,,,B,B7_c1_AGACGTTGTGACCAAG,B
B7_c1,HMN52552,flu,B,B7_c1_AGAGCGAGTGTAACGG,B
B7_c1,HMN52558,flu,B,B7_c1_AGAGCTTTCCCTCTTT,B
B7_c1,,,B,B7_c1_AGAGTGGGTCGAATCT,B
B7_c1,HMN52543,flu,B,B7_c1_AGATCTGTCCGAAGAG,B
B7_c1,HMN52543,flu,B,B7_c1_AGATTGCAGGGATACC,B
B7_c1,,,B,B7_c1_AGATTGCTCAGCGATT,B
B7_c1,HMN52543,flu,B,B7_c1_AGCAGCCCACTATCTT,B
B7_c1,,,B,B7_c1_AGCATACGTAGGACAC,B
B7_c1,HMN52552,flu,B,B7_c1_AGCATACGTATGGTTC,B
B7_c1,,,B,B7_c1_AGCCTAAGTCACACGC,B
B7_c1,HMN52552,flu,B,B7_c1_AGCGGTCAGACCGGAT,B
B7_c1,,,B,B7_c1_AGCGGTCAGACTAGAT,B
B7_c1,,,B,B7_c1_AGCGTATAGCAGATCG,B
B7_c1,,,B,B7_c1_AGCGTATCATTGGTAC,B
B7_c1,HMN52552,flu,B,B7_c1_AGCGTATTCTGCAAGT,B
B7_c1,HMN52545,NI,B,B7_c1_AGCGTCGCATACCATG,B
B7_c1,,,B,B7_c1_AGCGTCGCATTGTGCA,B
B7_c1,,,B,B7_c1_AGCTCCTAGCCTCGTG,B
B7_c1,,,B,B7_c1_AGCTCTCTCAGCACAT,B
B7_c1,HMN52558,flu,B,B7_c1_AGCTCTCTCGCTTGTC,B
B7_c1,,,B,B7_c1_AGCTTGAAGATCTGCT,B
B7_c1,,,B,B7_c1_AGGCCACTCGTGGGAA,B
B7_c1,HMN52558,flu,B,B7_c1_AGGCCGTTCTTATCTG,B
B7_c1,,,B,B7_c1_AGGGATGGTGGCGAAT,B
B7_c1,HMN52558,flu,B,B7_c1_AGGGATGTCAGGCGAA,B
B7_c1,HMN52543,flu,B,B7_c1_AGGGTGATCAGTTGAC,B
B7_c1,,,B,B7_c1_AGGTCATCATTCCTGC,B
B7_c1,HMN52552,flu,B,B7_c1_AGGTCATCATTCGACA,B
B7_c1,HMN52543,flu,B,B7_c1_AGTAGTCCAAGGCTCC,B
B7_c1,HMN52543,flu,B,B7_c1_AGTAGTCGTAAGAGAG,B
B7_c1,HMN52552,flu,B,B7_c1_AGTAGTCTCCTAGAAC,B
B7_c1,,,B,B7_c1_AGTGGGAAGAATAGGG,B
B7_c1,HMN52552,flu,B,B7_c1_AGTGGGACAGCGAACA,B
B7_c1,HMN52558,flu,B,B7_c1_AGTGGGATCAGGTTCA,B
B7_c1,,,B,B7_c1_AGTGTCAAGGAGTAGA,B
B7_c1,HMN52558,flu,B,B7_c1_AGTTGGTTCACTCCTG,B
B7_c1,HMN52543,flu,B,B7_c1_ATAACGCGTGAAGGCT,B
B7_c1,HMN52552,flu,B,B7_c1_ATAGACCCACCCATTC,B
B7_c1,HMN52558,flu,B,B7_c1_ATAGACCTCGCGGATC,B
B7_c1,HMN52543,flu,B,B7_c1_ATCATGGCAGCTCGCA,B
B7_c1,,,B,B7_c1_ATCCACCCATGGTCAT,B
B7_c1,,,B,B7_c1_ATCCACCGTAGGCTGA,B
B7_c1,,,B,B7_c1_ATCCACCGTGAAAGAG,B
B7_c1,,,B,B7_c1_ATCCGAAGTTCCATGA,B
B7_c1,HMN52552,flu,B,B7_c1_ATCGAGTCACCGTTGG,B
B7_c1,HMN52552,flu,B,B7_c1_ATCGAGTCACGGATAG,B
B7_c1,HMN52552,flu,B,B7_c1_ATCGAGTTCAATCTCT,B
B7_c1,HMN52552,flu,B,B7_c1_ATCTACTAGCTCTCGG,B
B7_c1,,,B,B7_c1_ATCTACTCACTGTCGG,B
B7_c1,HMN52558,flu,B,B7_c1_ATCTGCCAGGCTATCT,B
B7_c1,,,B,B7_c1_ATGAGGGTCTCTTGAT,B
B7_c1,,,B,B7_c1_ATGCGATAGAGCAATT,B
B7_c1,,,B,B7_c1_ATGCGATTCCAGTAGT,B
B7_c1,,,B,B7_c1_ATGGGAGGTCAAAGCG,B
B7_c1,HMN52552,flu,B,B7_c1_ATTACTCGTGTTCTTT,B
B7_c1,,,B,B7_c1_ATTCTACCAGCCACCA,B
B7_c1,HMN52552,flu,B,B7_c1_ATTGGACGTGTAATGA,B
B7_c1,,,B,B7_c1_ATTGGTGGTATAATGG,B
B7_c1,HMN52543,flu,B,B7_c1_ATTTCTGAGTCATGCT,B
B7_c1,,,B,B7_c1_ATTTCTGCACCTCGGA,B
B7_c1,HMN52543,flu,B,B7_c1_ATTTCTGTCATGTCTT,B
B7_c1,,,B,B7_c1_CAACTAGAGGAGTACC,B
B7_c1,HMN52543,flu,B,B7_c1_CAACTAGAGGATGGTC,B
B7_c1,,,B,B7_c1_CAAGAAATCTAACGGT,B
B7_c1,HMN52543,flu,B,B7_c1_CAAGATCAGGAATCGC,B
B7_c1,HMN52552,flu,B,B7_c1_CAAGGCCAGGCTCAGA,B
B7_c1,,,B,B7_c1_CACACCTGTAGCCTAT,B
B7_c1,,,B,B7_c1_CACACCTTCTCTAGGA,B
B7_c1,,,B,B7_c1_CACACTCCATGCTGGC,B
B7_c1,HMN52552,flu,B,B7_c1_CACACTCTCACGATGT,B
B7_c1,HMN52543,flu,B,B7_c1_CACAGTAAGGGTCGAT,B
B7_c1,,,B,B7_c1_CACAGTACATCACAAC,B
B7_c1,HMN52552,flu,B,B7_c1_CACATTTTCAACGCTA,B
B7_c1,HMN52558,flu,B,B7_c1_CACATTTTCCGCTGTT,B
B7_c1,HMN52558,flu,B,B7_c1_CACCACTTCGCCATAA,B
B7_c1,,,B,B7_c1_CACCAGGAGCCACGCT,B
B7_c1,HMN52552,flu,B,B7_c1_CACCAGGCACCTCGTT,B
B7_c1,HMN52543,flu,B,B7_c1_CACCAGGGTCGCCATG,B
B7_c1,HMN52552,flu,B,B7_c1_CACCTTGAGTTCCACA,B
B7_c1,,,B,B7_c1_CACCTTGCAAGGACTG,B
B7_c1,HMN52558,flu,B,B7_c1_CACTCCACACGAGGTA,B
B7_c1,,,B,B7_c1_CACTCCAGTCGCGAAA,B
B7_c1,,,B,B7_c1_CAGAATCCAGTTAACC,B
B7_c1,HMN52543,flu,B,B7_c1_CAGAGAGGTAGCGCAA,B
B7_c1,HMN52552,flu,B,B7_c1_CAGATCAAGGAACTGC,B
B7_c1,HMN52552,flu,B,B7_c1_CAGATCATCAGCGATT,B
B7_c1,HMN52552,flu,B,B7_c1_CAGATCATCATGTAGC,B
B7_c1,,,B,B7_c1_CAGCCGAGTCCTCCAT,B
B7_c1,,,B,B7_c1_CAGCGACAGGTAGCTG,B
B7_c1,HMN52552,flu,B,B7_c1_CAGCGACTCCAAAGTC,B
B7_c1,,,B,B7_c1_CAGCTGGTCCTATTCA,B
B7_c1,HMN52552,flu,B,B7_c1_CAGTAACAGGCATGTG,B
B7_c1,HMN52552,flu,B,B7_c1_CAGTAACAGGCCGAAT,B
B7_c1,,,B,B7_c1_CAGTAACGTCTAAAGA,B
B7_c1,HMN52552,flu,B,B7_c1_CATATGGGTATAATGG,B
B7_c1,,,B,B7_c1_CATATGGGTCGGCACT,B
B7_c1,HMN52552,flu,B,B7_c1_CATATGGTCTACGAGT,B
B7_c1,,,B,B7_c1_CATATGGTCTCGCTTG,B
B7_c1,,,B,B7_c1_CATATTCCAGCTTCGG,B
B7_c1,HMN52543,flu,B,B7_c1_CATATTCGTGAAATCA,B
B7_c1,,,B,B7_c1_CATCAAGAGCACAGGT,B
B7_c1,HMN52558,flu,B,B7_c1_CATCAAGAGCGTAGTG,B
B7_c1,HMN52552,flu,B,B7_c1_CATCGGGTCGAGAGCA,B
B7_c1,HMN52552,flu,B,B7_c1_CATTATCGTACATCCA,B
B7_c1,HMN52552,flu,B,B7_c1_CATTATCTCACCCGAG,B
B7_c1,HMN52544,NI,B,B7_c1_CATTCGCAGACAGAGA,B
B7_c1,,,B,B7_c1_CCAATCCAGACTTGAA,B
B7_c1,HMN52552,flu,B,B7_c1_CCACCTACAACGCACC,B
B7_c1,HMN52558,flu,B,B7_c1_CCACGGAAGTGTACTC,B
B7_c1,,,B,B7_c1_CCACTACAGGCATGGT,B
B7_c1,HMN52552,flu,B,B7_c1_CCACTACGTCTGGTCG,B
B7_c1,HMN52558,flu,B,B7_c1_CCATGTCGTGATGATA,B
B7_c1,,,B,B7_c1_CCATGTCTCTGCAAGT,B
B7_c1,HMN52552,flu,B,B7_c1_CCATTCGTCAGTACGT,B
B7_c1,,,B,B7_c1_CCCAATCTCCTTGGTC,B
B7_c1,,,B,B7_c1_CCCATACAGCCCAATT,B
B7_c1,,,B,B7_c1_CCCATACCAGCTATTG,B
B7_c1,HMN52552,flu,B,B7_c1_CCCATACTCGATCCCT,B
B7_c1,,,B,B7_c1_CCCATACTCTGGAGCC,B
B7_c1,,,B,B7_c1_CCCTCCTTCTCCGGTT,B
B7_c1,HMN52558,flu,B,B7_c1_CCGGGATCACACCGAC,B
B7_c1,,,B,B7_c1_CCGGGATTCACCGTAA,B
B7_c1,HMN52535,NI,B,B7_c1_CCGGTAGAGCCCGAAA,B
B7_c1,,,B,B7_c1_CCGGTAGCATCTATGG,B
B7_c1,,,B,B7_c1_CCGTACTAGGGCATGT,B
B7_c1,HMN52558,flu,B,B7_c1_CCGTGGATCATAGCAC,B
B7_c1,,,B,B7_c1_CCGTTCACATTGGTAC,B
B7_c1,HMN52558,flu,B,B7_c1_CCGTTCAGTTCTCATT,B
B7_c1,,,B,B7_c1_CCTAAAGAGTGTTTGC,B
B7_c1,HMN52543,flu,B,B7_c1_CCTAAAGGTTGGTTTG,B
B7_c1,HMN52543,flu,B,B7_c1_CCTAAAGTCAGCAACT,B
B7_c1,,,B,B7_c1_CCTACACCAAGCCGTC,B
B7_c1,HMN52552,flu,B,B7_c1_CCTATTAAGCCGGTAA,B
B7_c1,,,B,B7_c1_CCTATTAGTCAGAGGT,B
B7_c1,HMN52543,flu,B,B7_c1_CCTTACGCACAGATTC,B
B7_c1,HMN52552,flu,B,B7_c1_CCTTACGCAGGCTGAA,B
B7_c1,HMN52552,flu,B,B7_c1_CCTTACGGTAAAGGAG,B
B7_c1,HMN52543,flu,B,B7_c1_CGAATGTAGTTGTCGT,B
B7_c1,HMN52558,flu,B,B7_c1_CGAGAAGTCCTCAACC,B
B7_c1,HMN52552,flu,B,B7_c1_CGAGCACTCTATCCTA,B
B7_c1,HMN52543,flu,B,B7_c1_CGAGCCATCGAGGTAG,B
B7_c1,HMN52543,flu,B,B7_c1_CGATCGGCAGGAATGC,B
B7_c1,HMN52552,flu,B,B7_c1_CGATCGGTCGGCTACG,B
B7_c1,,,B,B7_c1_CGATGGCAGCCGGTAA,B
B7_c1,,,B,B7_c1_CGATGGCGTTTGCATG,B
B7_c1,,,B,B7_c1_CGATGGCTCGCCATAA,B
B7_c1,,,B,B7_c1_CGCGGTATCTTACCTA,B
B7_c1,,,B,B7_c1_CGCGTTTTCCCTCAGT,B
B7_c1,,,B,B7_c1_CGCGTTTTCGTTTATC,B
B7_c1,HMN52552,flu,B,B7_c1_CGCTATCCATAAGACA,B
B7_c1,HMN52543,flu,B,B7_c1_CGCTATCGTCTCGTTC,B
B7_c1,HMN52558,flu,B,B7_c1_CGCTGGAAGTATCTCG,B
B7_c1,,,B,B7_c1_CGCTGGACATTGGCGC,B
B7_c1,,,B,B7_c1_CGCTGGAGTCAGAGGT,B
B7_c1,HMN52544,NI,B,B7_c1_CGCTGGAGTCGCATAT,B
B7_c1,HMN52552,flu,B,B7_c1_CGCTGGAGTTATCACG,B
B7_c1,HMN52558,flu,B,B7_c1_CGGACTGCACTGCCAG,B
B7_c1,,,B,B7_c1_CGGACTGTCGAGAGCA,B
B7_c1,HMN52552,flu,B,B7_c1_CGGAGCTGTAAACCTC,B
B7_c1,HMN52558,flu,B,B7_c1_CGGAGTCTCAAAGTAG,B
B7_c1,,,B,B7_c1_CGGCTAGCAAACGTGG,B
B7_c1,HMN52552,flu,B,B7_c1_CGGTTAAAGCCACGCT,B
B7_c1,HMN52552,flu,B,B7_c1_CGTAGCGGTCAACATC,B
B7_c1,,,B,B7_c1_CGTAGGCCATCCGTGG,B
B7_c1,,,B,B7_c1_CGTAGGCCATGCGCAC,B
B7_c1,HMN52552,flu,B,B7_c1_CGTCACTCACCGGAAA,B
B7_c1,,,B,B7_c1_CGTCAGGCATTCTCAT,B
B7_c1,HMN52552,flu,B,B7_c1_CGTCCATCACGTTGGC,B
B7_c1,HMN52545,NI,B,B7_c1_CGTCTACGTGTCAATC,B
B7_c1,,,B,B7_c1_CGTGTCTCAGAAGCAC,B
B7_c1,HMN52543,flu,B,B7_c1_CGTGTCTGTCAACATC,B
B7_c1,,,B,B7_c1_CGTTAGATCATGTGGT,B
B7_c1,,,B,B7_c1_CGTTGGGGTACTTCTT,B
B7_c1,HMN52552,flu,B,B7_c1_CTAACTTGTTTACTCT,B
B7_c1,HMN52558,flu,B,B7_c1_CTAACTTTCATGTAGC,B
B7_c1,HMN52558,flu,B,B7_c1_CTAAGACCATCTCGCT,B
B7_c1,,,B,B7_c1_CTAAGACGTTAGGGTG,B
B7_c1,HMN52543,flu,B,B7_c1_CTAAGACTCTGTCTAT,B
B7_c1,HMN52543,flu,B,B7_c1_CTAATGGAGGCGCTCT,B
B7_c1,HMN52558,flu,B,B7_c1_CTAATGGCAAGCGAGT,B
B7_c1,HMN52558,flu,B,B7_c1_CTACACCAGGGTTTCT,B
B7_c1,HMN52558,flu,B,B7_c1_CTACACCCAGCTCGCA,B
B7_c1,,,B,B7_c1_CTACACCTCTTGTATC,B
B7_c1,HMN52552,flu,B,B7_c1_CTACATTGTTCGAATC,B
B7_c1,HMN52543,flu,B,B7_c1_CTACATTTCGAGAACG,B
B7_c1,,,B,B7_c1_CTAGAGTAGTAGGTGC,B
B7_c1,HMN52558,flu,B,B7_c1_CTAGAGTGTCCATCCT,B
B7_c1,HMN52543,flu,B,B7_c1_CTAGCCTCAACTGGCC,B
B7_c1,,,B,B7_c1_CTCACACCATAGAAAC,B
B7_c1,HMN52543,flu,B,B7_c1_CTCAGAAAGGCAAAGA,B
B7_c1,HMN52552,flu,B,B7_c1_CTCAGAATCTTGGGTA,B
B7_c1,,,B,B7_c1_CTCATTAAGTCGTACT,B
B7_c1,,,B,B7_c1_CTCCTAGAGGTTCCTA,B
B7_c1,HMN52543,flu,B,B7_c1_CTCGAAATCGTCCAGG,B
B7_c1,HMN52552,flu,B,B7_c1_CTCGAGGAGACACGAC,B
B7_c1,,,B,B7_c1_CTCGAGGAGTCGCCGT,B
B7_c1,HMN52552,flu,B,B7_c1_CTCGGGACATGTTCCC,B
B7_c1,HMN52552,flu,B,B7_c1_CTCGTACAGTCGATAA,B
B7_c1,HMN52558,flu,B,B7_c1_CTCGTACGTCTAGGTT,B
B7_c1,HMN52552,flu,B,B7_c1_CTCTAATCACGTCAGC,B
B7_c1,,,B,B7_c1_CTCTACGTCATTGCCC,B
B7_c1,,,B,B7_c1_CTCTACGTCTCGATGA,B
B7_c1,HMN52543,flu,B,B7_c1_CTCTGGTGTCCGTTAA,B
B7_c1,HMN52543,flu,B,B7_c1_CTGAAACAGAAGGCCT,B
B7_c1,HMN52558,flu,B,B7_c1_CTGATCCTCCTTGGTC,B
B7_c1,HMN52558,flu,B,B7_c1_CTGATCCTCTTATCTG,B
B7_c1,HMN52543,flu,B,B7_c1_CTGCTGTTCATGTAGC,B
B7_c1,HMN52552,flu,B,B7_c1_CTGTGCTGTGCCTTGG,B
B7_c1,HMN52558,flu,B,B7_c1_CTGTTTACAATGAATG,B
B7_c1,HMN52552,flu,B,B7_c1_CTTAACTTCCGCAGTG,B
B7_c1,HMN52552,flu,B,B7_c1_CTTAACTTCTGTTGAG,B
B7_c1,,,B,B7_c1_CTTACCGTCTGTACGA,B
B7_c1,,,B,B7_c1_CTTAGGATCAACACCA,B
B7_c1,HMN52552,flu,B,B7_c1_CTTGGCTCAGGAATGC,B
B7_c1,HMN52558,flu,B,B7_c1_CTTTGCGGTTAGATGA,B
B7_c1,HMN52543,flu,B,B7_c1_GAAACTCAGGGCACTA,B
B7_c1,,,B,B7_c1_GAACATCAGTGGGCTA,B
B7_c1,,,B,B7_c1_GAACATCCACCAGGCT,B
B7_c1,,,B,B7_c1_GAACATCCATTACGAC,B
B7_c1,,,B,B7_c1_GAACGGAAGTACATGA,B
B7_c1,,,B,B7_c1_GAACGGAAGTGAACAT,B
B7_c1,HMN52552,flu,B,B7_c1_GAACGGAGTGAGCGAT,B
B7_c1,,,B,B7_c1_GACACGCAGTGCAAGC,B
B7_c1,,,B,B7_c1_GACACGCGTAATTGGA,B
B7_c1,HMN52552,flu,B,B7_c1_GACACGCGTACACCGC,B
B7_c1,HMN52552,flu,B,B7_c1_GACAGAGCAAGCGCTC,B
B7_c1,HMN52552,flu,B,B7_c1_GACAGAGTCTAACGGT,B
B7_c1,HMN52543,flu,B,B7_c1_GACCAATGTATTACCG,B
B7_c1,,,B,B7_c1_GACCTGGCACCCATTC,B
B7_c1,HMN52545,NI,B,B7_c1_GACGCGTAGTCCATAC,B
B7_c1,,,B,B7_c1_GACGCGTGTTGAGGTG,B
B7_c1,HMN52543,flu,B,B7_c1_GACGTGCAGTCCAGGA,B
B7_c1,,,B,B7_c1_GACTAACTCCTACAGA,B
B7_c1,,,B,B7_c1_GACTACAAGACAATAC,B
B7_c1,HMN52543,flu,B,B7_c1_GACTGCGAGATGGGTC,B
B7_c1,HMN52558,flu,B,B7_c1_GACTGCGAGTCTTGCA,B
B7_c1,,,B,B7_c1_GAGCAGAGTGACAAAT,B
B7_c1,,,B,B7_c1_GATCGTAAGTGGTAGC,B
B7_c1,HMN52543,flu,B,B7_c1_GATCGTACACTGTCGG,B
B7_c1,HMN52543,flu,B,B7_c1_GATCGTATCAACACAC,B
B7_c1,HMN52558,flu,B,B7_c1_GATGAAAGTACATCCA,B
B7_c1,,,B,B7_c1_GATGCTAAGGCAGGTT,B
B7_c1,HMN52543,flu,B,B7_c1_GATGCTAAGTCTCAAC,B
B7_c1,HMN52558,flu,B,B7_c1_GATGCTACAGGCTGAA,B
B7_c1,HMN52543,flu,B,B7_c1_GATGCTAGTCAAAGAT,B
B7_c1,HMN52543,flu,B,B7_c1_GATTCAGGTGGTACAG,B
B7_c1,HMN52543,flu,B,B7_c1_GATTCAGTCAGAGCTT,B
B7_c1,,,B,B7_c1_GCAATCACAATCAGAA,B
B7_c1,,,B,B7_c1_GCACATATCAGTTTGG,B
B7_c1,HMN52552,flu,B,B7_c1_GCACATATCTCTTGAT,B
B7_c1,HMN52544,NI,B,B7_c1_GCATGATGTTCCACGG,B
B7_c1,,,B,B7_c1_GCATGTAAGCACCGTC,B
B7_c1,HMN52552,flu,B,B7_c1_GCATGTACAGTGACAG,B
B7_c1,,,B,B7_c1_GCATGTATCAACCAAC,B
B7_c1,,,B,B7_c1_GCGAGAACAGATCGGA,B
B7_c1,HMN52543,flu,B,B7_c1_GCGCAACAGACGCACA,B
B7_c1,,,B,B7_c1_GCGCAGTGTGACAAAT,B
B7_c1,,,B,B7_c1_GCGCAGTGTTCCAACA,B
B7_c1,HMN52552,flu,B,B7_c1_GCGCCAATCGTACGGC,B
B7_c1,HMN52543,flu,B,B7_c1_GCGCCAATCTGGTATG,B
B7_c1,HMN52558,flu,B,B7_c1_GCGCGATCATCCGCGA,B
B7_c1,HMN52558,flu,B,B7_c1_GCTCTGTCATATGAGA,B
B7_c1,HMN52558,flu,B,B7_c1_GCTGCAGCAGCATACT,B
B7_c1,,,B,B7_c1_GCTGCAGGTGATGCCC,B
B7_c1,HMN52558,flu,B,B7_c1_GCTGGGTAGCGCTTAT,B
B7_c1,HMN52543,flu,B,B7_c1_GCTGGGTAGCTAGTTC,B
B7_c1,HMN52558,flu,B,B7_c1_GCTGGGTCAGGTCTCG,B
B7_c1,HMN52558,flu,B,B7_c1_GCTTCCACAGGGTATG,B
B7_c1,HMN52543,flu,B,B7_c1_GCTTGAAGTTGTCTTT,B
B7_c1,,,B,B7_c1_GGAACTTTCTCAAACG,B
B7_c1,HMN52543,flu,B,B7_c1_GGACAAGAGAAGGTTT,B
B7_c1,,,B,B7_c1_GGACGTCAGTAGCCGA,B
B7_c1,HMN52543,flu,B,B7_c1_GGACGTCCATCCTTGC,B
B7_c1,HMN52558,flu,B,B7_c1_GGACGTCCATTGGTAC,B
B7_c1,HMN52543,flu,B,B7_c1_GGAGCAACACGCTTTC,B
B7_c1,HMN52558,flu,B,B7_c1_GGAGCAATCTCGCTTG,B
B7_c1,,,B,B7_c1_GGATGTTAGCTGTCTA,B
B7_c1,HMN52543,flu,B,B7_c1_GGATTACTCCCTAACC,B
B7_c1,HMN52552,flu,B,B7_c1_GGCGACTAGGAGTTTA,B
B7_c1,HMN52558,flu,B,B7_c1_GGCGTGTCAAGTCTGT,B
B7_c1,,,B,B7_c1_GGCTGGTCATCTGGTA,B
B7_c1,HMN52558,flu,B,B7_c1_GGGAATGCACCTCGGA,B
B7_c1,,,B,B7_c1_GGGAATGGTCTGCAAT,B
B7_c1,HMN52558,flu,B,B7_c1_GGGAATGTCTGGTTCC,B
B7_c1,,,B,B7_c1_GGGACCTGTCTTTCAT,B
B7_c1,HMN52543,flu,B,B7_c1_GGGCACTTCCGTCATC,B
B7_c1,HMN52552,flu,B,B7_c1_GGGCATCCAACCGCCA,B
B7_c1,HMN52552,flu,B,B7_c1_GGGCATCCAGTCAGAG,B
B7_c1,HMN52558,flu,B,B7_c1_GGGCATCGTGCGGTAA,B
B7_c1,HMN52558,flu,B,B7_c1_GGTATTGGTAAGGGAA,B
B7_c1,,,B,B7_c1_GGTGAAGGTAGCTTGT,B
B7_c1,,,B,B7_c1_GGTGAAGGTGTGTGCC,B
B7_c1,HMN52544,NI,B,B7_c1_GGTGCGTAGGCCATAG,B
B7_c1,,,B,B7_c1_GTAACGTAGAAGATTC,B
B7_c1,HMN52552,flu,B,B7_c1_GTACGTAGTATAGTAG,B
B7_c1,HMN52543,flu,B,B7_c1_GTACGTAGTTTGCATG,B
B7_c1,,,B,B7_c1_GTACTTTAGCGCTTAT,B
B7_c1,,,B,B7_c1_GTACTTTCAGGGAGAG,B
B7_c1,HMN52543,flu,B,B7_c1_GTATCTTCACGAAAGC,B
B7_c1,,,B,B7_c1_GTATCTTCATGCTGGC,B
B7_c1,HMN52543,flu,B,B7_c1_GTCACAAAGCTGCAAG,B
B7_c1,HMN52552,flu,B,B7_c1_GTCACAATCTGCTGCT,B
B7_c1,,,B,B7_c1_GTCACGGTCTTGTACT,B
B7_c1,HMN52552,flu,B,B7_c1_GTCGGGTGTCTTGTCC,B
B7_c1,,,B,B7_c1_GTCGTAAAGGCCCTTG,B
B7_c1,HMN52552,flu,B,B7_c1_GTCGTAATCGCCAGCA,B
B7_c1,HMN52558,flu,B,B7_c1_GTCTCGTTCCAAGTAC,B
B7_c1,,,B,B7_c1_GTGAAGGGTCTGATCA,B
B7_c1,,,B,B7_c1_GTGCAGCTCGTAGGAG,B
B7_c1,,,B,B7_c1_GTGCTTCAGTGCGTGA,B
B7_c1,,,B,B7_c1_GTGGGTCAGCATGGCA,B
B7_c1,HMN52552,flu,B,B7_c1_GTGGGTCAGCGTCAAG,B
B7_c1,HMN52558,flu,B,B7_c1_GTGTGCGAGCTAACTC,B
B7_c1,,,B,B7_c1_GTGTGCGGTGAGTGAC,B
B7_c1,HMN52558,flu,B,B7_c1_GTGTTAGCAGCTCGCA,B
B7_c1,HMN52543,flu,B,B7_c1_GTGTTAGGTCCCGACA,B
B7_c1,,,B,B7_c1_GTTAAGCAGGGAACGG,B
B7_c1,HMN52543,flu,B,B7_c1_GTTACAGAGTACGCCC,B
B7_c1,,,B,B7_c1_GTTCATTGTCGAAAGC,B
B7_c1,,,B,B7_c1_GTTCGGGCATTCCTCG,B
B7_c1,HMN52558,flu,B,B7_c1_GTTCGGGTCCCAGGTG,B
B7_c1,,,B,B7_c1_GTTCGGGTCGCAAACT,B
B7_c1,,,B,B7_c1_GTTCTCGAGAATCTCC,B
B7_c1,,,B,B7_c1_GTTCTCGGTGACTACT,B
B7_c1,,,B,B7_c1_GTTTCTATCCAGAGGA,B
B7_c1,,,B,B7_c1_TAAACCGAGAGGTAGA,B
B7_c1,,,B,B7_c1_TAAGAGAAGGCGTACA,B
B7_c1,,,B,B7_c1_TAAGAGACAGGGTTAG,B
B7_c1,,,B,B7_c1_TAAGAGAGTAAGCACG,B
B7_c1,HMN52558,flu,B,B7_c1_TAAGCGTAGTGGAGAA,B
B7_c1,HMN52543,flu,B,B7_c1_TAAGTGCCATGCAATC,B
B7_c1,,,B,B7_c1_TACACGAAGATGCGAC,B
B7_c1,,,B,B7_c1_TACACGATCGTAGATC,B
B7_c1,,,B,B7_c1_TACAGTGTCACTGGGC,B
B7_c1,HMN52558,flu,B,B7_c1_TACAGTGTCCAAACAC,B
B7_c1,,,B,B7_c1_TACCTTATCATAGCAC,B
B7_c1,HMN52558,flu,B,B7_c1_TACGGTACAGGCGATA,B
B7_c1,HMN52543,flu,B,B7_c1_TACTCATCATCTACGA,B
B7_c1,HMN52558,flu,B,B7_c1_TACTCGCTCCTTGGTC,B
B7_c1,,,B,B7_c1_TACTTACTCCGAAGAG,B
B7_c1,HMN52558,flu,B,B7_c1_TACTTGTGTTACAGAA,B
B7_c1,HMN52552,flu,B,B7_c1_TAGACCACATATACCG,B
B7_c1,,,B,B7_c1_TAGAGCTAGCACACAG,B
B7_c1,,,B,B7_c1_TAGAGCTCAGATCGGA,B
B7_c1,,,B,B7_c1_TAGGCATTCGAGCCCA,B
B7_c1,HMN52558,flu,B,B7_c1_TAGTGGTTCAGGCGAA,B
B7_c1,HMN52558,flu,B,B7_c1_TAGTTGGCACATCCGG,B
B7_c1,,,B,B7_c1_TATCTCAAGGTACTCT,B
B7_c1,HMN52552,flu,B,B7_c1_TATCTCAAGTCATCCA,B
B7_c1,HMN52543,flu,B,B7_c1_TATCTCACAAAGTCAA,B
B7_c1,HMN52543,flu,B,B7_c1_TATTACCGTTTCCACC,B
B7_c1,HMN52552,flu,B,B7_c1_TCAACGACACTTAACG,B
B7_c1,HMN52543,flu,B,B7_c1_TCAACGACAGTAACGG,B
B7_c1,HMN52558,flu,B,B7_c1_TCACAAGGTGGTGTAG,B
B7_c1,HMN52543,flu,B,B7_c1_TCAGATGAGACCCACC,B
B7_c1,HMN52535,NI,B,B7_c1_TCAGCAAAGCTGCAAG,B
B7_c1,,,B,B7_c1_TCAGCTCAGGCTAGAC,B
B7_c1,,,B,B7_c1_TCAGCTCTCGTCGTTC,B
B7_c1,,,B,B7_c1_TCAGGTAAGCCGATTT,B
B7_c1,HMN52552,flu,B,B7_c1_TCATTACTCGAATCCA,B
B7_c1,HMN52543,flu,B,B7_c1_TCATTTGCATAGACTC,B
B7_c1,,,B,B7_c1_TCCACACCATGTCCTC,B
B7_c1,,,B,B7_c1_TCGAGGCGTAAGAGGA,B
B7_c1,HMN52552,flu,B,B7_c1_TCGAGGCGTGATAAGT,B
B7_c1,,,B,B7_c1_TCGCGAGCAAAGCGGT,B
B7_c1,,,B,B7_c1_TCGCGTTGTACCATCA,B
B7_c1,HMN52543,flu,B,B7_c1_TCGGTAAAGAGGACGG,B
B7_c1,HMN52543,flu,B,B7_c1_TCGGTAACAGGACCCT,B
B7_c1,HMN52552,flu,B,B7_c1_TCGGTAAGTGTCGCTG,B
B7_c1,,,B,B7_c1_TCGTAGATCTTGTATC,B
B7_c1,,,B,B7_c1_TCGTAGATCTTGTTTG,B
B7_c1,HMN52552,flu,B,B7_c1_TCTCATACAAGTCTAC,B
B7_c1,,,B,B7_c1_TCTGAGAAGTCCAGGA,B
B7_c1,HMN52558,flu,B,B7_c1_TCTGGAAGTCAGAGGT,B
B7_c1,HMN52543,flu,B,B7_c1_TCTGGAATCCCTTGCA,B
B7_c1,,,B,B7_c1_TCTTCGGAGAGCTGCA,B
B7_c1,,,B,B7_c1_TCTTCGGAGTTATCGC,B
B7_c1,HMN52552,flu,B,B7_c1_TCTTCGGGTAGCGTGA,B
B7_c1,HMN52552,flu,B,B7_c1_TCTTTCCCAATGAATG,B
B7_c1,,,B,B7_c1_TGAAAGACAAAGAATC,B
B7_c1,,,B,B7_c1_TGAAAGAGTAGTAGTA,B
B7_c1,HMN52543,flu,B,B7_c1_TGACGGCAGCTGGAAC,B
B7_c1,,,B,B7_c1_TGACTAGCATCCGCGA,B
B7_c1,,,B,B7_c1_TGACTTTGTCCAACTA,B
B7_c1,,,B,B7_c1_TGAGAGGGTGGTAACG,B
B7_c1,,,B,B7_c1_TGAGAGGTCTGCGGCA,B
B7_c1,,,B,B7_c1_TGAGCCGCATGGATGG,B
B7_c1,HMN52552,flu,B,B7_c1_TGAGCCGTCGCTAGCG,B
B7_c1,,,B,B7_c1_TGAGGGAAGCGTGAGT,B
B7_c1,HMN52552,flu,B,B7_c1_TGCACCTAGTTCGCAT,B
B7_c1,HMN52558,flu,B,B7_c1_TGCACCTTCCCAACGG,B
B7_c1,HMN52543,flu,B,B7_c1_TGCCAAACAAAGGCGT,B
B7_c1,HMN52543,flu,B,B7_c1_TGCCCATGTACGCACC,B
B7_c1,HMN52543,flu,B,B7_c1_TGCCCTACAGGGTTAG,B
B7_c1,HMN52543,flu,B,B7_c1_TGCGCAGAGAAGGCCT,B
B7_c1,HMN52544,NI,B,B7_c1_TGCGCAGCAGCAGTTT,B
B7_c1,HMN52543,flu,B,B7_c1_TGCGCAGGTCGATTGT,B
B7_c1,HMN52558,flu,B,B7_c1_TGCTACCAGTGTGAAT,B
B7_c1,HMN52543,flu,B,B7_c1_TGCTACCGTTCGTTGA,B
B7_c1,HMN52552,flu,B,B7_c1_TGGCCAGTCTTTACAC,B
B7_c1,HMN52558,flu,B,B7_c1_TGGCGCAAGGGTGTTG,B
B7_c1,HMN52552,flu,B,B7_c1_TGGGAAGCAATCTACG,B
B7_c1,,,B,B7_c1_TGGGAAGTCGACCAGC,B
B7_c1,HMN52558,flu,B,B7_c1_TGGGAAGTCGGAATCT,B
B7_c1,HMN52543,flu,B,B7_c1_TGGGCGTTCCGATATG,B
B7_c1,HMN52543,flu,B,B7_c1_TGGTTAGCACGGACAA,B
B7_c1,,,B,B7_c1_TGTATTCAGTATCTCG,B
B7_c1,,,B,B7_c1_TGTATTCTCGGCGCAT,B
B7_c1,HMN52543,flu,B,B7_c1_TGTCCCAGTGGACGAT,B
B7_c1,HMN52543,flu,B,B7_c1_TGTCCCAGTTACCGAT,B
B7_c1,HMN52543,flu,B,B7_c1_TGTGTTTCAGCGTAAG,B
B7_c1,HMN52558,flu,B,B7_c1_TGTGTTTGTTCGTGAT,B
B7_c1,HMN52558,flu,B,B7_c1_TTAGGACGTTAAGATG,B
B7_c1,,,B,B7_c1_TTAGGCAAGTGTTGAA,B
B7_c1,HMN52552,flu,B,B7_c1_TTAGTTCTCGGAAACG,B
B7_c1,,,B,B7_c1_TTATGCTAGATAGCAT,B
B7_c1,,,B,B7_c1_TTATGCTAGTGGTCCC,B
B7_c1,HMN52552,flu,B,B7_c1_TTCGAAGAGTCTCCTC,B
B7_c1,HMN52558,flu,B,B7_c1_TTCGAAGTCCAGTATG,B
B7_c1,,,B,B7_c1_TTCGGTCCAGCTTAAC,B
B7_c1,,,B,B7_c1_TTCTACAAGGTAGCCA,B
B7_c1,,,B,B7_c1_TTCTCAATCGCTGATA,B
B7_c1,,,B,B7_c1_TTCTTAGAGACTGGGT,B
B7_c1,HMN52552,flu,B,B7_c1_TTCTTAGCACATGTGT,B
B7_c1,HMN52545,NI,B,B7_c1_TTGAACGTCTCTGCTG,B
B7_c1,,,B,B7_c1_TTGACTTCAAGTTGTC,B
B7_c1,,,B,B7_c1_TTGCCGTAGTTAAGTG,B
B7_c1,HMN52552,flu,B,B7_c1_TTGCGTCCACTTAACG,B
B7_c1,,,B,B7_c1_TTGCGTCGTAGCACGA,B
B7_c1,,,B,B7_c1_TTTACTGGTACAGACG,B
B7_c1,,,B,B7_c1_TTTGGTTGTCCAGTGC,B
B7_c1,HMN52552,flu,B,B7_c1_TTTGGTTTCGCCAGCA,B
B7_c1,HMN52552,flu,B,B7_c1_TTTGTCAAGTAAGTAC,B
B7_c1,,,B,B7_c1_TTTGTCAGTTGTCGCG,B
B7_c1,,,B,B7_c1_TTTGTCATCGCCCTTA,B
B7_c1,HMN52552,flu,B,B7_c1_TTTGTCATCGTAGGAG,B
B7_c2,HMN52545,flu,B,B7_c2_AAACCTGGTACATGTC,B
B7_c2,HMN52535,flu,B,B7_c2_AAACGGGGTGCCTTGG,B
B7_c2,HMN52535,flu,B,B7_c2_AAACGGGGTTAAGATG,B
B7_c2,HMN52545,flu,B,B7_c2_AAAGATGAGCAATCTC,B
B7_c2,,,B,B7_c2_AAAGATGAGTGGGATC,B
B7_c2,HMN52544,flu,B,B7_c2_AAAGATGGTCTCAACA,B
B7_c2,,,B,B7_c2_AAAGTAGAGCACAGGT,B
B7_c2,HMN52535,flu,B,B7_c2_AAATGCCAGCTTTGGT,B
B7_c2,HMN52544,flu,B,B7_c2_AACCGCGGTTCAGACT,B
B7_c2,,,B,B7_c2_AACCGCGTCTCTGAGA,B
B7_c2,HMN52544,flu,B,B7_c2_AACGTTGAGATGTAAC,B
B7_c2,HMN52544,flu,B,B7_c2_AACTCAGAGCCCTAAT,B
B7_c2,HMN52544,flu,B,B7_c2_AACTCAGAGGAGTTTA,B
B7_c2,HMN52545,flu,B,B7_c2_AACTCAGGTCCGAAGA,B
B7_c2,HMN52545,flu,B,B7_c2_AACTCTTGTACACCGC,B
B7_c2,HMN52535,flu,B,B7_c2_AAGACCTCACTCTGTC,B
B7_c2,HMN52545,flu,B,B7_c2_AAGACCTCAGTAGAGC,B
B7_c2,HMN52535,flu,B,B7_c2_AAGACCTTCCACGCAG,B
B7_c2,HMN52544,flu,B,B7_c2_AAGCCGCTCACTTCAT,B
B7_c2,,,B,B7_c2_AAGCCGCTCGACGGAA,B
B7_c2,HMN52545,flu,B,B7_c2_AAGCCGCTCTACTATC,B
B7_c2,HMN52545,flu,B,B7_c2_AAGGAGCGTAAGTGTA,B
B7_c2,HMN52535,flu,B,B7_c2_AAGGAGCGTCTAGGTT,B
B7_c2,HMN52545,flu,B,B7_c2_AATCGGTAGTGCAAGC,B
B7_c2,,,B,B7_c2_ACACCAATCGTTTAGG,B
B7_c2,HMN52545,flu,B,B7_c2_ACACCCTTCATCTGTT,B
B7_c2,,,B,B7_c2_ACACCCTTCCGAAGAG,B
B7_c2,HMN52545,flu,B,B7_c2_ACACCGGCAAGTCTGT,B
B7_c2,,,B,B7_c2_ACACTGAGTGTGAAAT,B
B7_c2,HMN52552,NI,B,B7_c2_ACAGCCGGTAAGAGGA,B
B7_c2,HMN52544,flu,B,B7_c2_ACAGCTATCGGAGGTA,B
B7_c2,,,B,B7_c2_ACATACGAGCTAACAA,B
B7_c2,HMN52535,flu,B,B7_c2_ACATACGTCCGATATG,B
B7_c2,,,B,B7_c2_ACATCAGGTCGAGATG,B
B7_c2,,,B,B7_c2_ACATGGTGTGTTCGAT,B
B7_c2,HMN52535,flu,B,B7_c2_ACATGGTTCATCGGAT,B
B7_c2,HMN52543,NI,B,B7_c2_ACCCACTTCCGCTGTT,B
B7_c2,,,B,B7_c2_ACCGTAACATAGTAAG,B
B7_c2,,,B,B7_c2_ACCGTAATCCTATGTT,B
B7_c2,,,B,B7_c2_ACCTTTACATCTATGG,B
B7_c2,HMN52545,flu,B,B7_c2_ACGAGCCCAACTGGCC,B
B7_c2,HMN52535,flu,B,B7_c2_ACGAGCCCATGCATGT,B
B7_c2,HMN52535,flu,B,B7_c2_ACGAGGAAGAGTGAGA,B
B7_c2,HMN52535,flu,B,B7_c2_ACGAGGACATTCGACA,B
B7_c2,HMN52545,flu,B,B7_c2_ACGATACAGTTAAGTG,B
B7_c2,,,B,B7_c2_ACGATACGTGTATGGG,B
B7_c2,HMN52535,flu,B,B7_c2_ACGCCAGCACCACCAG,B
B7_c2,HMN52535,flu,B,B7_c2_ACGCCGAAGGATATAC,B
B7_c2,,,B,B7_c2_ACGCCGAGTTAAGGGC,B
B7_c2,,,B,B7_c2_ACGCCGAGTTATGTGC,B
B7_c2,,,B,B7_c2_ACGGCCACACAGACAG,B
B7_c2,,,B,B7_c2_ACGGGCTCACATGTGT,B
B7_c2,HMN52544,flu,B,B7_c2_ACGGGCTGTGGGTATG,B
B7_c2,HMN52544,flu,B,B7_c2_ACGGGTCTCTGATTCT,B
B7_c2,HMN52545,flu,B,B7_c2_ACTATCTCATGGTTGT,B
B7_c2,,,B,B7_c2_ACTGAACCACAACGCC,B
B7_c2,,,B,B7_c2_ACTGAACGTGAGTGAC,B
B7_c2,,,B,B7_c2_ACTGATGAGAAGCCCA,B
B7_c2,,,B,B7_c2_ACTGCTCGTCTCTCGT,B
B7_c2,HMN52545,flu,B,B7_c2_ACTGTCCTCGGACAAG,B
B7_c2,,,B,B7_c2_ACTGTCCTCTTGCAAG,B
B7_c2,HMN52543,NI,B,B7_c2_ACTTACTTCGCAAACT,B
B7_c2,HMN52535,flu,B,B7_c2_ACTTGTTGTTACCGAT,B
B7_c2,,,B,B7_c2_ACTTTCAAGTGTGGCA,B
B7_c2,HMN52535,flu,B,B7_c2_ACTTTCACAGCTATTG,B
B7_c2,HMN52545,flu,B,B7_c2_ACTTTCATCAGGTAAA,B
B7_c2,,,B,B7_c2_AGAATAGAGGAACTGC,B
B7_c2,HMN52544,flu,B,B7_c2_AGAATAGCAATTGCTG,B
B7_c2,HMN52535,flu,B,B7_c2_AGAATAGCATGGAATA,B
B7_c2,HMN52545,flu,B,B7_c2_AGAATAGGTTCACCTC,B
B7_c2,,,B,B7_c2_AGAGCGACACAGGCCT,B
B7_c2,HMN52544,flu,B,B7_c2_AGAGCTTTCTGCGACG,B
B7_c2,HMN52545,flu,B,B7_c2_AGAGTGGCATGGGACA,B
B7_c2,HMN52545,flu,B,B7_c2_AGAGTGGCATTCGACA,B
B7_c2,HMN52545,flu,B,B7_c2_AGATCTGAGGCTAGGT,B
B7_c2,HMN52544,flu,B,B7_c2_AGATCTGGTCTCTTTA,B
B7_c2,,,B,B7_c2_AGATTGCAGCTGCGAA,B
B7_c2,HMN52545,flu,B,B7_c2_AGATTGCGTAAACACA,B
B7_c2,HMN52545,flu,B,B7_c2_AGCAGCCTCGTATCAG,B
B7_c2,HMN52545,flu,B,B7_c2_AGCAGCCTCTCGTTTA,B
B7_c2,HMN52544,flu,B,B7_c2_AGCATACTCTGCCCTA,B
B7_c2,,,B,B7_c2_AGCGTCGGTAGATTAG,B
B7_c2,HMN52544,flu,B,B7_c2_AGCTCCTAGATCCGAG,B
B7_c2,HMN52544,flu,B,B7_c2_AGCTCCTGTGCGCTTG,B
B7_c2,HMN52545,flu,B,B7_c2_AGCTCTCTCTAGCACA,B
B7_c2,,,B,B7_c2_AGCTTGACACAAGACG,B
B7_c2,,,B,B7_c2_AGGCCACTCGTCACGG,B
B7_c2,HMN52545,flu,B,B7_c2_AGGCCGTCACTGAAGG,B
B7_c2,,,B,B7_c2_AGGGTGATCACCAGGC,B
B7_c2,HMN52543,NI,B,B7_c2_AGTAGTCGTTAAGGGC,B
B7_c2,HMN52544,flu,B,B7_c2_AGTAGTCTCGCCTGAG,B
B7_c2,HMN52545,flu,B,B7_c2_AGTCTTTAGGACATTA,B
B7_c2,HMN52545,flu,B,B7_c2_AGTGAGGTCTAACCGA,B
B7_c2,HMN52535,flu,B,B7_c2_AGTGGGAGTAGGCTGA,B
B7_c2,HMN52544,flu,B,B7_c2_AGTGTCACATACAGCT,B
B7_c2,HMN52545,flu,B,B7_c2_AGTTGGTTCATAAAGG,B
B7_c2,,,B,B7_c2_ATAACGCCAAAGCGGT,B
B7_c2,HMN52545,flu,B,B7_c2_ATAACGCTCCCTCTTT,B
B7_c2,,,B,B7_c2_ATAAGAGAGGCGACAT,B
B7_c2,HMN52535,flu,B,B7_c2_ATAGACCAGATCGATA,B
B7_c2,,,B,B7_c2_ATAGACCAGCTAGTCT,B
B7_c2,HMN52545,flu,B,B7_c2_ATAGACCGTCAATACC,B
B7_c2,,,B,B7_c2_ATAGACCGTTGCGCAC,B
B7_c2,,,B,B7_c2_ATCCACCAGAGATGAG,B
B7_c2,,,B,B7_c2_ATCCACCCATCCGGGT,B
B7_c2,,,B,B7_c2_ATCGAGTAGTGCTGCC,B
B7_c2,,,B,B7_c2_ATCTACTAGAGTCTGG,B
B7_c2,HMN52535,flu,B,B7_c2_ATGAGGGTCTGAAAGA,B
B7_c2,HMN52544,flu,B,B7_c2_ATGCGATGTTCGCGAC,B
B7_c2,HMN52545,flu,B,B7_c2_ATGTGTGAGCTTTGGT,B
B7_c2,,,B,B7_c2_ATGTGTGAGTGTGAAT,B
B7_c2,HMN52544,flu,B,B7_c2_ATGTGTGCAACGATGG,B
B7_c2,HMN52545,flu,B,B7_c2_ATGTGTGGTTACTGAC,B
B7_c2,HMN52535,flu,B,B7_c2_ATGTGTGTCTGCCCTA,B
B7_c2,,,B,B7_c2_ATTACTCTCAGGCGAA,B
B7_c2,,,B,B7_c2_ATTATCCCACAGGTTT,B
B7_c2,HMN52535,flu,B,B7_c2_ATTATCCTCAACGAAA,B
B7_c2,,,B,B7_c2_ATTATCCTCTGCAGTA,B
B7_c2,HMN52545,flu,B,B7_c2_ATTGGTGAGTACGATA,B
B7_c2,HMN52545,flu,B,B7_c2_ATTGGTGGTGATGTGG,B
B7_c2,HMN52545,flu,B,B7_c2_ATTGGTGTCCACGAAT,B
B7_c2,HMN52535,flu,B,B7_c2_ATTTCTGGTGCACGAA,B
B7_c2,,,B,B7_c2_CAACTAGAGTTGAGAT,B
B7_c2,HMN52544,flu,B,B7_c2_CAACTAGTCTAACCGA,B
B7_c2,,,B,B7_c2_CAAGAAACAGCGAACA,B
B7_c2,HMN52535,flu,B,B7_c2_CAAGAAAGTACAAGTA,B
B7_c2,HMN52544,flu,B,B7_c2_CAAGGCCCACGGCGTT,B
B7_c2,HMN52545,flu,B,B7_c2_CAAGTTGAGCTAGTTC,B
B7_c2,HMN52544,flu,B,B7_c2_CAAGTTGAGGGCTCTC,B
B7_c2,,,B,B7_c2_CAAGTTGTCTCCCTGA,B
B7_c2,,,B,B7_c2_CACAAACAGTTGTCGT,B
B7_c2,,,B,B7_c2_CACAAACGTTACCGAT,B
B7_c2,HMN52535,flu,B,B7_c2_CACACAACACGTGAGA,B
B7_c2,HMN52544,flu,B,B7_c2_CACACCTGTCTTGTCC,B
B7_c2,HMN52545,flu,B,B7_c2_CACACCTTCTGTTTGT,B
B7_c2,HMN52544,flu,B,B7_c2_CACAGGCCAAACCTAC,B
B7_c2,HMN52535,flu,B,B7_c2_CACAGTACATGTCCTC,B
B7_c2,HMN52544,flu,B,B7_c2_CACATTTTCGGAGGTA,B
B7_c2,HMN52545,flu,B,B7_c2_CACTCCAAGATGTCGG,B
B7_c2,,,B,B7_c2_CACTCCAGTGAGGGAG,B
B7_c2,HMN52535,flu,B,B7_c2_CAGAATCTCTACGAGT,B
B7_c2,,,B,B7_c2_CAGAATCTCTCCAGGG,B
B7_c2,,,B,B7_c2_CAGAGAGGTATAGGTA,B
B7_c2,,,B,B7_c2_CAGAGAGGTGGTCCGT,B
B7_c2,HMN52535,flu,B,B7_c2_CAGATCAAGCAGCGTA,B
B7_c2,HMN52545,flu,B,B7_c2_CAGATCAGTGTTGGGA,B
B7_c2,,,B,B7_c2_CAGCCGACAGGTTTCA,B
B7_c2,,,B,B7_c2_CAGCCGAGTCGCGTGT,B
B7_c2,HMN52535,flu,B,B7_c2_CAGCGACCAGACAAGC,B
B7_c2,HMN52544,flu,B,B7_c2_CAGCGACTCTGTACGA,B
B7_c2,HMN52535,flu,B,B7_c2_CAGCTAAAGTGTTAGA,B
B7_c2,HMN52544,flu,B,B7_c2_CAGCTGGTCTCGCTTG,B
B7_c2,,,B,B7_c2_CAGGTGCAGTATTGGA,B
B7_c2,HMN52545,flu,B,B7_c2_CAGTAACTCTCCGGTT,B
B7_c2,,,B,B7_c2_CATCAGAGTTGCGTTA,B
B7_c2,HMN52544,flu,B,B7_c2_CATCCACAGCTACCTA,B
B7_c2,HMN52545,flu,B,B7_c2_CATCGGGTCATCACCC,B
B7_c2,HMN52545,flu,B,B7_c2_CATGACACACCAGGTC,B
B7_c2,,,B,B7_c2_CATGACATCGAATGCT,B
B7_c2,,,B,B7_c2_CATGCCTGTCTCTCGT,B
B7_c2,,,B,B7_c2_CATGGCGTCCCTTGCA,B
B7_c2,,,B,B7_c2_CATTATCCACCGAAAG,B
B7_c2,HMN52545,flu,B,B7_c2_CCAATCCAGCAATCTC,B
B7_c2,,,B,B7_c2_CCACCTAGTAAGGGAA,B
B7_c2,HMN52545,flu,B,B7_c2_CCACCTAGTACATGTC,B
B7_c2,HMN52545,flu,B,B7_c2_CCACTACGTTACGTCA,B
B7_c2,HMN52545,flu,B,B7_c2_CCGGGATCAGATGAGC,B
B7_c2,HMN52535,flu,B,B7_c2_CCGGGATTCCACGAAT,B
B7_c2,,,B,B7_c2_CCGTACTTCGAGAGCA,B
B7_c2,,,B,B7_c2_CCGTGGAAGCCACCTG,B
B7_c2,HMN52545,flu,B,B7_c2_CCGTGGAGTTCAGACT,B
B7_c2,HMN52545,flu,B,B7_c2_CCGTTCAAGGCTCATT,B
B7_c2,HMN52535,flu,B,B7_c2_CCTAAAGGTGCCTGTG,B
B7_c2,HMN52545,flu,B,B7_c2_CCTACACCAGGAATCG,B
B7_c2,HMN52544,flu,B,B7_c2_CCTACACTCCGTTGTC,B
B7_c2,HMN52545,flu,B,B7_c2_CCTAGCTTCCAAGCCG,B
B7_c2,HMN52535,flu,B,B7_c2_CCTCAGTTCGAGAACG,B
B7_c2,HMN52545,flu,B,B7_c2_CCTCTGAGTCAGTGGA,B
B7_c2,HMN52545,flu,B,B7_c2_CCTTACGGTAGCGATG,B
B7_c2,HMN52544,flu,B,B7_c2_CCTTCCCAGCTGTTCA,B
B7_c2,HMN52545,flu,B,B7_c2_CCTTCGAAGCATCATC,B
B7_c2,HMN52545,flu,B,B7_c2_CCTTCGATCAGGCGAA,B
B7_c2,HMN52545,flu,B,B7_c2_CGAACATTCATGTAGC,B
B7_c2,HMN52535,flu,B,B7_c2_CGAATGTAGGAGTACC,B
B7_c2,HMN52545,flu,B,B7_c2_CGACCTTAGCTGTCTA,B
B7_c2,,,B,B7_c2_CGACCTTCAGGGCATA,B
B7_c2,,,B,B7_c2_CGACCTTGTAGAGGAA,B
B7_c2,,,B,B7_c2_CGAGAAGAGGTGTTAA,B
B7_c2,HMN52535,flu,B,B7_c2_CGAGAAGGTCCGTTAA,B
B7_c2,HMN52544,flu,B,B7_c2_CGAGCACCAGCTGTAT,B
B7_c2,HMN52535,flu,B,B7_c2_CGAGCACTCTCTGCTG,B
B7_c2,,,B,B7_c2_CGAGCCAGTCAAACTC,B
B7_c2,HMN52544,flu,B,B7_c2_CGAGCCAGTTACAGAA,B
B7_c2,HMN52545,flu,B,B7_c2_CGATCGGAGCGACGTA,B
B7_c2,,,B,B7_c2_CGATGTAGTACCGGCT,B
B7_c2,HMN52535,flu,B,B7_c2_CGATGTAGTAGCTCCG,B
B7_c2,HMN52535,flu,B,B7_c2_CGATGTAGTTGAACTC,B
B7_c2,HMN52545,flu,B,B7_c2_CGCCAAGAGTGGTAAT,B
B7_c2,HMN52544,flu,B,B7_c2_CGCGTTTGTCGGGTCT,B
B7_c2,HMN52545,flu,B,B7_c2_CGCGTTTGTTAAAGAC,B
B7_c2,HMN52544,flu,B,B7_c2_CGCTGGAGTAACGACG,B
B7_c2,HMN52545,flu,B,B7_c2_CGCTGGATCGGAATCT,B
B7_c2,,,B,B7_c2_CGGACACGTGTGGTTT,B
B7_c2,,,B,B7_c2_CGGACACTCATTTGGG,B
B7_c2,HMN52545,flu,B,B7_c2_CGGACTGGTCTTGATG,B
B7_c2,,,B,B7_c2_CGGAGCTGTACCTACA,B
B7_c2,,,B,B7_c2_CGGAGTCTCGCGCCAA,B
B7_c2,,,B,B7_c2_CGGCTAGAGGCTCATT,B
B7_c2,HMN52544,flu,B,B7_c2_CGGCTAGTCGGACAAG,B
B7_c2,HMN52545,flu,B,B7_c2_CGGGTCATCCATGAAC,B
B7_c2,HMN52545,flu,B,B7_c2_CGGTTAACATTTGCTT,B
B7_c2,HMN52535,flu,B,B7_c2_CGTAGCGCAATCGGTT,B
B7_c2,,,B,B7_c2_CGTAGGCAGCTAGCCC,B
B7_c2,HMN52545,flu,B,B7_c2_CGTAGGCTCAGCAACT,B
B7_c2,HMN52535,flu,B,B7_c2_CGTCAGGTCAGATAAG,B
B7_c2,HMN52544,flu,B,B7_c2_CGTCAGGTCGCCGTGA,B
B7_c2,HMN52544,flu,B,B7_c2_CGTGAGCGTAGAAAGG,B
B7_c2,,,B,B7_c2_CGTTAGATCGCAAACT,B
B7_c2,HMN52545,flu,B,B7_c2_CGTTCTGAGACCGGAT,B
B7_c2,,,B,B7_c2_CGTTCTGCAACTTGAC,B
B7_c2,HMN52535,flu,B,B7_c2_CGTTCTGGTTCTGGTA,B
B7_c2,HMN52544,flu,B,B7_c2_CTAACTTCAGGATCGA,B
B7_c2,HMN52545,flu,B,B7_c2_CTAACTTGTTCAGTAC,B
B7_c2,HMN52544,flu,B,B7_c2_CTAAGACCATCACGAT,B
B7_c2,HMN52545,flu,B,B7_c2_CTACACCAGGCGCTCT,B
B7_c2,HMN52545,flu,B,B7_c2_CTACATTGTACCGTAT,B
B7_c2,HMN52544,flu,B,B7_c2_CTACGTCCATCATCCC,B
B7_c2,HMN52544,flu,B,B7_c2_CTACGTCGTTTGGGCC,B
B7_c2,,,B,B7_c2_CTAGAGTAGCGCCTCA,B
B7_c2,HMN52545,flu,B,B7_c2_CTAGTGACAAGTACCT,B
B7_c2,,,B,B7_c2_CTAGTGACATTGCGGC,B
B7_c2,,,B,B7_c2_CTCACACAGACAGACC,B
B7_c2,HMN52544,flu,B,B7_c2_CTCACACCAGCGATCC,B
B7_c2,HMN52545,flu,B,B7_c2_CTCACACGTACGACCC,B
B7_c2,,,B,B7_c2_CTCACACGTCGCTTCT,B
B7_c2,HMN52544,flu,B,B7_c2_CTCATTAAGATGTGTA,B
B7_c2,HMN52544,flu,B,B7_c2_CTCATTACACAGCGTC,B
B7_c2,HMN52544,flu,B,B7_c2_CTCCTAGGTGGTACAG,B
B7_c2,HMN52545,flu,B,B7_c2_CTCGAAATCTTGTATC,B
B7_c2,,,B,B7_c2_CTCGGAGCACCTATCC,B
B7_c2,,,B,B7_c2_CTCGGAGTCCTCGCAT,B
B7_c2,HMN52545,flu,B,B7_c2_CTCGGAGTCTGCTGCT,B
B7_c2,,,B,B7_c2_CTCGGGAAGTGAACAT,B
B7_c2,HMN52545,flu,B,B7_c2_CTCGTCAAGTACGACG,B
B7_c2,HMN52544,flu,B,B7_c2_CTCTAATAGGAATGGA,B
B7_c2,HMN52545,flu,B,B7_c2_CTCTAATCACGCCAGT,B
B7_c2,HMN52535,flu,B,B7_c2_CTCTAATTCGCGATCG,B
B7_c2,,,B,B7_c2_CTCTACGTCGGCGCAT,B
B7_c2,,,B,B7_c2_CTCTACGTCTGATTCT,B
B7_c2,HMN52535,flu,B,B7_c2_CTCTGGTTCATTATCC,B
B7_c2,HMN52544,flu,B,B7_c2_CTGAAGTAGACCACGA,B
B7_c2,HMN52545,flu,B,B7_c2_CTGATAGAGACCCACC,B
B7_c2,,,B,B7_c2_CTGATAGAGATCTGCT,B
B7_c2,HMN52545,flu,B,B7_c2_CTGATAGCACGTCTCT,B
B7_c2,,,B,B7_c2_CTGATAGGTAGCTAAA,B
B7_c2,,,B,B7_c2_CTGATAGGTATGAAAC,B
B7_c2,HMN52535,flu,B,B7_c2_CTGATCCGTGCGGTAA,B
B7_c2,,,B,B7_c2_CTGATCCTCCTTTACA,B
B7_c2,,,B,B7_c2_CTGCCTAAGACTGGGT,B
B7_c2,HMN52545,flu,B,B7_c2_CTGCGGATCTCCGGTT,B
B7_c2,HMN52545,flu,B,B7_c2_CTGCTGTAGATCCGAG,B
B7_c2,,,B,B7_c2_CTGCTGTTCGTCCAGG,B
B7_c2,HMN52544,flu,B,B7_c2_CTGTGCTAGGCCGAAT,B
B7_c2,,,B,B7_c2_CTGTGCTCAGTGAGTG,B
B7_c2,,,B,B7_c2_CTTAACTAGAGGTAGA,B
B7_c2,HMN52535,flu,B,B7_c2_CTTAACTCACCCATTC,B
B7_c2,HMN52545,flu,B,B7_c2_CTTCTCTTCCTGCAGG,B
B7_c2,HMN52545,flu,B,B7_c2_CTTGGCTAGATCTGCT,B
B7_c2,,,B,B7_c2_CTTGGCTCAAGCCCAC,B
B7_c2,HMN52545,flu,B,B7_c2_CTTGGCTCAGCCTTGG,B
B7_c2,HMN52544,flu,B,B7_c2_CTTTGCGGTTACGCGC,B
B7_c2,,,B,B7_c2_GAAATGACATGCTGGC,B
B7_c2,HMN52535,flu,B,B7_c2_GAAATGAGTCAGAGGT,B
B7_c2,HMN52545,flu,B,B7_c2_GAATGAAGTCGGCTCA,B
B7_c2,HMN52545,flu,B,B7_c2_GACACGCAGCTGTTCA,B
B7_c2,,,B,B7_c2_GACAGAGCAATGACCT,B
B7_c2,HMN52535,flu,B,B7_c2_GACCAATAGATAGCAT,B
B7_c2,HMN52545,flu,B,B7_c2_GACCAATCAATGAAAC,B
B7_c2,HMN52535,flu,B,B7_c2_GACCAATTCGGACAAG,B
B7_c2,,,B,B7_c2_GACGGCTAGTGTGAAT,B
B7_c2,HMN52545,flu,B,B7_c2_GACGTGCAGGTTCCTA,B
B7_c2,HMN52535,flu,B,B7_c2_GACGTGCTCCACGAAT,B
B7_c2,HMN52544,flu,B,B7_c2_GACGTTACAAGCGTAG,B
B7_c2,,,B,B7_c2_GACGTTATCCGTTGCT,B
B7_c2,,,B,B7_c2_GACTAACCAGTCAGAG,B
B7_c2,,,B,B7_c2_GACTGCGCAATGCCAT,B
B7_c2,HMN52535,flu,B,B7_c2_GAGCAGAGTAACGTTC,B
B7_c2,,,B,B7_c2_GAGCAGATCCACTCCA,B
B7_c2,,,B,B7_c2_GAGGTGAAGACACTAA,B
B7_c2,HMN52545,flu,B,B7_c2_GAGGTGACACATCCGG,B
B7_c2,HMN52545,flu,B,B7_c2_GAGGTGAGTGTGACCC,B
B7_c2,,,B,B7_c2_GAGTCCGAGCGTCAAG,B
B7_c2,,,B,B7_c2_GAGTCCGGTTCACGGC,B
B7_c2,,,B,B7_c2_GAGTCCGTCGTAGATC,B
B7_c2,HMN52545,flu,B,B7_c2_GATCAGTAGATCCCGC,B
B7_c2,,,B,B7_c2_GATCGATAGATCTGCT,B
B7_c2,,,B,B7_c2_GATCGATCATATGGTC,B
B7_c2,HMN52535,flu,B,B7_c2_GATCGCGCATGGATGG,B
B7_c2,,,B,B7_c2_GATCGCGGTGATAAGT,B
B7_c2,HMN52545,flu,B,B7_c2_GATCGTATCATCGCTC,B
B7_c2,,,B,B7_c2_GATCGTATCCCATTTA,B
B7_c2,,,B,B7_c2_GATCGTATCCTTTCGG,B
B7_c2,,,B,B7_c2_GATCTAGAGCTTCGCG,B
B7_c2,HMN52545,flu,B,B7_c2_GATCTAGGTTAAGAAC,B
B7_c2,HMN52545,flu,B,B7_c2_GATGAAAAGACATAAC,B
B7_c2,HMN52545,flu,B,B7_c2_GATGAAACATAACCTG,B
B7_c2,,,B,B7_c2_GATGAGGAGGCGATAC,B
B7_c2,HMN52545,flu,B,B7_c2_GATGAGGCAAGGACTG,B
B7_c2,HMN52535,flu,B,B7_c2_GATGCTACAATGCCAT,B
B7_c2,HMN52543,NI,B,B7_c2_GATGCTACACCCATTC,B
B7_c2,HMN52544,flu,B,B7_c2_GATTCAGTCCGAGCCA,B
B7_c2,HMN52545,flu,B,B7_c2_GCAAACTAGTTAAGTG,B
B7_c2,,,B,B7_c2_GCAAACTCAGTCGTGC,B
B7_c2,,,B,B7_c2_GCAAACTGTATAGTAG,B
B7_c2,HMN52544,flu,B,B7_c2_GCAAACTTCCGAGCCA,B
B7_c2,HMN52544,flu,B,B7_c2_GCAATCACATGATCCA,B
B7_c2,HMN52535,flu,B,B7_c2_GCACATAAGTCATCCA,B
B7_c2,HMN52545,flu,B,B7_c2_GCAGTTAAGCGATGAC,B
B7_c2,HMN52544,flu,B,B7_c2_GCATACAAGTAGGCCA,B
B7_c2,HMN52545,flu,B,B7_c2_GCATACACACGCTTTC,B
B7_c2,,,B,B7_c2_GCATGATCATAGACTC,B
B7_c2,HMN52544,flu,B,B7_c2_GCATGATGTGAAATCA,B
B7_c2,HMN52535,flu,B,B7_c2_GCATGTATCACATACG,B
B7_c2,HMN52545,flu,B,B7_c2_GCCAAATGTGCAGACA,B
B7_c2,,,B,B7_c2_GCCTCTAAGGCAGGTT,B
B7_c2,HMN52545,flu,B,B7_c2_GCCTCTACATCCAACA,B
B7_c2,HMN52544,flu,B,B7_c2_GCCTCTATCAGCTTAG,B
B7_c2,HMN52545,flu,B,B7_c2_GCGAGAAGTTCTGTTT,B
B7_c2,,,B,B7_c2_GCGCAACCACTATCTT,B
B7_c2,,,B,B7_c2_GCGCCAAGTTGGGACA,B
B7_c2,,,B,B7_c2_GCGCGATTCTCCAACC,B
B7_c2,,,B,B7_c2_GCGGGTTCAGTAACGG,B
B7_c2,HMN52535,flu,B,B7_c2_GCGGGTTGTTAGAACA,B
B7_c2,HMN52545,flu,B,B7_c2_GCGGGTTTCATAAAGG,B
B7_c2,HMN52545,flu,B,B7_c2_GCTCTGTCATGTAAGA,B
B7_c2,HMN52544,flu,B,B7_c2_GCTGCAGCAGGTGCCT,B
B7_c2,,,B,B7_c2_GCTGCGACATGGATGG,B
B7_c2,HMN52545,flu,B,B7_c2_GCTGGGTGTCTAGTGT,B
B7_c2,HMN52545,flu,B,B7_c2_GCTTCCACATGATCCA,B
B7_c2,HMN52545,flu,B,B7_c2_GCTTCCAGTGACTACT,B
B7_c2,,,B,B7_c2_GGAAAGCTCATCGATG,B
B7_c2,,,B,B7_c2_GGAAAGCTCCGTAGTA,B
B7_c2,,,B,B7_c2_GGAACTTCAAGCTGTT,B
B7_c2,HMN52535,flu,B,B7_c2_GGACAAGCAAGCCGCT,B
B7_c2,HMN52544,flu,B,B7_c2_GGACATTGTCGAGTTT,B
B7_c2,HMN52545,flu,B,B7_c2_GGACATTTCGCATGAT,B
B7_c2,HMN52545,flu,B,B7_c2_GGACGTCGTTTCGCTC,B
B7_c2,HMN52535,flu,B,B7_c2_GGATTACAGGTCATCT,B
B7_c2,HMN52545,flu,B,B7_c2_GGATTACCACCACGTG,B
B7_c2,HMN52545,flu,B,B7_c2_GGCAATTAGAGCTGCA,B
B7_c2,HMN52545,flu,B,B7_c2_GGCCGATAGTCTTGCA,B
B7_c2,HMN52545,flu,B,B7_c2_GGCCGATCACACTGCG,B
B7_c2,HMN52545,flu,B,B7_c2_GGCCGATTCAGGTTCA,B
B7_c2,HMN52535,flu,B,B7_c2_GGCCGATTCCTAGTGA,B
B7_c2,HMN52535,flu,B,B7_c2_GGCTCGAGTTGGAGGT,B
B7_c2,HMN52544,flu,B,B7_c2_GGCTCGATCCAGATCA,B
B7_c2,,,B,B7_c2_GGCTGGTCAAGTCATC,B
B7_c2,HMN52545,flu,B,B7_c2_GGGAATGCAGACAGGT,B
B7_c2,,,B,B7_c2_GGGACCTCATTCGACA,B
B7_c2,,,B,B7_c2_GGGACCTGTACCTACA,B
B7_c2,,,B,B7_c2_GGGAGATCAGACGTAG,B
B7_c2,HMN52545,flu,B,B7_c2_GGGAGATGTCTTGTCC,B
B7_c2,HMN52535,flu,B,B7_c2_GGGAGATTCGAGCCCA,B
B7_c2,,,B,B7_c2_GGGATGATCTTTAGGG,B
B7_c2,HMN52544,flu,B,B7_c2_GGGCATCAGAGGTAGA,B
B7_c2,HMN52545,flu,B,B7_c2_GGGCATCTCAATAAGG,B
B7_c2,HMN52535,flu,B,B7_c2_GGGTCTGAGTAATCCC,B
B7_c2,HMN52545,flu,B,B7_c2_GGTGAAGAGCTAACAA,B
B7_c2,HMN52544,flu,B,B7_c2_GGTGAAGCAACACCCG,B
B7_c2,HMN52545,flu,B,B7_c2_GGTGTTAAGTATTGGA,B
B7_c2,,,B,B7_c2_GTAACTGTCATCATTC,B
B7_c2,HMN52545,flu,B,B7_c2_GTACTCCAGCGAGAAA,B
B7_c2,HMN52545,flu,B,B7_c2_GTACTCCCAATCTACG,B
B7_c2,HMN52535,flu,B,B7_c2_GTACTCCCACGTCAGC,B
B7_c2,HMN52545,flu,B,B7_c2_GTACTTTAGAGTTGGC,B
B7_c2,HMN52545,flu,B,B7_c2_GTACTTTCACTCTGTC,B
B7_c2,,,B,B7_c2_GTAGGCCCATCTCCCA,B
B7_c2,HMN52544,flu,B,B7_c2_GTAGTCATCCCTCTTT,B
B7_c2,HMN52544,flu,B,B7_c2_GTATCTTTCGCTGATA,B
B7_c2,,,B,B7_c2_GTCAAGTCACTAAGTC,B
B7_c2,HMN52545,flu,B,B7_c2_GTCACAAAGGGCTTGA,B
B7_c2,,,B,B7_c2_GTCACAAAGGTACTCT,B
B7_c2,HMN52544,flu,B,B7_c2_GTCACGGGTAAGGGCT,B
B7_c2,,,B,B7_c2_GTCATTTAGCTAACAA,B
B7_c2,HMN52544,flu,B,B7_c2_GTCATTTGTAATCGTC,B
B7_c2,HMN52545,flu,B,B7_c2_GTCGTAATCGGTGTTA,B
B7_c2,,,B,B7_c2_GTGAAGGAGTACCGGA,B
B7_c2,HMN52545,flu,B,B7_c2_GTGAAGGTCGGCATCG,B
B7_c2,HMN52545,flu,B,B7_c2_GTGCAGCAGGCTAGAC,B
B7_c2,HMN52545,flu,B,B7_c2_GTGCATAGTAAGGGCT,B
B7_c2,HMN52545,flu,B,B7_c2_GTGGGTCTCCGTAGTA,B
B7_c2,HMN52535,flu,B,B7_c2_GTGGGTCTCTGCCAGG,B
B7_c2,HMN52545,flu,B,B7_c2_GTTCGGGTCCTGCTTG,B
B7_c2,HMN52544,flu,B,B7_c2_GTTCTCGCAGGGTTAG,B
B7_c2,,,B,B7_c2_GTTTCTAAGATCACGG,B
B7_c2,HMN52545,flu,B,B7_c2_GTTTCTAAGTAGATGT,B
B7_c2,,,B,B7_c2_TAAACCGTCCTTCAAT,B
B7_c2,HMN52544,flu,B,B7_c2_TAAGAGAGTAGCGTCC,B
B7_c2,HMN52535,flu,B,B7_c2_TAAGAGAGTTCCGTCT,B
B7_c2,,,B,B7_c2_TAAGAGATCGCCAAAT,B
B7_c2,HMN52544,flu,B,B7_c2_TAAGCGTTCTGGCGTG,B
B7_c2,HMN52545,flu,B,B7_c2_TAAGTGCCATCGTCGG,B
B7_c2,,,B,B7_c2_TACACGAAGATGGCGT,B
B7_c2,,,B,B7_c2_TACACGAAGGTCGGAT,B
B7_c2,HMN52545,flu,B,B7_c2_TACAGTGAGCAAATCA,B
B7_c2,HMN52535,flu,B,B7_c2_TACAGTGCATGTAAGA,B
B7_c2,HMN52545,flu,B,B7_c2_TACAGTGTCCGTAGTA,B
B7_c2,HMN52545,flu,B,B7_c2_TACCTATGTAATAGCA,B
B7_c2,HMN52535,flu,B,B7_c2_TACCTTACAGCATGAG,B
B7_c2,HMN52544,flu,B,B7_c2_TACGGTAGTAAACGCG,B
B7_c2,,,B,B7_c2_TACTCATTCCAAACAC,B
B7_c2,HMN52545,flu,B,B7_c2_TACTCGCCAGCTGTTA,B
B7_c2,HMN52545,flu,B,B7_c2_TACTCGCGTTCAACCA,B
B7_c2,,,B,B7_c2_TAGACCATCCGCGTTT,B
B7_c2,HMN52545,flu,B,B7_c2_TAGAGCTCACGGACAA,B
B7_c2,HMN52544,flu,B,B7_c2_TAGCCGGGTCATACTG,B
B7_c2,HMN52545,flu,B,B7_c2_TAGCCGGTCTCACATT,B
B7_c2,,,B,B7_c2_TAGGCATTCGAACTGT,B
B7_c2,HMN52545,flu,B,B7_c2_TATCAGGGTAATCACC,B
B7_c2,HMN52544,flu,B,B7_c2_TATCTCACACGCGAAA,B
B7_c2,HMN52535,flu,B,B7_c2_TATGCCCTCGCCTGAG,B
B7_c2,,,B,B7_c2_TCAACGAGTAGTACCT,B
B7_c2,HMN52544,flu,B,B7_c2_TCACAAGTCTTCGGTC,B
B7_c2,HMN52545,flu,B,B7_c2_TCAGATGAGCGATCCC,B
B7_c2,HMN52545,flu,B,B7_c2_TCAGATGGTTTGGCGC,B
B7_c2,HMN52544,flu,B,B7_c2_TCAGCTCGTGACCAAG,B
B7_c2,,,B,B7_c2_TCAGCTCTCTCGGACG,B
B7_c2,,,B,B7_c2_TCCACACGTTGGTGGA,B
B7_c2,HMN52535,flu,B,B7_c2_TCGCGTTGTAGCAAAT,B
B7_c2,HMN52545,flu,B,B7_c2_TCGCGTTGTTCTGGTA,B
B7_c2,,,B,B7_c2_TCGGTAAAGTAGTGCG,B
B7_c2,HMN52544,flu,B,B7_c2_TCGGTAATCTTGAGAC,B
B7_c2,,,B,B7_c2_TCGTAGACATGTAAGA,B
B7_c2,HMN52545,flu,B,B7_c2_TCGTAGATCTGATACG,B
B7_c2,HMN52545,flu,B,B7_c2_TCTCTAATCGGCGCTA,B
B7_c2,HMN52545,flu,B,B7_c2_TCTGAGATCACAAACC,B
B7_c2,HMN52544,flu,B,B7_c2_TCTTCGGCAGCGATCC,B
B7_c2,,,B,B7_c2_TGAAAGAAGCCCAACC,B
B7_c2,,,B,B7_c2_TGACGGCTCAGCTGGC,B
B7_c2,HMN52545,flu,B,B7_c2_TGACTTTCATGACATC,B
B7_c2,HMN52535,flu,B,B7_c2_TGACTTTTCGGCATCG,B
B7_c2,HMN52545,flu,B,B7_c2_TGAGAGGCAGCGAACA,B
B7_c2,HMN52545,flu,B,B7_c2_TGAGAGGTCTCAACTT,B
B7_c2,HMN52545,flu,B,B7_c2_TGAGCATAGCCACTAT,B
B7_c2,HMN52545,flu,B,B7_c2_TGAGCCGTCCAGAGGA,B
B7_c2,,,B,B7_c2_TGATTTCTCCTAGGGC,B
B7_c2,HMN52544,flu,B,B7_c2_TGCACCTTCAAGCCTA,B
B7_c2,HMN52535,flu,B,B7_c2_TGCCAAAAGTTCGCGC,B
B7_c2,HMN52544,flu,B,B7_c2_TGCCCATAGCCCGAAA,B
B7_c2,,,B,B7_c2_TGCCCATCAAGTTGTC,B
B7_c2,HMN52544,flu,B,B7_c2_TGCCCATGTGGCGAAT,B
B7_c2,,,B,B7_c2_TGCCCTAAGCACCGCT,B
B7_c2,HMN52535,flu,B,B7_c2_TGCCCTACAGGATTGG,B
B7_c2,HMN52545,flu,B,B7_c2_TGCCCTAGTCTCTCGT,B
B7_c2,HMN52545,flu,B,B7_c2_TGCGGGTTCAACCAAC,B
B7_c2,HMN52544,flu,B,B7_c2_TGCGTGGGTAGCTCCG,B
B7_c2,HMN52535,flu,B,B7_c2_TGCTACCAGTAGCGGT,B
B7_c2,HMN52545,flu,B,B7_c2_TGCTACCGTATTCGTG,B
B7_c2,HMN52535,flu,B,B7_c2_TGCTACCTCGAGCCCA,B
B7_c2,,,B,B7_c2_TGGACGCGTCTAGTGT,B
B7_c2,,,B,B7_c2_TGGACGCTCGCCATAA,B
B7_c2,HMN52545,flu,B,B7_c2_TGGCGCAAGTGCGATG,B
B7_c2,,,B,B7_c2_TGGCGCATCACATGCA,B
B7_c2,,,B,B7_c2_TGGCTGGGTCGGGTCT,B
B7_c2,HMN52545,flu,B,B7_c2_TGGGAAGAGATGCCAG,B
B7_c2,HMN52545,flu,B,B7_c2_TGGGAAGGTATTACCG,B
B7_c2,HMN52545,flu,B,B7_c2_TGGTTCCTCGAACTGT,B
B7_c2,HMN52545,flu,B,B7_c2_TGGTTCCTCTTTAGTC,B
B7_c2,HMN52545,flu,B,B7_c2_TGTATTCCAAGTACCT,B
B7_c2,,,B,B7_c2_TGTATTCCATGTCGAT,B
B7_c2,HMN52535,flu,B,B7_c2_TGTGGTAAGCATCATC,B
B7_c2,HMN52535,flu,B,B7_c2_TGTGGTACAGCCAGAA,B
B7_c2,,,B,B7_c2_TGTGGTAGTTGTGGAG,B
B7_c2,,,B,B7_c2_TGTGTTTCAGGAATCG,B
B7_c2,,,B,B7_c2_TGTTCCGCAAGGTTTC,B
B7_c2,HMN52535,flu,B,B7_c2_TGTTCCGTCGCCGTGA,B
B7_c2,HMN52535,flu,B,B7_c2_TTAACTCGTAGCTCCG,B
B7_c2,HMN52545,flu,B,B7_c2_TTAGGCAAGATAGCAT,B
B7_c2,HMN52552,NI,B,B7_c2_TTATGCTGTGGACGAT,B
B7_c2,,,B,B7_c2_TTCCCAGGTCGCATAT,B
B7_c2,HMN52544,flu,B,B7_c2_TTCGAAGCAGGCAGTA,B
B7_c2,HMN52535,flu,B,B7_c2_TTCGAAGTCGTAGGAG,B
B7_c2,HMN52535,flu,B,B7_c2_TTCGGTCAGCGTTGCC,B
B7_c2,,,B,B7_c2_TTCTACACACCCAGTG,B
B7_c2,HMN52535,flu,B,B7_c2_TTCTCAATCCTTTACA,B
B7_c2,,,B,B7_c2_TTCTCCTAGCGCTTAT,B
B7_c2,,,B,B7_c2_TTCTCCTGTACCCAAT,B
B7_c2,,,B,B7_c2_TTCTTAGGTCGGATCC,B
B7_c2,,,B,B7_c2_TTGAACGAGCGTTTAC,B
B7_c2,HMN52535,flu,B,B7_c2_TTGAACGAGCTCCTCT,B
B7_c2,HMN52535,flu,B,B7_c2_TTGCGTCAGAGGTACC,B
B7_c2,,,B,B7_c2_TTGGAACGTGGTCTCG,B
B7_c2,HMN52545,flu,B,B7_c2_TTGGCAAGTCTCTTTA,B
B7_c2,,,B,B7_c2_TTGTAGGCACAACGCC,B
B7_c2,HMN52545,flu,B,B7_c2_TTTACTGAGATGTTAG,B
B7_c2,HMN52552,NI,B,B7_c2_TTTACTGTCTACTATC,B
B7_c2,,,B,B7_c2_TTTCCTCGTATATCCG,B
B7_c2,HMN52545,flu,B,B7_c2_TTTCCTCTCACGCGGT,B
B7_c2,HMN52545,flu,B,B7_c2_TTTGCGCGTAGCGATG,B
B8_c1,HMN52541,flu,B,B8_c1_AAACCTGGTAGGGACT,B
B8_c1,,,B,B8_c1_AAACGGGGTCATGCAT,B
B8_c1,HMN52541,flu,B,B8_c1_AAACGGGGTTACCAGT,B
B8_c1,,,B,B8_c1_AAAGCAAAGTAGGCCA,B
B8_c1,,,B,B8_c1_AAAGTAGCAAGCGCTC,B
B8_c1,HMN52539,flu,B,B8_c1_AAAGTAGTCTTTAGGG,B
B8_c1,HMN52539,flu,B,B8_c1_AACCGCGCAGCGAACA,B
B8_c1,HMN52553,flu,B,B8_c1_AACTCAGCACAGACTT,B
B8_c1,,,B,B8_c1_AACTCCCAGCCAGTTT,B
B8_c1,HMN52553,flu,B,B8_c1_AACTCTTCACAGGCCT,B
B8_c1,HMN52541,flu,B,B8_c1_AACTGGTAGACAAGCC,B
B8_c1,,,B,B8_c1_AACTGGTCAAGCGTAG,B
B8_c1,,,B,B8_c1_AAGCCGCTCACATAGC,B
B8_c1,HMN52539,flu,B,B8_c1_AAGGTTCCAGCTGGCT,B
B8_c1,HMN52541,flu,B,B8_c1_AAGTCTGAGAGGGCTT,B
B8_c1,,,B,B8_c1_AAGTCTGGTGAACCTT,B
B8_c1,HMN52553,flu,B,B8_c1_AAGTCTGTCACGCGGT,B
B8_c1,HMN52553,flu,B,B8_c1_AATCGGTCATGCATGT,B
B8_c1,HMN52553,flu,B,B8_c1_ACACCCTCACCCATGG,B
B8_c1,HMN52539,flu,B,B8_c1_ACACCGGTCAGTGTTG,B
B8_c1,HMN52539,flu,B,B8_c1_ACACTGAAGGCATGTG,B
B8_c1,HMN52541,flu,B,B8_c1_ACACTGAAGTTACGGG,B
B8_c1,,,B,B8_c1_ACAGCCGAGGCAGGTT,B
B8_c1,HMN52541,flu,B,B8_c1_ACATACGCACAGCCCA,B
B8_c1,HMN52539,flu,B,B8_c1_ACATCAGAGTGTACCT,B
B8_c1,HMN52539,flu,B,B8_c1_ACATCAGGTCTTTCAT,B
B8_c1,,,B,B8_c1_ACATCAGGTTATCGGT,B
B8_c1,HMN52541,flu,B,B8_c1_ACCCACTTCCGTTGTC,B
B8_c1,,,B,B8_c1_ACCGTAATCTCGTTTA,B
B8_c1,HMN52541,flu,B,B8_c1_ACGAGGAAGGCAATTA,B
B8_c1,HMN52553,flu,B,B8_c1_ACGATGTGTGCAGTAG,B
B8_c1,HMN52539,flu,B,B8_c1_ACGCAGCAGAATAGGG,B
B8_c1,,,B,B8_c1_ACGCCAGTCTGTCTAT,B
B8_c1,,,B,B8_c1_ACGCCGAAGGGCATGT,B
B8_c1,,,B,B8_c1_ACGGAGACAGCGATCC,B
B8_c1,HMN52541,flu,B,B8_c1_ACGGAGATCTCAACTT,B
B8_c1,,,B,B8_c1_ACGGGCTTCGCTGATA,B
B8_c1,HMN52553,flu,B,B8_c1_ACGGGTCCAATGTAAG,B
B8_c1,,,B,B8_c1_ACGTCAACACGTAAGG,B
B8_c1,,,B,B8_c1_ACGTCAAGTCATTAGC,B
B8_c1,HMN52553,flu,B,B8_c1_ACGTCAATCCTGTAGA,B
B8_c1,HMN52553,flu,B,B8_c1_ACTATCTAGCGCCTTG,B
B8_c1,HMN52539,flu,B,B8_c1_ACTGAGTTCAGTTGAC,B
B8_c1,HMN52553,flu,B,B8_c1_ACTGTCCGTTCCTCCA,B
B8_c1,HMN52539,flu,B,B8_c1_ACTGTCCTCGAATCCA,B
B8_c1,,,B,B8_c1_ACTTACTCATCACCCT,B
B8_c1,HMN52553,flu,B,B8_c1_ACTTGTTAGAGGTTGC,B
B8_c1,HMN52553,flu,B,B8_c1_ACTTGTTCATTACCTT,B
B8_c1,HMN52539,flu,B,B8_c1_ACTTTCAAGTGTCTCA,B
B8_c1,,,B,B8_c1_ACTTTCACAAATCCGT,B
B8_c1,,,B,B8_c1_AGACGTTGTTGTCTTT,B
B8_c1,HMN52553,flu,B,B8_c1_AGAGCGAAGCTAGTGG,B
B8_c1,HMN52553,flu,B,B8_c1_AGAGCTTTCTGTCCGT,B
B8_c1,HMN52541,flu,B,B8_c1_AGATCTGAGGCCCTCA,B
B8_c1,HMN52541,flu,B,B8_c1_AGATTGCAGACTCGGA,B
B8_c1,,,B,B8_c1_AGATTGCCAGTGGAGT,B
B8_c1,HMN52541,flu,B,B8_c1_AGCATACAGACCTTTG,B
B8_c1,,,B,B8_c1_AGCGGTCCATGTTCCC,B
B8_c1,,,B,B8_c1_AGCGGTCTCCTCATTA,B
B8_c1,HMN52553,flu,B,B8_c1_AGCGTATCATCAGTCA,B
B8_c1,HMN52541,flu,B,B8_c1_AGCTTGAAGAAGGGTA,B
B8_c1,,,B,B8_c1_AGCTTGAAGGTCATCT,B
B8_c1,HMN52541,flu,B,B8_c1_AGGCCACGTTGAGGTG,B
B8_c1,HMN52553,flu,B,B8_c1_AGGCCGTCATGTTGAC,B
B8_c1,HMN52553,flu,B,B8_c1_AGGGTGACACTACAGT,B
B8_c1,,,B,B8_c1_AGTAGTCAGCAGCCTC,B
B8_c1,HMN52541,flu,B,B8_c1_AGTAGTCAGGTGTTAA,B
B8_c1,HMN52541,flu,B,B8_c1_AGTGAGGAGCAGATCG,B
B8_c1,HMN52541,flu,B,B8_c1_AGTGGGACATGCAACT,B
B8_c1,,,B,B8_c1_AGTTGGTCACATTAGC,B
B8_c1,HMN52539,flu,B,B8_c1_AGTTGGTTCGGAAACG,B
B8_c1,,,B,B8_c1_ATAACGCAGTATGACA,B
B8_c1,,,B,B8_c1_ATAACGCCAGCAGTTT,B
B8_c1,HMN52553,flu,B,B8_c1_ATAAGAGAGATACACA,B
B8_c1,,,B,B8_c1_ATCCACCAGTCCGGTC,B
B8_c1,HMN52539,flu,B,B8_c1_ATCGAGTGTCTCTCTG,B
B8_c1,HMN52553,flu,B,B8_c1_ATCTACTGTATAGGGC,B
B8_c1,,,B,B8_c1_ATGAGGGTCCGTAGGC,B
B8_c1,HMN52553,flu,B,B8_c1_ATGCGATTCGCCGTGA,B
B8_c1,HMN52539,flu,B,B8_c1_ATGGGAGAGCGTTGCC,B
B8_c1,HMN52541,flu,B,B8_c1_ATGTGTGAGCGTTCCG,B
B8_c1,HMN52553,flu,B,B8_c1_ATGTGTGCACCACCAG,B
B8_c1,HMN52541,flu,B,B8_c1_ATTACTCCAGTTAACC,B
B8_c1,HMN52539,flu,B,B8_c1_ATTATCCGTAGTGAAT,B
B8_c1,,,B,B8_c1_ATTGGTGCAGCCACCA,B
B8_c1,,,B,B8_c1_ATTGGTGGTAGAGTGC,B
B8_c1,HMN52553,flu,B,B8_c1_ATTGGTGGTGGCCCTA,B
B8_c1,HMN52541,flu,B,B8_c1_ATTGGTGGTTACGCGC,B
B8_c1,HMN52553,flu,B,B8_c1_ATTTCTGCAGCTTAAC,B
B8_c1,,,B,B8_c1_CAACCAACACCTGGTG,B
B8_c1,HMN52539,flu,B,B8_c1_CAACCTCAGGCCCGTT,B
B8_c1,,,B,B8_c1_CAAGATCGTTCGTGAT,B
B8_c1,HMN52541,flu,B,B8_c1_CAAGATCTCCGCGCAA,B
B8_c1,HMN52541,flu,B,B8_c1_CAAGGCCAGACAGAGA,B
B8_c1,HMN52553,flu,B,B8_c1_CAAGTTGGTTCAGGCC,B
B8_c1,,,B,B8_c1_CACACAAAGCGCTTAT,B
B8_c1,,,B,B8_c1_CACACAACAAGCGTAG,B
B8_c1,,,B,B8_c1_CACACAAGTATCAGTC,B
B8_c1,HMN52541,flu,B,B8_c1_CACACCTTCTCGTATT,B
B8_c1,HMN52539,flu,B,B8_c1_CACACTCAGAGAACAG,B
B8_c1,HMN52541,flu,B,B8_c1_CACACTCGTACCGTAT,B
B8_c1,HMN52541,flu,B,B8_c1_CACACTCGTGTGAATA,B
B8_c1,HMN52539,flu,B,B8_c1_CACCAGGAGCCAACAG,B
B8_c1,HMN52539,flu,B,B8_c1_CACCAGGCATCTATGG,B
B8_c1,HMN52553,flu,B,B8_c1_CACCAGGGTTCGCTAA,B
B8_c1,,,B,B8_c1_CACCAGGTCCGATATG,B
B8_c1,HMN52553,flu,B,B8_c1_CACCTTGAGGACATTA,B
B8_c1,HMN52553,flu,B,B8_c1_CACCTTGCACTTACGA,B
B8_c1,HMN52539,flu,B,B8_c1_CAGAATCAGAGACTAT,B
B8_c1,HMN52539,flu,B,B8_c1_CAGAATCTCTGCTGTC,B
B8_c1,HMN52541,flu,B,B8_c1_CAGAGAGAGTACGACG,B
B8_c1,HMN52541,flu,B,B8_c1_CAGAGAGGTCACAAGG,B
B8_c1,HMN52539,flu,B,B8_c1_CAGCATACAGCTCCGA,B
B8_c1,HMN52539,flu,B,B8_c1_CAGCATACATTGGGCC,B
B8_c1,,,B,B8_c1_CAGCATAGTTCTGGTA,B
B8_c1,HMN52553,flu,B,B8_c1_CAGCTAACAATGCCAT,B
B8_c1,HMN52539,flu,B,B8_c1_CAGCTGGGTGGCCCTA,B
B8_c1,,,B,B8_c1_CAGTAACCACGGACAA,B
B8_c1,,,B,B8_c1_CAGTAACTCTAACTGG,B
B8_c1,,,B,B8_c1_CAGTCCTGTGTCAATC,B
B8_c1,HMN52539,flu,B,B8_c1_CATATGGAGGCACATG,B
B8_c1,,,B,B8_c1_CATATGGAGGCAGGTT,B
B8_c1,HMN52541,flu,B,B8_c1_CATATGGGTGTGCGTC,B
B8_c1,,,B,B8_c1_CATATTCCAAGACACG,B
B8_c1,HMN52541,flu,B,B8_c1_CATATTCTCGGATGTT,B
B8_c1,HMN52553,flu,B,B8_c1_CATCAAGTCGCAAACT,B
B8_c1,HMN52541,flu,B,B8_c1_CATGACACAATCCGAT,B
B8_c1,,,B,B8_c1_CATGACATCCGTCAAA,B
B8_c1,,,B,B8_c1_CATGCCTAGTGAATTG,B
B8_c1,,,B,B8_c1_CATGGCGCATCTACGA,B
B8_c1,HMN52553,flu,B,B8_c1_CATTCGCCAATGCCAT,B
B8_c1,HMN52553,flu,B,B8_c1_CATTCGCCATGATCCA,B
B8_c1,HMN52541,flu,B,B8_c1_CCAATCCAGGAGTACC,B
B8_c1,,,B,B8_c1_CCAATCCTCCAGTAGT,B
B8_c1,HMN52539,flu,B,B8_c1_CCACGGACATATGAGA,B
B8_c1,,,B,B8_c1_CCACTACGTCCCTACT,B
B8_c1,,,B,B8_c1_CCATTCGGTCGCGGTT,B
B8_c1,HMN52553,flu,B,B8_c1_CCCATACCAAGCGATG,B
B8_c1,HMN52539,flu,B,B8_c1_CCCTCCTGTAGAGCTG,B
B8_c1,,,B,B8_c1_CCTACACGTACTCTCC,B
B8_c1,HMN52553,flu,B,B8_c1_CCTAGCTCACAGATTC,B
B8_c1,,,B,B8_c1_CCTATTATCCTAGTGA,B
B8_c1,HMN52539,flu,B,B8_c1_CCTCAGTCATTCTCAT,B
B8_c1,HMN52539,flu,B,B8_c1_CCTCTGATCCCTGACT,B
B8_c1,HMN52539,flu,B,B8_c1_CCTTACGTCATGTAGC,B
B8_c1,HMN52541,flu,B,B8_c1_CCTTACGTCTGATACG,B
B8_c1,HMN52553,flu,B,B8_c1_CCTTACGTCTTTAGGG,B
B8_c1,HMN52541,flu,B,B8_c1_CCTTTCTTCGAATGGG,B
B8_c1,,,B,B8_c1_CGAACATGTTAAGAAC,B
B8_c1,HMN52539,flu,B,B8_c1_CGAACATTCAATACCG,B
B8_c1,,,B,B8_c1_CGAATGTGTATTCTCT,B
B8_c1,,,B,B8_c1_CGAGAAGAGCCATCGC,B
B8_c1,HMN52553,flu,B,B8_c1_CGAGCCATCGCACTCT,B
B8_c1,HMN52541,flu,B,B8_c1_CGATGGCAGCTAGTCT,B
B8_c1,HMN52553,flu,B,B8_c1_CGATGGCGTACATGTC,B
B8_c1,HMN52553,flu,B,B8_c1_CGATGTAAGATCGATA,B
B8_c1,HMN52553,flu,B,B8_c1_CGCCAAGGTCCATGAT,B
B8_c1,,,B,B8_c1_CGCGTTTAGGGAGTAA,B
B8_c1,,,B,B8_c1_CGCGTTTGTTTGGGCC,B
B8_c1,,,B,B8_c1_CGCTGGACACACCGAC,B
B8_c1,HMN52539,flu,B,B8_c1_CGCTGGAGTTGGTGGA,B
B8_c1,HMN52541,flu,B,B8_c1_CGCTTCAAGCATGGCA,B
B8_c1,,,B,B8_c1_CGCTTCAAGTGGTCCC,B
B8_c1,,,B,B8_c1_CGGACACGTCTGATCA,B
B8_c1,,,B,B8_c1_CGGACTGAGGGTCGAT,B
B8_c1,,,B,B8_c1_CGGACTGTCAAGATCC,B
B8_c1,HMN52541,flu,B,B8_c1_CGGGTCAGTTGGTGGA,B
B8_c1,HMN52541,flu,B,B8_c1_CGGGTCATCTACCTGC,B
B8_c1,,,B,B8_c1_CGGGTCATCTACGAGT,B
B8_c1,,,B,B8_c1_CGGTTAAGTGTTTGGT,B
B8_c1,HMN52539,flu,B,B8_c1_CGTAGGCTCGCCAAAT,B
B8_c1,,,B,B8_c1_CGTCCATGTGATGATA,B
B8_c1,HMN52539,flu,B,B8_c1_CGTCTACCATTGCGGC,B
B8_c1,HMN52541,flu,B,B8_c1_CGTGAGCTCGGTTCGG,B
B8_c1,,,B,B8_c1_CGTGTAACAATGGATA,B
B8_c1,HMN52553,flu,B,B8_c1_CGTGTAATCAGCCTAA,B
B8_c1,HMN52553,flu,B,B8_c1_CGTTGGGAGGTGATAT,B
B8_c1,HMN52541,flu,B,B8_c1_CTAACTTAGTTCGATC,B
B8_c1,HMN52553,flu,B,B8_c1_CTAACTTCAGTATGCT,B
B8_c1,HMN52541,flu,B,B8_c1_CTAACTTGTCATGCAT,B
B8_c1,HMN52539,flu,B,B8_c1_CTAACTTGTTGCGCAC,B
B8_c1,,,B,B8_c1_CTAAGACTCAATCACG,B
B8_c1,,,B,B8_c1_CTAATGGCAATTGCTG,B
B8_c1,HMN52553,flu,B,B8_c1_CTAATGGTCATAAAGG,B
B8_c1,HMN52539,flu,B,B8_c1_CTACACCGTCCGACGT,B
B8_c1,,,B,B8_c1_CTACATTAGGTGCTAG,B
B8_c1,,,B,B8_c1_CTACCCATCACCGTAA,B
B8_c1,HMN52541,flu,B,B8_c1_CTAGAGTCAAGTTAAG,B
B8_c1,HMN52541,flu,B,B8_c1_CTAGAGTTCTTGCAAG,B
B8_c1,HMN52540,NI,B,B8_c1_CTAGCCTAGCTCTCGG,B
B8_c1,HMN52539,flu,B,B8_c1_CTCAGAAGTATTCTCT,B
B8_c1,HMN52539,flu,B,B8_c1_CTCGAGGAGAATTCCC,B
B8_c1,,,B,B8_c1_CTCGAGGCAGTGACAG,B
B8_c1,HMN52541,flu,B,B8_c1_CTCGAGGTCCCTCAGT,B
B8_c1,HMN52553,flu,B,B8_c1_CTCGAGGTCGCAGGCT,B
B8_c1,HMN52541,flu,B,B8_c1_CTCGGGAAGAGATGAG,B
B8_c1,HMN52541,flu,B,B8_c1_CTCGGGACAAAGGCGT,B
B8_c1,HMN52539,flu,B,B8_c1_CTCGGGAGTCTTTCAT,B
B8_c1,,,B,B8_c1_CTCGTACCAATTGCTG,B
B8_c1,HMN52553,flu,B,B8_c1_CTCTAATGTATGCTTG,B
B8_c1,HMN52541,flu,B,B8_c1_CTCTACGGTTTGTGTG,B
B8_c1,,,B,B8_c1_CTGATCCCACCAGGTC,B
B8_c1,,,B,B8_c1_CTGATCCGTACTCTCC,B
B8_c1,HMN52553,flu,B,B8_c1_CTGATCCGTTGCTCCT,B
B8_c1,HMN52541,flu,B,B8_c1_CTGCCTAGTTCTCATT,B
B8_c1,,,B,B8_c1_CTGCTGTCACCGATAT,B
B8_c1,HMN52553,flu,B,B8_c1_CTGCTGTGTAACGCGA,B
B8_c1,,,B,B8_c1_CTGCTGTGTTAGAACA,B
B8_c1,HMN52539,flu,B,B8_c1_CTGGTCTCAAAGAATC,B
B8_c1,,,B,B8_c1_CTGTGCTCATCTATGG,B
B8_c1,HMN52539,flu,B,B8_c1_CTGTGCTCATGAACCT,B
B8_c1,,,B,B8_c1_CTTAACTGTACTTGAC,B
B8_c1,,,B,B8_c1_CTTAACTTCGGTTCGG,B
B8_c1,HMN52539,flu,B,B8_c1_CTTACCGTCCCTAATT,B
B8_c1,HMN52541,flu,B,B8_c1_CTTAGGACATGGATGG,B
B8_c1,HMN52553,flu,B,B8_c1_CTTAGGAGTAGAGTGC,B
B8_c1,HMN52541,flu,B,B8_c1_CTTAGGATCAACACTG,B
B8_c1,HMN52541,flu,B,B8_c1_CTTCTCTTCTGGTATG,B
B8_c1,HMN52539,flu,B,B8_c1_GAAACTCTCTCCTATA,B
B8_c1,,,B,B8_c1_GAAATGAAGAGGGATA,B
B8_c1,HMN52541,flu,B,B8_c1_GAAATGAAGCATCATC,B
B8_c1,,,B,B8_c1_GAAATGACATACAGCT,B
B8_c1,,,B,B8_c1_GAACGGACATCCGCGA,B
B8_c1,HMN52539,flu,B,B8_c1_GAAGCAGAGTTAAGTG,B
B8_c1,,,B,B8_c1_GAATAAGGTAGCGATG,B
B8_c1,HMN52553,flu,B,B8_c1_GAATGAAAGATCCTGT,B
B8_c1,,,B,B8_c1_GAATGAAGTATCACCA,B
B8_c1,,,B,B8_c1_GAATGAAGTGAGGGTT,B
B8_c1,HMN52541,flu,B,B8_c1_GACAGAGGTCAGTGGA,B
B8_c1,HMN52539,flu,B,B8_c1_GACCTGGTCTCTGTCG,B
B8_c1,HMN52539,flu,B,B8_c1_GACGCGTTCGAATCCA,B
B8_c1,HMN52541,flu,B,B8_c1_GACGTTAAGATGTGGC,B
B8_c1,HMN52541,flu,B,B8_c1_GACTACAGTTGGGACA,B
B8_c1,,,B,B8_c1_GACTGCGAGATGTAAC,B
B8_c1,HMN52553,flu,B,B8_c1_GACTGCGGTCGCGTGT,B
B8_c1,,,B,B8_c1_GACTGCGTCAGTTGAC,B
B8_c1,,,B,B8_c1_GACTGCGTCCTAGTGA,B
B8_c1,HMN52541,flu,B,B8_c1_GACTGCGTCGGAAACG,B
B8_c1,,,B,B8_c1_GAGCAGAAGCAGATCG,B
B8_c1,,,B,B8_c1_GAGGTGATCAAGCCTA,B
B8_c1,HMN52553,flu,B,B8_c1_GAGTCCGTCTTAGCCC,B
B8_c1,,,B,B8_c1_GATCAGTCAATGTAAG,B
B8_c1,HMN52539,flu,B,B8_c1_GATCGATAGCGTCTAT,B
B8_c1,HMN52541,flu,B,B8_c1_GATCGCGCAGTTCCCT,B
B8_c1,HMN52541,flu,B,B8_c1_GATCGTACAGCGTTCG,B
B8_c1,HMN52553,flu,B,B8_c1_GATGAAAAGCTAGTGG,B
B8_c1,HMN52540,NI,B,B8_c1_GATGAAAAGGCTATCT,B
B8_c1,HMN52541,flu,B,B8_c1_GATGAGGAGTCTCGGC,B
B8_c1,HMN52553,flu,B,B8_c1_GCAATCAAGGAATGGA,B
B8_c1,HMN52553,flu,B,B8_c1_GCACATAAGGCTCATT,B
B8_c1,,,B,B8_c1_GCACATATCGTCCAGG,B
B8_c1,HMN52539,flu,B,B8_c1_GCAGCCATCTGTCTCG,B
B8_c1,HMN52539,flu,B,B8_c1_GCATGATTCCTGTACC,B
B8_c1,,,B,B8_c1_GCATGCGGTTGCGCAC,B
B8_c1,HMN52539,flu,B,B8_c1_GCATGTAAGCTCCTCT,B
B8_c1,HMN52553,flu,B,B8_c1_GCCAAATGTAATTGGA,B
B8_c1,,,B,B8_c1_GCCTCTAAGGTCGGAT,B
B8_c1,HMN52539,flu,B,B8_c1_GCGACCACACCTTGTC,B
B8_c1,HMN52553,flu,B,B8_c1_GCGAGAAAGCCCAGCT,B
B8_c1,,,B,B8_c1_GCGAGAACAAGCCTAT,B
B8_c1,HMN52539,flu,B,B8_c1_GCGAGAACAGTAAGCG,B
B8_c1,HMN52553,flu,B,B8_c1_GCGCAGTAGCTTATCG,B
B8_c1,,,B,B8_c1_GCGCAGTCATAACCTG,B
B8_c1,HMN52553,flu,B,B8_c1_GCTCCTAGTAAATGTG,B
B8_c1,HMN52541,flu,B,B8_c1_GCTCTGTGTTGTGGAG,B
B8_c1,,,B,B8_c1_GCTGCAGGTCCGAGTC,B
B8_c1,,,B,B8_c1_GCTGCGAAGCTAGGCA,B
B8_c1,HMN52541,flu,B,B8_c1_GCTGGGTTCTCGGACG,B
B8_c1,,,B,B8_c1_GCTTCCAGTGATGATA,B
B8_c1,,,B,B8_c1_GCTTGAAAGTGCCATT,B
B8_c1,,,B,B8_c1_GCTTGAAGTACAGACG,B
B8_c1,HMN52539,flu,B,B8_c1_GGAAAGCCAGGACGTA,B
B8_c1,HMN52539,flu,B,B8_c1_GGACAAGGTTTGTTGG,B
B8_c1,HMN52539,flu,B,B8_c1_GGACATTAGTTCGATC,B
B8_c1,,,B,B8_c1_GGACGTCGTATAATGG,B
B8_c1,HMN52553,flu,B,B8_c1_GGCAATTAGTGTACGG,B
B8_c1,HMN52553,flu,B,B8_c1_GGCAATTTCACTTCAT,B
B8_c1,HMN52539,flu,B,B8_c1_GGCCGATGTGCTGTAT,B
B8_c1,HMN52541,flu,B,B8_c1_GGCGACTAGATGTTAG,B
B8_c1,,,B,B8_c1_GGCGACTGTTTAAGCC,B
B8_c1,HMN52553,flu,B,B8_c1_GGCTCGACAAGCGAGT,B
B8_c1,HMN52539,flu,B,B8_c1_GGCTCGATCGCGCCAA,B
B8_c1,HMN52539,flu,B,B8_c1_GGGAATGGTGGCCCTA,B
B8_c1,HMN52553,flu,B,B8_c1_GGGACCTAGAGGACGG,B
B8_c1,,,B,B8_c1_GGGAGATAGCAGATCG,B
B8_c1,HMN52553,flu,B,B8_c1_GGGAGATTCCTGCCAT,B
B8_c1,HMN52539,flu,B,B8_c1_GGGATGAGTTACGACT,B
B8_c1,,,B,B8_c1_GGGTCTGGTCAGTGGA,B
B8_c1,,,B,B8_c1_GGGTTGCAGCTGCGAA,B
B8_c1,,,B,B8_c1_GGTATTGTCACCTCGT,B
B8_c1,HMN52553,flu,B,B8_c1_GGTGAAGGTTAAGAAC,B
B8_c1,HMN52541,flu,B,B8_c1_GGTGCGTAGTGGAGTC,B
B8_c1,HMN52553,flu,B,B8_c1_GGTGTTAGTCGAAAGC,B
B8_c1,,,B,B8_c1_GTAACGTAGATCTGAA,B
B8_c1,HMN52553,flu,B,B8_c1_GTAACTGGTGTTAAGA,B
B8_c1,HMN52539,flu,B,B8_c1_GTACTCCCATTCTCAT,B
B8_c1,HMN52553,flu,B,B8_c1_GTACTTTTCAAGCCTA,B
B8_c1,,,B,B8_c1_GTAGGCCAGCATGGCA,B
B8_c1,HMN52553,flu,B,B8_c1_GTAGTCAAGGACACCA,B
B8_c1,HMN52553,flu,B,B8_c1_GTAGTCACACATAACC,B
B8_c1,,,B,B8_c1_GTATTCTAGTCTCCTC,B
B8_c1,HMN52553,flu,B,B8_c1_GTATTCTGTAAGGATT,B
B8_c1,,,B,B8_c1_GTCAAGTTCTATCGCC,B
B8_c1,HMN52539,flu,B,B8_c1_GTCATTTAGATCCCAT,B
B8_c1,,,B,B8_c1_GTCATTTTCAACTCTT,B
B8_c1,HMN52541,flu,B,B8_c1_GTCGGGTTCGGCGCAT,B
B8_c1,,,B,B8_c1_GTCGTAAGTGTCGCTG,B
B8_c1,,,B,B8_c1_GTCTCGTAGTGTTTGC,B
B8_c1,HMN52539,flu,B,B8_c1_GTCTCGTTCCCAGGTG,B
B8_c1,,,B,B8_c1_GTGAAGGAGGGCTTCC,B
B8_c1,HMN52553,flu,B,B8_c1_GTGAAGGCAATCTACG,B
B8_c1,HMN52539,flu,B,B8_c1_GTGAAGGCACAGGAGT,B
B8_c1,HMN52541,flu,B,B8_c1_GTGCATACACCGTTGG,B
B8_c1,HMN52553,flu,B,B8_c1_GTGCATATCATCGATG,B
B8_c1,HMN52541,flu,B,B8_c1_GTGCGGTGTATCGCAT,B
B8_c1,,,B,B8_c1_GTGCTTCAGCCGGTAA,B
B8_c1,HMN52541,flu,B,B8_c1_GTTACAGGTTAGAACA,B
B8_c1,HMN52553,flu,B,B8_c1_TAAGAGAAGCAATATG,B
B8_c1,,,B,B8_c1_TAAGAGACACAGTCGC,B
B8_c1,HMN52553,flu,B,B8_c1_TAAGAGATCGGTCCGA,B
B8_c1,HMN52553,flu,B,B8_c1_TAAGCGTTCCATGAGT,B
B8_c1,HMN52541,flu,B,B8_c1_TAAGTGCCACCATCCT,B
B8_c1,HMN52541,flu,B,B8_c1_TACACGATCGGAAACG,B
B8_c1,,,B,B8_c1_TACCTTACAAGCCGTC,B
B8_c1,,,B,B8_c1_TACCTTAGTTTGGGCC,B
B8_c1,HMN52539,flu,B,B8_c1_TACGGATTCTCGCATC,B
B8_c1,HMN52541,flu,B,B8_c1_TACGGGCGTATTCTCT,B
B8_c1,,,B,B8_c1_TACGGGCGTGTGCCTG,B
B8_c1,,,B,B8_c1_TACGGTACACGCGAAA,B
B8_c1,,,B,B8_c1_TACTTACGTCCATCCT,B
B8_c1,HMN52539,flu,B,B8_c1_TACTTGTTCGAACTGT,B
B8_c1,HMN52539,flu,B,B8_c1_TAGAGCTGTCGGCTCA,B
B8_c1,HMN52539,flu,B,B8_c1_TAGAGCTTCTGCCCTA,B
B8_c1,HMN52553,flu,B,B8_c1_TAGTGGTGTGCAGGTA,B
B8_c1,,,B,B8_c1_TCAACGATCGGTTCGG,B
B8_c1,HMN52539,flu,B,B8_c1_TCAATCTAGCACACAG,B
B8_c1,HMN52553,flu,B,B8_c1_TCAATCTAGGAGTAGA,B
B8_c1,HMN52553,flu,B,B8_c1_TCAATCTTCACTATTC,B
B8_c1,HMN52539,flu,B,B8_c1_TCAGATGTCCATGAGT,B
B8_c1,HMN52539,flu,B,B8_c1_TCAGGATGTAGGCTGA,B
B8_c1,HMN52553,flu,B,B8_c1_TCAGGTAAGGATGGAA,B
B8_c1,HMN52539,flu,B,B8_c1_TCAGGTAGTGGTAACG,B
B8_c1,,,B,B8_c1_TCATTACGTTGTACAC,B
B8_c1,HMN52541,flu,B,B8_c1_TCATTTGTCTAACCGA,B
B8_c1,HMN52553,flu,B,B8_c1_TCCACACGTCAAAGCG,B
B8_c1,HMN52553,flu,B,B8_c1_TCCACACTCCTTGCCA,B
B8_c1,,,B,B8_c1_TCCCGATCATCGGACC,B
B8_c1,HMN52541,flu,B,B8_c1_TCGAGGCCACGTCTCT,B
B8_c1,,,B,B8_c1_TCGAGGCCACGTGAGA,B
B8_c1,HMN52539,flu,B,B8_c1_TCGAGGCTCCAGGGCT,B
B8_c1,HMN52541,flu,B,B8_c1_TCGGGACGTCCGCTGA,B
B8_c1,,,B,B8_c1_TCGGTAAAGAAACCTA,B
B8_c1,HMN52541,flu,B,B8_c1_TCGTACCGTGAGGGAG,B
B8_c1,HMN52539,flu,B,B8_c1_TCGTACCTCAGGCAAG,B
B8_c1,HMN52541,flu,B,B8_c1_TCGTAGATCATCGATG,B
B8_c1,,,B,B8_c1_TCTATTGAGAAACCTA,B
B8_c1,HMN52539,flu,B,B8_c1_TCTCATAGTGTGACGA,B
B8_c1,HMN52553,flu,B,B8_c1_TCTCTAACACACCGAC,B
B8_c1,,,B,B8_c1_TCTCTAACACTTCTGC,B
B8_c1,HMN52541,flu,B,B8_c1_TCTCTAAGTTGGAGGT,B
B8_c1,,,B,B8_c1_TGAAAGACAGATGAGC,B
B8_c1,,,B,B8_c1_TGACGGCAGATGGGTC,B
B8_c1,HMN52541,flu,B,B8_c1_TGACTAGCATAACCTG,B
B8_c1,,,B,B8_c1_TGACTAGTCCGATATG,B
B8_c1,,,B,B8_c1_TGAGAGGCAAAGGAAG,B
B8_c1,HMN52540,NI,B,B8_c1_TGAGAGGGTATAGGTA,B
B8_c1,,,B,B8_c1_TGCCAAACAGTGAGTG,B
B8_c1,HMN52539,flu,B,B8_c1_TGCCCATAGACTAGAT,B
B8_c1,,,B,B8_c1_TGCCCTAAGCTGCAAG,B
B8_c1,HMN52539,flu,B,B8_c1_TGCCCTAAGTGGGTTG,B
B8_c1,HMN52553,flu,B,B8_c1_TGCGCAGCAATGCCAT,B
B8_c1,HMN52541,flu,B,B8_c1_TGCGCAGCATATACCG,B
B8_c1,HMN52553,flu,B,B8_c1_TGCGCAGTCAAACGGG,B
B8_c1,HMN52539,flu,B,B8_c1_TGCGGGTAGAACTCGG,B
B8_c1,HMN52539,flu,B,B8_c1_TGCGGGTTCCTGTACC,B
B8_c1,HMN52553,flu,B,B8_c1_TGCTACCGTTCGGCAC,B
B8_c1,HMN52539,flu,B,B8_c1_TGCTACCTCACTTATC,B
B8_c1,HMN52541,flu,B,B8_c1_TGGACGCAGATATGCA,B
B8_c1,,,B,B8_c1_TGGCGCAAGGCGTACA,B
B8_c1,HMN52553,flu,B,B8_c1_TGGCTGGGTATCGCAT,B
B8_c1,,,B,B8_c1_TGGGAAGTCGCCAGCA,B
B8_c1,HMN52553,flu,B,B8_c1_TGGTTAGAGCCAGGAT,B
B8_c1,,,B,B8_c1_TGGTTAGCATCACCCT,B
B8_c1,,,B,B8_c1_TGGTTAGTCTCCCTGA,B
B8_c1,HMN52539,flu,B,B8_c1_TGGTTCCGTGCCTGCA,B
B8_c1,HMN52553,flu,B,B8_c1_TGTATTCGTGAAGGCT,B
B8_c1,HMN52539,flu,B,B8_c1_TGTGGTACACCTTGTC,B
B8_c1,HMN52541,flu,B,B8_c1_TGTGGTATCCGCAGTG,B
B8_c1,HMN52553,flu,B,B8_c1_TGTTCCGCAGCTCCGA,B
B8_c1,HMN52541,flu,B,B8_c1_TTAACTCTCGCCGTGA,B
B8_c1,HMN52539,flu,B,B8_c1_TTAACTCTCGCCTGTT,B
B8_c1,HMN52553,flu,B,B8_c1_TTAACTCTCGTCCGTT,B
B8_c1,HMN52539,flu,B,B8_c1_TTAGGACCACGGTAGA,B
B8_c1,HMN52539,flu,B,B8_c1_TTAGGACGTTGAGGTG,B
B8_c1,HMN52541,flu,B,B8_c1_TTAGGACTCTGCCCTA,B
B8_c1,HMN52553,flu,B,B8_c1_TTAGGACTCTTCCTTC,B
B8_c1,HMN52553,flu,B,B8_c1_TTAGTTCAGCGATATA,B
B8_c1,HMN52539,flu,B,B8_c1_TTAGTTCTCACAACGT,B
B8_c1,HMN52539,flu,B,B8_c1_TTATGCTCATGGTCAT,B
B8_c1,HMN52539,flu,B,B8_c1_TTCCCAGAGTGGTAGC,B
B8_c1,,,B,B8_c1_TTCCCAGGTCATCCCT,B
B8_c1,,,B,B8_c1_TTCGAAGAGTACGACG,B
B8_c1,HMN52541,flu,B,B8_c1_TTCGAAGCAAGCGAGT,B
B8_c1,HMN52539,flu,B,B8_c1_TTCGGTCAGCTCCTTC,B
B8_c1,,,B,B8_c1_TTGCCGTAGTATTGGA,B
B8_c1,HMN52541,flu,B,B8_c1_TTGCCGTAGTCGCCGT,B
B8_c1,HMN52539,flu,B,B8_c1_TTGCCGTAGTGTACGG,B
B8_c1,HMN52553,flu,B,B8_c1_TTGCCGTTCGCAAACT,B
B8_c1,,,B,B8_c1_TTTATGCCAGTGACAG,B
B8_c1,HMN52539,flu,B,B8_c1_TTTATGCTCAATACCG,B
B8_c1,HMN52539,flu,B,B8_c1_TTTATGCTCTTTAGTC,B
B8_c1,HMN52539,flu,B,B8_c1_TTTCCTCAGTGAACGC,B
B8_c1,HMN52553,flu,B,B8_c1_TTTGCGCGTTACGACT,B
B8_c1,HMN52541,flu,B,B8_c1_TTTGGTTCAGGGTATG,B
B8_c1,HMN52539,flu,B,B8_c1_TTTGGTTTCTTGTTTG,B
B8_c2,HMN52551,flu,B,B8_c2_AAAGTAGTCGAACTGT,B
B8_c2,HMN52551,flu,B,B8_c2_AAAGTAGTCGTCCAGG,B
B8_c2,,,B,B8_c2_AACCATGGTCCAACTA,B
B8_c2,HMN52542,flu,B,B8_c2_AACTCAGGTAAGTGTA,B
B8_c2,HMN52542,flu,B,B8_c2_AACTCTTCAGTCGATT,B
B8_c2,HMN52540,flu,B,B8_c2_AACTCTTGTAGTGAAT,B
B8_c2,HMN52551,flu,B,B8_c2_AACTTTCAGCAACGGT,B
B8_c2,HMN52551,flu,B,B8_c2_AACTTTCGTTCGCGAC,B
B8_c2,HMN52542,flu,B,B8_c2_AACTTTCTCAAGAAGT,B
B8_c2,HMN52551,flu,B,B8_c2_AACTTTCTCACTGGGC,B
B8_c2,HMN52542,flu,B,B8_c2_AAGACCTAGGCCGAAT,B
B8_c2,HMN52542,flu,B,B8_c2_AAGACCTGTGCTCTTC,B
B8_c2,HMN52542,flu,B,B8_c2_AAGCCGCAGTGTCTCA,B
B8_c2,,,B,B8_c2_AAGCCGCCAAGTTAAG,B
B8_c2,,,B,B8_c2_AAGGAGCCACAGACAG,B
B8_c2,HMN52542,flu,B,B8_c2_AAGGCAGAGATCGGGT,B
B8_c2,HMN52542,flu,B,B8_c2_AAGGCAGGTATGGTTC,B
B8_c2,HMN52542,flu,B,B8_c2_AAGGTTCCAATAACGA,B
B8_c2,HMN52542,flu,B,B8_c2_AAGTCTGAGTTAGGTA,B
B8_c2,HMN52542,flu,B,B8_c2_AAGTCTGCAATGACCT,B
B8_c2,HMN52542,flu,B,B8_c2_AATCCAGTCGAATGCT,B
B8_c2,HMN52542,flu,B,B8_c2_ACACTGAGTCTAGTCA,B
B8_c2,,,B,B8_c2_ACAGCCGCATAACCTG,B
B8_c2,HMN52551,flu,B,B8_c2_ACAGCCGGTATATCCG,B
B8_c2,HMN52551,flu,B,B8_c2_ACATACGCATCAGTCA,B
B8_c2,HMN52551,flu,B,B8_c2_ACATCAGAGGGATCTG,B
B8_c2,HMN52542,flu,B,B8_c2_ACATGGTCATTAGGCT,B
B8_c2,,,B,B8_c2_ACCAGTATCGAACGGA,B
B8_c2,,,B,B8_c2_ACCCACTGTCTAGTGT,B
B8_c2,HMN52542,flu,B,B8_c2_ACCGTAACATTCGACA,B
B8_c2,HMN52540,flu,B,B8_c2_ACCGTAATCCCAGGTG,B
B8_c2,HMN52542,flu,B,B8_c2_ACGAGGAAGGAGCGAG,B
B8_c2,HMN52542,flu,B,B8_c2_ACGAGGAAGTGGCACA,B
B8_c2,,,B,B8_c2_ACGCAGCGTTCAGGCC,B
B8_c2,,,B,B8_c2_ACGGAGATCCGTACAA,B
B8_c2,,,B,B8_c2_ACGGCCATCAACACAC,B
B8_c2,HMN52542,flu,B,B8_c2_ACGGCCATCTTGTCAT,B
B8_c2,HMN52540,flu,B,B8_c2_ACGGGCTCAGTCACTA,B
B8_c2,,,B,B8_c2_ACGGGTCTCATAAAGG,B
B8_c2,HMN52542,flu,B,B8_c2_ACTATCTAGCGTAGTG,B
B8_c2,,,B,B8_c2_ACTGAACAGATCTGCT,B
B8_c2,HMN52551,flu,B,B8_c2_ACTGAACGTACTTGAC,B
B8_c2,HMN52551,flu,B,B8_c2_ACTGATGCAATAGCAA,B
B8_c2,,,B,B8_c2_ACTTACTGTAGCACGA,B
B8_c2,,,B,B8_c2_ACTTGTTGTGTAACGG,B
B8_c2,HMN52551,flu,B,B8_c2_ACTTTCAAGGGAACGG,B
B8_c2,HMN52542,flu,B,B8_c2_ACTTTCACAATAGCAA,B
B8_c2,,,B,B8_c2_ACTTTCAGTTGGTAAA,B
B8_c2,HMN52540,flu,B,B8_c2_AGAATAGGTATCAGTC,B
B8_c2,,,B,B8_c2_AGAATAGGTCAAAGCG,B
B8_c2,,,B,B8_c2_AGAATAGTCATCTGTT,B
B8_c2,HMN52551,flu,B,B8_c2_AGACGTTGTAGCGTGA,B
B8_c2,,,B,B8_c2_AGAGCGACACTCTGTC,B
B8_c2,,,B,B8_c2_AGATCTGAGCGCCTCA,B
B8_c2,,,B,B8_c2_AGATCTGGTCCGTGAC,B
B8_c2,HMN52540,flu,B,B8_c2_AGATTGCGTCTTCGTC,B
B8_c2,HMN52551,flu,B,B8_c2_AGCATACGTAGCTCCG,B
B8_c2,HMN52542,flu,B,B8_c2_AGCATACTCTACGAGT,B
B8_c2,HMN52551,flu,B,B8_c2_AGCATACTCTGGGCCA,B
B8_c2,,,B,B8_c2_AGCGGTCCATACTCTT,B
B8_c2,HMN52540,flu,B,B8_c2_AGGCCACCAGTCGATT,B
B8_c2,HMN52551,flu,B,B8_c2_AGGCCACGTTTGCATG,B
B8_c2,HMN52542,flu,B,B8_c2_AGGCCGTGTCTAAAGA,B
B8_c2,HMN52540,flu,B,B8_c2_AGGGAGTCACCTTGTC,B
B8_c2,,,B,B8_c2_AGGGATGCAGGATCGA,B
B8_c2,HMN52542,flu,B,B8_c2_AGGTCATGTTAAGATG,B
B8_c2,HMN52551,flu,B,B8_c2_AGGTCATGTTGAGTTC,B
B8_c2,,,B,B8_c2_AGGTCATTCTGATACG,B
B8_c2,,,B,B8_c2_AGGTCCGCAGCTGCTG,B
B8_c2,,,B,B8_c2_AGTAGTCTCAGATAAG,B
B8_c2,,,B,B8_c2_AGTCTTTAGCGTAGTG,B
B8_c2,HMN52542,flu,B,B8_c2_AGTGGGAGTTCGTTGA,B
B8_c2,HMN52542,flu,B,B8_c2_AGTTGGTTCTTGCAAG,B
B8_c2,HMN52551,flu,B,B8_c2_ATAAGAGAGATACACA,B
B8_c2,HMN52542,flu,B,B8_c2_ATAAGAGGTCATGCAT,B
B8_c2,HMN52542,flu,B,B8_c2_ATAGACCGTTCTGTTT,B
B8_c2,,,B,B8_c2_ATCACGACAGGAACGT,B
B8_c2,HMN52542,flu,B,B8_c2_ATCACGACATGCGCAC,B
B8_c2,HMN52542,flu,B,B8_c2_ATCATCTGTACAGTGG,B
B8_c2,HMN52540,flu,B,B8_c2_ATCCACCGTCCCGACA,B
B8_c2,HMN52540,flu,B,B8_c2_ATCCGAAAGTCGTTTG,B
B8_c2,HMN52540,flu,B,B8_c2_ATCCGAAGTTAAGTAG,B
B8_c2,HMN52542,flu,B,B8_c2_ATCTACTCACCAGTTA,B
B8_c2,HMN52542,flu,B,B8_c2_ATGAGGGCAACGATCT,B
B8_c2,HMN52540,flu,B,B8_c2_ATGAGGGTCGTTTAGG,B
B8_c2,,,B,B8_c2_ATGCGATCAAGGCTCC,B
B8_c2,,,B,B8_c2_ATGTGTGAGGATCGCA,B
B8_c2,,,B,B8_c2_ATTATCCAGTCAAGGC,B
B8_c2,HMN52540,flu,B,B8_c2_ATTGGACTCGGAGGTA,B
B8_c2,HMN52551,flu,B,B8_c2_ATTGGTGGTGGCCCTA,B
B8_c2,,,B,B8_c2_CAACCAAAGTTAACGA,B
B8_c2,HMN52542,flu,B,B8_c2_CAACCAAGTGAGTGAC,B
B8_c2,,,B,B8_c2_CAACCTCAGCATCATC,B
B8_c2,HMN52542,flu,B,B8_c2_CAACCTCAGTCCCACG,B
B8_c2,HMN52542,flu,B,B8_c2_CAACCTCCATGTTCCC,B
B8_c2,HMN52542,flu,B,B8_c2_CAACCTCCATTGGTAC,B
B8_c2,,,B,B8_c2_CACACTCGTGAAGGCT,B
B8_c2,HMN52542,flu,B,B8_c2_CACATAGAGAACTCGG,B
B8_c2,,,B,B8_c2_CACATAGAGCTATGCT,B
B8_c2,HMN52551,flu,B,B8_c2_CACATAGGTACCGAGA,B
B8_c2,HMN52542,flu,B,B8_c2_CACATAGGTTCAGACT,B
B8_c2,HMN52540,flu,B,B8_c2_CACATAGTCGCCTGTT,B
B8_c2,HMN52551,flu,B,B8_c2_CACATTTCAAATACAG,B
B8_c2,,,B,B8_c2_CACCACTTCACGCGGT,B
B8_c2,,,B,B8_c2_CACCTTGCAGTGACAG,B
B8_c2,,,B,B8_c2_CACTCCAAGTTTGCGT,B
B8_c2,,,B,B8_c2_CAGAGAGGTGTTTGTG,B
B8_c2,,,B,B8_c2_CAGCAGCTCAGGCGAA,B
B8_c2,,,B,B8_c2_CAGCATATCGCAAACT,B
B8_c2,HMN52551,flu,B,B8_c2_CAGCCGACAAAGAATC,B
B8_c2,HMN52551,flu,B,B8_c2_CAGCGACAGACTAAGT,B
B8_c2,HMN52551,flu,B,B8_c2_CAGCTAAAGTCCTCCT,B
B8_c2,,,B,B8_c2_CAGCTAAGTCGGATCC,B
B8_c2,,,B,B8_c2_CAGCTGGGTCGGGTCT,B
B8_c2,HMN52540,flu,B,B8_c2_CAGGTGCTCAGAGCTT,B
B8_c2,HMN52542,flu,B,B8_c2_CATATTCTCAGCACAT,B
B8_c2,HMN52551,flu,B,B8_c2_CATATTCTCCTAGTGA,B
B8_c2,HMN52542,flu,B,B8_c2_CATGACATCCTTAATC,B
B8_c2,HMN52542,flu,B,B8_c2_CATGGCGCAACTGCTA,B
B8_c2,HMN52551,flu,B,B8_c2_CATTATCTCTTCAACT,B
B8_c2,,,B,B8_c2_CATTCGCCAATGACCT,B
B8_c2,HMN52551,flu,B,B8_c2_CATTCGCGTCGCATCG,B
B8_c2,HMN52540,flu,B,B8_c2_CCAATCCAGGCAGGTT,B
B8_c2,HMN52540,flu,B,B8_c2_CCAATCCAGGGAAACA,B
B8_c2,HMN52542,flu,B,B8_c2_CCACCTACACAACGCC,B
B8_c2,,,B,B8_c2_CCACCTAGTTCTGTTT,B
B8_c2,,,B,B8_c2_CCACGGATCCTAGGGC,B
B8_c2,HMN52540,flu,B,B8_c2_CCACTACAGCGTAGTG,B
B8_c2,HMN52551,flu,B,B8_c2_CCATTCGCAGTGGAGT,B
B8_c2,,,B,B8_c2_CCCAATCGTATTACCG,B
B8_c2,HMN52542,flu,B,B8_c2_CCCAGTTTCAGAGACG,B
B8_c2,HMN52542,flu,B,B8_c2_CCCATACGTACAGTTC,B
B8_c2,HMN52551,flu,B,B8_c2_CCGGGATCATGTTGAC,B
B8_c2,HMN52551,flu,B,B8_c2_CCGGTAGCACGAAATA,B
B8_c2,,,B,B8_c2_CCGTACTGTGGTTTCA,B
B8_c2,HMN52542,flu,B,B8_c2_CCGTTCAGTATATCCG,B
B8_c2,,,B,B8_c2_CCGTTCATCGAGCCCA,B
B8_c2,,,B,B8_c2_CCTAAAGGTCAGATAA,B
B8_c2,HMN52542,flu,B,B8_c2_CCTACACGTAGGCATG,B
B8_c2,,,B,B8_c2_CCTACCAAGCACCGCT,B
B8_c2,HMN52542,flu,B,B8_c2_CCTAGCTTCAGCTGGC,B
B8_c2,HMN52551,flu,B,B8_c2_CCTATTAAGGATTCGG,B
B8_c2,,,B,B8_c2_CCTATTATCGCCCTTA,B
B8_c2,HMN52542,flu,B,B8_c2_CCTCTGAAGCCACCTG,B
B8_c2,HMN52542,flu,B,B8_c2_CCTCTGAAGTACGTTC,B
B8_c2,,,B,B8_c2_CCTTCCCTCCTCGCAT,B
B8_c2,HMN52551,flu,B,B8_c2_CGAACATCAGCTCCGA,B
B8_c2,HMN52542,flu,B,B8_c2_CGAACATGTCAGTGGA,B
B8_c2,,,B,B8_c2_CGACTTCGTGACCAAG,B
B8_c2,HMN52551,flu,B,B8_c2_CGAGCACTCGGTCTAA,B
B8_c2,HMN52540,flu,B,B8_c2_CGAGCCAGTAGCCTCG,B
B8_c2,HMN52551,flu,B,B8_c2_CGATCGGCACTAAGTC,B
B8_c2,,,B,B8_c2_CGATCGGTCAACACCA,B
B8_c2,HMN52542,flu,B,B8_c2_CGCCAAGCAGACACTT,B
B8_c2,HMN52551,flu,B,B8_c2_CGCGTTTTCAAAGACA,B
B8_c2,HMN52551,flu,B,B8_c2_CGCTATCGTGACCAAG,B
B8_c2,HMN52551,flu,B,B8_c2_CGCTATCGTTAAGATG,B
B8_c2,,,B,B8_c2_CGCTGGAAGGGTTCCC,B
B8_c2,HMN52551,flu,B,B8_c2_CGCTGGAGTAGCCTCG,B
B8_c2,,,B,B8_c2_CGGACACAGGAGTAGA,B
B8_c2,,,B,B8_c2_CGGACACAGTGCCAGA,B
B8_c2,HMN52542,flu,B,B8_c2_CGGACACCAGTCGATT,B
B8_c2,HMN52542,flu,B,B8_c2_CGGACACTCACGATGT,B
B8_c2,HMN52551,flu,B,B8_c2_CGGACACTCTGGGCCA,B
B8_c2,,,B,B8_c2_CGGACGTCAAGGACTG,B
B8_c2,HMN52542,flu,B,B8_c2_CGGACTGTCAGAAATG,B
B8_c2,HMN52551,flu,B,B8_c2_CGGACTGTCCCATTAT,B
B8_c2,HMN52551,flu,B,B8_c2_CGGGTCATCAGCAACT,B
B8_c2,HMN52551,flu,B,B8_c2_CGTCAGGTCTACCTGC,B
B8_c2,,,B,B8_c2_CGTCTACGTAGCGCAA,B
B8_c2,HMN52551,flu,B,B8_c2_CGTTAGACACAGACAG,B
B8_c2,HMN52551,flu,B,B8_c2_CGTTGGGTCTCACATT,B
B8_c2,HMN52551,flu,B,B8_c2_CTAACTTAGACTAGAT,B
B8_c2,HMN52542,flu,B,B8_c2_CTAAGACGTATTACCG,B
B8_c2,HMN52542,flu,B,B8_c2_CTAATGGAGAGACTTA,B
B8_c2,HMN52542,flu,B,B8_c2_CTACACCCATTGTGCA,B
B8_c2,HMN52542,flu,B,B8_c2_CTACCCATCTGCAAGT,B
B8_c2,,,B,B8_c2_CTAGTGAGTGTAACGG,B
B8_c2,HMN52542,flu,B,B8_c2_CTCACACGTCATATGC,B
B8_c2,,,B,B8_c2_CTCAGAATCACCAGGC,B
B8_c2,HMN52542,flu,B,B8_c2_CTCATTACAAAGTGCG,B
B8_c2,HMN52541,NI,B,B8_c2_CTCATTAGTCAGAATA,B
B8_c2,HMN52542,flu,B,B8_c2_CTCCTAGCAGGACGTA,B
B8_c2,HMN52542,flu,B,B8_c2_CTCGAAATCTAACTGG,B
B8_c2,HMN52542,flu,B,B8_c2_CTCGTACGTCCTGCTT,B
B8_c2,,,B,B8_c2_CTCTACGAGGGAGTAA,B
B8_c2,HMN52542,flu,B,B8_c2_CTCTGGTGTCCCGACA,B
B8_c2,,,B,B8_c2_CTGAAGTCAAGCCATT,B
B8_c2,HMN52542,flu,B,B8_c2_CTGCGGAGTATAAACG,B
B8_c2,,,B,B8_c2_CTGCGGATCCACGCAG,B
B8_c2,HMN52542,flu,B,B8_c2_CTGCTGTCAAGTAATG,B
B8_c2,HMN52551,flu,B,B8_c2_CTGCTGTCACAAGACG,B
B8_c2,,,B,B8_c2_CTGTTTAAGTTGTCGT,B
B8_c2,HMN52551,flu,B,B8_c2_CTGTTTATCAACACGT,B
B8_c2,,,B,B8_c2_CTGTTTATCACCTTAT,B
B8_c2,,,B,B8_c2_CTTACCGTCAACGAAA,B
B8_c2,HMN52551,flu,B,B8_c2_CTTAGGAAGCAGATCG,B
B8_c2,HMN52551,flu,B,B8_c2_CTTGGCTAGCCGGTAA,B
B8_c2,HMN52542,flu,B,B8_c2_GAAATGAGTGAAAGAG,B
B8_c2,HMN52551,flu,B,B8_c2_GAAATGATCGTCTGCT,B
B8_c2,HMN52551,flu,B,B8_c2_GAACATCAGACCTTTG,B
B8_c2,HMN52540,flu,B,B8_c2_GAACCTACAGGTGGAT,B
B8_c2,,,B,B8_c2_GAACCTAGTCCGTGAC,B
B8_c2,,,B,B8_c2_GAAGCAGAGCTGTCTA,B
B8_c2,HMN52551,flu,B,B8_c2_GACACGCTCCAAAGTC,B
B8_c2,HMN52542,flu,B,B8_c2_GACAGAGGTCAGAATA,B
B8_c2,,,B,B8_c2_GACGCGTCACGTTGGC,B
B8_c2,,,B,B8_c2_GACGCGTTCACGCATA,B
B8_c2,,,B,B8_c2_GACGGCTAGTACGTTC,B
B8_c2,HMN52551,flu,B,B8_c2_GACGTTAGTGTTGGGA,B
B8_c2,HMN52540,flu,B,B8_c2_GACTAACGTCAGCTAT,B
B8_c2,HMN52542,flu,B,B8_c2_GACTGCGAGAGTCTGG,B
B8_c2,HMN52542,flu,B,B8_c2_GACTGCGGTGCAGGTA,B
B8_c2,HMN52542,flu,B,B8_c2_GACTGCGTCCACGTGG,B
B8_c2,HMN52542,flu,B,B8_c2_GAGCAGATCACCTCGT,B
B8_c2,,,B,B8_c2_GAGGTGAAGCTGTCTA,B
B8_c2,HMN52551,flu,B,B8_c2_GAGGTGAGTCGTGGCT,B
B8_c2,,,B,B8_c2_GATCAGTTCGCAAACT,B
B8_c2,HMN52553,NI,B,B8_c2_GATCGCGAGACTAAGT,B
B8_c2,HMN52542,flu,B,B8_c2_GATCTAGGTCACAAGG,B
B8_c2,HMN52542,flu,B,B8_c2_GATCTAGGTCTACCTC,B
B8_c2,,,B,B8_c2_GATGAGGCATTACGAC,B
B8_c2,,,B,B8_c2_GATGCTAAGCTACCGC,B
B8_c2,HMN52542,flu,B,B8_c2_GATGCTATCGGATGTT,B
B8_c2,,,B,B8_c2_GCAAACTAGGTAAACT,B
B8_c2,HMN52542,flu,B,B8_c2_GCAATCACATAAGACA,B
B8_c2,HMN52551,flu,B,B8_c2_GCACATAGTCTGGAGA,B
B8_c2,,,B,B8_c2_GCACATATCCAGATCA,B
B8_c2,HMN52553,NI,B,B8_c2_GCAGCCACATGCTAGT,B
B8_c2,HMN52542,flu,B,B8_c2_GCATACAAGAGCCCAA,B
B8_c2,HMN52542,flu,B,B8_c2_GCATACACAACACCTA,B
B8_c2,HMN52542,flu,B,B8_c2_GCATACAGTGTTTGTG,B
B8_c2,,,B,B8_c2_GCATACATCATGTCCC,B
B8_c2,HMN52551,flu,B,B8_c2_GCATGATCATCCCATC,B
B8_c2,HMN52551,flu,B,B8_c2_GCATGATGTTTCCACC,B
B8_c2,HMN52551,flu,B,B8_c2_GCATGCGAGCCACGCT,B
B8_c2,HMN52551,flu,B,B8_c2_GCGAGAAAGCAGGTCA,B
B8_c2,HMN52542,flu,B,B8_c2_GCGCAACAGGGTATCG,B
B8_c2,,,B,B8_c2_GCGCAGTCAATCGGTT,B
B8_c2,,,B,B8_c2_GCGCCAACAATAAGCA,B
B8_c2,HMN52551,flu,B,B8_c2_GCGCGATCAGTCCTTC,B
B8_c2,,,B,B8_c2_GCGCGATGTTCCCTTG,B
B8_c2,HMN52542,flu,B,B8_c2_GCTCCTACACAAGACG,B
B8_c2,,,B,B8_c2_GCTCCTATCTTGTCAT,B
B8_c2,HMN52542,flu,B,B8_c2_GCTCTGTTCTGTTTGT,B
B8_c2,HMN52542,flu,B,B8_c2_GCTGCGATCGAACGGA,B
B8_c2,HMN52540,flu,B,B8_c2_GCTGCTTCAGGACGTA,B
B8_c2,HMN52542,flu,B,B8_c2_GCTTCCACACAGACAG,B
B8_c2,,,B,B8_c2_GCTTGAAGTAAACGCG,B
B8_c2,,,B,B8_c2_GGACAAGGTATGGTTC,B
B8_c2,,,B,B8_c2_GGACAGAAGTGAACAT,B
B8_c2,,,B,B8_c2_GGACAGACACGGATAG,B
B8_c2,,,B,B8_c2_GGACAGATCGAGCCCA,B
B8_c2,,,B,B8_c2_GGACATTGTTGCGTTA,B
B8_c2,HMN52542,flu,B,B8_c2_GGACGTCCATCCGGGT,B
B8_c2,HMN52542,flu,B,B8_c2_GGAGCAAAGCTGAACG,B
B8_c2,,,B,B8_c2_GGAGCAATCTTCCTTC,B
B8_c2,,,B,B8_c2_GGATGTTCATCCGGGT,B
B8_c2,HMN52542,flu,B,B8_c2_GGATTACAGGCTCTTA,B
B8_c2,,,B,B8_c2_GGATTACCAGTCGATT,B
B8_c2,,,B,B8_c2_GGATTACCATCCCACT,B
B8_c2,,,B,B8_c2_GGCCGATGTCTCATCC,B
B8_c2,HMN52542,flu,B,B8_c2_GGCGTGTGTTGACGTT,B
B8_c2,HMN52540,flu,B,B8_c2_GGCTCGACAGGGTTAG,B
B8_c2,,,B,B8_c2_GGGACCTAGTATCGAA,B
B8_c2,HMN52551,flu,B,B8_c2_GGGACCTTCCGCAAGC,B
B8_c2,HMN52551,flu,B,B8_c2_GGGAGATAGTCCAGGA,B
B8_c2,HMN52542,flu,B,B8_c2_GGGAGATTCACCAGGC,B
B8_c2,,,B,B8_c2_GGGCACTGTACTTGAC,B
B8_c2,HMN52542,flu,B,B8_c2_GGGCACTGTAGGACAC,B
B8_c2,,,B,B8_c2_GGGCATCAGGAGTAGA,B
B8_c2,,,B,B8_c2_GGGCATCCATCGATGT,B
B8_c2,HMN52551,flu,B,B8_c2_GGGCATCGTCGAGTTT,B
B8_c2,HMN52551,flu,B,B8_c2_GGGTCTGTCATGTCTT,B
B8_c2,,,B,B8_c2_GGGTCTGTCGCCGTGA,B
B8_c2,HMN52542,flu,B,B8_c2_GGTATTGTCTCGAGTA,B
B8_c2,HMN52551,flu,B,B8_c2_GGTGAAGAGGCTATCT,B
B8_c2,HMN52551,flu,B,B8_c2_GGTGCGTCATCGATTG,B
B8_c2,HMN52542,flu,B,B8_c2_GGTGTTACAGACGTAG,B
B8_c2,,,B,B8_c2_GGTGTTATCCACGTTC,B
B8_c2,HMN52540,flu,B,B8_c2_GTAACGTTCTGATTCT,B
B8_c2,,,B,B8_c2_GTACTTTGTGTTCTTT,B
B8_c2,HMN52542,flu,B,B8_c2_GTAGGCCAGACATAAC,B
B8_c2,,,B,B8_c2_GTAGTCAAGAATAGGG,B
B8_c2,HMN52540,flu,B,B8_c2_GTATTCTTCGCCGTGA,B
B8_c2,HMN52540,flu,B,B8_c2_GTATTCTTCTTGCAAG,B
B8_c2,HMN52542,flu,B,B8_c2_GTCACGGTCAAGGCTT,B
B8_c2,HMN52542,flu,B,B8_c2_GTCATTTAGCGTAATA,B
B8_c2,,,B,B8_c2_GTCGGGTAGAGCAATT,B
B8_c2,HMN52542,flu,B,B8_c2_GTCTCGTAGACTGTAA,B
B8_c2,,,B,B8_c2_GTCTCGTAGATACACA,B
B8_c2,,,B,B8_c2_GTGCTTCAGCCGATTT,B
B8_c2,,,B,B8_c2_GTGGGTCCAGAAGCAC,B
B8_c2,HMN52542,flu,B,B8_c2_GTGTGCGCATGCCACG,B
B8_c2,,,B,B8_c2_GTGTGCGTCACATAGC,B
B8_c2,HMN52540,flu,B,B8_c2_GTTAAGCCACAAGCCC,B
B8_c2,HMN52540,flu,B,B8_c2_GTTCTCGGTCGCTTCT,B
B8_c2,HMN52542,flu,B,B8_c2_GTTCTCGTCTAACTTC,B
B8_c2,,,B,B8_c2_GTTTCTATCGAGCCCA,B
B8_c2,HMN52542,flu,B,B8_c2_TAAACCGCATGGTAGG,B
B8_c2,HMN52551,flu,B,B8_c2_TAAACCGTCATGCATG,B
B8_c2,HMN52542,flu,B,B8_c2_TAAGAGAAGCAAATCA,B
B8_c2,HMN52542,flu,B,B8_c2_TAAGTGCCACATGGGA,B
B8_c2,,,B,B8_c2_TACCTATAGCACACAG,B
B8_c2,HMN52542,flu,B,B8_c2_TACCTATTCGTTTATC,B
B8_c2,HMN52551,flu,B,B8_c2_TACCTTATCAACCAAC,B
B8_c2,HMN52551,flu,B,B8_c2_TACTCGCCAATCTACG,B
B8_c2,HMN52542,flu,B,B8_c2_TACTTGTTCCTTGGTC,B
B8_c2,HMN52551,flu,B,B8_c2_TAGGCATAGAGACTTA,B
B8_c2,HMN52542,flu,B,B8_c2_TAGGCATAGTACGTTC,B
B8_c2,HMN52540,flu,B,B8_c2_TAGTTGGGTTCTCATT,B
B8_c2,HMN52542,flu,B,B8_c2_TATCTCACAGATGGCA,B
B8_c2,,,B,B8_c2_TCAACGACACGTTGGC,B
B8_c2,HMN52542,flu,B,B8_c2_TCAACGACAGTAAGCG,B
B8_c2,HMN52551,flu,B,B8_c2_TCACAAGGTTCACCTC,B
B8_c2,HMN52542,flu,B,B8_c2_TCACGAACATCGATGT,B
B8_c2,HMN52542,flu,B,B8_c2_TCAGCTCTCAGCTCGG,B
B8_c2,,,B,B8_c2_TCAGCTCTCTTCAACT,B
B8_c2,,,B,B8_c2_TCAGGATTCTCTAGGA,B
B8_c2,HMN52542,flu,B,B8_c2_TCATTTGGTGGTAACG,B
B8_c2,,,B,B8_c2_TCATTTGGTGTCAATC,B
B8_c2,HMN52551,flu,B,B8_c2_TCCACACGTCTGGTCG,B
B8_c2,,,B,B8_c2_TCGCGTTTCACCCGAG,B
B8_c2,HMN52542,flu,B,B8_c2_TCGGGACAGGCACATG,B
B8_c2,HMN52540,flu,B,B8_c2_TCGGTAACACGGCTAC,B
B8_c2,HMN52551,flu,B,B8_c2_TCGGTAACATGACATC,B
B8_c2,,,B,B8_c2_TCGGTAATCACTCCTG,B
B8_c2,HMN52542,flu,B,B8_c2_TCGTAGACAGGACGTA,B
B8_c2,HMN52542,flu,B,B8_c2_TCTATTGTCCCTCAGT,B
B8_c2,HMN52542,flu,B,B8_c2_TCTCATAAGCGTCAAG,B
B8_c2,HMN52542,flu,B,B8_c2_TCTGAGACATGGTAGG,B
B8_c2,,,B,B8_c2_TCTTTCCGTATTCGTG,B
B8_c2,HMN52542,flu,B,B8_c2_TGAAAGACACTACAGT,B
B8_c2,HMN52540,flu,B,B8_c2_TGAAAGATCGGCATCG,B
B8_c2,HMN52551,flu,B,B8_c2_TGACGGCTCACGATGT,B
B8_c2,HMN52540,flu,B,B8_c2_TGACTAGGTACAGTGG,B
B8_c2,,,B,B8_c2_TGAGAGGAGCAGCCTC,B
B8_c2,HMN52551,flu,B,B8_c2_TGAGGGATCCCTGACT,B
B8_c2,HMN52540,flu,B,B8_c2_TGATTTCCACACCGAC,B
B8_c2,,,B,B8_c2_TGATTTCTCCTAAGTG,B
B8_c2,HMN52551,flu,B,B8_c2_TGCACCTGTATTCTCT,B
B8_c2,HMN52542,flu,B,B8_c2_TGCCAAAAGCGGCTTC,B
B8_c2,HMN52540,flu,B,B8_c2_TGCCAAAGTTCATGGT,B
B8_c2,HMN52542,flu,B,B8_c2_TGCCCATAGATATACG,B
B8_c2,,,B,B8_c2_TGCGTGGCACCAGTTA,B
B8_c2,HMN52551,flu,B,B8_c2_TGCGTGGCAGTCAGAG,B
B8_c2,HMN52551,flu,B,B8_c2_TGCTACCCATAAAGGT,B
B8_c2,HMN52542,flu,B,B8_c2_TGGACGCAGGGTCTCC,B
B8_c2,,,B,B8_c2_TGGCCAGAGCCTTGAT,B
B8_c2,HMN52540,flu,B,B8_c2_TGGCCAGGTCTGCCAG,B
B8_c2,HMN52551,flu,B,B8_c2_TGGGCGTAGACTGGGT,B
B8_c2,HMN52540,flu,B,B8_c2_TGGGCGTTCAGAGACG,B
B8_c2,,,B,B8_c2_TGGTTAGGTAGAGTGC,B
B8_c2,HMN52551,flu,B,B8_c2_TGGTTAGTCCGCAAGC,B
B8_c2,HMN52542,flu,B,B8_c2_TGTCCCACATGCCTAA,B
B8_c2,HMN52542,flu,B,B8_c2_TGTGTTTAGTATGACA,B
B8_c2,HMN52542,flu,B,B8_c2_TGTGTTTCAACGATCT,B
B8_c2,HMN52542,flu,B,B8_c2_TGTGTTTGTTTGTGTG,B
B8_c2,HMN52551,flu,B,B8_c2_TGTTCCGGTAGGCATG,B
B8_c2,HMN52540,flu,B,B8_c2_TTAACTCGTTATGCGT,B
B8_c2,HMN52542,flu,B,B8_c2_TTAGGACAGACTAGAT,B
B8_c2,HMN52551,flu,B,B8_c2_TTAGGCACAGGATCGA,B
B8_c2,HMN52542,flu,B,B8_c2_TTAGGCACATCCAACA,B
B8_c2,HMN52542,flu,B,B8_c2_TTATGCTCAGCCAATT,B
B8_c2,HMN52551,flu,B,B8_c2_TTATGCTGTGGTTTCA,B
B8_c2,,,B,B8_c2_TTATGCTGTTATTCTC,B
B8_c2,HMN52542,flu,B,B8_c2_TTCGAAGTCTTGGGTA,B
B8_c2,HMN52551,flu,B,B8_c2_TTCTACATCCCACTTG,B
B8_c2,HMN52542,flu,B,B8_c2_TTCTCCTGTGTGAATA,B
B8_c2,,,B,B8_c2_TTGAACGAGATCGATA,B
B8_c2,,,B,B8_c2_TTGAACGTCCTTGCCA,B
B8_c2,HMN52542,flu,B,B8_c2_TTGCGTCCATCCCACT,B
B8_c2,HMN52542,flu,B,B8_c2_TTTATGCAGGTAAACT,B
B8_c2,HMN52542,flu,B,B8_c2_TTTGTCAAGTGTCCCG,B
B9_c1,,,B,B9_c1_AAACCTGTCCGAGCCA,B
B9_c1,HMN52549,flu,B,B9_c1_AAACGGGGTAGAAGGA,B
B9_c1,,,B,B9_c1_AAAGCAACAAGTTAAG,B
B9_c1,HMN52560,flu,B,B9_c1_AAAGTAGGTAGAAGGA,B
B9_c1,,,B,B9_c1_AACCGCGGTTACCAGT,B
B9_c1,HMN52557,flu,B,B9_c1_AACGTTGAGACAGACC,B
B9_c1,HMN52557,flu,B,B9_c1_AACGTTGTCGGATGTT,B
B9_c1,HMN52549,flu,B,B9_c1_AACTCAGTCTGCTGTC,B
B9_c1,,,B,B9_c1_AACTCCCAGCCGTCGT,B
B9_c1,HMN52557,flu,B,B9_c1_AACTCTTGTACTTCTT,B
B9_c1,HMN52549,flu,B,B9_c1_AACTCTTGTCACTGGC,B
B9_c1,HMN52557,flu,B,B9_c1_AACTCTTGTCTGATTG,B
B9_c1,HMN52560,flu,B,B9_c1_AACTCTTTCAACGCTA,B
B9_c1,HMN52557,flu,B,B9_c1_AACTTTCAGACGCTTT,B
B9_c1,HMN52560,flu,B,B9_c1_AAGCCGCAGAAACGAG,B
B9_c1,,,B,B9_c1_AAGCCGCCACGCTTTC,B
B9_c1,HMN52549,flu,B,B9_c1_AAGCCGCGTTAGTGGG,B
B9_c1,HMN52560,flu,B,B9_c1_AAGGAGCCACACTGCG,B
B9_c1,HMN52549,flu,B,B9_c1_AAGGAGCGTGATGATA,B
B9_c1,HMN52549,flu,B,B9_c1_AAGGCAGTCCACTCCA,B
B9_c1,HMN52549,flu,B,B9_c1_AAGTCTGAGGACTGGT,B
B9_c1,,,B,B9_c1_AATCCAGCAGTAGAGC,B
B9_c1,,,B,B9_c1_AATCGGTCAGGGAGAG,B
B9_c1,HMN52557,flu,B,B9_c1_AATCGGTGTAAGGGAA,B
B9_c1,,,B,B9_c1_ACACCGGAGAGCTGCA,B
B9_c1,HMN52549,flu,B,B9_c1_ACACTGAGTTCAGCGC,B
B9_c1,HMN52557,flu,B,B9_c1_ACACTGATCTTACCTA,B
B9_c1,,,B,B9_c1_ACATCAGCAAGTCATC,B
B9_c1,HMN52549,flu,B,B9_c1_ACATCAGCACACAGAG,B
B9_c1,HMN52560,flu,B,B9_c1_ACATGGTGTCGCATAT,B
B9_c1,,,B,B9_c1_ACCAGTAGTCTTCAAG,B
B9_c1,,,B,B9_c1_ACCGTAATCCTTTACA,B
B9_c1,HMN52560,flu,B,B9_c1_ACCTTTAAGATGTGGC,B
B9_c1,HMN52549,flu,B,B9_c1_ACGAGGACATCCAACA,B
B9_c1,,,B,B9_c1_ACGCCGATCCGCAGTG,B
B9_c1,,,B,B9_c1_ACGGGTCCAGCAGTTT,B
B9_c1,,,B,B9_c1_ACGGGTCCATCTACGA,B
B9_c1,,,B,B9_c1_ACGTCAAAGGCAATTA,B
B9_c1,,,B,B9_c1_ACTGAACCACGACGAA,B
B9_c1,HMN52560,flu,B,B9_c1_ACTGATGAGGAGTACC,B
B9_c1,,,B,B9_c1_ACTTGTTGTGAGGGAG,B
B9_c1,,,B,B9_c1_ACTTTCACAATGAATG,B
B9_c1,HMN52549,flu,B,B9_c1_ACTTTCAGTCTAAAGA,B
B9_c1,,,B,B9_c1_AGAGTGGCAGGTGCCT,B
B9_c1,HMN52557,flu,B,B9_c1_AGATCTGCAAACTGTC,B
B9_c1,HMN52549,flu,B,B9_c1_AGATTGCCACCAGATT,B
B9_c1,HMN52557,flu,B,B9_c1_AGATTGCCAGGCAGTA,B
B9_c1,HMN52560,flu,B,B9_c1_AGCAGCCGTTAAAGAC,B
B9_c1,HMN52547,NI,B,B9_c1_AGCGTCGGTCTCTTAT,B
B9_c1,,,B,B9_c1_AGCTCCTGTTTAGCTG,B
B9_c1,HMN52549,flu,B,B9_c1_AGCTTGACATCTCGCT,B
B9_c1,HMN52549,flu,B,B9_c1_AGGCCACCAAGCTGTT,B
B9_c1,HMN52560,flu,B,B9_c1_AGGCCGTCAGCGAACA,B
B9_c1,HMN52557,flu,B,B9_c1_AGGGATGAGATCCCAT,B
B9_c1,HMN52557,flu,B,B9_c1_AGTAGTCAGGGAGTAA,B
B9_c1,,,B,B9_c1_AGTGTCAGTTGATTGC,B
B9_c1,HMN52560,flu,B,B9_c1_AGTGTCATCGACCAGC,B
B9_c1,HMN52560,flu,B,B9_c1_ATAGACCTCAGGCCCA,B
B9_c1,HMN52557,flu,B,B9_c1_ATAGACCTCCAGTAGT,B
B9_c1,HMN52557,flu,B,B9_c1_ATCACGACAATGTAAG,B
B9_c1,HMN52557,flu,B,B9_c1_ATCCGAACAGGCTGAA,B
B9_c1,HMN52549,flu,B,B9_c1_ATCCGAACATTCTTAC,B
B9_c1,HMN52549,flu,B,B9_c1_ATCTGCCCATTTCAGG,B
B9_c1,,,B,B9_c1_ATGAGGGGTACTCGCG,B
B9_c1,HMN52560,flu,B,B9_c1_ATGGGAGTCAACGCTA,B
B9_c1,HMN52549,flu,B,B9_c1_ATGGGAGTCGAATGGG,B
B9_c1,HMN52560,flu,B,B9_c1_ATTTCTGAGCTGTTCA,B
B9_c1,,,B,B9_c1_CAAGGCCGTGAAGGCT,B
B9_c1,HMN52560,flu,B,B9_c1_CAAGTTGCATAGGATA,B
B9_c1,,,B,B9_c1_CACACCTTCCACGACG,B
B9_c1,HMN52557,flu,B,B9_c1_CACACTCAGAACTCGG,B
B9_c1,HMN52557,flu,B,B9_c1_CACAGGCTCATTGCCC,B
B9_c1,HMN52560,flu,B,B9_c1_CACAGTAGTCTCCACT,B
B9_c1,HMN52560,flu,B,B9_c1_CACATAGAGTCCGGTC,B
B9_c1,,,B,B9_c1_CACATAGTCAATACCG,B
B9_c1,,,B,B9_c1_CACATTTGTTGGAGGT,B
B9_c1,HMN52557,flu,B,B9_c1_CACCTTGAGAGAACAG,B
B9_c1,HMN52557,flu,B,B9_c1_CACTCCATCTGTCCGT,B
B9_c1,HMN52557,flu,B,B9_c1_CAGATCAAGGATGGAA,B
B9_c1,,,B,B9_c1_CAGCGACTCTTCTGGC,B
B9_c1,HMN52557,flu,B,B9_c1_CAGGTGCTCGTTGACA,B
B9_c1,,,B,B9_c1_CAGTAACAGTCCAGGA,B
B9_c1,HMN52557,flu,B,B9_c1_CAGTAACGTAATAGCA,B
B9_c1,HMN52549,flu,B,B9_c1_CATATGGAGTGTGAAT,B
B9_c1,HMN52549,flu,B,B9_c1_CATATTCAGTGGGCTA,B
B9_c1,,,B,B9_c1_CATATTCGTTCAGTAC,B
B9_c1,HMN52557,flu,B,B9_c1_CATCAAGCAGGCAGTA,B
B9_c1,HMN52549,flu,B,B9_c1_CATCAAGGTCCTGCTT,B
B9_c1,HMN52557,flu,B,B9_c1_CATCAGAGTAAGAGGA,B
B9_c1,HMN52557,flu,B,B9_c1_CATCAGAGTATAGTAG,B
B9_c1,HMN52549,flu,B,B9_c1_CATCGAACACAGGTTT,B
B9_c1,HMN52560,flu,B,B9_c1_CATGCCTCAATCGGTT,B
B9_c1,HMN52557,flu,B,B9_c1_CATGCCTTCCACGACG,B
B9_c1,HMN52549,flu,B,B9_c1_CATGCCTTCTAGAGTC,B
B9_c1,HMN52557,flu,B,B9_c1_CCAATCCAGTGCAAGC,B
B9_c1,HMN52560,flu,B,B9_c1_CCACCTATCTCCGGTT,B
B9_c1,HMN52557,flu,B,B9_c1_CCACTACCACAGATTC,B
B9_c1,HMN52557,flu,B,B9_c1_CCATGTCCATGGGAAC,B
B9_c1,,,B,B9_c1_CCATGTCGTTGTTTGG,B
B9_c1,HMN52557,flu,B,B9_c1_CCCAATCTCCAAACTG,B
B9_c1,HMN52560,flu,B,B9_c1_CCGGGATGTCGAAAGC,B
B9_c1,HMN52557,flu,B,B9_c1_CCGTACTGTGCATCTA,B
B9_c1,HMN52557,flu,B,B9_c1_CCGTGGAGTTTAGGAA,B
B9_c1,HMN52557,flu,B,B9_c1_CCGTTCATCTCATTCA,B
B9_c1,HMN52557,flu,B,B9_c1_CCTACCAAGAAGGACA,B
B9_c1,,,B,B9_c1_CCTCAGTAGCTAGCCC,B
B9_c1,HMN52560,flu,B,B9_c1_CCTTCGACATATGCTG,B
B9_c1,HMN52549,flu,B,B9_c1_CCTTTCTCACAGGCCT,B
B9_c1,HMN52560,flu,B,B9_c1_CGAACATAGACGCTTT,B
B9_c1,HMN52549,flu,B,B9_c1_CGAACATTCCAGGGCT,B
B9_c1,HMN52549,flu,B,B9_c1_CGAATGTAGAAGAAGC,B
B9_c1,,,B,B9_c1_CGAATGTAGACAATAC,B
B9_c1,,,B,B9_c1_CGACTTCTCAACGAAA,B
B9_c1,,,B,B9_c1_CGATCGGCAGGAATGC,B
B9_c1,HMN52560,flu,B,B9_c1_CGGAGCTAGATCTGCT,B
B9_c1,,,B,B9_c1_CGGAGTCGTGACTCAT,B
B9_c1,HMN52557,flu,B,B9_c1_CGGCTAGCAAGGTGTG,B
B9_c1,,,B,B9_c1_CGGCTAGCACGTAAGG,B
B9_c1,,,B,B9_c1_CGGGTCACACCTTGTC,B
B9_c1,HMN52560,flu,B,B9_c1_CGTCAGGTCATCGATG,B
B9_c1,HMN52549,flu,B,B9_c1_CGTCCATGTGTTTGGT,B
B9_c1,,,B,B9_c1_CGTGAGCGTCCCGACA,B
B9_c1,HMN52557,flu,B,B9_c1_CGTTGGGAGCGAGAAA,B
B9_c1,HMN52557,flu,B,B9_c1_CGTTGGGTCAGTTAGC,B
B9_c1,,,B,B9_c1_CTACCCAGTTAAAGTG,B
B9_c1,HMN52549,flu,B,B9_c1_CTACGTCTCTAAGCCA,B
B9_c1,HMN52560,flu,B,B9_c1_CTAGCCTCAGCCTATA,B
B9_c1,HMN52549,flu,B,B9_c1_CTAGCCTGTCGGATCC,B
B9_c1,,,B,B9_c1_CTAGTGAGTACATCCA,B
B9_c1,HMN52549,flu,B,B9_c1_CTCATTACAAAGGAAG,B
B9_c1,HMN52549,flu,B,B9_c1_CTCGAGGCACGAGAGT,B
B9_c1,,,B,B9_c1_CTCGAGGGTTCAGACT,B
B9_c1,HMN52557,flu,B,B9_c1_CTCGGGACATGACATC,B
B9_c1,HMN52560,flu,B,B9_c1_CTCGTCAAGTAAGTAC,B
B9_c1,,,B,B9_c1_CTCGTCATCCATGCTC,B
B9_c1,HMN52549,flu,B,B9_c1_CTCTAATAGAGCTGCA,B
B9_c1,,,B,B9_c1_CTGATAGAGGTGTGGT,B
B9_c1,,,B,B9_c1_CTGATAGGTATAGGTA,B
B9_c1,HMN52549,flu,B,B9_c1_CTGATAGTCTAACTCT,B
B9_c1,HMN52557,flu,B,B9_c1_CTGATCCAGGTAAACT,B
B9_c1,HMN52549,flu,B,B9_c1_CTGCGGAAGTGAAGAG,B
B9_c1,HMN52560,flu,B,B9_c1_CTGCGGATCAATCACG,B
B9_c1,HMN52557,flu,B,B9_c1_CTGGTCTAGTAGGTGC,B
B9_c1,HMN52549,flu,B,B9_c1_CTGTTTAGTCGAATCT,B
B9_c1,HMN52560,flu,B,B9_c1_CTTAACTGTCGGATCC,B
B9_c1,HMN52560,flu,B,B9_c1_CTTACCGGTGCAGGTA,B
B9_c1,HMN52560,flu,B,B9_c1_CTTAGGATCGGTCCGA,B
B9_c1,HMN52549,flu,B,B9_c1_CTTCTCTAGTACGCGA,B
B9_c1,,,B,B9_c1_CTTGGCTTCACGATGT,B
B9_c1,HMN52560,flu,B,B9_c1_GAAACTCAGCTAGTTC,B
B9_c1,,,B,B9_c1_GAATAAGAGAGCCCAA,B
B9_c1,HMN52557,flu,B,B9_c1_GAATGAAGTCAGAGGT,B
B9_c1,,,B,B9_c1_GAATGAAGTGTAATGA,B
B9_c1,HMN52560,flu,B,B9_c1_GAATGAAGTTACGGAG,B
B9_c1,HMN52557,flu,B,B9_c1_GACACGCCATGCTGGC,B
B9_c1,HMN52560,flu,B,B9_c1_GACCAATTCAGTTAGC,B
B9_c1,HMN52557,flu,B,B9_c1_GACCAATTCGGCGCTA,B
B9_c1,HMN52560,flu,B,B9_c1_GACGCGTAGTGTCCAT,B
B9_c1,HMN52549,flu,B,B9_c1_GACGTTATCTACCTGC,B
B9_c1,,,B,B9_c1_GACTAACAGGTACTCT,B
B9_c1,HMN52549,flu,B,B9_c1_GACTAACCAAACAACA,B
B9_c1,HMN52549,flu,B,B9_c1_GAGCAGAAGGGTTCCC,B
B9_c1,HMN52557,flu,B,B9_c1_GAGGTGAGTGGTTTCA,B
B9_c1,,,B,B9_c1_GAGTCCGCAAAGTGCG,B
B9_c1,HMN52560,flu,B,B9_c1_GATCAGTCACAGAGGT,B
B9_c1,HMN52549,flu,B,B9_c1_GATCAGTGTTCCATGA,B
B9_c1,HMN52549,flu,B,B9_c1_GATGAAAGTTGTGGAG,B
B9_c1,HMN52549,flu,B,B9_c1_GATGAGGAGATGTTAG,B
B9_c1,HMN52549,flu,B,B9_c1_GATGAGGCACTGAAGG,B
B9_c1,,,B,B9_c1_GATGAGGGTACCGAGA,B
B9_c1,HMN52549,flu,B,B9_c1_GATGAGGGTGTGAAAT,B
B9_c1,,,B,B9_c1_GATGCTATCAATCACG,B
B9_c1,HMN52560,flu,B,B9_c1_GCAATCACAATCAGAA,B
B9_c1,HMN52549,flu,B,B9_c1_GCACTCTCACCCTATC,B
B9_c1,HMN52560,flu,B,B9_c1_GCACTCTTCTCATTCA,B
B9_c1,,,B,B9_c1_GCAGTTATCGCATGAT,B
B9_c1,,,B,B9_c1_GCATACAAGGAGTTTA,B
B9_c1,,,B,B9_c1_GCGCAACCAGCTGTAT,B
B9_c1,HMN52557,flu,B,B9_c1_GCGCAGTCATTAGCCA,B
B9_c1,HMN52557,flu,B,B9_c1_GCGCAGTGTGCACGAA,B
B9_c1,HMN52549,flu,B,B9_c1_GCGCGATTCTGATACG,B
B9_c1,HMN52560,flu,B,B9_c1_GCGGGTTAGAAACGCC,B
B9_c1,HMN52549,flu,B,B9_c1_GCGGGTTCAAGTCTAC,B
B9_c1,HMN52557,flu,B,B9_c1_GCTCTGTTCTGCCAGG,B
B9_c1,,,B,B9_c1_GCTGCAGAGTACGTTC,B
B9_c1,HMN52560,flu,B,B9_c1_GCTGCGAGTACAGACG,B
B9_c1,,,B,B9_c1_GCTGCGAGTGATGCCC,B
B9_c1,HMN52549,flu,B,B9_c1_GCTGCTTCAAGTTCTG,B
B9_c1,HMN52560,flu,B,B9_c1_GCTGCTTGTTCAGCGC,B
B9_c1,HMN52549,flu,B,B9_c1_GCTGGGTCAAGTACCT,B
B9_c1,HMN52560,flu,B,B9_c1_GCTGGGTCAAGTCTGT,B
B9_c1,HMN52560,flu,B,B9_c1_GGAACTTCACCAGCAC,B
B9_c1,HMN52560,flu,B,B9_c1_GGAATAAGTCTACCTC,B
B9_c1,HMN52560,flu,B,B9_c1_GGACAGACAGTCGTGC,B
B9_c1,HMN52560,flu,B,B9_c1_GGACATTGTCGAATCT,B
B9_c1,,,B,B9_c1_GGAGCAATCAACGGCC,B
B9_c1,HMN52560,flu,B,B9_c1_GGAGCAATCTACGAGT,B
B9_c1,,,B,B9_c1_GGATGTTAGAGGGCTT,B
B9_c1,,,B,B9_c1_GGATGTTTCTGCTGTC,B
B9_c1,HMN52557,flu,B,B9_c1_GGCCGATGTGTTTGGT,B
B9_c1,HMN52560,flu,B,B9_c1_GGCGACTCAATGGTCT,B
B9_c1,HMN52560,flu,B,B9_c1_GGCGACTGTAGAGGAA,B
B9_c1,HMN52549,flu,B,B9_c1_GGCTCGAAGGACAGAA,B
B9_c1,,,B,B9_c1_GGCTCGATCGCTGATA,B
B9_c1,HMN52560,flu,B,B9_c1_GGCTGGTAGGGTCGAT,B
B9_c1,,,B,B9_c1_GGCTGGTTCTAACTGG,B
B9_c1,,,B,B9_c1_GGGAATGGTGTAAGTA,B
B9_c1,HMN52549,flu,B,B9_c1_GGGAGATAGCGTGTCC,B
B9_c1,HMN52549,flu,B,B9_c1_GGGAGATGTGAGTATA,B
B9_c1,HMN52549,flu,B,B9_c1_GGGCACTGTCATATGC,B
B9_c1,HMN52557,flu,B,B9_c1_GGGCATCAGGAGTCTG,B
B9_c1,HMN52560,flu,B,B9_c1_GGGCATCAGGCCCTTG,B
B9_c1,HMN52557,flu,B,B9_c1_GGGCATCGTCCATCCT,B
B9_c1,HMN52549,flu,B,B9_c1_GGGTCTGAGAGATGAG,B
B9_c1,HMN52560,flu,B,B9_c1_GGTATTGGTTAAAGAC,B
B9_c1,HMN52560,flu,B,B9_c1_GGTGAAGAGATCCGAG,B
B9_c1,,,B,B9_c1_GGTGAAGAGGACCACA,B
B9_c1,,,B,B9_c1_GGTGTTATCCGCGTTT,B
B9_c1,HMN52560,flu,B,B9_c1_GTAACTGCACAGACAG,B
B9_c1,HMN52560,flu,B,B9_c1_GTACGTACATGACGGA,B
B9_c1,HMN52560,flu,B,B9_c1_GTACTTTAGAAAGTGG,B
B9_c1,HMN52560,flu,B,B9_c1_GTAGGCCTCCAAAGTC,B
B9_c1,HMN52557,flu,B,B9_c1_GTCAAGTAGATGTTAG,B
B9_c1,HMN52557,flu,B,B9_c1_GTCAAGTGTGCACCAC,B
B9_c1,,,B,B9_c1_GTCACAAAGTGAACGC,B
B9_c1,HMN52549,flu,B,B9_c1_GTCATTTTCCAACCAA,B
B9_c1,HMN52557,flu,B,B9_c1_GTCCTCAAGGCTCATT,B
B9_c1,HMN52549,flu,B,B9_c1_GTCGGGTAGGAATCGC,B
B9_c1,HMN52557,flu,B,B9_c1_GTCGTAAAGACTTGAA,B
B9_c1,HMN52560,flu,B,B9_c1_GTCGTAAGTCTTCGTC,B
B9_c1,,,B,B9_c1_GTCTCGTGTATAATGG,B
B9_c1,HMN52557,flu,B,B9_c1_GTGCAGCAGTGACTCT,B
B9_c1,HMN52560,flu,B,B9_c1_GTGGGTCCAGCTGGCT,B
B9_c1,HMN52560,flu,B,B9_c1_GTGTGCGTCACCTCGT,B
B9_c1,HMN52557,flu,B,B9_c1_GTGTTAGCAAGCTGAG,B
B9_c1,,,B,B9_c1_GTTAAGCGTCCATGAT,B
B9_c1,,,B,B9_c1_GTTAAGCTCAGCAACT,B
B9_c1,HMN52557,flu,B,B9_c1_GTTCATTCATGTTGAC,B
B9_c1,,,B,B9_c1_GTTCGGGGTCCGTTAA,B
B9_c1,HMN52560,flu,B,B9_c1_GTTCGGGGTTGTCTTT,B
B9_c1,HMN52560,flu,B,B9_c1_TAAACCGAGTACGACG,B
B9_c1,,,B,B9_c1_TAAGCGTCAAGCCGTC,B
B9_c1,HMN52549,flu,B,B9_c1_TACACGACACGAAGCA,B
B9_c1,HMN52560,flu,B,B9_c1_TACACGAGTCCGTTAA,B
B9_c1,HMN52560,flu,B,B9_c1_TACCTATCACGGCCAT,B
B9_c1,,,B,B9_c1_TACCTTAGTAGAAGGA,B
B9_c1,,,B,B9_c1_TACCTTAGTCAAACTC,B
B9_c1,HMN52560,flu,B,B9_c1_TACGGATGTTATCGGT,B
B9_c1,HMN52549,flu,B,B9_c1_TACGGGCTCGTACGGC,B
B9_c1,HMN52557,flu,B,B9_c1_TACGGTAAGGCTCATT,B
B9_c1,,,B,B9_c1_TACTCGCAGCGCTCCA,B
B9_c1,,,B,B9_c1_TACTCGCTCGGAGGTA,B
B9_c1,,,B,B9_c1_TACTTACGTCAATGTC,B
B9_c1,HMN52560,flu,B,B9_c1_TAGACCAAGAAGGTGA,B
B9_c1,,,B,B9_c1_TAGGCATGTTAAGAAC,B
B9_c1,,,B,B9_c1_TAGTGGTAGTGTTTGC,B
B9_c1,HMN52549,flu,B,B9_c1_TAGTGGTTCGTGTAGT,B
B9_c1,HMN52549,flu,B,B9_c1_TATCAGGCAGTCAGCC,B
B9_c1,HMN52560,flu,B,B9_c1_TATCAGGGTACGCACC,B
B9_c1,HMN52560,flu,B,B9_c1_TATCAGGTCCGCAAGC,B
B9_c1,,,B,B9_c1_TATTACCGTATTAGCC,B
B9_c1,HMN52549,flu,B,B9_c1_TCAATCTTCGCCTGAG,B
B9_c1,HMN52557,flu,B,B9_c1_TCAATCTTCGGCGCAT,B
B9_c1,HMN52560,flu,B,B9_c1_TCACGAAGTGGTTTCA,B
B9_c1,HMN52557,flu,B,B9_c1_TCAGCTCGTGAAAGAG,B
B9_c1,HMN52549,flu,B,B9_c1_TCCACACTCCAAACTG,B
B9_c1,,,B,B9_c1_TCGGGACCACCTGGTG,B
B9_c1,HMN52557,flu,B,B9_c1_TCGGTAAAGTGGCACA,B
B9_c1,HMN52549,flu,B,B9_c1_TCGTACCGTTTGGCGC,B
B9_c1,,,B,B9_c1_TCTGAGAGTAAAGGAG,B
B9_c1,,,B,B9_c1_TCTGGAACAACACGCC,B
B9_c1,HMN52549,flu,B,B9_c1_TCTTCGGCACCGAAAG,B
B9_c1,HMN52560,flu,B,B9_c1_TCTTCGGTCTCGATGA,B
B9_c1,HMN52549,flu,B,B9_c1_TCTTTCCCATACTCTT,B
B9_c1,HMN52557,flu,B,B9_c1_TGACAACCACTGTCGG,B
B9_c1,HMN52557,flu,B,B9_c1_TGACAACGTAGTACCT,B
B9_c1,HMN52560,flu,B,B9_c1_TGACTAGCATTAGGCT,B
B9_c1,HMN52549,flu,B,B9_c1_TGACTTTAGATGCCAG,B
B9_c1,HMN52557,flu,B,B9_c1_TGAGCCGTCTGCAGTA,B
B9_c1,HMN52549,flu,B,B9_c1_TGAGGGACATAGACTC,B
B9_c1,HMN52549,flu,B,B9_c1_TGATTTCGTATAGGGC,B
B9_c1,HMN52549,flu,B,B9_c1_TGCCAAACAAACTGCT,B
B9_c1,HMN52560,flu,B,B9_c1_TGCCCTATCATAAAGG,B
B9_c1,HMN52549,flu,B,B9_c1_TGCGGGTAGCGTAATA,B
B9_c1,,,B,B9_c1_TGCGTGGCACGGCCAT,B
B9_c1,HMN52557,flu,B,B9_c1_TGCGTGGGTATCAGTC,B
B9_c1,HMN52560,flu,B,B9_c1_TGGACGCAGTCCATAC,B
B9_c1,,,B,B9_c1_TGGCCAGAGACTCGGA,B
B9_c1,HMN52560,flu,B,B9_c1_TGGCGCATCGTATCAG,B
B9_c1,HMN52549,flu,B,B9_c1_TGGGCGTGTCAGAAGC,B
B9_c1,,,B,B9_c1_TGGGCGTGTGATAAGT,B
B9_c1,HMN52549,flu,B,B9_c1_TGGGCGTTCTGCGACG,B
B9_c1,HMN52557,flu,B,B9_c1_TGGTTCCGTTTGACAC,B
B9_c1,HMN52557,flu,B,B9_c1_TGGTTCCTCCCAAGAT,B
B9_c1,,,B,B9_c1_TGTCCCATCCAAAGTC,B
B9_c1,HMN52560,flu,B,B9_c1_TGTCCCATCTTCAACT,B
B9_c1,HMN52560,flu,B,B9_c1_TGTGGTATCACTATTC,B
B9_c1,HMN52557,flu,B,B9_c1_TGTGTTTGTGTGTGCC,B
B9_c1,HMN52549,flu,B,B9_c1_TGTTCCGAGCGTAATA,B
B9_c1,HMN52557,flu,B,B9_c1_TTAGGACAGTAATCCC,B
B9_c1,,,B,B9_c1_TTAGGCAGTGGTACAG,B
B9_c1,HMN52549,flu,B,B9_c1_TTAGTTCTCTTGGGTA,B
B9_c1,,,B,B9_c1_TTCCCAGCAAGAGGCT,B
B9_c1,HMN52557,flu,B,B9_c1_TTCCCAGCATGTTGAC,B
B9_c1,HMN52557,flu,B,B9_c1_TTCGAAGGTTTACTCT,B
B9_c1,HMN52560,flu,B,B9_c1_TTCTCAACATGCTGGC,B
B9_c1,,,B,B9_c1_TTCTCAAGTTACTGAC,B
B9_c1,HMN52557,flu,B,B9_c1_TTCTCAATCCCTAACC,B
B9_c1,HMN52549,flu,B,B9_c1_TTCTTAGCATTGGGCC,B
B9_c1,,,B,B9_c1_TTGGAACGTCTACCTC,B
B9_c1,HMN52560,flu,B,B9_c1_TTGGCAAAGGATCGCA,B
B9_c1,HMN52560,flu,B,B9_c1_TTTACTGTCTTTCCTC,B
B9_c1,HMN52549,flu,B,B9_c1_TTTGCGCCACCGAAAG,B
B9_c1,HMN52557,flu,B,B9_c1_TTTGTCAAGCTTATCG,B
B9_c2,,,B,B9_c2_AAACCTGCACGGTGTC,B
B9_c2,,,B,B9_c2_AAACCTGTCTTACCGC,B
B9_c2,HMN52547,flu,B,B9_c2_AAACGGGTCCTGCTTG,B
B9_c2,HMN52556,flu,B,B9_c2_AACCATGGTCTTCTCG,B
B9_c2,,,B,B9_c2_AACCATGTCGGTTAAC,B
B9_c2,HMN52556,flu,B,B9_c2_AACCGCGCACATTTCT,B
B9_c2,,,B,B9_c2_AACCGCGCATGTCGAT,B
B9_c2,HMN52556,flu,B,B9_c2_AACCGCGTCACCTTAT,B
B9_c2,HMN52556,flu,B,B9_c2_AACGTTGCATAGGATA,B
B9_c2,HMN52554,flu,B,B9_c2_AACGTTGTCCCTTGTG,B
B9_c2,HMN52554,flu,B,B9_c2_AACTCCCAGTAACCCT,B
B9_c2,HMN52554,flu,B,B9_c2_AACTCTTCATTCCTCG,B
B9_c2,,,B,B9_c2_AACTTTCTCGGAAATA,B
B9_c2,HMN52556,flu,B,B9_c2_AAGACCTTCGAGAACG,B
B9_c2,HMN52547,flu,B,B9_c2_AAGCCGCAGCGCTCCA,B
B9_c2,HMN52554,flu,B,B9_c2_AAGGAGCAGACTAGAT,B
B9_c2,,,B,B9_c2_AAGGAGCAGGAGTTTA,B
B9_c2,,,B,B9_c2_AATCCAGCAAGTCTGT,B
B9_c2,HMN52554,flu,B,B9_c2_ACACCCTCAAGGACTG,B
B9_c2,HMN52556,flu,B,B9_c2_ACACTGACATTGTGCA,B
B9_c2,HMN52554,flu,B,B9_c2_ACAGCCGGTTCGGCAC,B
B9_c2,,,B,B9_c2_ACATACGCACGTCTCT,B
B9_c2,HMN52556,flu,B,B9_c2_ACATGGTAGGGCTCTC,B
B9_c2,HMN52556,flu,B,B9_c2_ACATGGTCAATAGAGT,B
B9_c2,HMN52554,flu,B,B9_c2_ACGAGCCTCAAGAAGT,B
B9_c2,,,B,B9_c2_ACGAGGACAGTCAGAG,B
B9_c2,HMN52556,flu,B,B9_c2_ACGATACCAAGGACAC,B
B9_c2,HMN52556,flu,B,B9_c2_ACGATACCACAAGCCC,B
B9_c2,HMN52554,flu,B,B9_c2_ACGCAGCTCGGCGCTA,B
B9_c2,HMN52554,flu,B,B9_c2_ACGCCAGAGGACAGAA,B
B9_c2,,,B,B9_c2_ACGCCAGGTCTCTCGT,B
B9_c2,HMN52556,flu,B,B9_c2_ACGGCCACATGGGACA,B
B9_c2,HMN52556,flu,B,B9_c2_ACGGCCATCCTAGTGA,B
B9_c2,HMN52554,flu,B,B9_c2_ACGGGCTCACTTACGA,B
B9_c2,HMN52554,flu,B,B9_c2_ACGGGTCAGCAATCTC,B
B9_c2,,,B,B9_c2_ACTATCTCATCCCATC,B
B9_c2,,,B,B9_c2_ACTGAACGTGTCAATC,B
B9_c2,,,B,B9_c2_ACTGATGAGACTAGGC,B
B9_c2,HMN52556,flu,B,B9_c2_ACTGCTCAGACAAGCC,B
B9_c2,HMN52556,flu,B,B9_c2_ACTGCTCCACTGTGTA,B
B9_c2,,,B,B9_c2_ACTGCTCGTCGATTGT,B
B9_c2,,,B,B9_c2_ACTGTCCCATACTCTT,B
B9_c2,,,B,B9_c2_ACTTACTAGTCCGTAT,B
B9_c2,HMN52556,flu,B,B9_c2_ACTTTCAAGCGTTCCG,B
B9_c2,HMN52556,flu,B,B9_c2_AGAATAGAGACCTAGG,B
B9_c2,HMN52547,flu,B,B9_c2_AGAATAGCATGATCCA,B
B9_c2,HMN52556,flu,B,B9_c2_AGAGCGAAGTGCTGCC,B
B9_c2,HMN52554,flu,B,B9_c2_AGCATACAGCTCCTCT,B
B9_c2,,,B,B9_c2_AGCCTAAAGCTACCGC,B
B9_c2,,,B,B9_c2_AGCGTCGGTTCGCGAC,B
B9_c2,HMN52556,flu,B,B9_c2_AGCTCTCTCCTTTACA,B
B9_c2,,,B,B9_c2_AGCTTGACACGTCTCT,B
B9_c2,HMN52547,flu,B,B9_c2_AGGCCACCATCAGTAC,B
B9_c2,HMN52556,flu,B,B9_c2_AGGGATGGTAAGTGGC,B
B9_c2,HMN52547,flu,B,B9_c2_AGGTCATTCACGCATA,B
B9_c2,,,B,B9_c2_AGGTCATTCCCACTTG,B
B9_c2,HMN52554,flu,B,B9_c2_AGGTCCGAGAGTGACC,B
B9_c2,HMN52556,flu,B,B9_c2_AGGTCCGGTATGGTTC,B
B9_c2,HMN52556,flu,B,B9_c2_AGGTCCGGTTTAAGCC,B
B9_c2,HMN52556,flu,B,B9_c2_AGGTCCGTCGGTGTTA,B
B9_c2,HMN52556,flu,B,B9_c2_AGTAGTCAGCTACCGC,B
B9_c2,,,B,B9_c2_AGTCTTTAGGGATGGG,B
B9_c2,,,B,B9_c2_AGTCTTTAGTGTGGCA,B
B9_c2,HMN52547,flu,B,B9_c2_AGTGAGGCATCACGTA,B
B9_c2,,,B,B9_c2_AGTGTCAAGGAATCGC,B
B9_c2,HMN52556,flu,B,B9_c2_ATAAGAGTCTAACGGT,B
B9_c2,HMN52556,flu,B,B9_c2_ATCACGAAGTTCGATC,B
B9_c2,,,B,B9_c2_ATCATCTCATCTACGA,B
B9_c2,,,B,B9_c2_ATCATGGGTGAAGGCT,B
B9_c2,,,B,B9_c2_ATCCACCGTAGCGTCC,B
B9_c2,HMN52556,flu,B,B9_c2_ATCCACCGTTCCACAA,B
B9_c2,HMN52547,flu,B,B9_c2_ATCCGAAAGCCAACAG,B
B9_c2,HMN52554,flu,B,B9_c2_ATCGAGTAGATGAGAG,B
B9_c2,,,B,B9_c2_ATCGAGTGTTTACTCT,B
B9_c2,HMN52554,flu,B,B9_c2_ATCGAGTTCTCGTATT,B
B9_c2,HMN52556,flu,B,B9_c2_ATGAGGGAGAAACCAT,B
B9_c2,HMN52554,flu,B,B9_c2_ATGAGGGCAAATTGCC,B
B9_c2,,,B,B9_c2_ATGAGGGGTAAGGGAA,B
B9_c2,HMN52554,flu,B,B9_c2_ATGTGTGAGATGTTAG,B
B9_c2,HMN52556,flu,B,B9_c2_ATTACTCGTAGGCATG,B
B9_c2,HMN52556,flu,B,B9_c2_ATTACTCTCCCTAACC,B
B9_c2,HMN52556,flu,B,B9_c2_ATTCTACGTGTGAAAT,B
B9_c2,HMN52547,flu,B,B9_c2_ATTGGTGTCCTGCAGG,B
B9_c2,,,B,B9_c2_ATTTCTGGTGGCCCTA,B
B9_c2,,,B,B9_c2_CAACCAACAAACGCGA,B
B9_c2,HMN52547,flu,B,B9_c2_CAACCAACACAAGTAA,B
B9_c2,,,B,B9_c2_CAACCTCAGACTAGGC,B
B9_c2,HMN52556,flu,B,B9_c2_CAAGATCCAAGTAGTA,B
B9_c2,HMN52556,flu,B,B9_c2_CAAGATCTCTATCCCG,B
B9_c2,HMN52556,flu,B,B9_c2_CACACTCCATATGCTG,B
B9_c2,HMN52554,flu,B,B9_c2_CACATAGAGCTGAAAT,B
B9_c2,HMN52556,flu,B,B9_c2_CACATAGCACACATGT,B
B9_c2,HMN52554,flu,B,B9_c2_CACATAGTCTCCAACC,B
B9_c2,HMN52547,flu,B,B9_c2_CACATAGTCTCCGGTT,B
B9_c2,HMN52556,flu,B,B9_c2_CACATTTCACCACCAG,B
B9_c2,HMN52556,flu,B,B9_c2_CACATTTCAGAGCCAA,B
B9_c2,HMN52554,flu,B,B9_c2_CACCACTTCTTGAGGT,B
B9_c2,,,B,B9_c2_CACCTTGGTACCGCTG,B
B9_c2,,,B,B9_c2_CACTCCATCAGTACGT,B
B9_c2,HMN52547,flu,B,B9_c2_CAGAGAGGTTCAGGCC,B
B9_c2,HMN52547,flu,B,B9_c2_CAGATCAGTGAGTGAC,B
B9_c2,HMN52547,flu,B,B9_c2_CAGCAGCTCATGTAGC,B
B9_c2,HMN52556,flu,B,B9_c2_CAGCCGAAGGCTCAGA,B
B9_c2,,,B,B9_c2_CAGCGACAGGCTAGGT,B
B9_c2,HMN52556,flu,B,B9_c2_CAGCTAATCGTTTATC,B
B9_c2,HMN52547,flu,B,B9_c2_CAGGTGCAGGACCACA,B
B9_c2,,,B,B9_c2_CAGGTGCCATCTCCCA,B
B9_c2,HMN52556,flu,B,B9_c2_CAGTAACCACGTGAGA,B
B9_c2,HMN52556,flu,B,B9_c2_CAGTAACCAGGATTGG,B
B9_c2,,,B,B9_c2_CAGTAACTCTATGTGG,B
B9_c2,HMN52547,flu,B,B9_c2_CAGTCCTGTTAGAACA,B
B9_c2,HMN52556,flu,B,B9_c2_CAGTCCTTCATTTGGG,B
B9_c2,HMN52556,flu,B,B9_c2_CATATGGGTGTATGGG,B
B9_c2,HMN52556,flu,B,B9_c2_CATCGAAGTCCCTACT,B
B9_c2,,,B,B9_c2_CATCGGGAGAGTAATC,B
B9_c2,,,B,B9_c2_CATGACATCAAGGTAA,B
B9_c2,HMN52556,flu,B,B9_c2_CATGACATCACCCTCA,B
B9_c2,HMN52554,flu,B,B9_c2_CATGCCTAGGTTACCT,B
B9_c2,,,B,B9_c2_CATGGCGGTATGGTTC,B
B9_c2,HMN52547,flu,B,B9_c2_CATGGCGGTCTCATCC,B
B9_c2,,,B,B9_c2_CATTATCGTAATAGCA,B
B9_c2,HMN52556,flu,B,B9_c2_CATTATCGTGCACGAA,B
B9_c2,HMN52554,flu,B,B9_c2_CATTCGCCACCTCGTT,B
B9_c2,HMN52556,flu,B,B9_c2_CATTCGCGTCGCGTGT,B
B9_c2,HMN52556,flu,B,B9_c2_CCAATCCAGAATCTCC,B
B9_c2,HMN52547,flu,B,B9_c2_CCACCTAGTCTAGTGT,B
B9_c2,HMN52556,flu,B,B9_c2_CCACGGAAGCCCTAAT,B
B9_c2,,,B,B9_c2_CCACGGACAACACCTA,B
B9_c2,HMN52554,flu,B,B9_c2_CCACGGAGTAGCCTAT,B
B9_c2,HMN52547,flu,B,B9_c2_CCACTACGTAACGTTC,B
B9_c2,HMN52556,flu,B,B9_c2_CCATGTCGTAGCTGCC,B
B9_c2,HMN52556,flu,B,B9_c2_CCATGTCTCAGGCCCA,B
B9_c2,,,B,B9_c2_CCATTCGAGCGTCAAG,B
B9_c2,HMN52556,flu,B,B9_c2_CCCAATCTCGGAAATA,B
B9_c2,HMN52547,flu,B,B9_c2_CCGGGATAGTGCGTGA,B
B9_c2,HMN52547,flu,B,B9_c2_CCGGTAGGTCTAAAGA,B
B9_c2,HMN52556,flu,B,B9_c2_CCGTACTTCCAAGCCG,B
B9_c2,,,B,B9_c2_CCGTTCATCGTTTATC,B
B9_c2,HMN52547,flu,B,B9_c2_CCTACCACACATTAGC,B
B9_c2,HMN52556,flu,B,B9_c2_CCTACCAGTTTAGCTG,B
B9_c2,HMN52554,flu,B,B9_c2_CCTAGCTAGTCGCCGT,B
B9_c2,HMN52547,flu,B,B9_c2_CCTAGCTGTCCTAGCG,B
B9_c2,,,B,B9_c2_CCTATTACAGACGCTC,B
B9_c2,HMN52554,flu,B,B9_c2_CCTCAGTCAGTAAGCG,B
B9_c2,,,B,B9_c2_CCTCTGAAGTAGATGT,B
B9_c2,HMN52547,flu,B,B9_c2_CCTCTGACACCATCCT,B
B9_c2,,,B,B9_c2_CCTCTGATCCGAACGC,B
B9_c2,HMN52556,flu,B,B9_c2_CCTTTCTTCGGCCGAT,B
B9_c2,HMN52556,flu,B,B9_c2_CGAACATAGGCATTGG,B
B9_c2,HMN52554,flu,B,B9_c2_CGAACATCAGCTCCGA,B
B9_c2,HMN52556,flu,B,B9_c2_CGAATGTCACACTGCG,B
B9_c2,HMN52554,flu,B,B9_c2_CGAGAAGTCACTTACT,B
B9_c2,HMN52556,flu,B,B9_c2_CGAGCACCATTGGCGC,B
B9_c2,,,B,B9_c2_CGATGGCTCTGTCTCG,B
B9_c2,HMN52554,flu,B,B9_c2_CGATGTACAAGCGAGT,B
B9_c2,HMN52556,flu,B,B9_c2_CGATGTAGTCGTGGCT,B
B9_c2,,,B,B9_c2_CGATGTATCGACAGCC,B
B9_c2,HMN52556,flu,B,B9_c2_CGATTGACAGATGGCA,B
B9_c2,HMN52547,flu,B,B9_c2_CGATTGACAGCATGAG,B
B9_c2,,,B,B9_c2_CGCCAAGAGAGTAATC,B
B9_c2,HMN52554,flu,B,B9_c2_CGCGGTACACCGGAAA,B
B9_c2,HMN52554,flu,B,B9_c2_CGCGTTTCATCGGTTA,B
B9_c2,HMN52547,flu,B,B9_c2_CGGAGCTCATATACCG,B
B9_c2,HMN52556,flu,B,B9_c2_CGGAGTCTCTGGAGCC,B
B9_c2,HMN52547,flu,B,B9_c2_CGGCTAGAGTGAAGAG,B
B9_c2,HMN52554,flu,B,B9_c2_CGGCTAGTCGAGCCCA,B
B9_c2,HMN52547,flu,B,B9_c2_CGGGTCAAGCGACGTA,B
B9_c2,HMN52556,flu,B,B9_c2_CGTAGGCTCCAGTATG,B
B9_c2,,,B,B9_c2_CGTCTACAGGTTACCT,B
B9_c2,HMN52547,flu,B,B9_c2_CGTCTACTCAATCTCT,B
B9_c2,,,B,B9_c2_CGTGAGCGTCCAGTAT,B
B9_c2,,,B,B9_c2_CGTTAGAGTGAGCGAT,B
B9_c2,,,B,B9_c2_CGTTCTGTCCCAAGAT,B
B9_c2,HMN52554,flu,B,B9_c2_CGTTGGGAGTAATCCC,B
B9_c2,HMN52554,flu,B,B9_c2_CTAAGACAGGATGTAT,B
B9_c2,HMN52554,flu,B,B9_c2_CTAAGACCAGCGAACA,B
B9_c2,,,B,B9_c2_CTACGTCTCTCCTATA,B
B9_c2,HMN52556,flu,B,B9_c2_CTAGAGTTCATGTGGT,B
B9_c2,HMN52554,flu,B,B9_c2_CTCACACTCTCGTATT,B
B9_c2,,,B,B9_c2_CTCAGAATCCCTCAGT,B
B9_c2,,,B,B9_c2_CTCAGAATCGGAATCT,B
B9_c2,HMN52554,flu,B,B9_c2_CTCATTACATGTCTCC,B
B9_c2,HMN52556,flu,B,B9_c2_CTCCTAGAGGCGCTCT,B
B9_c2,HMN52556,flu,B,B9_c2_CTCGAGGTCACGCGGT,B
B9_c2,HMN52554,flu,B,B9_c2_CTCGTACCAGACAAGC,B
B9_c2,HMN52547,flu,B,B9_c2_CTCGTCAGTCGAGTTT,B
B9_c2,,,B,B9_c2_CTCGTCAGTTCTGGTA,B
B9_c2,HMN52554,flu,B,B9_c2_CTGAAGTCAGATGAGC,B
B9_c2,HMN52556,flu,B,B9_c2_CTGATAGCACGAAGCA,B
B9_c2,HMN52556,flu,B,B9_c2_CTGCCTAGTGTGGCTC,B
B9_c2,HMN52554,flu,B,B9_c2_CTGCCTAGTTATCACG,B
B9_c2,,,B,B9_c2_CTGCCTATCCTACAGA,B
B9_c2,HMN52556,flu,B,B9_c2_CTGCTGTAGCATCATC,B
B9_c2,HMN52556,flu,B,B9_c2_CTGCTGTAGGAGTCTG,B
B9_c2,,,B,B9_c2_CTGTGCTCAAAGTCAA,B
B9_c2,HMN52554,flu,B,B9_c2_CTGTTTAAGCCGTCGT,B
B9_c2,,,B,B9_c2_CTGTTTAAGTTCGCGC,B
B9_c2,,,B,B9_c2_CTGTTTACATCGGGTC,B
B9_c2,HMN52556,flu,B,B9_c2_CTTAACTTCCTAGAAC,B
B9_c2,HMN52554,flu,B,B9_c2_CTTACCGAGACCGGAT,B
B9_c2,HMN52556,flu,B,B9_c2_CTTAGGAGTTCCAACA,B
B9_c2,HMN52554,flu,B,B9_c2_CTTCTCTCACGACGAA,B
B9_c2,HMN52554,flu,B,B9_c2_CTTCTCTGTACTCAAC,B
B9_c2,,,B,B9_c2_CTTTGCGGTCAGAGGT,B
B9_c2,,,B,B9_c2_GAACATCAGCTATGCT,B
B9_c2,,,B,B9_c2_GAATAAGAGCCACGTC,B
B9_c2,HMN52554,flu,B,B9_c2_GAATAAGCAATAGCGG,B
B9_c2,HMN52556,flu,B,B9_c2_GAATGAAAGGCATGTG,B
B9_c2,HMN52556,flu,B,B9_c2_GACGTTATCCAAAGTC,B
B9_c2,,,B,B9_c2_GACGTTATCTCGTTTA,B
B9_c2,,,B,B9_c2_GACTGCGAGGCCATAG,B
B9_c2,HMN52556,flu,B,B9_c2_GACTGCGGTGCAACTT,B
B9_c2,HMN52556,flu,B,B9_c2_GACTGCGTCGTAGATC,B
B9_c2,,,B,B9_c2_GAGCAGATCTACCAGA,B
B9_c2,HMN52556,flu,B,B9_c2_GATCAGTTCCTTTCGG,B
B9_c2,HMN52556,flu,B,B9_c2_GATCGTAAGCACACAG,B
B9_c2,HMN52556,flu,B,B9_c2_GATCGTACAAAGGCGT,B
B9_c2,HMN52556,flu,B,B9_c2_GATCGTACACATGACT,B
B9_c2,HMN52556,flu,B,B9_c2_GATCTAGCACTTCTGC,B
B9_c2,,,B,B9_c2_GATGCTAAGCTGGAAC,B
B9_c2,HMN52554,flu,B,B9_c2_GATGCTACATCGACGC,B
B9_c2,,,B,B9_c2_GATGCTAGTAGGCATG,B
B9_c2,HMN52554,flu,B,B9_c2_GCAATCACAGTAAGCG,B
B9_c2,,,B,B9_c2_GCACATAGTTTAAGCC,B
B9_c2,HMN52556,flu,B,B9_c2_GCACTCTCATTCCTGC,B
B9_c2,,,B,B9_c2_GCAGCCACAGTAGAGC,B
B9_c2,HMN52554,flu,B,B9_c2_GCAGCCATCTAACTTC,B
B9_c2,HMN52556,flu,B,B9_c2_GCAGTTACAGCTGTTA,B
B9_c2,HMN52547,flu,B,B9_c2_GCATGATGTTATGCGT,B
B9_c2,HMN52556,flu,B,B9_c2_GCATGATGTTGGTTTG,B
B9_c2,,,B,B9_c2_GCATGCGAGGGCACTA,B
B9_c2,HMN52554,flu,B,B9_c2_GCGACCATCGGTTAAC,B
B9_c2,HMN52554,flu,B,B9_c2_GCGCCAAAGTACGCCC,B
B9_c2,HMN52556,flu,B,B9_c2_GCTCTGTAGATGTTAG,B
B9_c2,,,B,B9_c2_GCTGCGACATCCAACA,B
B9_c2,HMN52556,flu,B,B9_c2_GCTGCTTCATTCACTT,B
B9_c2,,,B,B9_c2_GCTTCCAAGTGGGCTA,B
B9_c2,HMN52547,flu,B,B9_c2_GCTTCCATCTTGGGTA,B
B9_c2,HMN52556,flu,B,B9_c2_GCTTGAAGTGTCTGAT,B
B9_c2,HMN52554,flu,B,B9_c2_GCTTGAATCACCATAG,B
B9_c2,,,B,B9_c2_GCTTGAATCATCTGTT,B
B9_c2,,,B,B9_c2_GGACAGACAAGACGTG,B
B9_c2,HMN52547,flu,B,B9_c2_GGACAGATCGTCTGCT,B
B9_c2,HMN52547,flu,B,B9_c2_GGACGTCGTTTCGCTC,B
B9_c2,HMN52547,flu,B,B9_c2_GGATGTTGTAAGCACG,B
B9_c2,,,B,B9_c2_GGATGTTTCTCAAGTG,B
B9_c2,,,B,B9_c2_GGCGACTCAAGAAAGG,B
B9_c2,HMN52556,flu,B,B9_c2_GGCGACTGTAATAGCA,B
B9_c2,HMN52547,flu,B,B9_c2_GGCGACTTCCATGAAC,B
B9_c2,,,B,B9_c2_GGCGACTTCTTTAGGG,B
B9_c2,HMN52556,flu,B,B9_c2_GGCGTGTCAAGCGCTC,B
B9_c2,HMN52554,flu,B,B9_c2_GGCTGGTCAATCTACG,B
B9_c2,,,B,B9_c2_GGGACCTCATTAACCG,B
B9_c2,HMN52556,flu,B,B9_c2_GGGACCTGTGTGTGCC,B
B9_c2,HMN52554,flu,B,B9_c2_GGGCATCAGTCAAGGC,B
B9_c2,,,B,B9_c2_GGTGAAGAGGGCATGT,B
B9_c2,HMN52554,flu,B,B9_c2_GGTGAAGTCGCCGTGA,B
B9_c2,HMN52547,flu,B,B9_c2_GGTGCGTCATCACAAC,B
B9_c2,,,B,B9_c2_GGTGCGTGTCGCGAAA,B
B9_c2,,,B,B9_c2_GTAACGTAGCTAACAA,B
B9_c2,HMN52556,flu,B,B9_c2_GTAACGTGTCTCCATC,B
B9_c2,HMN52556,flu,B,B9_c2_GTACGTATCCACGTGG,B
B9_c2,HMN52556,flu,B,B9_c2_GTAGGCCCAGATGGGT,B
B9_c2,,,B,B9_c2_GTATTCTCAAAGGTGC,B
B9_c2,HMN52556,flu,B,B9_c2_GTCAAGTTCGCGTTTC,B
B9_c2,,,B,B9_c2_GTCATTTAGGAGTAGA,B
B9_c2,HMN52554,flu,B,B9_c2_GTCATTTCATCACGTA,B
B9_c2,HMN52554,flu,B,B9_c2_GTCATTTGTAGTACCT,B
B9_c2,HMN52556,flu,B,B9_c2_GTCGGGTTCACAAACC,B
B9_c2,HMN52556,flu,B,B9_c2_GTCGGGTTCTCCGGTT,B
B9_c2,,,B,B9_c2_GTCGTAATCTTGTTTG,B
B9_c2,HMN52556,flu,B,B9_c2_GTGCAGCAGCTCCCAG,B
B9_c2,,,B,B9_c2_GTGCAGCCATGTCGAT,B
B9_c2,HMN52547,flu,B,B9_c2_GTGCATAGTCCGTCAG,B
B9_c2,,,B,B9_c2_GTGGGTCGTTAGATGA,B
B9_c2,HMN52556,flu,B,B9_c2_GTTACAGGTCAACATC,B
B9_c2,HMN52556,flu,B,B9_c2_GTTCATTGTCTGCGGT,B
B9_c2,HMN52556,flu,B,B9_c2_GTTCATTTCAACACGT,B
B9_c2,HMN52554,flu,B,B9_c2_GTTCATTTCGGACAAG,B
B9_c2,HMN52556,flu,B,B9_c2_GTTCTCGAGCTGGAAC,B
B9_c2,,,B,B9_c2_GTTCTCGCATACTCTT,B
B9_c2,HMN52556,flu,B,B9_c2_TAAGAGAGTGAGTGAC,B
B9_c2,,,B,B9_c2_TAAGCGTCAAACCTAC,B
B9_c2,HMN52556,flu,B,B9_c2_TAAGCGTGTAGCCTAT,B
B9_c2,,,B,B9_c2_TAAGTGCCACATGTGT,B
B9_c2,HMN52547,flu,B,B9_c2_TACCTATCAAGTTGTC,B
B9_c2,,,B,B9_c2_TACCTATCATGGGAAC,B
B9_c2,HMN52547,flu,B,B9_c2_TACCTTAAGCCCAGCT,B
B9_c2,HMN52556,flu,B,B9_c2_TACGGATAGCCCGAAA,B
B9_c2,HMN52556,flu,B,B9_c2_TACGGTACAAATCCGT,B
B9_c2,HMN52547,flu,B,B9_c2_TACTCATGTCGCATAT,B
B9_c2,,,B,B9_c2_TAGACCAAGGCAAAGA,B
B9_c2,,,B,B9_c2_TAGGCATAGGTGCACA,B
B9_c2,HMN52547,flu,B,B9_c2_TATCAGGAGCAGACTG,B
B9_c2,HMN52554,flu,B,B9_c2_TATCAGGTCTGCTTGC,B
B9_c2,HMN52556,flu,B,B9_c2_TATTACCAGCAGATCG,B
B9_c2,HMN52554,flu,B,B9_c2_TATTACCCACATGTGT,B
B9_c2,HMN52554,flu,B,B9_c2_TATTACCTCATCATTC,B
B9_c2,HMN52556,flu,B,B9_c2_TCAACGAAGGTAGCCA,B
B9_c2,HMN52556,flu,B,B9_c2_TCAGATGAGTGTACGG,B
B9_c2,HMN52554,flu,B,B9_c2_TCAGGTAGTGAGGCTA,B
B9_c2,HMN52554,flu,B,B9_c2_TCATTTGTCAGCACAT,B
B9_c2,,,B,B9_c2_TCCACACGTAGATTAG,B
B9_c2,HMN52547,flu,B,B9_c2_TCCCGATTCCGTAGGC,B
B9_c2,,,B,B9_c2_TCGAGGCAGTATCGAA,B
B9_c2,,,B,B9_c2_TCGAGGCTCGGCGCTA,B
B9_c2,HMN52547,flu,B,B9_c2_TCGCGAGGTTATTCTC,B
B9_c2,HMN52547,flu,B,B9_c2_TCGCGTTTCCTATTCA,B
B9_c2,,,B,B9_c2_TCGGGACTCCTTAATC,B
B9_c2,HMN52554,flu,B,B9_c2_TCGTACCCAGCAGTTT,B
B9_c2,,,B,B9_c2_TCGTACCTCCTTAATC,B
B9_c2,,,B,B9_c2_TCTATTGGTCGACTGC,B
B9_c2,HMN52556,flu,B,B9_c2_TCTCATAAGGAGCGTT,B
B9_c2,,,B,B9_c2_TCTGAGAAGTACACCT,B
B9_c2,HMN52556,flu,B,B9_c2_TCTGGAACATACTCTT,B
B9_c2,HMN52554,flu,B,B9_c2_TGAAAGAGTTGTGGAG,B
B9_c2,,,B,B9_c2_TGACAACTCACTCTTA,B
B9_c2,HMN52556,flu,B,B9_c2_TGACTAGAGTCTTGCA,B
B9_c2,,,B,B9_c2_TGAGCCGAGTGGAGAA,B
B9_c2,,,B,B9_c2_TGAGCCGCAGCTTAAC,B
B9_c2,HMN52554,flu,B,B9_c2_TGAGGGATCAAACAAG,B
B9_c2,HMN52554,flu,B,B9_c2_TGCCCATAGTCGCCGT,B
B9_c2,,,B,B9_c2_TGCCCATTCACTTCAT,B
B9_c2,HMN52556,flu,B,B9_c2_TGCCCTATCAAACCGT,B
B9_c2,HMN52556,flu,B,B9_c2_TGCGCAGCACCCTATC,B
B9_c2,,,B,B9_c2_TGCGTGGTCGCCTGTT,B
B9_c2,,,B,B9_c2_TGCGTGGTCTCGAGTA,B
B9_c2,,,B,B9_c2_TGCTACCAGGAGTTTA,B
B9_c2,HMN52556,flu,B,B9_c2_TGCTACCGTGAGGGTT,B
B9_c2,HMN52554,flu,B,B9_c2_TGCTACCGTTAAGAAC,B
B9_c2,HMN52547,flu,B,B9_c2_TGCTGCTGTCTGGTCG,B
B9_c2,,,B,B9_c2_TGCTGCTGTGTAATGA,B
B9_c2,HMN52547,flu,B,B9_c2_TGGACGCAGCCAGGAT,B
B9_c2,HMN52554,flu,B,B9_c2_TGGGAAGCATGCAATC,B
B9_c2,HMN52547,flu,B,B9_c2_TGGGCGTAGCACCGCT,B
B9_c2,HMN52556,flu,B,B9_c2_TGGGCGTCAGGGTACA,B
B9_c2,HMN52556,flu,B,B9_c2_TGGTTAGAGGGCTTCC,B
B9_c2,HMN52556,flu,B,B9_c2_TGGTTAGGTAGCGATG,B
B9_c2,HMN52556,flu,B,B9_c2_TGTCCCAAGTGTGGCA,B
B9_c2,,,B,B9_c2_TGTCCCAGTAAACCTC,B
B9_c2,,,B,B9_c2_TGTCCCAGTAGGCTGA,B
B9_c2,HMN52547,flu,B,B9_c2_TGTCCCATCTTGTACT,B
B9_c2,HMN52547,flu,B,B9_c2_TGTGTTTAGGTGTGGT,B
B9_c2,,,B,B9_c2_TGTGTTTCAGGCAGTA,B
B9_c2,,,B,B9_c2_TGTTCCGGTGTAACGG,B
B9_c2,HMN52554,flu,B,B9_c2_TTAGGACAGCTAACAA,B
B9_c2,HMN52556,flu,B,B9_c2_TTAGGCATCGAACGGA,B
B9_c2,HMN52556,flu,B,B9_c2_TTAGTTCAGGCCCTCA,B
B9_c2,,,B,B9_c2_TTAGTTCCATCGATTG,B
B9_c2,HMN52547,flu,B,B9_c2_TTAGTTCCATGCCTTC,B
B9_c2,HMN52556,flu,B,B9_c2_TTCGAAGGTCTCGTTC,B
B9_c2,HMN52554,flu,B,B9_c2_TTCTACACACTCAGGC,B
B9_c2,,,B,B9_c2_TTCTCAAGTTGCCTCT,B
B9_c2,,,B,B9_c2_TTCTCCTCATAGTAAG,B
B9_c2,HMN52556,flu,B,B9_c2_TTCTTAGCAGCTATTG,B
B9_c2,HMN52556,flu,B,B9_c2_TTCTTAGGTCTGCCAG,B
B9_c2,HMN52547,flu,B,B9_c2_TTGAACGAGCGTAGTG,B
B9_c2,HMN52547,flu,B,B9_c2_TTGAACGGTATCACCA,B
B9_c2,HMN52554,flu,B,B9_c2_TTGACTTAGAAGCCCA,B
B9_c2,HMN52556,flu,B,B9_c2_TTGACTTAGCGTAATA,B
B9_c2,HMN52547,flu,B,B9_c2_TTGACTTGTCATACTG,B
B9_c2,HMN52556,flu,B,B9_c2_TTGGAACTCCTCCTAG,B
B9_c2,HMN52547,flu,B,B9_c2_TTGTAGGGTAAGGGAA,B
B9_c2,HMN52554,flu,B,B9_c2_TTTCCTCGTCTGGAGA,B
B9_c2,,,B,B9_c2_TTTGCGCTCACGCGGT,B
B9_c2,HMN52554,flu,B,B9_c2_TTTGCGCTCACGGTTA,B
B9_c2,,,B,B9_c2_TTTGGTTAGCAGCGTA,B
B10_c1,HMN52550,flu,B,B10_c1_AAACGGGAGGCGATAC,B
B10_c1,HMN52555,flu,B,B10_c1_AAACGGGAGTTTAGGA,B
B10_c1,HMN52555,flu,B,B10_c1_AAACGGGCACCAGGCT,B
B10_c1,,,B,B10_c1_AACACGTAGCACCGTC,B
B10_c1,HMN52555,flu,B,B10_c1_AACACGTAGCGTAATA,B
B10_c1,,,B,B10_c1_AACCATGCAAGGACTG,B
B10_c1,,,B,B10_c1_AACCATGCACATCCGG,B
B10_c1,,,B,B10_c1_AACTCAGGTCGCGAAA,B
B10_c1,,,B,B10_c1_AACTCTTCAGTGGGAT,B
B10_c1,,,B,B10_c1_AATCGGTCAGTTTACG,B
B10_c1,HMN52555,flu,B,B10_c1_ACAGCTAAGGCAATTA,B
B10_c1,HMN52561,flu,B,B10_c1_ACCAGTATCAAGATCC,B
B10_c1,HMN52550,flu,B,B10_c1_ACCCACTCAAGACGTG,B
B10_c1,HMN52561,flu,B,B10_c1_ACGAGCCAGGTACTCT,B
B10_c1,HMN52561,flu,B,B10_c1_ACGAGCCTCAACACTG,B
B10_c1,HMN52550,flu,B,B10_c1_ACGAGGACATTGTGCA,B
B10_c1,,,B,B10_c1_ACGAGGATCTAACGGT,B
B10_c1,HMN52550,flu,B,B10_c1_ACGATGTTCAGAGCTT,B
B10_c1,HMN52561,flu,B,B10_c1_ACGATGTTCCGTAGTA,B
B10_c1,,,B,B10_c1_ACGATGTTCGGCGCAT,B
B10_c1,HMN52561,flu,B,B10_c1_ACGCCAGCAGTAAGAT,B
B10_c1,HMN52555,flu,B,B10_c1_ACGCCAGTCCGAATGT,B
B10_c1,,,B,B10_c1_ACGGAGAGTCCAACTA,B
B10_c1,HMN52555,flu,B,B10_c1_ACGGGTCTCGTCGTTC,B
B10_c1,HMN52555,flu,B,B10_c1_ACTGCTCTCTTGCATT,B
B10_c1,HMN52561,flu,B,B10_c1_ACTTACTGTTCCAACA,B
B10_c1,HMN52561,flu,B,B10_c1_ACTTTCAAGTTAAGTG,B
B10_c1,HMN52550,flu,B,B10_c1_AGAATAGGTAAGGGAA,B
B10_c1,HMN52550,flu,B,B10_c1_AGAATAGTCAGAAATG,B
B10_c1,,,B,B10_c1_AGAGCTTAGGAATGGA,B
B10_c1,,,B,B10_c1_AGAGCTTCAAGTACCT,B
B10_c1,HMN52550,flu,B,B10_c1_AGAGCTTTCAGTGCAT,B
B10_c1,,,B,B10_c1_AGCAGCCCACAGACAG,B
B10_c1,HMN52550,flu,B,B10_c1_AGCCTAATCCGGGTGT,B
B10_c1,HMN52555,flu,B,B10_c1_AGCGGTCAGCTAGGCA,B
B10_c1,,,B,B10_c1_AGCGGTCGTCATGCCG,B
B10_c1,,,B,B10_c1_AGCGTATGTAAAGGAG,B
B10_c1,HMN52561,flu,B,B10_c1_AGCGTATGTATATGAG,B
B10_c1,HMN52555,flu,B,B10_c1_AGCTCCTAGAGCTATA,B
B10_c1,HMN52555,flu,B,B10_c1_AGGCCGTTCTGCTGTC,B
B10_c1,,,B,B10_c1_AGGGATGCAGTGGGAT,B
B10_c1,HMN52555,flu,B,B10_c1_AGGGTGACAATGCCAT,B
B10_c1,,,B,B10_c1_ATCCACCAGGATATAC,B
B10_c1,,,B,B10_c1_ATCCACCCAATGTTGC,B
B10_c1,,,B,B10_c1_ATCGAGTAGTGTCCCG,B
B10_c1,HMN52550,flu,B,B10_c1_ATCTGCCCAAGCGTAG,B
B10_c1,HMN52555,flu,B,B10_c1_ATGGGAGCAGGGTACA,B
B10_c1,,,B,B10_c1_ATTGGACAGAACTCGG,B
B10_c1,HMN52561,flu,B,B10_c1_ATTTCTGAGAGCTGGT,B
B10_c1,HMN52550,flu,B,B10_c1_CAACCTCGTCCATGAT,B
B10_c1,,,B,B10_c1_CAACTAGCAACACCCG,B
B10_c1,HMN52561,flu,B,B10_c1_CAACTAGTCAAGGCTT,B
B10_c1,HMN52550,flu,B,B10_c1_CAACTAGTCTGGCGAC,B
B10_c1,HMN52550,flu,B,B10_c1_CAAGAAAGTGACGGTA,B
B10_c1,HMN52550,flu,B,B10_c1_CAAGATCAGCCAGTTT,B
B10_c1,,,B,B10_c1_CAAGATCCATTGGGCC,B
B10_c1,HMN52555,flu,B,B10_c1_CACAGGCAGTTGTCGT,B
B10_c1,HMN52561,flu,B,B10_c1_CACAGGCTCAAGATCC,B
B10_c1,,,B,B10_c1_CACATAGGTTGCTCCT,B
B10_c1,,,B,B10_c1_CACATTTAGACCACGA,B
B10_c1,HMN52555,flu,B,B10_c1_CACATTTTCGCCATAA,B
B10_c1,,,B,B10_c1_CACCACTAGAGTAAGG,B
B10_c1,,,B,B10_c1_CACCAGGGTAAGCACG,B
B10_c1,HMN52555,flu,B,B10_c1_CACTCCACACAGATTC,B
B10_c1,HMN52555,flu,B,B10_c1_CACTCCACAGATAATG,B
B10_c1,HMN52561,flu,B,B10_c1_CAGAATCGTGTGTGCC,B
B10_c1,,,B,B10_c1_CAGCATAGTAAATGTG,B
B10_c1,HMN52550,flu,B,B10_c1_CAGCATAGTTATGTGC,B
B10_c1,,,B,B10_c1_CAGCCGAAGTGGACGT,B
B10_c1,,,B,B10_c1_CAGCCGATCTTTACAC,B
B10_c1,HMN52561,flu,B,B10_c1_CAGCTGGTCCCGGATG,B
B10_c1,,,B,B10_c1_CATGCCTTCTATCCCG,B
B10_c1,HMN52550,flu,B,B10_c1_CCCAATCGTCAAAGAT,B
B10_c1,HMN52561,flu,B,B10_c1_CCTAAAGAGAATTCCC,B
B10_c1,HMN52555,flu,B,B10_c1_CCTACCACATTCACTT,B
B10_c1,HMN52550,flu,B,B10_c1_CCTAGCTAGTAGCGGT,B
B10_c1,HMN52555,flu,B,B10_c1_CCTATTATCTACGAGT,B
B10_c1,HMN52550,flu,B,B10_c1_CCTCAGTGTTTCGCTC,B
B10_c1,,,B,B10_c1_CCTCTGAGTTACTGAC,B
B10_c1,,,B,B10_c1_CCTTACGGTTAAGTAG,B
B10_c1,HMN52550,flu,B,B10_c1_CCTTCGAGTCTTGCGG,B
B10_c1,,,B,B10_c1_CCTTTCTGTCTAGGTT,B
B10_c1,,,B,B10_c1_CGAATGTAGAAACGCC,B
B10_c1,HMN52561,flu,B,B10_c1_CGAATGTGTTTGACAC,B
B10_c1,HMN52550,flu,B,B10_c1_CGACCTTCATAGTAAG,B
B10_c1,HMN52561,flu,B,B10_c1_CGATCGGCATGCAACT,B
B10_c1,HMN52555,flu,B,B10_c1_CGATGTAAGAATGTGT,B
B10_c1,HMN52561,flu,B,B10_c1_CGCTATCAGAGCTGGT,B
B10_c1,HMN52550,flu,B,B10_c1_CGCTGGAGTCTGCCAG,B
B10_c1,HMN52555,flu,B,B10_c1_CGCTTCACAAAGAATC,B
B10_c1,HMN52550,flu,B,B10_c1_CGGAGTCAGGTGGGTT,B
B10_c1,,,B,B10_c1_CGGCTAGAGCCACCTG,B
B10_c1,,,B,B10_c1_CGGCTAGAGTGGTCCC,B
B10_c1,HMN52550,flu,B,B10_c1_CGGGTCAGTTTGACTG,B
B10_c1,HMN52555,flu,B,B10_c1_CGGTTAACAACACGCC,B
B10_c1,HMN52555,flu,B,B10_c1_CGTAGGCAGATCACGG,B
B10_c1,HMN52555,flu,B,B10_c1_CGTCACTCACGAAACG,B
B10_c1,,,B,B10_c1_CGTCCATCACAGGCCT,B
B10_c1,HMN52550,flu,B,B10_c1_CGTGTAAAGTCGTACT,B
B10_c1,HMN52555,flu,B,B10_c1_CTACATTAGATCGATA,B
B10_c1,HMN52550,flu,B,B10_c1_CTAGAGTGTCGAAAGC,B
B10_c1,,,B,B10_c1_CTCATTAGTCACACGC,B
B10_c1,HMN52561,flu,B,B10_c1_CTCCTAGTCATTGCCC,B
B10_c1,,,B,B10_c1_CTCGAAAGTTGGAGGT,B
B10_c1,HMN52555,flu,B,B10_c1_CTCGGAGAGCTAGTGG,B
B10_c1,,,B,B10_c1_CTCGGAGTCAACACAC,B
B10_c1,,,B,B10_c1_CTCGGGATCCTCATTA,B
B10_c1,HMN52561,flu,B,B10_c1_CTCGTCAAGTTAGCGG,B
B10_c1,HMN52561,flu,B,B10_c1_CTCTAATGTCAGAATA,B
B10_c1,HMN52555,flu,B,B10_c1_CTCTACGAGTGCTGCC,B
B10_c1,HMN52561,flu,B,B10_c1_CTCTGGTGTTAAAGTG,B
B10_c1,HMN52555,flu,B,B10_c1_CTGATCCAGCGTTCCG,B
B10_c1,HMN52550,flu,B,B10_c1_CTGATCCCAAATTGCC,B
B10_c1,,,B,B10_c1_CTGCGGAAGTGGGTTG,B
B10_c1,HMN52555,flu,B,B10_c1_CTGCTGTCAACTGCGC,B
B10_c1,HMN52561,flu,B,B10_c1_CTGGTCTCACATTCGA,B
B10_c1,,,B,B10_c1_CTGTGCTTCGTGGTCG,B
B10_c1,,,B,B10_c1_CTGTTTATCTGTGCAA,B
B10_c1,HMN52561,flu,B,B10_c1_CTTTGCGTCACCGTAA,B
B10_c1,HMN52550,flu,B,B10_c1_GAACCTATCTAGAGTC,B
B10_c1,HMN52561,flu,B,B10_c1_GAAGCAGAGAAGGGTA,B
B10_c1,,,B,B10_c1_GAAGCAGTCGTATCAG,B
B10_c1,,,B,B10_c1_GAATAAGTCACCATAG,B
B10_c1,HMN52555,flu,B,B10_c1_GAATGAACACAAGTAA,B
B10_c1,,,B,B10_c1_GACACGCAGGATGTAT,B
B10_c1,HMN52555,flu,B,B10_c1_GACACGCCAATCTGCA,B
B10_c1,HMN52550,flu,B,B10_c1_GACAGAGCAGGTGGAT,B
B10_c1,,,B,B10_c1_GACCTGGTCACCAGGC,B
B10_c1,,,B,B10_c1_GACCTGGTCGCCAGCA,B
B10_c1,HMN52550,flu,B,B10_c1_GACGCGTAGCTGTTCA,B
B10_c1,,,B,B10_c1_GACGCGTAGGCGTACA,B
B10_c1,HMN52555,flu,B,B10_c1_GACGCGTGTCTTCAAG,B
B10_c1,,,B,B10_c1_GACGGCTCACACGCTG,B
B10_c1,HMN52561,flu,B,B10_c1_GACTACATCTCTAGGA,B
B10_c1,HMN52561,flu,B,B10_c1_GAGCAGAGTCTTGTCC,B
B10_c1,HMN52550,flu,B,B10_c1_GAGTCCGCAGTCAGCC,B
B10_c1,HMN52550,flu,B,B10_c1_GAGTCCGGTAAGGGCT,B
B10_c1,,,B,B10_c1_GATCAGTAGCACACAG,B
B10_c1,HMN52555,flu,B,B10_c1_GATCAGTGTCTCTCTG,B
B10_c1,,,B,B10_c1_GATCAGTTCAACCAAC,B
B10_c1,HMN52550,flu,B,B10_c1_GATCGTATCGGAAACG,B
B10_c1,,,B,B10_c1_GATCTAGCAGTCTTCC,B
B10_c1,HMN52555,flu,B,B10_c1_GATTCAGAGCGTCAAG,B
B10_c1,HMN52561,flu,B,B10_c1_GCAATCACATCCCACT,B
B10_c1,,,B,B10_c1_GCACATAGTCGGGTCT,B
B10_c1,HMN52550,flu,B,B10_c1_GCACATATCGGAAACG,B
B10_c1,HMN52550,flu,B,B10_c1_GCAGTTAAGGAGTAGA,B
B10_c1,HMN52561,flu,B,B10_c1_GCAGTTAGTCGGCACT,B
B10_c1,HMN52555,flu,B,B10_c1_GCATACAAGCGATAGC,B
B10_c1,HMN52561,flu,B,B10_c1_GCATGTATCATACGGT,B
B10_c1,HMN52550,flu,B,B10_c1_GCGACCAGTGGAAAGA,B
B10_c1,HMN52561,flu,B,B10_c1_GCGAGAAAGGGCTCTC,B
B10_c1,,,B,B10_c1_GCGCAACTCTCTAAGG,B
B10_c1,HMN52561,flu,B,B10_c1_GCGCGATTCCGATATG,B
B10_c1,,,B,B10_c1_GCGGGTTGTCGCATCG,B
B10_c1,HMN52555,flu,B,B10_c1_GCGGGTTGTGACGGTA,B
B10_c1,HMN52550,flu,B,B10_c1_GCGGGTTTCGTGGGAA,B
B10_c1,HMN52555,flu,B,B10_c1_GCTCCTACAGGGCATA,B
B10_c1,HMN52555,flu,B,B10_c1_GCTCCTACATCCTAGA,B
B10_c1,,,B,B10_c1_GCTGCAGCAAAGTCAA,B
B10_c1,HMN52555,flu,B,B10_c1_GCTGGGTGTAAACACA,B
B10_c1,HMN52550,flu,B,B10_c1_GCTTCCAAGTTAAGTG,B
B10_c1,HMN52550,flu,B,B10_c1_GCTTCCACAGGGAGAG,B
B10_c1,,,B,B10_c1_GGACAAGCAAGACGTG,B
B10_c1,,,B,B10_c1_GGACATTGTCTCAACA,B
B10_c1,HMN52555,flu,B,B10_c1_GGATGTTAGCCAACAG,B
B10_c1,,,B,B10_c1_GGCCGATGTAAACGCG,B
B10_c1,HMN52550,flu,B,B10_c1_GGCGACTGTGCGATAG,B
B10_c1,HMN52550,flu,B,B10_c1_GGCTCGAAGATGGCGT,B
B10_c1,,,B,B10_c1_GGCTCGATCAGTCAGT,B
B10_c1,HMN52550,flu,B,B10_c1_GGGAATGCACAAGCCC,B
B10_c1,HMN52555,flu,B,B10_c1_GGGACCTTCTCGAGTA,B
B10_c1,HMN52555,flu,B,B10_c1_GGGATGACAAACTGTC,B
B10_c1,HMN52561,flu,B,B10_c1_GGGCACTGTATAAACG,B
B10_c1,HMN52555,flu,B,B10_c1_GGGCACTGTCCGTCAG,B
B10_c1,,,B,B10_c1_GGGCACTTCCGATATG,B
B10_c1,,,B,B10_c1_GGTGAAGCATTATCTC,B
B10_c1,HMN52550,flu,B,B10_c1_GGTGAAGTCGCCAGCA,B
B10_c1,HMN52555,flu,B,B10_c1_GGTGCGTTCCGATATG,B
B10_c1,,,B,B10_c1_GGTGTTAAGAAACGAG,B
B10_c1,HMN52555,flu,B,B10_c1_GGTGTTATCATGCATG,B
B10_c1,HMN52555,flu,B,B10_c1_GTAACGTCAGCGTTCG,B
B10_c1,HMN52555,flu,B,B10_c1_GTACGTAAGGTGCTTT,B
B10_c1,HMN52555,flu,B,B10_c1_GTACTTTAGCGTTGCC,B
B10_c1,HMN52561,flu,B,B10_c1_GTACTTTAGCTACCTA,B
B10_c1,HMN52561,flu,B,B10_c1_GTACTTTCACGAGGTA,B
B10_c1,HMN52550,flu,B,B10_c1_GTAGTCAGTCCCTACT,B
B10_c1,HMN52555,flu,B,B10_c1_GTATCTTGTCAGCTAT,B
B10_c1,,,B,B10_c1_GTCATTTCAGACAAGC,B
B10_c1,HMN52550,flu,B,B10_c1_GTCCTCAGTTACGTCA,B
B10_c1,,,B,B10_c1_GTCTCGTAGCACAGGT,B
B10_c1,,,B,B10_c1_GTCTTCGCATCACAAC,B
B10_c1,,,B,B10_c1_GTGTTAGCACACCGCA,B
B10_c1,HMN52561,flu,B,B10_c1_GTTCATTTCTGGTTCC,B
B10_c1,HMN52550,flu,B,B10_c1_GTTCGGGAGAAGGCCT,B
B10_c1,HMN52555,flu,B,B10_c1_GTTCGGGCATCTACGA,B
B10_c1,,,B,B10_c1_GTTCGGGGTGACGCCT,B
B10_c1,,,B,B10_c1_GTTCGGGTCTAACTTC,B
B10_c1,HMN52550,flu,B,B10_c1_GTTCTCGAGAAACCGC,B
B10_c1,HMN52555,flu,B,B10_c1_TAAACCGAGAAGGACA,B
B10_c1,HMN52559,NI,B,B10_c1_TAAGTGCTCAAGAAGT,B
B10_c1,,,B,B10_c1_TACAGTGGTTCAGACT,B
B10_c1,HMN52561,flu,B,B10_c1_TACGGATGTCAGAATA,B
B10_c1,HMN52550,flu,B,B10_c1_TACTCGCAGTGACATA,B
B10_c1,,,B,B10_c1_TACTTACCAAGTAGTA,B
B10_c1,,,B,B10_c1_TAGACCAAGTTGCAGG,B
B10_c1,HMN52555,flu,B,B10_c1_TAGGCATAGTCATGCT,B
B10_c1,,,B,B10_c1_TAGTTGGAGTACCGGA,B
B10_c1,HMN52561,flu,B,B10_c1_TAGTTGGTCACATAGC,B
B10_c1,HMN52550,flu,B,B10_c1_TATCAGGAGTTGAGAT,B
B10_c1,HMN52561,flu,B,B10_c1_TCAACGACACATTTCT,B
B10_c1,HMN52555,flu,B,B10_c1_TCAACGATCCGCATCT,B
B10_c1,HMN52561,flu,B,B10_c1_TCACGAAAGCCCAGCT,B
B10_c1,,,B,B10_c1_TCAGATGTCTGCTGCT,B
B10_c1,HMN52561,flu,B,B10_c1_TCAGCAAGTAAGTGGC,B
B10_c1,HMN52561,flu,B,B10_c1_TCATTACCAGGTCTCG,B
B10_c1,HMN52550,flu,B,B10_c1_TCATTTGTCCGTACAA,B
B10_c1,HMN52555,flu,B,B10_c1_TCCCGATCAATGGAGC,B
B10_c1,,,B,B10_c1_TCGAGGCCATCTCGCT,B
B10_c1,HMN52550,flu,B,B10_c1_TCGCGAGAGCTAAACA,B
B10_c1,,,B,B10_c1_TCGCGAGTCATTCACT,B
B10_c1,HMN52550,flu,B,B10_c1_TCGCGTTGTGCAGTAG,B
B10_c1,HMN52555,flu,B,B10_c1_TCGGGACCACCAGCAC,B
B10_c1,HMN52561,flu,B,B10_c1_TCGGTAAAGATGTAAC,B
B10_c1,HMN52550,flu,B,B10_c1_TCTCATACACGAGAGT,B
B10_c1,HMN52561,flu,B,B10_c1_TGAAAGAAGTCAAGCG,B
B10_c1,HMN52561,flu,B,B10_c1_TGACAACGTTCAGCGC,B
B10_c1,,,B,B10_c1_TGACAACTCGAACTGT,B
B10_c1,,,B,B10_c1_TGACGGCAGATAGGAG,B
B10_c1,,,B,B10_c1_TGACTTTAGGATTCGG,B
B10_c1,HMN52548,NI,B,B10_c1_TGAGCATAGGTGCACA,B
B10_c1,HMN52550,flu,B,B10_c1_TGAGCATAGTGGAGAA,B
B10_c1,HMN52555,flu,B,B10_c1_TGAGCATTCAAAGTAG,B
B10_c1,HMN52555,flu,B,B10_c1_TGAGCCGAGGTACTCT,B
B10_c1,HMN52555,flu,B,B10_c1_TGAGCCGGTTATGCGT,B
B10_c1,HMN52555,flu,B,B10_c1_TGAGCCGGTTCATGGT,B
B10_c1,HMN52555,flu,B,B10_c1_TGAGGGATCCGTTGCT,B
B10_c1,HMN52546,NI,B,B10_c1_TGAGGGATCGAACTGT,B
B10_c1,HMN52561,flu,B,B10_c1_TGCCCTATCTCGGACG,B
B10_c1,HMN52550,flu,B,B10_c1_TGGCGCACAGGGTATG,B
B10_c1,HMN52550,flu,B,B10_c1_TGGGAAGTCATGTGGT,B
B10_c1,,,B,B10_c1_TGGGCGTCAGTTTACG,B
B10_c1,,,B,B10_c1_TGGTTAGCAACACCCG,B
B10_c1,,,B,B10_c1_TGTATTCAGGTGCAAC,B
B10_c1,,,B,B10_c1_TGTCCCACACCGTTGG,B
B10_c1,HMN52550,flu,B,B10_c1_TGTGGTAAGGGAAACA,B
B10_c1,HMN52550,flu,B,B10_c1_TGTGGTAGTAGGACAC,B
B10_c1,HMN52550,flu,B,B10_c1_TGTGTTTAGTTCGATC,B
B10_c1,HMN52555,flu,B,B10_c1_TGTGTTTTCAGCCTAA,B
B10_c1,,,B,B10_c1_TTAGGACCACTCTGTC,B
B10_c1,,,B,B10_c1_TTAGTTCTCCTCAACC,B
B10_c1,HMN52555,flu,B,B10_c1_TTCCCAGGTAAAGTCA,B
B10_c1,,,B,B10_c1_TTCCCAGGTTTGGGCC,B
B10_c1,HMN52555,flu,B,B10_c1_TTCTACACAGACGCAA,B
B10_c1,,,B,B10_c1_TTCTTAGCAATCTGCA,B
B10_c1,HMN52550,flu,B,B10_c1_TTCTTAGGTTCACCTC,B
B10_c1,,,B,B10_c1_TTTCCTCTCGAGGTAG,B
B10_c2,,,B,B10_c2_AAACCTGAGCCGTCGT,B
B10_c2,,,B,B10_c2_AAACCTGAGGCGTACA,B
B10_c2,,,B,B10_c2_AAACCTGCAACTGCTA,B
B10_c2,HMN52548,flu,B,B10_c2_AAACCTGTCTTGCAAG,B
B10_c2,HMN52548,flu,B,B10_c2_AAACGGGAGTGACTCT,B
B10_c2,HMN52548,flu,B,B10_c2_AAAGATGGTGCACTTA,B
B10_c2,HMN52548,flu,B,B10_c2_AAAGCAAGTGGTAACG,B
B10_c2,HMN52548,flu,B,B10_c2_AAAGCAATCTGAGGGA,B
B10_c2,HMN52548,flu,B,B10_c2_AACACGTTCTCTGTCG,B
B10_c2,HMN52548,flu,B,B10_c2_AACCATGCAGCTGTTA,B
B10_c2,,,B,B10_c2_AACCGCGCACATGTGT,B
B10_c2,HMN52559,flu,B,B10_c2_AACGTTGAGACTCGGA,B
B10_c2,HMN52559,flu,B,B10_c2_AACGTTGAGTGGTAAT,B
B10_c2,,,B,B10_c2_AACGTTGTCAGTCCCT,B
B10_c2,,,B,B10_c2_AACTCAGAGGACGAAA,B
B10_c2,HMN52559,flu,B,B10_c2_AACTCAGGTCCAAGTT,B
B10_c2,,,B,B10_c2_AACTCCCGTTTGGGCC,B
B10_c2,HMN52559,flu,B,B10_c2_AACTCTTAGATCCGAG,B
B10_c2,,,B,B10_c2_AACTCTTAGTGTCTCA,B
B10_c2,,,B,B10_c2_AACTGGTTCCTAAGTG,B
B10_c2,HMN52548,flu,B,B10_c2_AAGACCTCATGTCGAT,B
B10_c2,HMN52559,flu,B,B10_c2_AAGACCTGTCCCGACA,B
B10_c2,,,B,B10_c2_AAGCCGCAGCTGCGAA,B
B10_c2,HMN52559,flu,B,B10_c2_AAGGAGCTCCCAACGG,B
B10_c2,,,B,B10_c2_AAGGAGCTCGAGAACG,B
B10_c2,HMN52548,flu,B,B10_c2_AAGGCAGAGCGATATA,B
B10_c2,HMN52548,flu,B,B10_c2_AAGGCAGCACGGACAA,B
B10_c2,HMN52548,flu,B,B10_c2_AAGGCAGCATGTAGTC,B
B10_c2,,,B,B10_c2_AAGGTTCTCATCATTC,B
B10_c2,HMN52548,flu,B,B10_c2_AATCCAGCAGACGTAG,B
B10_c2,HMN52548,flu,B,B10_c2_AATCCAGGTCCAGTTA,B
B10_c2,,,B,B10_c2_AATCGGTAGAATGTGT,B
B10_c2,,,B,B10_c2_AATCGGTCAGACGCTC,B
B10_c2,,,B,B10_c2_AATCGGTCAGGGTACA,B
B10_c2,,,B,B10_c2_AATCGGTGTACGCACC,B
B10_c2,,,B,B10_c2_ACACCAACAGAAGCAC,B
B10_c2,HMN52546,flu,B,B10_c2_ACACCCTAGTATCGAA,B
B10_c2,HMN52559,flu,B,B10_c2_ACACCGGAGAGTGAGA,B
B10_c2,HMN52546,flu,B,B10_c2_ACACCGGGTCACACGC,B
B10_c2,,,B,B10_c2_ACACTGATCATCATTC,B
B10_c2,,,B,B10_c2_ACAGCTAAGAGATGAG,B
B10_c2,HMN52548,flu,B,B10_c2_ACAGCTAAGCGTAGTG,B
B10_c2,,,B,B10_c2_ACATACGCACATTAGC,B
B10_c2,HMN52559,flu,B,B10_c2_ACATACGGTAGGAGTC,B
B10_c2,HMN52548,flu,B,B10_c2_ACATCAGAGACTTTCG,B
B10_c2,HMN52546,flu,B,B10_c2_ACATCAGAGCGATCCC,B
B10_c2,,,B,B10_c2_ACATCAGTCATTCACT,B
B10_c2,,,B,B10_c2_ACATGGTGTTCGGCAC,B
B10_c2,,,B,B10_c2_ACATGGTTCTCGCATC,B
B10_c2,HMN52548,flu,B,B10_c2_ACCAGTACAATAAGCA,B
B10_c2,HMN52548,flu,B,B10_c2_ACCCACTTCTGATACG,B
B10_c2,HMN52559,flu,B,B10_c2_ACCTTTACAGACTCGC,B
B10_c2,HMN52559,flu,B,B10_c2_ACCTTTAGTATTACCG,B
B10_c2,HMN52559,flu,B,B10_c2_ACCTTTAGTTGGACCC,B
B10_c2,,,B,B10_c2_ACCTTTATCGCATGGC,B
B10_c2,,,B,B10_c2_ACGAGCCAGTGTCCCG,B
B10_c2,HMN52559,flu,B,B10_c2_ACGAGCCCATCACGAT,B
B10_c2,,,B,B10_c2_ACGAGCCTCTGCCCTA,B
B10_c2,HMN52546,flu,B,B10_c2_ACGAGGAAGCACACAG,B
B10_c2,,,B,B10_c2_ACGCAGCCAGATCCAT,B
B10_c2,HMN52559,flu,B,B10_c2_ACGCCAGAGACAAAGG,B
B10_c2,HMN52548,flu,B,B10_c2_ACGCCAGCAAGTTAAG,B
B10_c2,HMN52548,flu,B,B10_c2_ACGCCAGTCACCATAG,B
B10_c2,HMN52546,flu,B,B10_c2_ACGGAGAAGAGGTTGC,B
B10_c2,,,B,B10_c2_ACGGCCAAGACACGAC,B
B10_c2,,,B,B10_c2_ACGGGCTAGTTACGGG,B
B10_c2,,,B,B10_c2_ACGGGCTTCTCGCATC,B
B10_c2,HMN52548,flu,B,B10_c2_ACGGGTCCAGCAGTTT,B
B10_c2,HMN52559,flu,B,B10_c2_ACGGGTCGTACGCTGC,B
B10_c2,,,B,B10_c2_ACGTCAATCACGGTTA,B
B10_c2,HMN52559,flu,B,B10_c2_ACTATCTCAGGGAGAG,B
B10_c2,,,B,B10_c2_ACTATCTGTGCGATAG,B
B10_c2,HMN52559,flu,B,B10_c2_ACTATCTTCAGCGATT,B
B10_c2,HMN52546,flu,B,B10_c2_ACTGAACAGCCTTGAT,B
B10_c2,HMN52548,flu,B,B10_c2_ACTGAACAGGCCGAAT,B
B10_c2,HMN52546,flu,B,B10_c2_ACTGAGTCAGTAAGCG,B
B10_c2,HMN52548,flu,B,B10_c2_ACTGAGTTCACTATTC,B
B10_c2,HMN52548,flu,B,B10_c2_ACTGATGGTCAGTGGA,B
B10_c2,,,B,B10_c2_ACTGATGGTCCCTACT,B
B10_c2,,,B,B10_c2_ACTGCTCAGTTGAGTA,B
B10_c2,,,B,B10_c2_ACTGCTCTCTCGAGTA,B
B10_c2,HMN52559,flu,B,B10_c2_ACTGCTCTCTGAAAGA,B
B10_c2,,,B,B10_c2_ACTGTCCAGTCGAGTG,B
B10_c2,,,B,B10_c2_ACTGTCCCACAACGCC,B
B10_c2,,,B,B10_c2_ACTTACTCATCTATGG,B
B10_c2,,,B,B10_c2_ACTTGTTAGGGCATGT,B
B10_c2,HMN52546,flu,B,B10_c2_ACTTGTTCATCGGACC,B
B10_c2,HMN52548,flu,B,B10_c2_ACTTGTTGTACGCTGC,B
B10_c2,,,B,B10_c2_ACTTTCACAACACCCG,B
B10_c2,,,B,B10_c2_ACTTTCATCAGAGGTG,B
B10_c2,HMN52548,flu,B,B10_c2_AGAGCGAAGGAATTAC,B
B10_c2,HMN52548,flu,B,B10_c2_AGAGCGACACCTATCC,B
B10_c2,HMN52559,flu,B,B10_c2_AGAGCTTCAAGCCATT,B
B10_c2,HMN52548,flu,B,B10_c2_AGAGTGGCAGTAAGAT,B
B10_c2,HMN52548,flu,B,B10_c2_AGAGTGGCATGATCCA,B
B10_c2,,,B,B10_c2_AGATTGCAGGCTAGAC,B
B10_c2,HMN52548,flu,B,B10_c2_AGCAGCCAGGTACTCT,B
B10_c2,HMN52548,flu,B,B10_c2_AGCAGCCCACGGTAGA,B
B10_c2,HMN52548,flu,B,B10_c2_AGCATACCACTTACGA,B
B10_c2,,,B,B10_c2_AGCATACGTTACCGAT,B
B10_c2,HMN52559,flu,B,B10_c2_AGCCTAAGTCGGCATC,B
B10_c2,,,B,B10_c2_AGCGGTCAGAAGGCCT,B
B10_c2,HMN52559,flu,B,B10_c2_AGCGGTCCAATCCAAC,B
B10_c2,HMN52559,flu,B,B10_c2_AGCGTCGAGAAACGCC,B
B10_c2,,,B,B10_c2_AGCTCCTAGTAGCGGT,B
B10_c2,,,B,B10_c2_AGCTCCTCACGTAAGG,B
B10_c2,HMN52548,flu,B,B10_c2_AGCTCCTCACTCGACG,B
B10_c2,HMN52559,flu,B,B10_c2_AGCTCCTTCCTGTACC,B
B10_c2,HMN52548,flu,B,B10_c2_AGCTCTCCACGACGAA,B
B10_c2,HMN52548,flu,B,B10_c2_AGCTCTCGTCTAGAGG,B
B10_c2,HMN52559,flu,B,B10_c2_AGCTCTCGTTGTCGCG,B
B10_c2,HMN52559,flu,B,B10_c2_AGCTCTCTCACAACGT,B
B10_c2,HMN52548,flu,B,B10_c2_AGCTCTCTCGAATGGG,B
B10_c2,HMN52559,flu,B,B10_c2_AGCTTGAGTCAGAAGC,B
B10_c2,,,B,B10_c2_AGCTTGATCGCGTTTC,B
B10_c2,HMN52559,flu,B,B10_c2_AGGCCACGTACCTACA,B
B10_c2,HMN52548,flu,B,B10_c2_AGGCCGTGTCCCTACT,B
B10_c2,HMN52548,flu,B,B10_c2_AGGCCGTGTTGTCTTT,B
B10_c2,HMN52559,flu,B,B10_c2_AGGGAGTAGATATGGT,B
B10_c2,HMN52546,flu,B,B10_c2_AGGGAGTTCTCTAGGA,B
B10_c2,HMN52548,flu,B,B10_c2_AGGGATGCATCGTCGG,B
B10_c2,,,B,B10_c2_AGGGTGAGTTGATTCG,B
B10_c2,,,B,B10_c2_AGGTCCGAGCCATCGC,B
B10_c2,HMN52548,flu,B,B10_c2_AGGTCCGTCTAACTGG,B
B10_c2,HMN52548,flu,B,B10_c2_AGTAGTCCATGAAGTA,B
B10_c2,HMN52559,flu,B,B10_c2_AGTAGTCGTAAGCACG,B
B10_c2,,,B,B10_c2_AGTCTTTAGGCGACAT,B
B10_c2,HMN52548,flu,B,B10_c2_AGTCTTTGTCGACTGC,B
B10_c2,,,B,B10_c2_AGTGAGGAGGTGCACA,B
B10_c2,HMN52546,flu,B,B10_c2_AGTGAGGTCACGAAGG,B
B10_c2,HMN52559,flu,B,B10_c2_AGTGTCAGTGCTCTTC,B
B10_c2,,,B,B10_c2_AGTGTCAGTTGCGCAC,B
B10_c2,HMN52559,flu,B,B10_c2_AGTGTCATCAAACCAC,B
B10_c2,,,B,B10_c2_AGTTGGTAGCCAGGAT,B
B10_c2,HMN52559,flu,B,B10_c2_ATAACGCCAGGAACGT,B
B10_c2,,,B,B10_c2_ATAACGCCATGGTCTA,B
B10_c2,HMN52559,flu,B,B10_c2_ATAACGCGTCTAGTCA,B
B10_c2,,,B,B10_c2_ATAGACCCATGTCTCC,B
B10_c2,HMN52559,flu,B,B10_c2_ATCACGAGTGTTTGTG,B
B10_c2,HMN52559,flu,B,B10_c2_ATCACGATCAGTGCAT,B
B10_c2,HMN52546,flu,B,B10_c2_ATCCACCAGAATAGGG,B
B10_c2,,,B,B10_c2_ATCCACCCAGTGACAG,B
B10_c2,,,B,B10_c2_ATCCGAACAGTCAGCC,B
B10_c2,HMN52548,flu,B,B10_c2_ATCCGAAGTTAAAGTG,B
B10_c2,,,B,B10_c2_ATCCGAATCTGCTGTC,B
B10_c2,HMN52548,flu,B,B10_c2_ATCTACTAGACTAAGT,B
B10_c2,,,B,B10_c2_ATCTACTGTAGCGCTC,B
B10_c2,HMN52548,flu,B,B10_c2_ATCTACTGTTGATTGC,B
B10_c2,HMN52548,flu,B,B10_c2_ATCTACTTCCGTTGTC,B
B10_c2,HMN52559,flu,B,B10_c2_ATCTGCCCAAAGGAAG,B
B10_c2,HMN52559,flu,B,B10_c2_ATGCGATTCTGTACGA,B
B10_c2,,,B,B10_c2_ATGGGAGAGGACTGGT,B
B10_c2,HMN52559,flu,B,B10_c2_ATGGGAGAGGTGTGGT,B
B10_c2,HMN52559,flu,B,B10_c2_ATGTGTGTCTTCGGTC,B
B10_c2,,,B,B10_c2_ATTACTCGTAAGTTCC,B
B10_c2,,,B,B10_c2_ATTACTCGTACGCACC,B
B10_c2,HMN52548,flu,B,B10_c2_ATTACTCGTAGCGTCC,B
B10_c2,HMN52546,flu,B,B10_c2_ATTACTCGTTAAGGGC,B
B10_c2,HMN52548,flu,B,B10_c2_ATTACTCTCTCGATGA,B
B10_c2,,,B,B10_c2_ATTATCCAGTTGCAGG,B
B10_c2,HMN52548,flu,B,B10_c2_ATTCTACGTATATGAG,B
B10_c2,HMN52559,flu,B,B10_c2_ATTCTACTCCCGACTT,B
B10_c2,HMN52548,flu,B,B10_c2_ATTGGACGTCTCATCC,B
B10_c2,,,B,B10_c2_ATTGGACTCGCGGATC,B
B10_c2,HMN52559,flu,B,B10_c2_ATTGGTGAGACCCACC,B
B10_c2,HMN52548,flu,B,B10_c2_CAACCAAAGAACTGTA,B
B10_c2,,,B,B10_c2_CAACCAAGTGCCTGTG,B
B10_c2,,,B,B10_c2_CAACCTCGTAAATGTG,B
B10_c2,,,B,B10_c2_CAACCTCTCAGATAAG,B
B10_c2,,,B,B10_c2_CAACCTCTCCAAAGTC,B
B10_c2,HMN52550,NI,B,B10_c2_CAACTAGAGGATGTAT,B
B10_c2,,,B,B10_c2_CAACTAGGTCTCTTAT,B
B10_c2,HMN52546,flu,B,B10_c2_CAACTAGGTTGACGTT,B
B10_c2,HMN52548,flu,B,B10_c2_CAAGAAAGTCGCATAT,B
B10_c2,HMN52559,flu,B,B10_c2_CAAGTTGTCCAACCAA,B
B10_c2,HMN52548,flu,B,B10_c2_CACAAACAGAGTACCG,B
B10_c2,HMN52559,flu,B,B10_c2_CACAAACGTTAGTGGG,B
B10_c2,HMN52559,flu,B,B10_c2_CACACAACATCACAAC,B
B10_c2,,,B,B10_c2_CACACCTTCGGTGTTA,B
B10_c2,,,B,B10_c2_CACACTCTCCACGACG,B
B10_c2,HMN52548,flu,B,B10_c2_CACAGGCGTTTGGCGC,B
B10_c2,HMN52559,flu,B,B10_c2_CACAGTAAGCTGAAAT,B
B10_c2,,,B,B10_c2_CACATAGAGCGTGAGT,B
B10_c2,,,B,B10_c2_CACATAGCAAACGCGA,B
B10_c2,HMN52546,flu,B,B10_c2_CACATAGCAGAGTGTG,B
B10_c2,HMN52559,flu,B,B10_c2_CACATAGGTAGAGGAA,B
B10_c2,HMN52559,flu,B,B10_c2_CACATAGTCTGACCTC,B
B10_c2,HMN52548,flu,B,B10_c2_CACCTTGCAGCTCCGA,B
B10_c2,,,B,B10_c2_CACTCCAGTCTTCTCG,B
B10_c2,,,B,B10_c2_CAGAATCCACGGCGTT,B
B10_c2,,,B,B10_c2_CAGAATCGTCTGATCA,B
B10_c2,HMN52546,flu,B,B10_c2_CAGAGAGCACATTCGA,B
B10_c2,HMN52548,flu,B,B10_c2_CAGAGAGGTACGACCC,B
B10_c2,,,B,B10_c2_CAGAGAGGTTTAGCTG,B
B10_c2,HMN52548,flu,B,B10_c2_CAGATCAAGATCGGGT,B
B10_c2,,,B,B10_c2_CAGATCAAGGGCTTGA,B
B10_c2,,,B,B10_c2_CAGATCACAGCCAATT,B
B10_c2,,,B,B10_c2_CAGCATAGTACCATCA,B
B10_c2,HMN52548,flu,B,B10_c2_CAGCATAGTGTCGCTG,B
B10_c2,HMN52559,flu,B,B10_c2_CAGCCGAAGTCATGCT,B
B10_c2,HMN52559,flu,B,B10_c2_CAGCCGAAGTGCTGCC,B
B10_c2,HMN52559,flu,B,B10_c2_CAGCCGAAGTGGAGTC,B
B10_c2,,,B,B10_c2_CAGCCGAGTTCACCTC,B
B10_c2,,,B,B10_c2_CAGCCGAGTTTGGGCC,B
B10_c2,HMN52548,flu,B,B10_c2_CAGCGACAGCTGCAAG,B
B10_c2,HMN52559,flu,B,B10_c2_CAGCTAAAGCCGTCGT,B
B10_c2,HMN52559,flu,B,B10_c2_CAGCTAACAAGGTGTG,B
B10_c2,HMN52559,flu,B,B10_c2_CAGTAACAGAAACCGC,B
B10_c2,HMN52548,flu,B,B10_c2_CAGTAACCATCGTCGG,B
B10_c2,,,B,B10_c2_CAGTAACGTCGTTGTA,B
B10_c2,HMN52559,flu,B,B10_c2_CAGTCCTAGATCTGAA,B
B10_c2,HMN52548,flu,B,B10_c2_CAGTCCTGTGTGCGTC,B
B10_c2,,,B,B10_c2_CATATTCTCCTAGTGA,B
B10_c2,,,B,B10_c2_CATCCACCACCACCAG,B
B10_c2,,,B,B10_c2_CATCGAACACAAGTAA,B
B10_c2,,,B,B10_c2_CATGACACAGAAGCAC,B
B10_c2,,,B,B10_c2_CATGACAGTAGTACCT,B
B10_c2,HMN52546,flu,B,B10_c2_CATGACAGTATATGGA,B
B10_c2,HMN52559,flu,B,B10_c2_CATGCCTAGCTAGGCA,B
B10_c2,,,B,B10_c2_CATGCCTAGGCGTACA,B
B10_c2,HMN52548,flu,B,B10_c2_CATGCCTGTTGTGGCC,B
B10_c2,,,B,B10_c2_CATGCCTTCTGTCTAT,B
B10_c2,,,B,B10_c2_CCAATCCAGTGTCCCG,B
B10_c2,,,B,B10_c2_CCAATCCCAACGATCT,B
B10_c2,HMN52559,flu,B,B10_c2_CCACGGAGTAAATGAC,B
B10_c2,HMN52559,flu,B,B10_c2_CCACGGAGTACTTCTT,B
B10_c2,HMN52559,flu,B,B10_c2_CCACTACCAGAAGCAC,B
B10_c2,,,B,B10_c2_CCATTCGAGGCATGGT,B
B10_c2,HMN52559,flu,B,B10_c2_CCATTCGGTAGAAGGA,B
B10_c2,,,B,B10_c2_CCCAATCCACACTGCG,B
B10_c2,,,B,B10_c2_CCCAATCCAGACTCGC,B
B10_c2,HMN52548,flu,B,B10_c2_CCCAATCGTACGCTGC,B
B10_c2,HMN52559,flu,B,B10_c2_CCCAGTTGTACGCTGC,B
B10_c2,HMN52548,flu,B,B10_c2_CCCAGTTGTTCTGAAC,B
B10_c2,HMN52559,flu,B,B10_c2_CCCATACAGCCGGTAA,B
B10_c2,HMN52559,flu,B,B10_c2_CCCATACCAATCGGTT,B
B10_c2,,,B,B10_c2_CCCATACTCTGCAGTA,B
B10_c2,,,B,B10_c2_CCGGTAGCAATAGCAA,B
B10_c2,HMN52559,flu,B,B10_c2_CCGTACTCATCCCATC,B
B10_c2,,,B,B10_c2_CCGTGGAAGCTACCTA,B
B10_c2,,,B,B10_c2_CCGTGGAAGTCTCCTC,B
B10_c2,,,B,B10_c2_CCGTTCAGTCACTGGC,B
B10_c2,HMN52559,flu,B,B10_c2_CCTACACCAGCTGTGC,B
B10_c2,,,B,B10_c2_CCTACACGTCCTCTTG,B
B10_c2,,,B,B10_c2_CCTACCAAGGTCGGAT,B
B10_c2,,,B,B10_c2_CCTACCACACAAGACG,B
B10_c2,HMN52548,flu,B,B10_c2_CCTACCATCTACGAGT,B
B10_c2,HMN52559,flu,B,B10_c2_CCTAGCTAGCGTTGCC,B
B10_c2,HMN52559,flu,B,B10_c2_CCTAGCTGTAGCCTCG,B
B10_c2,HMN52548,flu,B,B10_c2_CCTAGCTGTCGCATAT,B
B10_c2,HMN52548,flu,B,B10_c2_CCTAGCTTCGAATGGG,B
B10_c2,HMN52548,flu,B,B10_c2_CCTCAGTTCCTAGAAC,B
B10_c2,HMN52548,flu,B,B10_c2_CCTCTGAGTAGGGACT,B
B10_c2,HMN52559,flu,B,B10_c2_CCTCTGAGTTGTGGAG,B
B10_c2,,,B,B10_c2_CCTTACGAGCAGACTG,B
B10_c2,HMN52548,flu,B,B10_c2_CCTTCGAAGTCGTTTG,B
B10_c2,HMN52546,flu,B,B10_c2_CCTTTCTGTATAGTAG,B
B10_c2,,,B,B10_c2_CCTTTCTGTCGTTGTA,B
B10_c2,HMN52559,flu,B,B10_c2_CCTTTCTTCACGCATA,B
B10_c2,,,B,B10_c2_CGAATGTAGTGTCCCG,B
B10_c2,HMN52548,flu,B,B10_c2_CGACCTTAGGTGCTTT,B
B10_c2,,,B,B10_c2_CGAGAAGGTGTTTGGT,B
B10_c2,HMN52548,flu,B,B10_c2_CGAGCACGTCGGCATC,B
B10_c2,,,B,B10_c2_CGAGCCAAGTGCAAGC,B
B10_c2,HMN52559,flu,B,B10_c2_CGAGCCATCTGCTGCT,B
B10_c2,HMN52548,flu,B,B10_c2_CGATCGGCAAGCTGTT,B
B10_c2,HMN52559,flu,B,B10_c2_CGATGGCTCTCCAACC,B
B10_c2,,,B,B10_c2_CGATGTAAGACAGAGA,B
B10_c2,HMN52548,flu,B,B10_c2_CGATGTAAGCGTTTAC,B
B10_c2,HMN52548,flu,B,B10_c2_CGCCAAGAGCATCATC,B
B10_c2,HMN52559,flu,B,B10_c2_CGCGGTAGTCTGATCA,B
B10_c2,HMN52548,flu,B,B10_c2_CGCGGTAGTTATCCGA,B
B10_c2,,,B,B10_c2_CGCGGTAGTTCCGTCT,B
B10_c2,HMN52548,flu,B,B10_c2_CGCGTTTGTGTCAATC,B
B10_c2,,,B,B10_c2_CGCGTTTTCTCGCTTG,B
B10_c2,HMN52548,flu,B,B10_c2_CGCTATCAGCTGATAA,B
B10_c2,HMN52559,flu,B,B10_c2_CGCTATCCACATCCGG,B
B10_c2,,,B,B10_c2_CGCTGGAGTGAGGGTT,B
B10_c2,,,B,B10_c2_CGCTTCAGTGTGGTTT,B
B10_c2,HMN52559,flu,B,B10_c2_CGGACTGAGCCCTAAT,B
B10_c2,HMN52559,flu,B,B10_c2_CGGACTGGTAGTAGTA,B
B10_c2,HMN52546,flu,B,B10_c2_CGGAGCTTCCCACTTG,B
B10_c2,,,B,B10_c2_CGGAGTCAGATCCGAG,B
B10_c2,HMN52559,flu,B,B10_c2_CGGAGTCGTACAGCAG,B
B10_c2,HMN52559,flu,B,B10_c2_CGGGTCAAGAGCCTAG,B
B10_c2,,,B,B10_c2_CGGGTCAAGAGTAAGG,B
B10_c2,HMN52548,flu,B,B10_c2_CGGGTCAGTATCTGCA,B
B10_c2,,,B,B10_c2_CGGGTCAGTTGCTCCT,B
B10_c2,,,B,B10_c2_CGTAGCGAGGTGTTAA,B
B10_c2,,,B,B10_c2_CGTAGCGGTTGAGGTG,B
B10_c2,,,B,B10_c2_CGTAGGCAGGAGTCTG,B
B10_c2,HMN52559,flu,B,B10_c2_CGTAGGCCACAGAGGT,B
B10_c2,,,B,B10_c2_CGTAGGCTCATCACCC,B
B10_c2,,,B,B10_c2_CGTCAGGGTTCTCATT,B
B10_c2,HMN52559,flu,B,B10_c2_CGTCCATAGTACGACG,B
B10_c2,,,B,B10_c2_CGTGAGCGTGAAATCA,B
B10_c2,HMN52548,flu,B,B10_c2_CGTGAGCTCAAGCCTA,B
B10_c2,HMN52546,flu,B,B10_c2_CGTGAGCTCTATCGCC,B
B10_c2,,,B,B10_c2_CGTGTAACAACACCTA,B
B10_c2,,,B,B10_c2_CGTGTAATCACGACTA,B
B10_c2,,,B,B10_c2_CGTGTAATCAGCGATT,B
B10_c2,HMN52559,flu,B,B10_c2_CGTGTCTAGCAGCGTA,B
B10_c2,,,B,B10_c2_CGTGTCTAGGAGCGTT,B
B10_c2,,,B,B10_c2_CGTTCTGCAGCGTAAG,B
B10_c2,HMN52548,flu,B,B10_c2_CGTTCTGTCCTGTACC,B
B10_c2,,,B,B10_c2_CGTTCTGTCGTCCAGG,B
B10_c2,HMN52548,flu,B,B10_c2_CGTTGGGGTCAGGACA,B
B10_c2,HMN52559,flu,B,B10_c2_CTAACTTCACATGTGT,B
B10_c2,HMN52559,flu,B,B10_c2_CTAACTTCATACCATG,B
B10_c2,HMN52548,flu,B,B10_c2_CTACACCAGCAGACTG,B
B10_c2,,,B,B10_c2_CTACACCTCCCAAGTA,B
B10_c2,,,B,B10_c2_CTACATTAGCTGGAAC,B
B10_c2,,,B,B10_c2_CTACATTCAATGGAGC,B
B10_c2,HMN52559,flu,B,B10_c2_CTACATTTCTCCAACC,B
B10_c2,,,B,B10_c2_CTACCCAAGCTGCGAA,B
B10_c2,HMN52548,flu,B,B10_c2_CTACCCAGTCAAAGCG,B
B10_c2,HMN52548,flu,B,B10_c2_CTACCCATCCGTTGTC,B
B10_c2,,,B,B10_c2_CTACGTCTCTCTAGGA,B
B10_c2,HMN52548,flu,B,B10_c2_CTAGAGTTCAGAGGTG,B
B10_c2,,,B,B10_c2_CTAGCCTAGTCAATAG,B
B10_c2,,,B,B10_c2_CTAGCCTCATAAGACA,B
B10_c2,HMN52548,flu,B,B10_c2_CTAGTGAAGACAATAC,B
B10_c2,,,B,B10_c2_CTAGTGACAGTAACGG,B
B10_c2,,,B,B10_c2_CTCAGAAAGTAACCCT,B
B10_c2,HMN52559,flu,B,B10_c2_CTCAGAACACACGCTG,B
B10_c2,HMN52548,flu,B,B10_c2_CTCAGAAGTGCTAGCC,B
B10_c2,,,B,B10_c2_CTCCTAGAGTCTCCTC,B
B10_c2,,,B,B10_c2_CTCCTAGGTTCCGTCT,B
B10_c2,,,B,B10_c2_CTCGAAAAGAGGTTGC,B
B10_c2,,,B,B10_c2_CTCGAGGGTTCTGTTT,B
B10_c2,HMN52546,flu,B,B10_c2_CTCGAGGTCTGGAGCC,B
B10_c2,HMN52559,flu,B,B10_c2_CTCGGAGGTAACGTTC,B
B10_c2,,,B,B10_c2_CTCGGAGTCCTCTAGC,B
B10_c2,,,B,B10_c2_CTCGTACCAGACGCAA,B
B10_c2,HMN52548,flu,B,B10_c2_CTCGTACCATAGTAAG,B
B10_c2,HMN52559,flu,B,B10_c2_CTCGTACCATCGGTTA,B
B10_c2,HMN52559,flu,B,B10_c2_CTCGTCAAGAGCCCAA,B
B10_c2,HMN52559,flu,B,B10_c2_CTCGTCAGTCTTCGTC,B
B10_c2,HMN52559,flu,B,B10_c2_CTCGTCAGTGACTCAT,B
B10_c2,,,B,B10_c2_CTCGTCATCTCTAGGA,B
B10_c2,,,B,B10_c2_CTCTAATAGACACTAA,B
B10_c2,HMN52559,flu,B,B10_c2_CTCTAATGTCGTGGCT,B
B10_c2,HMN52559,flu,B,B10_c2_CTCTACGAGACTGTAA,B
B10_c2,,,B,B10_c2_CTCTACGAGGTCGGAT,B
B10_c2,HMN52559,flu,B,B10_c2_CTCTACGTCAGTGCAT,B
B10_c2,HMN52548,flu,B,B10_c2_CTGAAGTGTCTAGAGG,B
B10_c2,HMN52546,flu,B,B10_c2_CTGAAGTTCTTACCGC,B
B10_c2,,,B,B10_c2_CTGATAGAGTGGACGT,B
B10_c2,HMN52559,flu,B,B10_c2_CTGATCCCATCTCCCA,B
B10_c2,HMN52548,flu,B,B10_c2_CTGATCCGTTGCTCCT,B
B10_c2,HMN52548,flu,B,B10_c2_CTGATCCTCCAAATGC,B
B10_c2,HMN52548,flu,B,B10_c2_CTGCCTATCTAACGGT,B
B10_c2,HMN52548,flu,B,B10_c2_CTGCGGAAGATCGGGT,B
B10_c2,HMN52548,flu,B,B10_c2_CTGCGGATCGCGTTTC,B
B10_c2,HMN52548,flu,B,B10_c2_CTGGTCTCACCAACCG,B
B10_c2,HMN52548,flu,B,B10_c2_CTGGTCTGTGATGTGG,B
B10_c2,,,B,B10_c2_CTGGTCTTCTGACCTC,B
B10_c2,HMN52548,flu,B,B10_c2_CTGTGCTAGAAGATTC,B
B10_c2,,,B,B10_c2_CTGTGCTCAGACAGGT,B
B10_c2,HMN52548,flu,B,B10_c2_CTGTGCTCAGCTATTG,B
B10_c2,HMN52548,flu,B,B10_c2_CTGTGCTTCGGTTCGG,B
B10_c2,HMN52559,flu,B,B10_c2_CTGTGCTTCTACCTGC,B
B10_c2,HMN52559,flu,B,B10_c2_CTTAACTAGCGTAATA,B
B10_c2,,,B,B10_c2_CTTACCGCAGCGAACA,B
B10_c2,,,B,B10_c2_CTTACCGGTCATTAGC,B
B10_c2,HMN52559,flu,B,B10_c2_CTTACCGTCATTGCGA,B
B10_c2,,,B,B10_c2_CTTAGGACACCAGGTC,B
B10_c2,,,B,B10_c2_CTTGGCTAGTCATCCA,B
B10_c2,HMN52559,flu,B,B10_c2_CTTGGCTGTACTCAAC,B
B10_c2,HMN52546,flu,B,B10_c2_CTTTGCGAGTGGTAGC,B
B10_c2,HMN52548,flu,B,B10_c2_CTTTGCGTCTCTGAGA,B
B10_c2,HMN52559,flu,B,B10_c2_GAAACTCAGTCATGCT,B
B10_c2,,,B,B10_c2_GAAACTCCATTCGACA,B
B10_c2,HMN52559,flu,B,B10_c2_GAAATGACAGTATCTG,B
B10_c2,,,B,B10_c2_GAAATGACAGTCAGAG,B
B10_c2,,,B,B10_c2_GAAATGAGTCAACATC,B
B10_c2,HMN52548,flu,B,B10_c2_GAAATGAGTGTGACGA,B
B10_c2,,,B,B10_c2_GAACATCTCCTGCTTG,B
B10_c2,,,B,B10_c2_GAACCTAAGTGAAGTT,B
B10_c2,,,B,B10_c2_GAACCTAAGTGGAGTC,B
B10_c2,HMN52548,flu,B,B10_c2_GAACGGACACAGTCGC,B
B10_c2,HMN52548,flu,B,B10_c2_GAACGGAGTGGCAAAC,B
B10_c2,,,B,B10_c2_GAACGGATCGAGAGCA,B
B10_c2,HMN52548,flu,B,B10_c2_GACACGCAGGCAGGTT,B
B10_c2,,,B,B10_c2_GACACGCTCCAAACAC,B
B10_c2,,,B,B10_c2_GACACGCTCGTTTGCC,B
B10_c2,HMN52559,flu,B,B10_c2_GACAGAGAGAGCCTAG,B
B10_c2,HMN52559,flu,B,B10_c2_GACAGAGCAAGCGTAG,B
B10_c2,,,B,B10_c2_GACAGAGTCCAGTAGT,B
B10_c2,HMN52548,flu,B,B10_c2_GACCAATCAAGCGCTC,B
B10_c2,HMN52546,flu,B,B10_c2_GACCAATGTTAAGTAG,B
B10_c2,,,B,B10_c2_GACCTGGAGATATGGT,B
B10_c2,HMN52548,flu,B,B10_c2_GACGGCTGTGAAATCA,B
B10_c2,HMN52548,flu,B,B10_c2_GACGGCTGTTGGTAAA,B
B10_c2,,,B,B10_c2_GACGTGCCAGACAAAT,B
B10_c2,HMN52559,flu,B,B10_c2_GACGTGCGTAGCTTGT,B
B10_c2,HMN52548,flu,B,B10_c2_GACTAACAGATATGGT,B
B10_c2,,,B,B10_c2_GACTACACATAGGATA,B
B10_c2,,,B,B10_c2_GACTGCGCATGTAAGA,B
B10_c2,HMN52548,flu,B,B10_c2_GACTGCGGTCACCCAG,B
B10_c2,HMN52548,flu,B,B10_c2_GACTGCGTCAAAGTAG,B
B10_c2,HMN52548,flu,B,B10_c2_GACTGCGTCGTTTATC,B
B10_c2,,,B,B10_c2_GAGCAGAGTTGGGACA,B
B10_c2,HMN52559,flu,B,B10_c2_GAGGTGACAGTCGATT,B
B10_c2,,,B,B10_c2_GAGTCCGAGCCACGCT,B
B10_c2,,,B,B10_c2_GATCAGTCAGACACTT,B
B10_c2,,,B,B10_c2_GATCAGTTCCCAACGG,B
B10_c2,,,B,B10_c2_GATCGATTCGTGTAGT,B
B10_c2,,,B,B10_c2_GATCGCGAGCTGCCCA,B
B10_c2,,,B,B10_c2_GATCGTACAAGCGCTC,B
B10_c2,HMN52548,flu,B,B10_c2_GATCGTACACATCCGG,B
B10_c2,,,B,B10_c2_GATCTAGTCTGGCGAC,B
B10_c2,HMN52548,flu,B,B10_c2_GATGAAAAGACAGGCT,B
B10_c2,,,B,B10_c2_GATGAAACATCCTAGA,B
B10_c2,,,B,B10_c2_GATGAAATCAATCACG,B
B10_c2,HMN52548,flu,B,B10_c2_GATGAGGAGACAGAGA,B
B10_c2,,,B,B10_c2_GATGAGGCACGGATAG,B
B10_c2,,,B,B10_c2_GATGAGGGTACCGCTG,B
B10_c2,,,B,B10_c2_GATGCTAAGCAATATG,B
B10_c2,HMN52559,flu,B,B10_c2_GATTCAGCAACCGCCA,B
B10_c2,HMN52559,flu,B,B10_c2_GATTCAGCAGTTTACG,B
B10_c2,HMN52548,flu,B,B10_c2_GATTCAGTCATAACCG,B
B10_c2,HMN52548,flu,B,B10_c2_GCAAACTAGTAGATGT,B
B10_c2,HMN52548,flu,B,B10_c2_GCAATCAGTCCGACGT,B
B10_c2,HMN52559,flu,B,B10_c2_GCACATATCCTGCTTG,B
B10_c2,HMN52546,flu,B,B10_c2_GCACTCTGTGCTTCTC,B
B10_c2,HMN52548,flu,B,B10_c2_GCACTCTTCTCCTATA,B
B10_c2,,,B,B10_c2_GCAGCCAAGCTGCGAA,B
B10_c2,HMN52546,flu,B,B10_c2_GCATACATCACGCGGT,B
B10_c2,,,B,B10_c2_GCATGTATCGAACTGT,B
B10_c2,,,B,B10_c2_GCCAAATCACAACTGT,B
B10_c2,HMN52548,flu,B,B10_c2_GCGAGAATCAAACCAC,B
B10_c2,HMN52548,flu,B,B10_c2_GCGCAACTCTCAAACG,B
B10_c2,HMN52548,flu,B,B10_c2_GCGCAGTAGCGTTGCC,B
B10_c2,,,B,B10_c2_GCGCCAACAAGTACCT,B
B10_c2,HMN52559,flu,B,B10_c2_GCGCCAACAGCGTAAG,B
B10_c2,,,B,B10_c2_GCGCGATCACTAAGTC,B
B10_c2,,,B,B10_c2_GCGCGATTCGGGAGTA,B
B10_c2,HMN52548,flu,B,B10_c2_GCGGGTTCAGCTGCTG,B
B10_c2,HMN52548,flu,B,B10_c2_GCTCCTACAATGGAAT,B
B10_c2,HMN52548,flu,B,B10_c2_GCTCTGTCAGCGTAAG,B
B10_c2,,,B,B10_c2_GCTCTGTGTCATCGGC,B
B10_c2,,,B,B10_c2_GCTGCAGAGAAACGCC,B
B10_c2,HMN52548,flu,B,B10_c2_GCTGCAGAGGGCTCTC,B
B10_c2,HMN52548,flu,B,B10_c2_GCTGCGAGTTTCGCTC,B
B10_c2,,,B,B10_c2_GCTGCTTAGAATCTCC,B
B10_c2,HMN52548,flu,B,B10_c2_GCTGGGTAGACTACAA,B
B10_c2,HMN52548,flu,B,B10_c2_GGAAAGCAGTGTTTGC,B
B10_c2,HMN52559,flu,B,B10_c2_GGAAAGCCAATCACAC,B
B10_c2,,,B,B10_c2_GGAAAGCGTCCGCTGA,B
B10_c2,,,B,B10_c2_GGAACTTCACAACGTT,B
B10_c2,HMN52548,flu,B,B10_c2_GGAACTTTCTCAACTT,B
B10_c2,,,B,B10_c2_GGAATAAAGGAACTGC,B
B10_c2,HMN52559,flu,B,B10_c2_GGACAAGCACTTCTGC,B
B10_c2,,,B,B10_c2_GGACAAGTCGCCATAA,B
B10_c2,HMN52548,flu,B,B10_c2_GGACGTCTCTCAACTT,B
B10_c2,HMN52548,flu,B,B10_c2_GGAGCAACATGCCCGA,B
B10_c2,,,B,B10_c2_GGAGCAATCACCAGGC,B
B10_c2,,,B,B10_c2_GGAGCAATCGGAGGTA,B
B10_c2,,,B,B10_c2_GGATGTTAGCCCAGCT,B
B10_c2,HMN52548,flu,B,B10_c2_GGATGTTTCAAGGTAA,B
B10_c2,,,B,B10_c2_GGATTACGTCAACTGT,B
B10_c2,HMN52559,flu,B,B10_c2_GGATTACGTTACAGAA,B
B10_c2,,,B,B10_c2_GGCAATTAGAGCAATT,B
B10_c2,,,B,B10_c2_GGCCGATAGATCGATA,B
B10_c2,,,B,B10_c2_GGCCGATAGGCAGTCA,B
B10_c2,HMN52548,flu,B,B10_c2_GGCGACTAGGGATGGG,B
B10_c2,HMN52548,flu,B,B10_c2_GGCGACTGTACGAAAT,B
B10_c2,,,B,B10_c2_GGCGACTTCACCGGGT,B
B10_c2,HMN52559,flu,B,B10_c2_GGCGTGTTCACAAACC,B
B10_c2,HMN52548,flu,B,B10_c2_GGCTCGAGTCGAGATG,B
B10_c2,,,B,B10_c2_GGCTCGAGTTAGGGTG,B
B10_c2,,,B,B10_c2_GGCTGGTAGCTAGTCT,B
B10_c2,,,B,B10_c2_GGCTGGTCATAGACTC,B
B10_c2,HMN52546,flu,B,B10_c2_GGCTGGTTCAGTTCGA,B
B10_c2,,,B,B10_c2_GGCTGGTTCGCGATCG,B
B10_c2,,,B,B10_c2_GGGAATGGTGTATGGG,B
B10_c2,HMN52559,flu,B,B10_c2_GGGACCTAGACCCACC,B
B10_c2,,,B,B10_c2_GGGACCTCACCCATTC,B
B10_c2,,,B,B10_c2_GGGACCTTCAACACGT,B
B10_c2,HMN52559,flu,B,B10_c2_GGGATGAAGGCCCTCA,B
B10_c2,HMN52548,flu,B,B10_c2_GGGCACTCAGCTCGCA,B
B10_c2,HMN52546,flu,B,B10_c2_GGGCACTGTAGGGACT,B
B10_c2,HMN52548,flu,B,B10_c2_GGGTCTGTCACGAAGG,B
B10_c2,HMN52548,flu,B,B10_c2_GGGTTGCAGTAGGCCA,B
B10_c2,,,B,B10_c2_GGTATTGAGACTAGAT,B
B10_c2,HMN52548,flu,B,B10_c2_GGTGAAGAGTGTTGAA,B
B10_c2,HMN52559,flu,B,B10_c2_GGTGCGTCACCAACCG,B
B10_c2,,,B,B10_c2_GGTGCGTGTGTAATGA,B
B10_c2,HMN52559,flu,B,B10_c2_GTAACGTCAAGTAATG,B
B10_c2,HMN52559,flu,B,B10_c2_GTAACGTTCATCACCC,B
B10_c2,HMN52559,flu,B,B10_c2_GTAACTGAGTATCTCG,B
B10_c2,HMN52548,flu,B,B10_c2_GTACTCCCATATGGTC,B
B10_c2,HMN52559,flu,B,B10_c2_GTACTTTAGGAGTTTA,B
B10_c2,HMN52559,flu,B,B10_c2_GTAGGCCGTGTTCGAT,B
B10_c2,HMN52548,flu,B,B10_c2_GTAGTCATCCCTGACT,B
B10_c2,,,B,B10_c2_GTATCTTTCAAGGCTT,B
B10_c2,,,B,B10_c2_GTCAAGTGTATTAGCC,B
B10_c2,,,B,B10_c2_GTCAAGTTCTTGACGA,B
B10_c2,HMN52559,flu,B,B10_c2_GTCACAAAGGCTCTTA,B
B10_c2,HMN52559,flu,B,B10_c2_GTCACAACAGTGACAG,B
B10_c2,HMN52559,flu,B,B10_c2_GTCACGGCATTAACCG,B
B10_c2,,,B,B10_c2_GTCATTTTCCAGAGGA,B
B10_c2,,,B,B10_c2_GTCCTCAGTTCTGGTA,B
B10_c2,HMN52548,flu,B,B10_c2_GTCGGGTTCCACGCAG,B
B10_c2,,,B,B10_c2_GTCGTAAGTGTGCGTC,B
B10_c2,HMN52559,flu,B,B10_c2_GTCTTCGGTAGCGATG,B
B10_c2,,,B,B10_c2_GTGAAGGCAGTTCATG,B
B10_c2,,,B,B10_c2_GTGCAGCCAGCCAATT,B
B10_c2,HMN52548,flu,B,B10_c2_GTGCAGCCAGGCGATA,B
B10_c2,HMN52559,flu,B,B10_c2_GTGCAGCGTGACTACT,B
B10_c2,,,B,B10_c2_GTGCATAGTGGTAACG,B
B10_c2,,,B,B10_c2_GTGGGTCGTCCAAGTT,B
B10_c2,,,B,B10_c2_GTGGGTCTCTATCCCG,B
B10_c2,HMN52548,flu,B,B10_c2_GTGTGCGCACCCATTC,B
B10_c2,,,B,B10_c2_GTGTTAGCACATTCGA,B
B10_c2,,,B,B10_c2_GTGTTAGGTAATTGGA,B
B10_c2,,,B,B10_c2_GTTACAGGTCCTCCAT,B
B10_c2,,,B,B10_c2_GTTCATTCATACTCTT,B
B10_c2,,,B,B10_c2_GTTCATTTCCTTGCCA,B
B10_c2,,,B,B10_c2_GTTCGGGCAAACTGTC,B
B10_c2,HMN52546,flu,B,B10_c2_GTTCGGGCATTCTCAT,B
B10_c2,,,B,B10_c2_GTTCTCGAGGCATGGT,B
B10_c2,,,B,B10_c2_GTTTCTACACGTCTCT,B
B10_c2,HMN52548,flu,B,B10_c2_TAAACCGCAGCATACT,B
B10_c2,HMN52546,flu,B,B10_c2_TAAACCGGTTAAGGGC,B
B10_c2,HMN52559,flu,B,B10_c2_TAAACCGTCGACAGCC,B
B10_c2,HMN52559,flu,B,B10_c2_TAAGAGAGTGTGAATA,B
B10_c2,HMN52548,flu,B,B10_c2_TAAGAGATCGGCATCG,B
B10_c2,,,B,B10_c2_TAAGAGATCTCAAGTG,B
B10_c2,HMN52559,flu,B,B10_c2_TAAGCGTAGCCACGCT,B
B10_c2,,,B,B10_c2_TACACGAAGATAGGAG,B
B10_c2,,,B,B10_c2_TACACGAAGTGGTAGC,B
B10_c2,HMN52546,flu,B,B10_c2_TACACGACAGACGCAA,B
B10_c2,,,B,B10_c2_TACAGTGAGCTAACAA,B
B10_c2,HMN52548,flu,B,B10_c2_TACAGTGCAGGACCCT,B
B10_c2,HMN52548,flu,B,B10_c2_TACCTATCACGAAAGC,B
B10_c2,HMN52559,flu,B,B10_c2_TACCTTACAGTCGTGC,B
B10_c2,,,B,B10_c2_TACCTTAGTCTGCCAG,B
B10_c2,,,B,B10_c2_TACGGATGTGCACGAA,B
B10_c2,HMN52559,flu,B,B10_c2_TACGGATTCAACGAAA,B
B10_c2,,,B,B10_c2_TACTCGCCATTTCACT,B
B10_c2,HMN52559,flu,B,B10_c2_TACTCGCTCCGCTGTT,B
B10_c2,,,B,B10_c2_TACTTGTCAGGATTGG,B
B10_c2,HMN52559,flu,B,B10_c2_TACTTGTCATAGGATA,B
B10_c2,HMN52546,flu,B,B10_c2_TAGACCACACCAGCAC,B
B10_c2,HMN52559,flu,B,B10_c2_TAGACCATCGCGTTTC,B
B10_c2,HMN52559,flu,B,B10_c2_TAGAGCTGTATATGAG,B
B10_c2,,,B,B10_c2_TAGAGCTGTTGGTAAA,B
B10_c2,,,B,B10_c2_TAGTGGTAGATGTCGG,B
B10_c2,HMN52548,flu,B,B10_c2_TAGTTGGAGCTAGCCC,B
B10_c2,HMN52559,flu,B,B10_c2_TATCTCATCAACCAAC,B
B10_c2,,,B,B10_c2_TATTACCCACATCTTT,B
B10_c2,HMN52559,flu,B,B10_c2_TATTACCTCTAGAGTC,B
B10_c2,HMN52546,flu,B,B10_c2_TCAACGAAGTCGCCGT,B
B10_c2,HMN52559,flu,B,B10_c2_TCACAAGCACAGCGTC,B
B10_c2,,,B,B10_c2_TCACAAGTCTTTAGTC,B
B10_c2,,,B,B10_c2_TCAGCAACATAAGACA,B
B10_c2,HMN52548,flu,B,B10_c2_TCAGCTCAGCCCAACC,B
B10_c2,HMN52559,flu,B,B10_c2_TCAGCTCAGCGATAGC,B
B10_c2,HMN52546,flu,B,B10_c2_TCAGCTCCACCGTTGG,B
B10_c2,,,B,B10_c2_TCAGGATGTTTGACTG,B
B10_c2,HMN52548,flu,B,B10_c2_TCATTACGTATATGAG,B
B10_c2,HMN52548,flu,B,B10_c2_TCATTTGAGAGAACAG,B
B10_c2,HMN52548,flu,B,B10_c2_TCATTTGAGCTAAACA,B
B10_c2,,,B,B10_c2_TCCACACTCCTGTACC,B
B10_c2,HMN52548,flu,B,B10_c2_TCCCGATCACCGAAAG,B
B10_c2,HMN52548,flu,B,B10_c2_TCGCGAGAGACAATAC,B
B10_c2,HMN52548,flu,B,B10_c2_TCGCGAGAGAGCCCAA,B
B10_c2,,,B,B10_c2_TCGCGTTGTAAGTTCC,B
B10_c2,,,B,B10_c2_TCGCGTTGTTAAAGTG,B
B10_c2,HMN52559,flu,B,B10_c2_TCGGGACCATGGGAAC,B
B10_c2,HMN52546,flu,B,B10_c2_TCGGTAAGTGCGCTTG,B
B10_c2,HMN52546,flu,B,B10_c2_TCGTACCTCTAACGGT,B
B10_c2,HMN52546,flu,B,B10_c2_TCGTAGACAAGTACCT,B
B10_c2,,,B,B10_c2_TCTATTGGTCGGGTCT,B
B10_c2,,,B,B10_c2_TCTCATACAGCTGTTA,B
B10_c2,,,B,B10_c2_TCTCATACATCGGACC,B
B10_c2,HMN52548,flu,B,B10_c2_TCTCTAAAGGCTAGAC,B
B10_c2,,,B,B10_c2_TCTCTAATCCATGAAC,B
B10_c2,,,B,B10_c2_TCTCTAATCCCAACGG,B
B10_c2,HMN52548,flu,B,B10_c2_TCTCTAATCGTTACGA,B
B10_c2,,,B,B10_c2_TCTGAGACACGTCTCT,B
B10_c2,,,B,B10_c2_TCTGGAACAGCTGTGC,B
B10_c2,,,B,B10_c2_TCTGGAAGTCCTCCAT,B
B10_c2,HMN52559,flu,B,B10_c2_TCTGGAAGTCTCGTTC,B
B10_c2,,,B,B10_c2_TCTGGAATCTCTGTCG,B
B10_c2,,,B,B10_c2_TCTTCGGCACCCAGTG,B
B10_c2,,,B,B10_c2_TCTTTCCTCCGCAGTG,B
B10_c2,,,B,B10_c2_TGACAACAGCGTCAAG,B
B10_c2,HMN52559,flu,B,B10_c2_TGACGGCCAGACGCTC,B
B10_c2,HMN52548,flu,B,B10_c2_TGACTAGAGCGTGAGT,B
B10_c2,,,B,B10_c2_TGACTAGCAATGGACG,B
B10_c2,HMN52548,flu,B,B10_c2_TGAGAGGCAGTATCTG,B
B10_c2,HMN52559,flu,B,B10_c2_TGAGAGGGTAAACGCG,B
B10_c2,HMN52559,flu,B,B10_c2_TGAGCATAGGCTAGAC,B
B10_c2,HMN52559,flu,B,B10_c2_TGAGCATCAAGGTTTC,B
B10_c2,,,B,B10_c2_TGAGCATGTAAGGATT,B
B10_c2,,,B,B10_c2_TGAGCCGGTGGTGTAG,B
B10_c2,,,B,B10_c2_TGAGCCGGTGTAACGG,B
B10_c2,,,B,B10_c2_TGAGGGACAGTACACT,B
B10_c2,,,B,B10_c2_TGATTTCAGCTAAGAT,B
B10_c2,HMN52548,flu,B,B10_c2_TGCACCTGTATAGTAG,B
B10_c2,HMN52559,flu,B,B10_c2_TGCACCTTCGTCTGAA,B
B10_c2,,,B,B10_c2_TGCACCTTCTCGCATC,B
B10_c2,,,B,B10_c2_TGCCAAAGTTCTGTTT,B
B10_c2,HMN52548,flu,B,B10_c2_TGCCCATCAATCCGAT,B
B10_c2,,,B,B10_c2_TGCCCATTCAAGGTAA,B
B10_c2,HMN52559,flu,B,B10_c2_TGCCCATTCACCATAG,B
B10_c2,,,B,B10_c2_TGCCCTAGTAAAGTCA,B
B10_c2,,,B,B10_c2_TGCCCTAGTTTGTTTC,B
B10_c2,,,B,B10_c2_TGCCCTATCATGCAAC,B
B10_c2,HMN52548,flu,B,B10_c2_TGCGCAGGTGAACCTT,B
B10_c2,,,B,B10_c2_TGCGGGTAGAGCCCAA,B
B10_c2,HMN52548,flu,B,B10_c2_TGCGGGTGTGAAAGAG,B
B10_c2,,,B,B10_c2_TGCGTGGCATTTGCTT,B
B10_c2,HMN52559,flu,B,B10_c2_TGCTACCAGAGACGAA,B
B10_c2,HMN52548,flu,B,B10_c2_TGCTACCTCATGCAAC,B
B10_c2,,,B,B10_c2_TGCTACCTCCCAACGG,B
B10_c2,,,B,B10_c2_TGGACGCGTCAGAATA,B
B10_c2,,,B,B10_c2_TGGACGCTCGCTTGTC,B
B10_c2,HMN52548,flu,B,B10_c2_TGGCCAGCAGCAGTTT,B
B10_c2,HMN52559,flu,B,B10_c2_TGGCCAGGTAGCCTAT,B
B10_c2,,,B,B10_c2_TGGCCAGGTTTGGGCC,B
B10_c2,,,B,B10_c2_TGGCGCACACGTGAGA,B
B10_c2,HMN52559,flu,B,B10_c2_TGGGAAGAGACTAGAT,B
B10_c2,HMN52559,flu,B,B10_c2_TGGGAAGAGGTCATCT,B
B10_c2,,,B,B10_c2_TGGGAAGTCCCTAACC,B
B10_c2,HMN52559,flu,B,B10_c2_TGGGCGTCAGTTAACC,B
B10_c2,HMN52559,flu,B,B10_c2_TGGTTAGAGCCCAATT,B
B10_c2,HMN52546,flu,B,B10_c2_TGGTTAGAGGATCGCA,B
B10_c2,,,B,B10_c2_TGGTTAGGTGACTCAT,B
B10_c2,,,B,B10_c2_TGGTTCCAGCGCCTTG,B
B10_c2,HMN52548,flu,B,B10_c2_TGTATTCTCGCGATCG,B
B10_c2,HMN52548,flu,B,B10_c2_TGTCCCAGTAAACACA,B
B10_c2,HMN52546,flu,B,B10_c2_TGTGGTACACCCATTC,B
B10_c2,,,B,B10_c2_TGTGTTTGTCGAATCT,B
B10_c2,HMN52559,flu,B,B10_c2_TGTTCCGAGCGGATCA,B
B10_c2,,,B,B10_c2_TTAACTCAGGCACATG,B
B10_c2,HMN52548,flu,B,B10_c2_TTAGGACAGGATCGCA,B
B10_c2,HMN52559,flu,B,B10_c2_TTAGGACGTGCACGAA,B
B10_c2,,,B,B10_c2_TTAGGCACACCCTATC,B
B10_c2,HMN52559,flu,B,B10_c2_TTAGGCACAGGACCCT,B
B10_c2,,,B,B10_c2_TTAGTTCCATGACGGA,B
B10_c2,,,B,B10_c2_TTAGTTCGTGTGTGCC,B
B10_c2,HMN52548,flu,B,B10_c2_TTAGTTCTCTACTATC,B
B10_c2,HMN52559,flu,B,B10_c2_TTATGCTCAAGAGTCG,B
B10_c2,HMN52548,flu,B,B10_c2_TTATGCTGTAAATGAC,B
B10_c2,,,B,B10_c2_TTCCCAGTCTTTACGT,B
B10_c2,HMN52548,flu,B,B10_c2_TTCGGTCGTCATATGC,B
B10_c2,,,B,B10_c2_TTCTCAAAGATGTCGG,B
B10_c2,,,B,B10_c2_TTCTCCTAGCTGCGAA,B
B10_c2,HMN52548,flu,B,B10_c2_TTCTCCTGTGATGCCC,B
B10_c2,HMN52559,flu,B,B10_c2_TTCTTAGTCATTCACT,B
B10_c2,,,B,B10_c2_TTGACTTAGCTAAACA,B
B10_c2,HMN52548,flu,B,B10_c2_TTGACTTAGTGTCCAT,B
B10_c2,HMN52548,flu,B,B10_c2_TTGCCGTAGGAGTAGA,B
B10_c2,HMN52548,flu,B,B10_c2_TTGCGTCAGGCTAGAC,B
B10_c2,HMN52546,flu,B,B10_c2_TTGGCAAAGGTGTTAA,B
B10_c2,,,B,B10_c2_TTGGCAAAGTAAGTAC,B
B10_c2,,,B,B10_c2_TTGTAGGGTCGGGTCT,B
B10_c2,HMN52548,flu,B,B10_c2_TTGTAGGTCTAAGCCA,B
B10_c2,HMN52548,flu,B,B10_c2_TTTCCTCCAACCGCCA,B
B10_c2,,,B,B10_c2_TTTGCGCAGCGCTCCA,B
B10_c2,,,B,B10_c2_TTTGCGCCATATACCG,B
B10_c2,HMN52548,flu,B,B10_c2_TTTGCGCTCATACGGT,B
B10_c2,HMN52548,flu,B,B10_c2_TTTGCGCTCCCATTTA,B
B10_c2,HMN52548,flu,B,B10_c2_TTTGGTTGTCCAGTAT,B
B10_c2,HMN52546,flu,B,B10_c2_TTTGTCAAGTCATCCA,B
B11_c1,HMN171218,flu,B,B11_c1_AAACCTGAGCTTATCG,B
B11_c1,,,B,B11_c1_AAAGATGAGAGATGAG,B
B11_c1,HMN171220,flu,B,B11_c1_AAAGATGTCGCCAAAT,B
B11_c1,HMN171218,flu,B,B11_c1_AAAGTAGGTTTGGCGC,B
B11_c1,,,B,B11_c1_AAATGCCAGATCTGAA,B
B11_c1,HMN171220,flu,B,B11_c1_AACCGCGGTTACGACT,B
B11_c1,HMN171218,flu,B,B11_c1_AACTCAGCAAGTTGTC,B
B11_c1,HMN171232,flu,B,B11_c1_AACTCAGTCCGAAGAG,B
B11_c1,HMN171220,flu,B,B11_c1_AACTCCCGTTACGACT,B
B11_c1,HMN171220,flu,B,B11_c1_AAGACCTCAAGGACTG,B
B11_c1,HMN171218,flu,B,B11_c1_AAGCCGCCATCTACGA,B
B11_c1,HMN171220,flu,B,B11_c1_AAGGCAGTCTGTACGA,B
B11_c1,,,B,B11_c1_AAGGTTCGTGCTTCTC,B
B11_c1,HMN171220,flu,B,B11_c1_AATCCAGAGCGTTGCC,B
B11_c1,,,B,B11_c1_AATCCAGCATCGGTTA,B
B11_c1,,,B,B11_c1_AATCGGTTCAGGCCCA,B
B11_c1,HMN171220,flu,B,B11_c1_ACACTGACAAGGTGTG,B
B11_c1,,,B,B11_c1_ACATGGTGTCTCCACT,B
B11_c1,HMN171220,flu,B,B11_c1_ACCCACTGTAGCACGA,B
B11_c1,,,B,B11_c1_ACCTTTATCTTGCCGT,B
B11_c1,HMN171220,flu,B,B11_c1_ACGAGGACATAAGACA,B
B11_c1,,,B,B11_c1_ACGAGGAGTCCGCTGA,B
B11_c1,,,B,B11_c1_ACGATACAGAGAGCTC,B
B11_c1,HMN171220,flu,B,B11_c1_ACGATACAGGCTAGCA,B
B11_c1,,,B,B11_c1_ACGATGTAGCCAGTAG,B
B11_c1,HMN171218,flu,B,B11_c1_ACGCAGCCACAGGCCT,B
B11_c1,HMN171232,flu,B,B11_c1_ACGCAGCTCCAATGGT,B
B11_c1,HMN171218,flu,B,B11_c1_ACGGAGAGTTCCCGAG,B
B11_c1,HMN171220,flu,B,B11_c1_ACGGCCAAGAGTCTGG,B
B11_c1,HMN171220,flu,B,B11_c1_ACGGGTCGTAAGTGTA,B
B11_c1,,,B,B11_c1_ACTATCTTCAACACAC,B
B11_c1,HMN171220,flu,B,B11_c1_ACTGAACTCCGTTGCT,B
B11_c1,HMN171220,flu,B,B11_c1_ACTGATGCACGGTAGA,B
B11_c1,HMN171232,flu,B,B11_c1_ACTGTCCAGCTACCGC,B
B11_c1,HMN171218,flu,B,B11_c1_ACTGTCCGTCATTAGC,B
B11_c1,,,B,B11_c1_ACTTGTTCAGGATCGA,B
B11_c1,,,B,B11_c1_ACTTGTTGTCAAAGAT,B
B11_c1,,,B,B11_c1_ACTTTCACAAGTTCTG,B
B11_c1,HMN171218,flu,B,B11_c1_ACTTTCATCAGCTCTC,B
B11_c1,HMN171218,flu,B,B11_c1_AGACGTTCATGCCTAA,B
B11_c1,HMN171218,flu,B,B11_c1_AGAGTGGTCCCTGACT,B
B11_c1,HMN171220,flu,B,B11_c1_AGATCTGAGAGCTGCA,B
B11_c1,HMN171220,flu,B,B11_c1_AGATCTGTCTTGTTTG,B
B11_c1,HMN171220,flu,B,B11_c1_AGCAGCCTCGCTTGTC,B
B11_c1,HMN171220,flu,B,B11_c1_AGCGGTCAGGACAGAA,B
B11_c1,HMN171232,flu,B,B11_c1_AGCGGTCTCACCAGGC,B
B11_c1,HMN171218,flu,B,B11_c1_AGCGTATGTACAGTGG,B
B11_c1,HMN171220,flu,B,B11_c1_AGCGTATGTGGTCTCG,B
B11_c1,HMN171220,flu,B,B11_c1_AGGCCACCATTGTGCA,B
B11_c1,HMN171218,flu,B,B11_c1_AGGTCATCAGTTAACC,B
B11_c1,HMN171220,flu,B,B11_c1_AGTCTTTCACGTCTCT,B
B11_c1,,,B,B11_c1_AGTCTTTGTTGGTTTG,B
B11_c1,HMN171220,flu,B,B11_c1_AGTGAGGAGGTGGGTT,B
B11_c1,,,B,B11_c1_AGTGAGGTCGGCGCTA,B
B11_c1,HMN171220,flu,B,B11_c1_AGTGGGATCTATCCCG,B
B11_c1,HMN171220,flu,B,B11_c1_ATAACGCCACGTTGGC,B
B11_c1,HMN171220,flu,B,B11_c1_ATAACGCTCGTAGATC,B
B11_c1,HMN171218,flu,B,B11_c1_ATAGACCAGGCTCATT,B
B11_c1,HMN171218,flu,B,B11_c1_ATAGACCCATTTGCTT,B
B11_c1,,,B,B11_c1_ATAGACCTCGCACTCT,B
B11_c1,HMN171218,flu,B,B11_c1_ATCACGATCCTAGGGC,B
B11_c1,,,B,B11_c1_ATCATGGCAGGTCGTC,B
B11_c1,HMN171218,flu,B,B11_c1_ATCCACCAGTTACGGG,B
B11_c1,HMN171218,flu,B,B11_c1_ATCCACCGTCGACTAT,B
B11_c1,HMN171218,flu,B,B11_c1_ATCGAGTGTCGATTGT,B
B11_c1,HMN171218,flu,B,B11_c1_ATTACTCCACAAGACG,B
B11_c1,HMN171218,flu,B,B11_c1_ATTATCCGTAAGTGTA,B
B11_c1,HMN171218,flu,B,B11_c1_ATTGGTGCACGTCTCT,B
B11_c1,HMN171218,flu,B,B11_c1_ATTGGTGTCTGCAGTA,B
B11_c1,HMN171220,flu,B,B11_c1_CAACCTCCATGTAGTC,B
B11_c1,HMN171220,flu,B,B11_c1_CAAGTTGGTCACCCAG,B
B11_c1,HMN171232,flu,B,B11_c1_CACAAACAGAATTCCC,B
B11_c1,HMN171220,flu,B,B11_c1_CACAAACAGCGATTCT,B
B11_c1,HMN171220,flu,B,B11_c1_CACAAACGTAGCTGCC,B
B11_c1,,,B,B11_c1_CACACAACAAGCCGTC,B
B11_c1,HMN171218,flu,B,B11_c1_CACACCTAGAGGTAGA,B
B11_c1,HMN171220,flu,B,B11_c1_CACAGGCTCTACTCAT,B
B11_c1,HMN171220,flu,B,B11_c1_CACAGTAAGCCTATGT,B
B11_c1,HMN171218,flu,B,B11_c1_CACAGTACATGTAGTC,B
B11_c1,HMN171218,flu,B,B11_c1_CACCAGGGTGCACTTA,B
B11_c1,HMN171220,flu,B,B11_c1_CACCTTGGTCCAACTA,B
B11_c1,,,B,B11_c1_CACTCCACATTCCTGC,B
B11_c1,HMN171220,flu,B,B11_c1_CACTCCATCATGTAGC,B
B11_c1,HMN171220,flu,B,B11_c1_CAGAATCAGAGCTATA,B
B11_c1,HMN171218,flu,B,B11_c1_CAGAGAGCAAAGGAAG,B
B11_c1,,,B,B11_c1_CAGAGAGCAAGTACCT,B
B11_c1,HMN171220,flu,B,B11_c1_CAGATCAAGCGATTCT,B
B11_c1,,,B,B11_c1_CAGATCATCGCTAGCG,B
B11_c1,HMN171218,flu,B,B11_c1_CAGCAGCCAACTGGCC,B
B11_c1,,,B,B11_c1_CAGCAGCTCAGGCGAA,B
B11_c1,,,B,B11_c1_CAGCCGAAGATAGTCA,B
B11_c1,HMN171220,flu,B,B11_c1_CAGCCGAAGGTGCACA,B
B11_c1,HMN171232,flu,B,B11_c1_CAGCTAACAGTCAGCC,B
B11_c1,HMN171220,flu,B,B11_c1_CAGCTAATCCTAGAAC,B
B11_c1,HMN171220,flu,B,B11_c1_CAGGTGCAGTGCCATT,B
B11_c1,HMN171218,flu,B,B11_c1_CATATGGTCAACACCA,B
B11_c1,HMN171218,flu,B,B11_c1_CATATGGTCGTTGACA,B
B11_c1,,,B,B11_c1_CATCAAGCAATGTTGC,B
B11_c1,HMN171218,flu,B,B11_c1_CATCAAGCATCGATGT,B
B11_c1,HMN171218,flu,B,B11_c1_CATCAAGGTAATTGGA,B
B11_c1,HMN171220,flu,B,B11_c1_CATCAGATCCGAACGC,B
B11_c1,HMN171218,flu,B,B11_c1_CATCCACTCTTGCAAG,B
B11_c1,HMN171220,flu,B,B11_c1_CATCGAATCAGTTTGG,B
B11_c1,HMN171220,flu,B,B11_c1_CATCGAATCCAAATGC,B
B11_c1,HMN171218,flu,B,B11_c1_CATCGGGCAGTCTTCC,B
B11_c1,HMN171218,flu,B,B11_c1_CATCGGGGTGACGGTA,B
B11_c1,,,B,B11_c1_CATGACAGTGGGTATG,B
B11_c1,,,B,B11_c1_CATGACATCAGTTCGA,B
B11_c1,HMN171220,flu,B,B11_c1_CATTCGCCATGCCCGA,B
B11_c1,HMN171218,flu,B,B11_c1_CCAATCCGTCTCAACA,B
B11_c1,HMN171220,flu,B,B11_c1_CCACCTACATGGTCAT,B
B11_c1,HMN171218,flu,B,B11_c1_CCAGCGACAGCCTTGG,B
B11_c1,,,B,B11_c1_CCCAATCAGATGTCGG,B
B11_c1,HMN171220,flu,B,B11_c1_CCCATACCACGAAACG,B
B11_c1,HMN171220,flu,B,B11_c1_CCGGGATGTTGTGGAG,B
B11_c1,HMN171220,flu,B,B11_c1_CCGGTAGAGCTCAACT,B
B11_c1,HMN171218,flu,B,B11_c1_CCTAAAGCAGACACTT,B
B11_c1,HMN171220,flu,B,B11_c1_CCTACACGTGACCAAG,B
B11_c1,,,B,B11_c1_CCTTCCCCACGAAAGC,B
B11_c1,HMN171232,flu,B,B11_c1_CGACTTCCACCACCAG,B
B11_c1,HMN171232,flu,B,B11_c1_CGACTTCGTCTAGAGG,B
B11_c1,,,B,B11_c1_CGACTTCTCCTCCTAG,B
B11_c1,,,B,B11_c1_CGAGAAGGTCTCTCTG,B
B11_c1,HMN171232,flu,B,B11_c1_CGAGAAGGTCTTGCGG,B
B11_c1,,,B,B11_c1_CGAGCACTCTTGTATC,B
B11_c1,,,B,B11_c1_CGATGTAAGATCTGAA,B
B11_c1,HMN171220,flu,B,B11_c1_CGCGGTAAGCCACCTG,B
B11_c1,HMN171232,flu,B,B11_c1_CGCTTCATCCAGTATG,B
B11_c1,,,B,B11_c1_CGCTTCATCTACTCAT,B
B11_c1,,,B,B11_c1_CGGACACAGATCGATA,B
B11_c1,HMN171218,flu,B,B11_c1_CGGCTAGCACTTGGAT,B
B11_c1,HMN171220,flu,B,B11_c1_CGGCTAGGTCAAAGAT,B
B11_c1,HMN171218,flu,B,B11_c1_CGGGTCACAGTGACAG,B
B11_c1,HMN171218,flu,B,B11_c1_CGGTTAACAGTCAGCC,B
B11_c1,HMN171218,flu,B,B11_c1_CGTAGCGTCAGTCCCT,B
B11_c1,HMN171218,flu,B,B11_c1_CGTAGGCCATACGCTA,B
B11_c1,,,B,B11_c1_CGTCAGGAGTCCGTAT,B
B11_c1,HMN171220,flu,B,B11_c1_CGTCAGGCATCGGTTA,B
B11_c1,HMN171218,flu,B,B11_c1_CGTCAGGTCAACCAAC,B
B11_c1,HMN171218,flu,B,B11_c1_CGTCCATGTAGAGTGC,B
B11_c1,,,B,B11_c1_CGTGTCTGTGGCGAAT,B
B11_c1,HMN171215,NI,B,B11_c1_CGTTGGGTCAAACGGG,B
B11_c1,,,B,B11_c1_CTACCCACAGCCTTTC,B
B11_c1,HMN171218,flu,B,B11_c1_CTACCCAGTAGCGTAG,B
B11_c1,,,B,B11_c1_CTAGAGTCACTGTTAG,B
B11_c1,HMN171220,flu,B,B11_c1_CTAGCCTGTCCAACTA,B
B11_c1,HMN171232,flu,B,B11_c1_CTAGTGAAGGTGCTAG,B
B11_c1,HMN171220,flu,B,B11_c1_CTCAGAAGTACGCACC,B
B11_c1,,,B,B11_c1_CTCATTATCTCTGAGA,B
B11_c1,HMN171220,flu,B,B11_c1_CTCGAAACATGCCTAA,B
B11_c1,HMN171218,flu,B,B11_c1_CTCGGAGCACAACGTT,B
B11_c1,HMN171220,flu,B,B11_c1_CTCGGGAGTTCCCTTG,B
B11_c1,,,B,B11_c1_CTCGTCACAGCGTAAG,B
B11_c1,HMN171220,flu,B,B11_c1_CTCGTCAGTGAAGGCT,B
B11_c1,HMN171220,flu,B,B11_c1_CTCTAATGTACTTGAC,B
B11_c1,,,B,B11_c1_CTCTGGTTCTGCGTAA,B
B11_c1,HMN171220,flu,B,B11_c1_CTCTGGTTCTGTGCAA,B
B11_c1,,,B,B11_c1_CTGAAGTGTTCAGACT,B
B11_c1,HMN171232,flu,B,B11_c1_CTGATCCCACCAGATT,B
B11_c1,HMN171218,flu,B,B11_c1_CTGATCCCACCGAATT,B
B11_c1,,,B,B11_c1_CTGATCCTCATTATCC,B
B11_c1,HMN171218,flu,B,B11_c1_CTGCGGACAGGGTTAG,B
B11_c1,HMN171220,flu,B,B11_c1_CTGCTGTAGCGATAGC,B
B11_c1,HMN171218,flu,B,B11_c1_CTGCTGTTCTTCAACT,B
B11_c1,HMN171220,flu,B,B11_c1_CTGTGCTCAATGTAAG,B
B11_c1,HMN171218,flu,B,B11_c1_CTGTGCTCAGGGAGAG,B
B11_c1,,,B,B11_c1_CTTAGGACACGTGAGA,B
B11_c1,HMN171218,flu,B,B11_c1_CTTAGGACACTATCTT,B
B11_c1,HMN171220,flu,B,B11_c1_GAACATCCATCCGTGG,B
B11_c1,,,B,B11_c1_GAACCTATCAACCATG,B
B11_c1,HMN171218,flu,B,B11_c1_GAAGCAGTCACGCGGT,B
B11_c1,,,B,B11_c1_GAATAAGCATTACGAC,B
B11_c1,HMN171220,flu,B,B11_c1_GAATAAGTCAACGCTA,B
B11_c1,,,B,B11_c1_GAATGAAAGGCTCAGA,B
B11_c1,HMN171218,flu,B,B11_c1_GAATGAAAGGGATGGG,B
B11_c1,,,B,B11_c1_GACACGCGTGGTACAG,B
B11_c1,,,B,B11_c1_GACAGAGAGTGAACAT,B
B11_c1,HMN171218,flu,B,B11_c1_GACAGAGTCTTTACAC,B
B11_c1,,,B,B11_c1_GACCTGGAGTACGATA,B
B11_c1,,,B,B11_c1_GACGGCTAGGCTAGGT,B
B11_c1,HMN171218,flu,B,B11_c1_GACGTTAAGGTACTCT,B
B11_c1,HMN171232,flu,B,B11_c1_GACGTTAGTTCAACCA,B
B11_c1,,,B,B11_c1_GACTAACAGGCTAGGT,B
B11_c1,,,B,B11_c1_GAGGTGAAGGATGTAT,B
B11_c1,HMN171218,flu,B,B11_c1_GAGGTGACAGGGTTAG,B
B11_c1,,,B,B11_c1_GAGGTGAGTAGAGCTG,B
B11_c1,HMN171218,flu,B,B11_c1_GAGTCCGTCACGACTA,B
B11_c1,HMN171220,flu,B,B11_c1_GAGTCCGTCCGCGCAA,B
B11_c1,,,B,B11_c1_GATCGATGTCAATGTC,B
B11_c1,HMN171218,flu,B,B11_c1_GATCTAGAGCTAAGAT,B
B11_c1,HMN171218,flu,B,B11_c1_GATCTAGCACTATCTT,B
B11_c1,HMN171232,flu,B,B11_c1_GATGAAAGTTCCCTTG,B
B11_c1,HMN171218,flu,B,B11_c1_GATTCAGGTACCGTAT,B
B11_c1,,,B,B11_c1_GATTCAGTCCATGAGT,B
B11_c1,HMN171218,flu,B,B11_c1_GCAATCAGTCATGCCG,B
B11_c1,HMN171220,flu,B,B11_c1_GCAATCAGTTACGACT,B
B11_c1,HMN171232,flu,B,B11_c1_GCAATCATCCCTTGTG,B
B11_c1,,,B,B11_c1_GCACTCTGTTTCCACC,B
B11_c1,,,B,B11_c1_GCAGCCAAGTAGGTGC,B
B11_c1,HMN171232,flu,B,B11_c1_GCATGCGAGCCCAATT,B
B11_c1,HMN171218,flu,B,B11_c1_GCATGTAAGCGGATCA,B
B11_c1,,,B,B11_c1_GCATGTACATCCGGGT,B
B11_c1,,,B,B11_c1_GCCTCTACACCAACCG,B
B11_c1,,,B,B11_c1_GCCTCTAGTTGAACTC,B
B11_c1,,,B,B11_c1_GCGACCAAGAGCAATT,B
B11_c1,HMN171232,flu,B,B11_c1_GCGAGAAGTTTGTGTG,B
B11_c1,,,B,B11_c1_GCGAGAATCCTTTCGG,B
B11_c1,HMN171218,flu,B,B11_c1_GCGCAGTTCATGCTCC,B
B11_c1,HMN171218,flu,B,B11_c1_GCGCGATTCCGCAGTG,B
B11_c1,HMN171218,flu,B,B11_c1_GCGGGTTAGATCCCGC,B
B11_c1,HMN171220,flu,B,B11_c1_GCGGGTTTCACAAACC,B
B11_c1,HMN171218,flu,B,B11_c1_GCTCCTAAGCTGAACG,B
B11_c1,HMN171218,flu,B,B11_c1_GCTCTGTGTAGTGAAT,B
B11_c1,HMN171232,flu,B,B11_c1_GCTGCAGAGGATGGTC,B
B11_c1,,,B,B11_c1_GCTGCAGCAGAGTGTG,B
B11_c1,HMN171220,flu,B,B11_c1_GCTGCGAGTTACGGAG,B
B11_c1,HMN171218,flu,B,B11_c1_GCTGCGATCTGCTGCT,B
B11_c1,,,B,B11_c1_GCTGGGTTCGCCGTGA,B
B11_c1,HMN171218,flu,B,B11_c1_GCTGGGTTCTACTCAT,B
B11_c1,HMN171220,flu,B,B11_c1_GGAACTTAGGCTAGCA,B
B11_c1,HMN171220,flu,B,B11_c1_GGAACTTCATGACATC,B
B11_c1,,,B,B11_c1_GGAACTTTCAACCAAC,B
B11_c1,,,B,B11_c1_GGAATAAGTAGAGTGC,B
B11_c1,HMN171220,flu,B,B11_c1_GGACAGAAGGGAGTAA,B
B11_c1,HMN171218,flu,B,B11_c1_GGACAGACAGGTCTCG,B
B11_c1,,,B,B11_c1_GGACATTCATGGGACA,B
B11_c1,HMN171218,flu,B,B11_c1_GGACGTCAGTGGGCTA,B
B11_c1,HMN171220,flu,B,B11_c1_GGCCGATCATGGTCTA,B
B11_c1,HMN171218,flu,B,B11_c1_GGCCGATTCCACTGGG,B
B11_c1,HMN171218,flu,B,B11_c1_GGCCGATTCCCTTGCA,B
B11_c1,HMN171218,flu,B,B11_c1_GGCTCGAAGTACGACG,B
B11_c1,HMN171218,flu,B,B11_c1_GGCTGGTTCAGGCAAG,B
B11_c1,HMN171218,flu,B,B11_c1_GGGAATGAGCCAACAG,B
B11_c1,HMN171218,flu,B,B11_c1_GGGACCTCATATGGTC,B
B11_c1,HMN171232,flu,B,B11_c1_GGGATGAAGCGAGAAA,B
B11_c1,HMN171218,flu,B,B11_c1_GGGATGAGTTGTCTTT,B
B11_c1,,,B,B11_c1_GGGCACTGTTGCCTCT,B
B11_c1,HMN171220,flu,B,B11_c1_GGGCATCAGCTCCTCT,B
B11_c1,HMN171220,flu,B,B11_c1_GGGTCTGTCATTCACT,B
B11_c1,HMN171218,flu,B,B11_c1_GGGTTGCGTTAGATGA,B
B11_c1,,,B,B11_c1_GGTGAAGAGAGTCGGT,B
B11_c1,,,B,B11_c1_GGTGAAGTCGCGTTTC,B
B11_c1,HMN171220,flu,B,B11_c1_GGTGCGTAGCTTATCG,B
B11_c1,HMN171232,flu,B,B11_c1_GGTGCGTCAGAGCCAA,B
B11_c1,HMN171220,flu,B,B11_c1_GGTGTTAAGCGTGAGT,B
B11_c1,,,B,B11_c1_GGTGTTAAGCTGAACG,B
B11_c1,HMN171232,flu,B,B11_c1_GTAACGTAGTCTTGCA,B
B11_c1,HMN171218,flu,B,B11_c1_GTACTTTAGAGTCGGT,B
B11_c1,,,B,B11_c1_GTACTTTGTTCCTCCA,B
B11_c1,,,B,B11_c1_GTAGGCCCACAGATTC,B
B11_c1,HMN171220,flu,B,B11_c1_GTAGGCCCACGGTGTC,B
B11_c1,HMN171218,flu,B,B11_c1_GTAGTCACACGACTCG,B
B11_c1,HMN171220,flu,B,B11_c1_GTAGTCATCCAGTAGT,B
B11_c1,,,B,B11_c1_GTATCTTAGCTAACTC,B
B11_c1,HMN171218,flu,B,B11_c1_GTATTCTCAGGCTGAA,B
B11_c1,HMN171218,flu,B,B11_c1_GTCAAGTAGTTGCAGG,B
B11_c1,,,B,B11_c1_GTCAAGTTCAGTGCAT,B
B11_c1,HMN171218,flu,B,B11_c1_GTCACAACACATGACT,B
B11_c1,HMN171232,flu,B,B11_c1_GTCACAAGTAGCGATG,B
B11_c1,HMN171220,flu,B,B11_c1_GTCACGGGTGTTGGGA,B
B11_c1,,,B,B11_c1_GTCATTTGTAAGCACG,B
B11_c1,HMN171218,flu,B,B11_c1_GTGCGGTCAGCTGCTG,B
B11_c1,,,B,B11_c1_GTGCTTCGTCCCTTGT,B
B11_c1,HMN171218,flu,B,B11_c1_GTGTTAGTCGTGGACC,B
B11_c1,HMN171218,flu,B,B11_c1_GTTCGGGCAGCTGTAT,B
B11_c1,HMN171218,flu,B,B11_c1_GTTCTCGCAGGAATGC,B
B11_c1,,,B,B11_c1_GTTCTCGGTCCCTTGT,B
B11_c1,HMN171220,flu,B,B11_c1_TACACGAGTCCTCTTG,B
B11_c1,HMN171218,flu,B,B11_c1_TACAGTGCACAGGCCT,B
B11_c1,,,B,B11_c1_TACCTATGTCTCTTTA,B
B11_c1,,,B,B11_c1_TACGGATTCTGTCTCG,B
B11_c1,HMN171220,flu,B,B11_c1_TACGGTAAGCACACAG,B
B11_c1,HMN171232,flu,B,B11_c1_TACTCATCAGACTCGC,B
B11_c1,HMN171220,flu,B,B11_c1_TACTTGTGTCTTGCGG,B
B11_c1,,,B,B11_c1_TAGACCACAATAACGA,B
B11_c1,HMN171218,flu,B,B11_c1_TAGAGCTTCGACGGAA,B
B11_c1,HMN171220,flu,B,B11_c1_TAGGCATAGCGGCTTC,B
B11_c1,HMN171218,flu,B,B11_c1_TATCTCAGTAACGACG,B
B11_c1,HMN171220,flu,B,B11_c1_TCAACGAGTGCTTCTC,B
B11_c1,HMN171220,flu,B,B11_c1_TCAACGATCATGTAGC,B
B11_c1,,,B,B11_c1_TCAACGATCTTGGGTA,B
B11_c1,HMN171218,flu,B,B11_c1_TCAATCTGTCGGCACT,B
B11_c1,HMN171220,flu,B,B11_c1_TCACAAGGTAAATACG,B
B11_c1,HMN171220,flu,B,B11_c1_TCAGGATTCCGGCACA,B
B11_c1,HMN171220,flu,B,B11_c1_TCAGGATTCTGCTGTC,B
B11_c1,HMN171218,flu,B,B11_c1_TCAGGTAGTAAGGGCT,B
B11_c1,HMN171220,flu,B,B11_c1_TCATTTGTCTTCGGTC,B
B11_c1,,,B,B11_c1_TCCACACCACTCGACG,B
B11_c1,,,B,B11_c1_TCGAGGCAGTTGTAGA,B
B11_c1,HMN171215,NI,B,B11_c1_TCGAGGCGTACCCAAT,B
B11_c1,,,B,B11_c1_TCGTACCAGCAATATG,B
B11_c1,HMN171232,flu,B,B11_c1_TCGTACCTCTGAGGGA,B
B11_c1,HMN171218,flu,B,B11_c1_TCTTCGGGTCAGCTAT,B
B11_c1,HMN171220,flu,B,B11_c1_TCTTCGGGTCAGGACA,B
B11_c1,HMN171218,flu,B,B11_c1_TGAGAGGCAGCCAATT,B
B11_c1,,,B,B11_c1_TGAGCATAGGATGGAA,B
B11_c1,,,B,B11_c1_TGAGCCGGTAGGCTGA,B
B11_c1,HMN171220,flu,B,B11_c1_TGAGCCGGTGATGCCC,B
B11_c1,HMN171220,flu,B,B11_c1_TGAGGGAAGTGCGTGA,B
B11_c1,,,B,B11_c1_TGAGGGACACCAGGTC,B
B11_c1,HMN171220,flu,B,B11_c1_TGAGGGACATGTTGAC,B
B11_c1,,,B,B11_c1_TGCCAAACATATGCTG,B
B11_c1,HMN171220,flu,B,B11_c1_TGCCAAATCGTGACAT,B
B11_c1,HMN171220,flu,B,B11_c1_TGCGCAGAGGCAGGTT,B
B11_c1,HMN171218,flu,B,B11_c1_TGCGCAGAGGCGTACA,B
B11_c1,HMN171218,flu,B,B11_c1_TGCGCAGAGGCTACGA,B
B11_c1,HMN171220,flu,B,B11_c1_TGCGCAGCATTAGGCT,B
B11_c1,HMN171218,flu,B,B11_c1_TGCGGGTTCCCTCTTT,B
B11_c1,HMN171232,flu,B,B11_c1_TGCGTGGAGCGTGAGT,B
B11_c1,HMN171218,flu,B,B11_c1_TGCGTGGTCAGGCAAG,B
B11_c1,HMN171218,flu,B,B11_c1_TGCTGCTGTAAGGATT,B
B11_c1,,,B,B11_c1_TGCTGCTGTACCGTTA,B
B11_c1,HMN171232,flu,B,B11_c1_TGGACGCTCAGAGACG,B
B11_c1,HMN171218,flu,B,B11_c1_TGGCCAGAGTGCCAGA,B
B11_c1,,,B,B11_c1_TGGCCAGTCATCTGTT,B
B11_c1,HMN171218,flu,B,B11_c1_TGGCTGGAGTCGTACT,B
B11_c1,,,B,B11_c1_TGGCTGGTCATATCGG,B
B11_c1,HMN171218,flu,B,B11_c1_TGGGCGTGTAAGAGGA,B
B11_c1,HMN171218,flu,B,B11_c1_TGGGCGTTCGTTACGA,B
B11_c1,HMN171220,flu,B,B11_c1_TGGTTAGTCTAACCGA,B
B11_c1,HMN171220,flu,B,B11_c1_TGTCCCAAGTCCATAC,B
B11_c1,,,B,B11_c1_TGTGGTAAGGCGCTCT,B
B11_c1,,,B,B11_c1_TGTGTTTAGACAGAGA,B
B11_c1,HMN171218,flu,B,B11_c1_TGTTCCGTCGGTGTTA,B
B11_c1,HMN171218,flu,B,B11_c1_TTAGGACCATCAGTCA,B
B11_c1,HMN171218,flu,B,B11_c1_TTAGGCAGTCACTTCC,B
B11_c1,HMN171218,flu,B,B11_c1_TTAGTTCCACTATCTT,B
B11_c1,,,B,B11_c1_TTATGCTAGAAGGCCT,B
B11_c1,HMN171218,flu,B,B11_c1_TTATGCTCAAGCCGCT,B
B11_c1,HMN171232,flu,B,B11_c1_TTCGAAGCAGGGATTG,B
B11_c1,HMN171218,flu,B,B11_c1_TTCGAAGGTGGCTCCA,B
B11_c1,HMN171218,flu,B,B11_c1_TTCTACACAAGGACAC,B
B11_c1,HMN171220,flu,B,B11_c1_TTCTACAGTCTAAACC,B
B11_c1,HMN171220,flu,B,B11_c1_TTCTCAATCCTAAGTG,B
B11_c1,HMN171218,flu,B,B11_c1_TTGAACGAGACGCACA,B
B11_c2,HMN171215,flu,B,B11_c2_AAACCTGAGTGAACGC,B
B11_c2,HMN171215,flu,B,B11_c2_AAACCTGCAGGCAGTA,B
B11_c2,HMN171229,flu,B,B11_c2_AAACCTGTCATGTCTT,B
B11_c2,HMN171215,flu,B,B11_c2_AAAGATGCAATCCAAC,B
B11_c2,,,B,B11_c2_AAAGATGTCTGTCTAT,B
B11_c2,,,B,B11_c2_AAAGCAACAGTAGAGC,B
B11_c2,HMN171215,flu,B,B11_c2_AAAGTAGAGCCACGCT,B
B11_c2,HMN171215,flu,B,B11_c2_AAAGTAGAGCTGTCTA,B
B11_c2,HMN171215,flu,B,B11_c2_AACACGTCATTCCTGC,B
B11_c2,,,B,B11_c2_AACCATGTCTACCAGA,B
B11_c2,,,B,B11_c2_AACCATGTCTGTGCAA,B
B11_c2,HMN171215,flu,B,B11_c2_AACCGCGGTGTTGAGG,B
B11_c2,HMN171233,flu,B,B11_c2_AACTCAGGTTGAGTTC,B
B11_c2,,,B,B11_c2_AACTCCCGTTAAAGAC,B
B11_c2,HMN171233,flu,B,B11_c2_AACTCCCGTTACCGAT,B
B11_c2,,,B,B11_c2_AACTCTTTCATGTCTT,B
B11_c2,,,B,B11_c2_AACTGGTCAGCATACT,B
B11_c2,HMN171215,flu,B,B11_c2_AACTGGTGTTATTCTC,B
B11_c2,,,B,B11_c2_AACTGGTTCCCATTAT,B
B11_c2,,,B,B11_c2_AACTTTCGTCATACTG,B
B11_c2,,,B,B11_c2_AAGACCTTCTTTAGTC,B
B11_c2,HMN171233,flu,B,B11_c2_AAGCCGCGTCGCATAT,B
B11_c2,HMN171215,flu,B,B11_c2_AAGCCGCTCCGCATAA,B
B11_c2,HMN171215,flu,B,B11_c2_AAGCCGCTCGTTTATC,B
B11_c2,,,B,B11_c2_AAGGAGCAGAGTCGGT,B
B11_c2,HMN171233,flu,B,B11_c2_AAGGTTCCATGGTTGT,B
B11_c2,,,B,B11_c2_AAGGTTCGTCTGATTG,B
B11_c2,HMN171215,flu,B,B11_c2_AAGTCTGTCTACTTAC,B
B11_c2,HMN171229,flu,B,B11_c2_AAGTCTGTCTGGCGTG,B
B11_c2,,,B,B11_c2_AATCCAGCACTTAACG,B
B11_c2,HMN171215,flu,B,B11_c2_AATCCAGTCATGCATG,B
B11_c2,HMN171233,flu,B,B11_c2_AATCGGTAGGTAGCTG,B
B11_c2,,,B,B11_c2_AATCGGTTCATCTGCC,B
B11_c2,,,B,B11_c2_AATCGGTTCGAGAACG,B
B11_c2,,,B,B11_c2_ACACCAAGTGACAAAT,B
B11_c2,HMN171215,flu,B,B11_c2_ACACCCTCATTTGCTT,B
B11_c2,HMN171215,flu,B,B11_c2_ACACCGGGTTCCACGG,B
B11_c2,HMN171215,flu,B,B11_c2_ACAGCTAAGGAATGGA,B
B11_c2,HMN171215,flu,B,B11_c2_ACAGCTACAAGGTTTC,B
B11_c2,HMN171215,flu,B,B11_c2_ACAGCTAGTCGGATCC,B
B11_c2,,,B,B11_c2_ACAGCTAGTGAGGGAG,B
B11_c2,HMN171233,flu,B,B11_c2_ACCAGTAGTAAACACA,B
B11_c2,HMN171215,flu,B,B11_c2_ACCAGTATCGAATGCT,B
B11_c2,HMN171233,flu,B,B11_c2_ACCAGTATCGCAAGCC,B
B11_c2,HMN171233,flu,B,B11_c2_ACGAGCCAGGAGTTTA,B
B11_c2,,,B,B11_c2_ACGAGCCGTTCCATGA,B
B11_c2,,,B,B11_c2_ACGATACCACTTGGAT,B
B11_c2,,,B,B11_c2_ACGATACTCAACACAC,B
B11_c2,,,B,B11_c2_ACGATACTCACTTCAT,B
B11_c2,HMN171233,flu,B,B11_c2_ACGATACTCAGTTCGA,B
B11_c2,HMN171229,flu,B,B11_c2_ACGCAGCTCGGGAGTA,B
B11_c2,HMN171215,flu,B,B11_c2_ACGCCAGAGAAGGGTA,B
B11_c2,HMN171215,flu,B,B11_c2_ACGCCAGAGGTGCTAG,B
B11_c2,HMN171215,flu,B,B11_c2_ACGGAGACAGCCTGTG,B
B11_c2,,,B,B11_c2_ACGGAGATCCAAAGTC,B
B11_c2,HMN171215,flu,B,B11_c2_ACTATCTGTAGTACCT,B
B11_c2,,,B,B11_c2_ACTGAACGTTGCGCAC,B
B11_c2,HMN171215,flu,B,B11_c2_ACTGAGTTCGCCGTGA,B
B11_c2,HMN171215,flu,B,B11_c2_ACTGATGTCTACGAGT,B
B11_c2,HMN171233,flu,B,B11_c2_ACTGCTCCAGACTCGC,B
B11_c2,,,B,B11_c2_ACTGCTCCATTACGAC,B
B11_c2,HMN171215,flu,B,B11_c2_ACTGTCCCATGGATGG,B
B11_c2,HMN171215,flu,B,B11_c2_ACTGTCCTCAACCAAC,B
B11_c2,HMN171215,flu,B,B11_c2_ACTTACTTCTCGTTTA,B
B11_c2,,,B,B11_c2_AGAATAGCAGGGTACA,B
B11_c2,HMN171215,flu,B,B11_c2_AGAGCTTCAATCACAC,B
B11_c2,,,B,B11_c2_AGAGCTTTCGCGGATC,B
B11_c2,HMN171215,flu,B,B11_c2_AGAGCTTTCTGCCCTA,B
B11_c2,,,B,B11_c2_AGAGTGGAGGTTCCTA,B
B11_c2,HMN171215,flu,B,B11_c2_AGATCTGAGACAAGCC,B
B11_c2,,,B,B11_c2_AGATCTGTCTTAGAGC,B
B11_c2,HMN171229,flu,B,B11_c2_AGATTGCTCTGCGACG,B
B11_c2,HMN171233,flu,B,B11_c2_AGCGGTCAGGCATGTG,B
B11_c2,,,B,B11_c2_AGCGTATGTGGCTCCA,B
B11_c2,HMN171215,flu,B,B11_c2_AGCTTGAAGTAGGTGC,B
B11_c2,,,B,B11_c2_AGGCCACCATTTCAGG,B
B11_c2,HMN171215,flu,B,B11_c2_AGGGATGCAGCGTCCA,B
B11_c2,HMN171233,flu,B,B11_c2_AGGGTGACAGATGGCA,B
B11_c2,HMN171233,flu,B,B11_c2_AGGGTGATCTACTCAT,B
B11_c2,HMN171215,flu,B,B11_c2_AGGTCATCACATGGGA,B
B11_c2,HMN171233,flu,B,B11_c2_AGTAGTCTCAGGCAAG,B
B11_c2,,,B,B11_c2_AGTAGTCTCGTTGACA,B
B11_c2,HMN171215,flu,B,B11_c2_AGTGTCAAGATGGGTC,B
B11_c2,HMN171215,flu,B,B11_c2_AGTGTCACATAGACTC,B
B11_c2,HMN171233,flu,B,B11_c2_AGTGTCAGTTAAGATG,B
B11_c2,HMN171215,flu,B,B11_c2_AGTTGGTAGGCATGGT,B
B11_c2,HMN171215,flu,B,B11_c2_AGTTGGTCAACACCCG,B
B11_c2,HMN171233,flu,B,B11_c2_ATAACGCCACGTGAGA,B
B11_c2,HMN171215,flu,B,B11_c2_ATAACGCTCTGCCAGG,B
B11_c2,HMN171215,flu,B,B11_c2_ATAAGAGGTATGAATG,B
B11_c2,HMN171215,flu,B,B11_c2_ATAGACCCAGTGGAGT,B
B11_c2,HMN171229,flu,B,B11_c2_ATAGACCGTTCAGTAC,B
B11_c2,HMN171233,flu,B,B11_c2_ATAGACCTCAGTCCCT,B
B11_c2,HMN171229,flu,B,B11_c2_ATAGACCTCCTTGCCA,B
B11_c2,HMN171233,flu,B,B11_c2_ATCACGAAGGTGCTTT,B
B11_c2,HMN171233,flu,B,B11_c2_ATCCACCAGCCGCCTA,B
B11_c2,,,B,B11_c2_ATCCGAACACGACGAA,B
B11_c2,HMN171215,flu,B,B11_c2_ATCCGAAGTATCAGTC,B
B11_c2,HMN171215,flu,B,B11_c2_ATCGAGTAGATGCCAG,B
B11_c2,HMN171229,flu,B,B11_c2_ATCTACTAGTGACTCT,B
B11_c2,HMN171233,flu,B,B11_c2_ATCTACTGTTGATTGC,B
B11_c2,HMN171215,flu,B,B11_c2_ATCTGCCAGGCGCTCT,B
B11_c2,HMN171215,flu,B,B11_c2_ATCTGCCCATGCATGT,B
B11_c2,HMN171215,flu,B,B11_c2_ATCTGCCGTGTTGGGA,B
B11_c2,,,B,B11_c2_ATGAGGGGTCAGGACA,B
B11_c2,HMN171229,flu,B,B11_c2_ATGAGGGTCCGCTGTT,B
B11_c2,,,B,B11_c2_ATGGGAGAGACCTAGG,B
B11_c2,,,B,B11_c2_ATGGGAGTCCAAGCCG,B
B11_c2,HMN171233,flu,B,B11_c2_ATGTGTGCAGGACCCT,B
B11_c2,HMN171215,flu,B,B11_c2_ATTACTCGTGCAACGA,B
B11_c2,HMN171215,flu,B,B11_c2_ATTATCCAGGCTAGCA,B
B11_c2,HMN171215,flu,B,B11_c2_ATTCTACTCCAGATCA,B
B11_c2,,,B,B11_c2_ATTGGACCAAGCCCAC,B
B11_c2,,,B,B11_c2_ATTGGTGCAAGCGCTC,B
B11_c2,HMN171233,flu,B,B11_c2_ATTTCTGAGCACCGTC,B
B11_c2,HMN171233,flu,B,B11_c2_ATTTCTGTCCAAACAC,B
B11_c2,HMN171215,flu,B,B11_c2_CAACCAATCTGAGTGT,B
B11_c2,,,B,B11_c2_CAACCTCCAGACAGGT,B
B11_c2,,,B,B11_c2_CAACTAGAGATGTAAC,B
B11_c2,HMN171215,flu,B,B11_c2_CAAGAAAAGATGGCGT,B
B11_c2,HMN171215,flu,B,B11_c2_CAAGGCCAGGCAATTA,B
B11_c2,HMN171215,flu,B,B11_c2_CAAGTTGCAGTTTACG,B
B11_c2,HMN171215,flu,B,B11_c2_CACACAATCAAACCGT,B
B11_c2,HMN171233,flu,B,B11_c2_CACACCTCATGCAATC,B
B11_c2,HMN171215,flu,B,B11_c2_CACACCTGTGCTTCTC,B
B11_c2,HMN171215,flu,B,B11_c2_CACATAGCAGCCAATT,B
B11_c2,HMN171233,flu,B,B11_c2_CACATAGTCGGAATCT,B
B11_c2,HMN171215,flu,B,B11_c2_CACATTTTCCTTTCTC,B
B11_c2,HMN171215,flu,B,B11_c2_CACCACTGTTCGTGAT,B
B11_c2,HMN171215,flu,B,B11_c2_CACTCCAGTGAACCTT,B
B11_c2,HMN171215,flu,B,B11_c2_CAGAATCAGGGATACC,B
B11_c2,HMN171215,flu,B,B11_c2_CAGAGAGAGCCAGTAG,B
B11_c2,HMN171215,flu,B,B11_c2_CAGATCACAGGAATCG,B
B11_c2,HMN171215,flu,B,B11_c2_CAGCAGCGTCCCTACT,B
B11_c2,HMN171215,flu,B,B11_c2_CAGCGACCACGAGGTA,B
B11_c2,,,B,B11_c2_CAGCGACCACTAGTAC,B
B11_c2,HMN171229,flu,B,B11_c2_CAGCGACTCCCTGACT,B
B11_c2,HMN171233,flu,B,B11_c2_CAGCTAACATAGTAAG,B
B11_c2,,,B,B11_c2_CAGGTGCCATCATCCC,B
B11_c2,HMN171233,flu,B,B11_c2_CATATGGTCGGACAAG,B
B11_c2,,,B,B11_c2_CATCAGACAATCCAAC,B
B11_c2,,,B,B11_c2_CATCAGATCAAAGACA,B
B11_c2,,,B,B11_c2_CATCGGGAGATGTAAC,B
B11_c2,HMN171233,flu,B,B11_c2_CATCGGGGTCCGTTAA,B
B11_c2,HMN171215,flu,B,B11_c2_CATGCCTTCAAGCCTA,B
B11_c2,HMN171229,flu,B,B11_c2_CATTATCCACCACGTG,B
B11_c2,HMN171215,flu,B,B11_c2_CATTATCGTCGCTTTC,B
B11_c2,,,B,B11_c2_CATTCGCGTTATTCTC,B
B11_c2,HMN171215,flu,B,B11_c2_CATTCGCGTTCCACTC,B
B11_c2,,,B,B11_c2_CCAATCCAGAACAATC,B
B11_c2,HMN171233,flu,B,B11_c2_CCAATCCGTGAGGGTT,B
B11_c2,,,B,B11_c2_CCAGCGAAGAATAGGG,B
B11_c2,HMN171215,flu,B,B11_c2_CCCAATCAGTGGCACA,B
B11_c2,,,B,B11_c2_CCCAGTTCAGTCGATT,B
B11_c2,HMN171215,flu,B,B11_c2_CCCATACTCTTGACGA,B
B11_c2,HMN171229,flu,B,B11_c2_CCGGGATAGTCACGCC,B
B11_c2,HMN171229,flu,B,B11_c2_CCGGGATTCTGTCTAT,B
B11_c2,HMN171215,flu,B,B11_c2_CCGGTAGAGCACAGGT,B
B11_c2,,,B,B11_c2_CCGGTAGCAGATCGGA,B
B11_c2,HMN171215,flu,B,B11_c2_CCGTACTGTTCAGGCC,B
B11_c2,HMN171229,flu,B,B11_c2_CCGTGGACAAACGTGG,B
B11_c2,HMN171233,flu,B,B11_c2_CCGTGGATCCGCAAGC,B
B11_c2,HMN171233,flu,B,B11_c2_CCGTTCAAGCTAGTCT,B
B11_c2,HMN171233,flu,B,B11_c2_CCGTTCAAGTTATCGC,B
B11_c2,HMN171229,flu,B,B11_c2_CCGTTCACAAGTAATG,B
B11_c2,,,B,B11_c2_CCGTTCAGTTGTACAC,B
B11_c2,HMN171215,flu,B,B11_c2_CCTACCACAGACGCTC,B
B11_c2,,,B,B11_c2_CCTCAGTAGTCAATAG,B
B11_c2,HMN171233,flu,B,B11_c2_CCTCTGAAGTTCCACA,B
B11_c2,HMN171233,flu,B,B11_c2_CCTTCGAGTCGACTAT,B
B11_c2,HMN171233,flu,B,B11_c2_CCTTCGAGTTCAACCA,B
B11_c2,HMN171233,flu,B,B11_c2_CCTTTCTGTCGAATCT,B
B11_c2,,,B,B11_c2_CCTTTCTGTTCAGGCC,B
B11_c2,HMN171215,flu,B,B11_c2_CGAACATTCCATTCTA,B
B11_c2,HMN171215,flu,B,B11_c2_CGAACATTCTTACCGC,B
B11_c2,HMN171215,flu,B,B11_c2_CGAGCACGTTGGGACA,B
B11_c2,HMN171233,flu,B,B11_c2_CGAGCCACAATCCAAC,B
B11_c2,,,B,B11_c2_CGAGCCAGTTAAAGAC,B
B11_c2,,,B,B11_c2_CGATGGCAGTATCTCG,B
B11_c2,,,B,B11_c2_CGCCAAGTCATTGCCC,B
B11_c2,HMN171233,flu,B,B11_c2_CGCTGGAGTCCGTCAG,B
B11_c2,,,B,B11_c2_CGGACACAGAACTGTA,B
B11_c2,HMN171229,flu,B,B11_c2_CGGACGTGTGGTAACG,B
B11_c2,HMN171215,flu,B,B11_c2_CGGAGCTTCTCTGAGA,B
B11_c2,,,B,B11_c2_CGGAGTCAGCTGATAA,B
B11_c2,,,B,B11_c2_CGGGTCATCTCGATGA,B
B11_c2,HMN171233,flu,B,B11_c2_CGGTTAACATCTCGCT,B
B11_c2,HMN171229,flu,B,B11_c2_CGTAGCGCACTTACGA,B
B11_c2,HMN171215,flu,B,B11_c2_CGTAGCGCAGTACACT,B
B11_c2,HMN171233,flu,B,B11_c2_CGTAGCGCATCACAAC,B
B11_c2,HMN171215,flu,B,B11_c2_CGTCCATCAGTCAGCC,B
B11_c2,HMN171215,flu,B,B11_c2_CGTCTACGTCATACTG,B
B11_c2,HMN171215,flu,B,B11_c2_CGTCTACTCTTCTGGC,B
B11_c2,HMN171215,flu,B,B11_c2_CGTGAGCAGCTACCGC,B
B11_c2,HMN171215,flu,B,B11_c2_CGTTGGGTCCACGTGG,B
B11_c2,HMN171215,flu,B,B11_c2_CTAACTTCATCCCATC,B
B11_c2,HMN171215,flu,B,B11_c2_CTAAGACCACAGGCCT,B
B11_c2,HMN171233,flu,B,B11_c2_CTAAGACCACCGAAAG,B
B11_c2,HMN171215,flu,B,B11_c2_CTAAGACTCGAATGCT,B
B11_c2,HMN171233,flu,B,B11_c2_CTACACCAGACTGTAA,B
B11_c2,HMN171229,flu,B,B11_c2_CTACACCTCGCACTCT,B
B11_c2,,,B,B11_c2_CTACATTTCACCACCT,B
B11_c2,HMN171233,flu,B,B11_c2_CTACGTCAGCGCTTAT,B
B11_c2,HMN171215,flu,B,B11_c2_CTACGTCTCCAAGTAC,B
B11_c2,,,B,B11_c2_CTAGCCTCATTATCTC,B
B11_c2,,,B,B11_c2_CTAGCCTTCCTCAACC,B
B11_c2,HMN171229,flu,B,B11_c2_CTAGTGAGTCCAGTGC,B
B11_c2,HMN171233,flu,B,B11_c2_CTAGTGAGTGCACTTA,B
B11_c2,,,B,B11_c2_CTCACACCATGAACCT,B
B11_c2,HMN171233,flu,B,B11_c2_CTCACACGTCTCTTTA,B
B11_c2,,,B,B11_c2_CTCATTAGTGATAAGT,B
B11_c2,HMN171233,flu,B,B11_c2_CTCCTAGCACGTAAGG,B
B11_c2,,,B,B11_c2_CTCGAAATCTGGCGAC,B
B11_c2,HMN171215,flu,B,B11_c2_CTCGAGGTCCACGACG,B
B11_c2,,,B,B11_c2_CTCGAGGTCTTGCAAG,B
B11_c2,HMN171229,flu,B,B11_c2_CTCGGGAAGCCCAGCT,B
B11_c2,HMN171229,flu,B,B11_c2_CTCGGGACACCGTTGG,B
B11_c2,,,B,B11_c2_CTCGTACCAGCTCCGA,B
B11_c2,HMN171233,flu,B,B11_c2_CTCGTACGTCTAGCCG,B
B11_c2,,,B,B11_c2_CTCGTCAAGTGCCATT,B
B11_c2,HMN171215,flu,B,B11_c2_CTCTAATCATCGACGC,B
B11_c2,,,B,B11_c2_CTCTAATGTCGCATCG,B
B11_c2,,,B,B11_c2_CTCTAATTCCCACTTG,B
B11_c2,HMN171215,flu,B,B11_c2_CTCTACGTCGAGGTAG,B
B11_c2,HMN171233,flu,B,B11_c2_CTCTGGTCACACAGAG,B
B11_c2,HMN171215,flu,B,B11_c2_CTCTGGTCATGCATGT,B
B11_c2,HMN171215,flu,B,B11_c2_CTGATCCGTACTTAGC,B
B11_c2,,,B,B11_c2_CTGATCCTCCAATGGT,B
B11_c2,HMN171215,flu,B,B11_c2_CTGCCTAAGAATTCCC,B
B11_c2,HMN171215,flu,B,B11_c2_CTGCCTACAGCCAATT,B
B11_c2,HMN171215,flu,B,B11_c2_CTGCGGACACCCATTC,B
B11_c2,HMN171215,flu,B,B11_c2_CTGCGGACATCGGGTC,B
B11_c2,,,B,B11_c2_CTGCTGTTCACGACTA,B
B11_c2,,,B,B11_c2_CTGTGCTCAAGGTTTC,B
B11_c2,HMN171215,flu,B,B11_c2_CTGTGCTCACGTCAGC,B
B11_c2,HMN171215,flu,B,B11_c2_CTGTTTAAGGCGTACA,B
B11_c2,HMN171233,flu,B,B11_c2_CTTAACTAGGTCGGAT,B
B11_c2,HMN171215,flu,B,B11_c2_CTTAACTAGTTCCACA,B
B11_c2,HMN171233,flu,B,B11_c2_CTTAACTTCGGGAGTA,B
B11_c2,,,B,B11_c2_CTTAGGACAAAGCGGT,B
B11_c2,,,B,B11_c2_CTTCTCTTCAACACAC,B
B11_c2,,,B,B11_c2_CTTGGCTGTCAACTGT,B
B11_c2,HMN171215,flu,B,B11_c2_GAAATGATCGTAGGTT,B
B11_c2,HMN171229,flu,B,B11_c2_GAACCTAGTGCAGGTA,B
B11_c2,,,B,B11_c2_GAACCTATCGATGAGG,B
B11_c2,,,B,B11_c2_GAAGCAGGTCCATCCT,B
B11_c2,HMN171233,flu,B,B11_c2_GAAGCAGTCGATCCCT,B
B11_c2,HMN171233,flu,B,B11_c2_GAATAAGAGACCTAGG,B
B11_c2,HMN171233,flu,B,B11_c2_GAATAAGAGTCTTGCA,B
B11_c2,HMN171215,flu,B,B11_c2_GAATGAACACCGAAAG,B
B11_c2,,,B,B11_c2_GACACGCAGGTGATTA,B
B11_c2,HMN171215,flu,B,B11_c2_GACCTGGTCGTCTGAA,B
B11_c2,HMN171215,flu,B,B11_c2_GACGCGTCACAGTCGC,B
B11_c2,,,B,B11_c2_GACGCGTCATCTACGA,B
B11_c2,HMN171215,flu,B,B11_c2_GACGGCTGTACATGTC,B
B11_c2,HMN171215,flu,B,B11_c2_GACGGCTGTTGATTGC,B
B11_c2,HMN171215,flu,B,B11_c2_GACTAACCAATCCGAT,B
B11_c2,HMN171215,flu,B,B11_c2_GACTAACGTACCGCTG,B
B11_c2,HMN171233,flu,B,B11_c2_GACTAACGTATTCTCT,B
B11_c2,HMN171215,flu,B,B11_c2_GACTACAGTCCAGTGC,B
B11_c2,HMN171233,flu,B,B11_c2_GACTACAGTGCGCTTG,B
B11_c2,HMN171215,flu,B,B11_c2_GACTGCGGTCTAGTCA,B
B11_c2,HMN171215,flu,B,B11_c2_GAGCAGACAGTGGAGT,B
B11_c2,HMN171215,flu,B,B11_c2_GAGCAGATCGGCGCAT,B
B11_c2,,,B,B11_c2_GAGGTGATCTCGTTTA,B
B11_c2,,,B,B11_c2_GAGGTGATCTTTACAC,B
B11_c2,HMN171215,flu,B,B11_c2_GAGTCCGTCGGCGCAT,B
B11_c2,,,B,B11_c2_GATCAGTGTTCGGGCT,B
B11_c2,,,B,B11_c2_GATCGCGAGTGAATTG,B
B11_c2,HMN171215,flu,B,B11_c2_GATCGCGTCTGATACG,B
B11_c2,HMN171215,flu,B,B11_c2_GATCGTAGTGAGGGAG,B
B11_c2,HMN171233,flu,B,B11_c2_GATGAGGAGTTCGCGC,B
B11_c2,HMN171215,flu,B,B11_c2_GCAATCAGTATATGGA,B
B11_c2,,,B,B11_c2_GCAATCATCATTGCGA,B
B11_c2,HMN171215,flu,B,B11_c2_GCAGCCAGTCACTGGC,B
B11_c2,,,B,B11_c2_GCATACATCATTGCCC,B
B11_c2,HMN171229,flu,B,B11_c2_GCATGATAGTACCGGA,B
B11_c2,HMN171229,flu,B,B11_c2_GCATGATGTGTGCGTC,B
B11_c2,,,B,B11_c2_GCCAAATTCTAACCGA,B
B11_c2,HMN171215,flu,B,B11_c2_GCCTCTATCAAAGACA,B
B11_c2,HMN171215,flu,B,B11_c2_GCGACCATCAGTCAGT,B
B11_c2,HMN171215,flu,B,B11_c2_GCGCGATGTCTGATCA,B
B11_c2,,,B,B11_c2_GCGCGATTCAGCGACC,B
B11_c2,HMN171215,flu,B,B11_c2_GCTCCTAAGTGAAGAG,B
B11_c2,HMN171215,flu,B,B11_c2_GCTGCAGCAGCTGTGC,B
B11_c2,HMN171229,flu,B,B11_c2_GCTGCTTAGGGCTTCC,B
B11_c2,HMN171215,flu,B,B11_c2_GCTGCTTGTAGTACCT,B
B11_c2,HMN171233,flu,B,B11_c2_GCTGCTTGTCGTCTTC,B
B11_c2,,,B,B11_c2_GCTGGGTGTGCTTCTC,B
B11_c2,HMN171215,flu,B,B11_c2_GCTTGAACAATGGAAT,B
B11_c2,HMN171215,flu,B,B11_c2_GGAAAGCGTCTTGCGG,B
B11_c2,HMN171215,flu,B,B11_c2_GGAACTTGTACTCAAC,B
B11_c2,HMN171215,flu,B,B11_c2_GGAACTTGTATTCGTG,B
B11_c2,HMN171215,flu,B,B11_c2_GGAATAACACTGTGTA,B
B11_c2,HMN171233,flu,B,B11_c2_GGACAAGAGACAATAC,B
B11_c2,,,B,B11_c2_GGACAAGAGTACACCT,B
B11_c2,HMN171215,flu,B,B11_c2_GGACAAGCAAGGACTG,B
B11_c2,HMN171229,flu,B,B11_c2_GGACAGATCTTAGCCC,B
B11_c2,,,B,B11_c2_GGACATTGTAGTAGTA,B
B11_c2,HMN171215,flu,B,B11_c2_GGACATTGTTTGACTG,B
B11_c2,HMN171229,flu,B,B11_c2_GGACGTCTCTTACCTA,B
B11_c2,HMN171215,flu,B,B11_c2_GGATGTTCACGTCAGC,B
B11_c2,HMN171229,flu,B,B11_c2_GGATGTTTCTTGTTTG,B
B11_c2,HMN171215,flu,B,B11_c2_GGATTACCAATAAGCA,B
B11_c2,,,B,B11_c2_GGCTGGTGTCAGCTAT,B
B11_c2,HMN171215,flu,B,B11_c2_GGGAATGGTCCGAAGA,B
B11_c2,HMN171215,flu,B,B11_c2_GGGCACTCAGGCAGTA,B
B11_c2,HMN171233,flu,B,B11_c2_GGGCACTTCAGTCCCT,B
B11_c2,HMN171229,flu,B,B11_c2_GGGTCTGAGTCGCCGT,B
B11_c2,,,B,B11_c2_GGGTTGCCACAAGCCC,B
B11_c2,HMN171215,flu,B,B11_c2_GGGTTGCCAGCTGCTG,B
B11_c2,HMN171233,flu,B,B11_c2_GGTATTGAGTCCCACG,B
B11_c2,HMN171215,flu,B,B11_c2_GGTATTGGTTAAGGGC,B
B11_c2,HMN171215,flu,B,B11_c2_GGTGAAGGTCAACATC,B
B11_c2,,,B,B11_c2_GTAACGTCACGGACAA,B
B11_c2,HMN171215,flu,B,B11_c2_GTAACTGGTTACGGAG,B
B11_c2,,,B,B11_c2_GTAACTGTCCTTGGTC,B
B11_c2,HMN171215,flu,B,B11_c2_GTACTTTCATAACCTG,B
B11_c2,,,B,B11_c2_GTAGTCAGTCCGTGAC,B
B11_c2,HMN171215,flu,B,B11_c2_GTATCTTCAAGGACAC,B
B11_c2,HMN171233,flu,B,B11_c2_GTATCTTGTCTAGGTT,B
B11_c2,,,B,B11_c2_GTATCTTTCGCTAGCG,B
B11_c2,,,B,B11_c2_GTATTCTCATTGTGCA,B
B11_c2,,,B,B11_c2_GTCAAGTGTCTCAACA,B
B11_c2,HMN171233,flu,B,B11_c2_GTCAAGTTCAACGGGA,B
B11_c2,HMN171215,flu,B,B11_c2_GTCACGGAGGGCACTA,B
B11_c2,,,B,B11_c2_GTCATTTTCTGTCTAT,B
B11_c2,HMN171215,flu,B,B11_c2_GTCCTCACAAGCTGAG,B
B11_c2,HMN171233,flu,B,B11_c2_GTCGGGTAGTACGTTC,B
B11_c2,,,B,B11_c2_GTCGGGTTCTATGTGG,B
B11_c2,HMN171229,flu,B,B11_c2_GTCGTAACAATTGCTG,B
B11_c2,HMN171215,flu,B,B11_c2_GTCGTAATCGATGAGG,B
B11_c2,HMN171215,flu,B,B11_c2_GTCTCGTAGGACATTA,B
B11_c2,HMN171229,flu,B,B11_c2_GTGCAGCGTGTTGGGA,B
B11_c2,HMN171215,flu,B,B11_c2_GTGCAGCTCTTCTGGC,B
B11_c2,HMN171215,flu,B,B11_c2_GTGCATACAAGAGGCT,B
B11_c2,HMN171215,flu,B,B11_c2_GTGCATAGTAGCTAAA,B
B11_c2,HMN171215,flu,B,B11_c2_GTGCGGTGTATATGGA,B
B11_c2,,,B,B11_c2_GTGCTTCCAATAGAGT,B
B11_c2,,,B,B11_c2_GTGCTTCTCCGCGTTT,B
B11_c2,,,B,B11_c2_GTGCTTCTCGTGTAGT,B
B11_c2,HMN171215,flu,B,B11_c2_GTGGGTCAGATATACG,B
B11_c2,HMN171229,flu,B,B11_c2_GTGTGCGTCTGTTGAG,B
B11_c2,,,B,B11_c2_GTGTTAGTCCTGCAGG,B
B11_c2,HMN171215,flu,B,B11_c2_GTTTCTAAGACTCGGA,B
B11_c2,HMN171215,flu,B,B11_c2_GTTTCTAAGATACACA,B
B11_c2,,,B,B11_c2_TAAGAGAGTCGTGGCT,B
B11_c2,,,B,B11_c2_TAAGCGTCAGGTGCCT,B
B11_c2,HMN171233,flu,B,B11_c2_TAAGCGTTCCCTCAGT,B
B11_c2,HMN171215,flu,B,B11_c2_TAAGTGCCATCTACGA,B
B11_c2,,,B,B11_c2_TACACGAAGGGAACGG,B
B11_c2,HMN171233,flu,B,B11_c2_TACAGTGTCGAGCCCA,B
B11_c2,,,B,B11_c2_TACGGATAGAGTACCG,B
B11_c2,HMN171215,flu,B,B11_c2_TACTTACGTGGTCTCG,B
B11_c2,HMN171215,flu,B,B11_c2_TACTTGTCAGTCTTCC,B
B11_c2,HMN171215,flu,B,B11_c2_TACTTGTTCTTAGAGC,B
B11_c2,HMN171215,flu,B,B11_c2_TAGACCACAAAGTCAA,B
B11_c2,HMN171229,flu,B,B11_c2_TAGACCAGTCCCGACA,B
B11_c2,HMN171215,flu,B,B11_c2_TAGAGCTCAAGTTAAG,B
B11_c2,,,B,B11_c2_TAGAGCTTCAGTGTTG,B
B11_c2,HMN171215,flu,B,B11_c2_TAGTGGTAGTGGAGTC,B
B11_c2,,,B,B11_c2_TAGTGGTCAGCTCGCA,B
B11_c2,HMN171215,flu,B,B11_c2_TAGTTGGCAAATACAG,B
B11_c2,HMN171215,flu,B,B11_c2_TAGTTGGCACCGCTAG,B
B11_c2,,,B,B11_c2_TATCTCAAGGCTACGA,B
B11_c2,HMN171215,flu,B,B11_c2_TATCTCATCACGAAGG,B
B11_c2,,,B,B11_c2_TCAACGAAGCCAGAAC,B
B11_c2,HMN171215,flu,B,B11_c2_TCACAAGTCTGGAGCC,B
B11_c2,HMN171215,flu,B,B11_c2_TCACGAACACTGAAGG,B
B11_c2,HMN171215,flu,B,B11_c2_TCACGAATCTGCGACG,B
B11_c2,HMN171229,flu,B,B11_c2_TCAGATGCACGCTTTC,B
B11_c2,,,B,B11_c2_TCAGCAATCGTCCGTT,B
B11_c2,,,B,B11_c2_TCAGCTCGTGCAGACA,B
B11_c2,HMN171215,flu,B,B11_c2_TCAGGATCATCATCCC,B
B11_c2,,,B,B11_c2_TCATTACGTGTGAATA,B
B11_c2,,,B,B11_c2_TCCCGATCATGGGACA,B
B11_c2,HMN171229,flu,B,B11_c2_TCGAGGCAGAGCCCAA,B
B11_c2,HMN171215,flu,B,B11_c2_TCGAGGCCAAGAGTCG,B
B11_c2,HMN171229,flu,B,B11_c2_TCGCGAGAGGACCACA,B
B11_c2,,,B,B11_c2_TCGCGAGCAGTAAGCG,B
B11_c2,HMN171215,flu,B,B11_c2_TCGCGAGCAGTTTACG,B
B11_c2,HMN171215,flu,B,B11_c2_TCGCGTTAGGACATTA,B
B11_c2,,,B,B11_c2_TCGGTAAAGTCAATAG,B
B11_c2,HMN171229,flu,B,B11_c2_TCTCTAAAGCGATAGC,B
B11_c2,,,B,B11_c2_TCTGAGATCTGCCCTA,B
B11_c2,HMN171215,flu,B,B11_c2_TCTGGAATCCGCATCT,B
B11_c2,HMN171233,flu,B,B11_c2_TCTTTCCAGTGTACCT,B
B11_c2,HMN171233,flu,B,B11_c2_TGAAAGATCGGCGCAT,B
B11_c2,,,B,B11_c2_TGACGGCAGCGTGAGT,B
B11_c2,HMN171215,flu,B,B11_c2_TGACGGCTCCGCTGTT,B
B11_c2,HMN171229,flu,B,B11_c2_TGACTAGCAAGTACCT,B
B11_c2,,,B,B11_c2_TGACTAGCACATGACT,B
B11_c2,,,B,B11_c2_TGACTTTAGCATGGCA,B
B11_c2,,,B,B11_c2_TGACTTTGTAAGTGGC,B
B11_c2,HMN171215,flu,B,B11_c2_TGAGCATAGGGTATCG,B
B11_c2,HMN171215,flu,B,B11_c2_TGAGGGATCTCCTATA,B
B11_c2,,,B,B11_c2_TGATTTCTCGAGGTAG,B
B11_c2,HMN171215,flu,B,B11_c2_TGCCAAACAGGGAGAG,B
B11_c2,HMN171215,flu,B,B11_c2_TGCCCATCACGTCTCT,B
B11_c2,HMN171233,flu,B,B11_c2_TGCCCATGTGAGTATA,B
B11_c2,HMN171233,flu,B,B11_c2_TGCGGGTCACCAGGCT,B
B11_c2,HMN171215,flu,B,B11_c2_TGCTGCTAGGAATGGA,B
B11_c2,HMN171229,flu,B,B11_c2_TGCTGCTGTGACAAAT,B
B11_c2,HMN171215,flu,B,B11_c2_TGGACGCGTCTGCAAT,B
B11_c2,HMN171229,flu,B,B11_c2_TGGCTGGTCTTTACAC,B
B11_c2,,,B,B11_c2_TGGGAAGAGGGCACTA,B
B11_c2,HMN171229,flu,B,B11_c2_TGGGAAGCAACTTGAC,B
B11_c2,HMN171215,flu,B,B11_c2_TGGGAAGTCTCCCTGA,B
B11_c2,,,B,B11_c2_TGGGCGTTCGGAGGTA,B
B11_c2,HMN171215,flu,B,B11_c2_TGGTTCCTCACCTCGT,B
B11_c2,HMN171215,flu,B,B11_c2_TGTATTCCACACCGCA,B
B11_c2,HMN171233,flu,B,B11_c2_TGTATTCCATGTTCCC,B
B11_c2,HMN171215,flu,B,B11_c2_TGTCCCAAGTCGTTTG,B
B11_c2,,,B,B11_c2_TGTCCCAGTTATCACG,B
B11_c2,HMN171233,flu,B,B11_c2_TGTGGTATCTCTAGGA,B
B11_c2,HMN171215,flu,B,B11_c2_TTAACTCCACGAAGCA,B
B11_c2,HMN171233,flu,B,B11_c2_TTAACTCTCCTTTCGG,B
B11_c2,,,B,B11_c2_TTATGCTAGCTTTGGT,B
B11_c2,HMN171233,flu,B,B11_c2_TTATGCTGTCGTTGTA,B
B11_c2,HMN171215,flu,B,B11_c2_TTCCCAGTCACCATAG,B
B11_c2,HMN171215,flu,B,B11_c2_TTCTCAAAGGCTCATT,B
B11_c2,HMN171229,flu,B,B11_c2_TTGAACGTCAGTCAGT,B
B11_c2,,,B,B11_c2_TTGCCGTAGCTCCTCT,B
B11_c2,HMN171233,flu,B,B11_c2_TTGCCGTTCTTGTACT,B
B11_c2,,,B,B11_c2_TTGCGTCGTCGAGATG,B
B11_c2,,,B,B11_c2_TTTGGTTGTCCGTGAC,B
B11_c2,,,B,B11_c2_TTTGTCAAGGCGCTCT,B
B12_c1,,,B,B12_c1_AAACCTGAGATGGGTC,B
B12_c1,HMN171219,flu,B,B12_c1_AAACCTGGTTACGCGC,B
B12_c1,HMN171234,flu,B,B12_c1_AAAGATGCATCGATTG,B
B12_c1,,,B,B12_c1_AAAGATGTCCAACCAA,B
B12_c1,HMN171219,flu,B,B12_c1_AAAGCAATCCAGTATG,B
B12_c1,HMN171234,flu,B,B12_c1_AAAGTAGCATGCTAGT,B
B12_c1,,,B,B12_c1_AACCATGAGCTGAAAT,B
B12_c1,,,B,B12_c1_AACCATGCAAGAAGAG,B
B12_c1,HMN171219,flu,B,B12_c1_AACCGCGTCACTTCAT,B
B12_c1,,,B,B12_c1_AACGTTGCACAACTGT,B
B12_c1,HMN171234,flu,B,B12_c1_AACGTTGTCAGCGATT,B
B12_c1,HMN171234,flu,B,B12_c1_AACGTTGTCTACCTGC,B
B12_c1,HMN171234,flu,B,B12_c1_AACTCAGTCCGAGCCA,B
B12_c1,,,B,B12_c1_AACTCCCCATGTCCTC,B
B12_c1,HMN171240,flu,B,B12_c1_AACTGGTAGTGGTCCC,B
B12_c1,HMN171240,flu,B,B12_c1_AACTGGTGTACCGGCT,B
B12_c1,HMN171219,flu,B,B12_c1_AACTTTCGTGACTACT,B
B12_c1,,,B,B12_c1_AAGCCGCTCTAGAGTC,B
B12_c1,,,B,B12_c1_AAGGAGCAGCACAGGT,B
B12_c1,HMN171240,flu,B,B12_c1_AAGGAGCTCACGAAGG,B
B12_c1,,,B,B12_c1_AAGGAGCTCCATGCTC,B
B12_c1,HMN171240,flu,B,B12_c1_AAGGCAGGTTAAGTAG,B
B12_c1,,,B,B12_c1_AAGGTTCAGATAGCAT,B
B12_c1,HMN171240,flu,B,B12_c1_AAGGTTCCACTGCCAG,B
B12_c1,,,B,B12_c1_AAGGTTCTCTTTAGGG,B
B12_c1,HMN171234,flu,B,B12_c1_AAGTCTGAGCCCAACC,B
B12_c1,HMN171234,flu,B,B12_c1_AATCCAGAGAGTAAGG,B
B12_c1,HMN171234,flu,B,B12_c1_AATCGGTAGAACTCGG,B
B12_c1,HMN171219,flu,B,B12_c1_AATCGGTAGCAGCCTC,B
B12_c1,HMN171234,flu,B,B12_c1_AATCGGTCATGGGAAC,B
B12_c1,HMN171219,flu,B,B12_c1_ACACCAAAGCACAGGT,B
B12_c1,HMN171219,flu,B,B12_c1_ACACCAAAGGCTAGAC,B
B12_c1,,,B,B12_c1_ACACCAAGTCGACTAT,B
B12_c1,,,B,B12_c1_ACACCAAGTCGTCTTC,B
B12_c1,,,B,B12_c1_ACACTGACAGTCACTA,B
B12_c1,HMN171234,flu,B,B12_c1_ACACTGACATCCTTGC,B
B12_c1,HMN171219,flu,B,B12_c1_ACATACGTCCTATGTT,B
B12_c1,HMN171234,flu,B,B12_c1_ACATACGTCGGTGTTA,B
B12_c1,,,B,B12_c1_ACATGGTAGAGCTGCA,B
B12_c1,HMN171240,flu,B,B12_c1_ACATGGTCATGTAAGA,B
B12_c1,HMN171234,flu,B,B12_c1_ACCAGTACACTCAGGC,B
B12_c1,HMN171234,flu,B,B12_c1_ACCCACTCATCTACGA,B
B12_c1,HMN171240,flu,B,B12_c1_ACCCACTTCTGCAGTA,B
B12_c1,,,B,B12_c1_ACCGTAATCCGAATGT,B
B12_c1,HMN171219,flu,B,B12_c1_ACGAGGAAGCAGACTG,B
B12_c1,HMN171234,flu,B,B12_c1_ACGAGGAAGGCCCTCA,B
B12_c1,HMN171234,flu,B,B12_c1_ACGCAGCAGCGATATA,B
B12_c1,,,B,B12_c1_ACGCAGCCACCAGATT,B
B12_c1,HMN171234,flu,B,B12_c1_ACGCCAGAGTCGAGTG,B
B12_c1,HMN171240,flu,B,B12_c1_ACGCCAGTCACGCATA,B
B12_c1,HMN171234,flu,B,B12_c1_ACGCCAGTCGGATGTT,B
B12_c1,HMN171234,flu,B,B12_c1_ACGCCGAGTACAAGTA,B
B12_c1,HMN171234,flu,B,B12_c1_ACGCCGATCCTTGGTC,B
B12_c1,,,B,B12_c1_ACGGAGAAGACTAGAT,B
B12_c1,,,B,B12_c1_ACGGAGACACATCCGG,B
B12_c1,HMN171234,flu,B,B12_c1_ACGGAGACAGACGCTC,B
B12_c1,HMN171240,flu,B,B12_c1_ACGGAGATCCTATTCA,B
B12_c1,HMN171240,flu,B,B12_c1_ACGGCCAAGTGCGATG,B
B12_c1,,,B,B12_c1_ACGGGCTGTACCTACA,B
B12_c1,HMN171219,flu,B,B12_c1_ACGGGTCCAAGGCTCC,B
B12_c1,,,B,B12_c1_ACGGGTCGTCGACTGC,B
B12_c1,HMN171234,flu,B,B12_c1_ACGGGTCTCCATGCTC,B
B12_c1,HMN171240,flu,B,B12_c1_ACGGGTCTCTATCCCG,B
B12_c1,,,B,B12_c1_ACTATCTCAAGCTGAG,B
B12_c1,,,B,B12_c1_ACTATCTCATCCAACA,B
B12_c1,HMN171234,flu,B,B12_c1_ACTATCTGTGGGTATG,B
B12_c1,HMN171240,flu,B,B12_c1_ACTATCTTCCGTTGTC,B
B12_c1,HMN171219,flu,B,B12_c1_ACTGAACAGTTGAGTA,B
B12_c1,HMN171234,flu,B,B12_c1_ACTGAACGTGCTGTAT,B
B12_c1,HMN171234,flu,B,B12_c1_ACTGAACTCGTTGCCT,B
B12_c1,,,B,B12_c1_ACTGAGTAGACTCGGA,B
B12_c1,HMN171240,flu,B,B12_c1_ACTGAGTAGAGTAATC,B
B12_c1,HMN171219,flu,B,B12_c1_ACTGAGTCAAGTCATC,B
B12_c1,HMN171219,flu,B,B12_c1_ACTGATGAGATATGCA,B
B12_c1,,,B,B12_c1_ACTGATGAGGAGTAGA,B
B12_c1,,,B,B12_c1_ACTGATGTCCTGCTTG,B
B12_c1,,,B,B12_c1_ACTGATGTCTGGTGTA,B
B12_c1,HMN171240,flu,B,B12_c1_ACTGATGTCTGTACGA,B
B12_c1,HMN171219,flu,B,B12_c1_ACTGATGTCTTGTATC,B
B12_c1,,,B,B12_c1_ACTGCTCCAGCTTCGG,B
B12_c1,HMN171219,flu,B,B12_c1_AGAGCGAAGACTTGAA,B
B12_c1,HMN171234,flu,B,B12_c1_AGAGCGAAGGCAAAGA,B
B12_c1,,,B,B12_c1_AGAGCGATCATCGGAT,B
B12_c1,HMN171219,flu,B,B12_c1_AGAGCTTCAGTCAGAG,B
B12_c1,HMN171219,flu,B,B12_c1_AGAGTGGCACCACGTG,B
B12_c1,HMN171219,flu,B,B12_c1_AGAGTGGGTCTGCAAT,B
B12_c1,HMN171219,flu,B,B12_c1_AGAGTGGGTCTGCCAG,B
B12_c1,HMN171219,flu,B,B12_c1_AGATCTGGTAAGGGCT,B
B12_c1,HMN171234,flu,B,B12_c1_AGATTGCTCAATAAGG,B
B12_c1,HMN171219,flu,B,B12_c1_AGCATACGTAGTACCT,B
B12_c1,HMN171219,flu,B,B12_c1_AGCATACGTTCGCGAC,B
B12_c1,,,B,B12_c1_AGCGGTCGTATTCGTG,B
B12_c1,HMN171234,flu,B,B12_c1_AGCGTATCAAATTGCC,B
B12_c1,HMN171234,flu,B,B12_c1_AGCGTATTCACGGTTA,B
B12_c1,HMN171219,flu,B,B12_c1_AGCGTCGCATCACCCT,B
B12_c1,,,B,B12_c1_AGCTCTCGTCTGCCAG,B
B12_c1,HMN171219,flu,B,B12_c1_AGCTCTCGTGGAAAGA,B
B12_c1,HMN171219,flu,B,B12_c1_AGCTTGAAGGGTCGAT,B
B12_c1,,,B,B12_c1_AGGCCACAGGGCTTCC,B
B12_c1,,,B,B12_c1_AGGCCGTAGAGTACCG,B
B12_c1,HMN171234,flu,B,B12_c1_AGGGAGTAGTTCGATC,B
B12_c1,HMN171234,flu,B,B12_c1_AGGGATGAGCTGCGAA,B
B12_c1,HMN171234,flu,B,B12_c1_AGGGATGAGGTAGCCA,B
B12_c1,HMN171234,flu,B,B12_c1_AGGGTGAGTCCTCCAT,B
B12_c1,,,B,B12_c1_AGGGTGATCGTCCAGG,B
B12_c1,HMN171219,flu,B,B12_c1_AGGTCATAGAGCTTCT,B
B12_c1,,,B,B12_c1_AGGTCATCAGGCAGTA,B
B12_c1,,,B,B12_c1_AGGTCATTCAGTCCCT,B
B12_c1,HMN171240,flu,B,B12_c1_AGGTCCGAGTCGATAA,B
B12_c1,HMN171234,flu,B,B12_c1_AGTAGTCCACCCAGTG,B
B12_c1,,,B,B12_c1_AGTAGTCTCACCGGGT,B
B12_c1,,,B,B12_c1_AGTCTTTGTAGTGAAT,B
B12_c1,HMN171240,flu,B,B12_c1_AGTCTTTTCGCTTAGA,B
B12_c1,HMN171240,flu,B,B12_c1_AGTGAGGGTAACGCGA,B
B12_c1,,,B,B12_c1_AGTGGGAAGCTAGTCT,B
B12_c1,HMN171219,flu,B,B12_c1_AGTGGGACAATGAAAC,B
B12_c1,HMN171219,flu,B,B12_c1_AGTGGGAGTGCTAGCC,B
B12_c1,,,B,B12_c1_ATAACGCCATTCGACA,B
B12_c1,,,B,B12_c1_ATAACGCTCTTGAGGT,B
B12_c1,,,B,B12_c1_ATAGACCTCAAAGTAG,B
B12_c1,HMN171219,flu,B,B12_c1_ATCACGAGTTTGACTG,B
B12_c1,,,B,B12_c1_ATCATCTCAAGGTTCT,B
B12_c1,HMN171234,flu,B,B12_c1_ATCATCTGTTTGTGTG,B
B12_c1,,,B,B12_c1_ATCATCTTCCTAGAAC,B
B12_c1,HMN171219,flu,B,B12_c1_ATCATCTTCGGCTACG,B
B12_c1,,,B,B12_c1_ATCATGGTCACATGCA,B
B12_c1,HMN171234,flu,B,B12_c1_ATCATGGTCGGCGGTT,B
B12_c1,HMN171234,flu,B,B12_c1_ATCCGAACATCACAAC,B
B12_c1,HMN171234,flu,B,B12_c1_ATCGAGTAGTACATGA,B
B12_c1,,,B,B12_c1_ATCTACTTCACATAGC,B
B12_c1,HMN171234,flu,B,B12_c1_ATCTACTTCGCTGATA,B
B12_c1,HMN171240,flu,B,B12_c1_ATCTGCCAGCCATCGC,B
B12_c1,HMN171234,flu,B,B12_c1_ATCTGCCCATGTCGAT,B
B12_c1,HMN171240,flu,B,B12_c1_ATCTGCCTCCTATGTT,B
B12_c1,HMN171240,flu,B,B12_c1_ATGAGGGAGCTAGCCC,B
B12_c1,HMN171240,flu,B,B12_c1_ATGAGGGGTAGCGTAG,B
B12_c1,HMN171219,flu,B,B12_c1_ATGAGGGTCATAAAGG,B
B12_c1,,,B,B12_c1_ATGAGGGTCGGTGTTA,B
B12_c1,HMN171219,flu,B,B12_c1_ATGCGATTCCTATTCA,B
B12_c1,HMN171240,flu,B,B12_c1_ATGGGAGAGGATTCGG,B
B12_c1,HMN171219,flu,B,B12_c1_ATGGGAGTCCCAGGTG,B
B12_c1,HMN171219,flu,B,B12_c1_ATGGGAGTCTTTAGTC,B
B12_c1,,,B,B12_c1_ATGTGTGAGAGATGAG,B
B12_c1,HMN171234,flu,B,B12_c1_ATTATCCTCCGCGGTA,B
B12_c1,HMN171219,flu,B,B12_c1_ATTGGTGCAAGCCCAC,B
B12_c1,HMN171234,flu,B,B12_c1_ATTTCTGTCCGTACAA,B
B12_c1,,,B,B12_c1_CAACCAAAGTGTTGAA,B
B12_c1,HMN171234,flu,B,B12_c1_CAACCAATCGGTGTTA,B
B12_c1,HMN171219,flu,B,B12_c1_CAACCAATCTCCGGTT,B
B12_c1,HMN171219,flu,B,B12_c1_CAACCTCAGCTTATCG,B
B12_c1,HMN171219,flu,B,B12_c1_CAACTAGAGTGTGAAT,B
B12_c1,HMN171234,flu,B,B12_c1_CAACTAGCAATGCCAT,B
B12_c1,HMN171234,flu,B,B12_c1_CAACTAGCAGACGTAG,B
B12_c1,HMN171240,flu,B,B12_c1_CAAGAAACAGCTTCGG,B
B12_c1,HMN171240,flu,B,B12_c1_CAAGAAATCGCTTGTC,B
B12_c1,HMN171234,flu,B,B12_c1_CAAGATCAGATGTGGC,B
B12_c1,HMN171219,flu,B,B12_c1_CAAGGCCGTTCCCGAG,B
B12_c1,,,B,B12_c1_CAAGTTGTCCTGCAGG,B
B12_c1,,,B,B12_c1_CACACCTCATGGTCTA,B
B12_c1,HMN171219,flu,B,B12_c1_CACACTCCAGACGCAA,B
B12_c1,HMN171240,flu,B,B12_c1_CACAGGCCAAGGTGTG,B
B12_c1,HMN171219,flu,B,B12_c1_CACAGGCCAATGGAGC,B
B12_c1,,,B,B12_c1_CACAGTAGTTTGACAC,B
B12_c1,HMN171240,flu,B,B12_c1_CACAGTATCTTGACGA,B
B12_c1,,,B,B12_c1_CACATTTAGCACAGGT,B
B12_c1,,,B,B12_c1_CACATTTGTACTTAGC,B
B12_c1,HMN171240,flu,B,B12_c1_CACCAGGTCATCACCC,B
B12_c1,HMN171219,flu,B,B12_c1_CACCAGGTCATCGGAT,B
B12_c1,HMN171234,flu,B,B12_c1_CACTCCAAGCATGGCA,B
B12_c1,HMN171240,flu,B,B12_c1_CAGAATCTCCGTAGTA,B
B12_c1,,,B,B12_c1_CAGAGAGAGTAATCCC,B
B12_c1,HMN171234,flu,B,B12_c1_CAGATCACATGCCTAA,B
B12_c1,HMN171240,flu,B,B12_c1_CAGCAGCCACGCGAAA,B
B12_c1,HMN171234,flu,B,B12_c1_CAGCATAAGCTTTGGT,B
B12_c1,,,B,B12_c1_CAGCATAAGGTGACCA,B
B12_c1,HMN171240,flu,B,B12_c1_CAGCCGAGTGCGCTTG,B
B12_c1,HMN171234,flu,B,B12_c1_CAGCGACCAACGATCT,B
B12_c1,HMN171219,flu,B,B12_c1_CAGCTAAGTCACTTCC,B
B12_c1,HMN171234,flu,B,B12_c1_CAGCTGGTCAAACGGG,B
B12_c1,HMN171234,flu,B,B12_c1_CAGGTGCCAAAGTGCG,B
B12_c1,HMN171234,flu,B,B12_c1_CAGGTGCGTACGCTGC,B
B12_c1,,,B,B12_c1_CAGTAACAGCGCCTCA,B
B12_c1,,,B,B12_c1_CAGTCCTAGCACGCCT,B
B12_c1,HMN171234,flu,B,B12_c1_CATATGGAGAGCCCAA,B
B12_c1,HMN171219,flu,B,B12_c1_CATATGGGTCTTCTCG,B
B12_c1,HMN171219,flu,B,B12_c1_CATATGGTCCCAAGAT,B
B12_c1,HMN171234,flu,B,B12_c1_CATATTCAGATGAGAG,B
B12_c1,HMN171234,flu,B,B12_c1_CATATTCCATCCTAGA,B
B12_c1,HMN171234,flu,B,B12_c1_CATATTCGTCTCTTTA,B
B12_c1,,,B,B12_c1_CATCAGACAACGCACC,B
B12_c1,HMN171219,flu,B,B12_c1_CATCCACGTCGACTAT,B
B12_c1,HMN171234,flu,B,B12_c1_CATCCACGTCTCACCT,B
B12_c1,HMN171219,flu,B,B12_c1_CATCGAAGTAAACGCG,B
B12_c1,HMN171240,flu,B,B12_c1_CATCGAAGTGACCAAG,B
B12_c1,HMN171219,flu,B,B12_c1_CATCGGGCAGTATAAG,B
B12_c1,HMN171234,flu,B,B12_c1_CATGACATCCTTTACA,B
B12_c1,HMN171234,flu,B,B12_c1_CATGACATCCTTTCTC,B
B12_c1,HMN171234,flu,B,B12_c1_CATGGCGGTAAGGGAA,B
B12_c1,HMN171240,flu,B,B12_c1_CATTCGCGTCAGTGGA,B
B12_c1,,,B,B12_c1_CCAATCCGTACCGTAT,B
B12_c1,HMN171219,flu,B,B12_c1_CCAATCCGTTATCACG,B
B12_c1,HMN171234,flu,B,B12_c1_CCACCTAAGTGATCGG,B
B12_c1,HMN171219,flu,B,B12_c1_CCACGGAAGACAGGCT,B
B12_c1,,,B,B12_c1_CCACTACTCAACACAC,B
B12_c1,,,B,B12_c1_CCACTACTCTGGTGTA,B
B12_c1,,,B,B12_c1_CCAGCGAGTTGTCGCG,B
B12_c1,HMN171219,flu,B,B12_c1_CCATGTCCAATAGCGG,B
B12_c1,HMN171234,flu,B,B12_c1_CCATTCGAGATGCGAC,B
B12_c1,HMN171240,flu,B,B12_c1_CCCAGTTCACGGTTTA,B
B12_c1,,,B,B12_c1_CCCAGTTGTCCTAGCG,B
B12_c1,HMN171219,flu,B,B12_c1_CCCAGTTTCGGAGGTA,B
B12_c1,HMN171234,flu,B,B12_c1_CCCTCCTTCCGCATCT,B
B12_c1,HMN171219,flu,B,B12_c1_CCGGGATAGAGACTAT,B
B12_c1,HMN171219,flu,B,B12_c1_CCGGGATAGGAACTGC,B
B12_c1,HMN171234,flu,B,B12_c1_CCGGGATAGGATGTAT,B
B12_c1,HMN171240,flu,B,B12_c1_CCGGGATCAGTATAAG,B
B12_c1,,,B,B12_c1_CCGGGATTCCAAGTAC,B
B12_c1,,,B,B12_c1_CCGGGATTCTGTCTAT,B
B12_c1,HMN171219,flu,B,B12_c1_CCGGTAGAGATACACA,B
B12_c1,HMN171234,flu,B,B12_c1_CCGGTAGGTCCAGTTA,B
B12_c1,,,B,B12_c1_CCGGTAGGTGCAACGA,B
B12_c1,HMN171240,flu,B,B12_c1_CCGTACTAGTCATGCT,B
B12_c1,HMN171240,flu,B,B12_c1_CCGTACTTCATAGCAC,B
B12_c1,HMN171234,flu,B,B12_c1_CCGTGGAGTCTCTTAT,B
B12_c1,HMN171219,flu,B,B12_c1_CCGTGGAGTGTGGTTT,B
B12_c1,HMN171240,flu,B,B12_c1_CCTAAAGCAGCCTGTG,B
B12_c1,HMN171219,flu,B,B12_c1_CCTACACAGTTAGGTA,B
B12_c1,HMN171219,flu,B,B12_c1_CCTACACCACGTAAGG,B
B12_c1,,,B,B12_c1_CCTACACGTATTACCG,B
B12_c1,,,B,B12_c1_CCTACCAAGGCATGTG,B
B12_c1,HMN171219,flu,B,B12_c1_CCTACCAGTAGCCTAT,B
B12_c1,,,B,B12_c1_CCTAGCTTCTATCCTA,B
B12_c1,HMN171234,flu,B,B12_c1_CCTAGCTTCTGGAGCC,B
B12_c1,,,B,B12_c1_CCTAGCTTCTTCATGT,B
B12_c1,HMN171234,flu,B,B12_c1_CCTATTAAGTTGTAGA,B
B12_c1,HMN171234,flu,B,B12_c1_CCTATTATCTTGTTTG,B
B12_c1,HMN171234,flu,B,B12_c1_CCTCAGTGTACTCGCG,B
B12_c1,,,B,B12_c1_CCTCAGTGTTACGCGC,B
B12_c1,,,B,B12_c1_CCTCTGAGTGCAGTAG,B
B12_c1,HMN171240,flu,B,B12_c1_CCTCTGATCGCCCTTA,B
B12_c1,HMN171234,flu,B,B12_c1_CCTTACGAGTCACGCC,B
B12_c1,HMN171234,flu,B,B12_c1_CCTTACGCAGGTTTCA,B
B12_c1,,,B,B12_c1_CCTTCCCAGTCTTGCA,B
B12_c1,HMN171240,flu,B,B12_c1_CCTTTCTTCACTTCAT,B
B12_c1,,,B,B12_c1_CGAACATAGTACACCT,B
B12_c1,,,B,B12_c1_CGAACATCACTTAACG,B
B12_c1,HMN171219,flu,B,B12_c1_CGAACATGTAGCCTCG,B
B12_c1,HMN171234,flu,B,B12_c1_CGAACATGTGGGTCAA,B
B12_c1,HMN171234,flu,B,B12_c1_CGACCTTCAGGAATGC,B
B12_c1,HMN171219,flu,B,B12_c1_CGACTTCTCGCGGATC,B
B12_c1,HMN171219,flu,B,B12_c1_CGAGAAGTCACGGTTA,B
B12_c1,HMN171240,flu,B,B12_c1_CGAGAAGTCTTCCTTC,B
B12_c1,HMN171234,flu,B,B12_c1_CGAGCACGTGAACCTT,B
B12_c1,HMN171234,flu,B,B12_c1_CGAGCCATCGGTGTCG,B
B12_c1,HMN171219,flu,B,B12_c1_CGAGCCATCTGTCTAT,B
B12_c1,HMN171219,flu,B,B12_c1_CGATGTAAGCGATAGC,B
B12_c1,HMN171240,flu,B,B12_c1_CGATTGATCACTGGGC,B
B12_c1,,,B,B12_c1_CGATTGATCAGCTCGG,B
B12_c1,HMN171234,flu,B,B12_c1_CGCCAAGCATATGCTG,B
B12_c1,HMN171234,flu,B,B12_c1_CGCGGTAAGGCAGTCA,B
B12_c1,HMN171234,flu,B,B12_c1_CGCGGTAGTGTCAATC,B
B12_c1,,,B,B12_c1_CGCGGTATCAGTACGT,B
B12_c1,HMN171219,flu,B,B12_c1_CGCGTTTTCTCAAACG,B
B12_c1,HMN171219,flu,B,B12_c1_CGCTATCGTATATGGA,B
B12_c1,HMN171219,flu,B,B12_c1_CGCTATCGTTGAACTC,B
B12_c1,HMN171234,flu,B,B12_c1_CGCTATCTCAACGAAA,B
B12_c1,,,B,B12_c1_CGGACTGGTGGTACAG,B
B12_c1,HMN171234,flu,B,B12_c1_CGGAGCTCATGACATC,B
B12_c1,HMN171240,flu,B,B12_c1_CGGAGCTGTCCGAAGA,B
B12_c1,HMN171234,flu,B,B12_c1_CGGAGTCAGTCCAGGA,B
B12_c1,HMN171240,flu,B,B12_c1_CGGAGTCCACTCAGGC,B
B12_c1,HMN171219,flu,B,B12_c1_CGGCTAGCATGGGAAC,B
B12_c1,HMN171234,flu,B,B12_c1_CGGGTCATCGGTGTCG,B
B12_c1,HMN171234,flu,B,B12_c1_CGTAGGCTCAGGCCCA,B
B12_c1,HMN171219,flu,B,B12_c1_CGTCACTCATTCTTAC,B
B12_c1,HMN171219,flu,B,B12_c1_CGTCAGGAGCTTATCG,B
B12_c1,HMN171234,flu,B,B12_c1_CGTCAGGAGTCGTTTG,B
B12_c1,HMN171219,flu,B,B12_c1_CGTCAGGCATCGTCGG,B
B12_c1,HMN171234,flu,B,B12_c1_CGTCAGGTCTGTCAAG,B
B12_c1,HMN171240,flu,B,B12_c1_CGTCCATCAATGTTGC,B
B12_c1,HMN171219,flu,B,B12_c1_CGTCTACGTGTCGCTG,B
B12_c1,,,B,B12_c1_CGTGAGCTCAGTTAGC,B
B12_c1,HMN171219,flu,B,B12_c1_CGTGTAAAGAGGTACC,B
B12_c1,HMN171219,flu,B,B12_c1_CGTGTCTGTAAACGCG,B
B12_c1,HMN171234,flu,B,B12_c1_CGTGTCTGTCTGATTG,B
B12_c1,,,B,B12_c1_CGTGTCTGTTTGTTGG,B
B12_c1,HMN171219,flu,B,B12_c1_CGTTCTGAGCTAGTTC,B
B12_c1,,,B,B12_c1_CGTTCTGGTCCGAGTC,B
B12_c1,,,B,B12_c1_CGTTGGGAGACAATAC,B
B12_c1,HMN171219,flu,B,B12_c1_CGTTGGGCAGAAGCAC,B
B12_c1,HMN171240,flu,B,B12_c1_CGTTGGGCAGATTGCT,B
B12_c1,HMN171234,flu,B,B12_c1_CTAACTTCACGGATAG,B
B12_c1,HMN171234,flu,B,B12_c1_CTAACTTCATTCACTT,B
B12_c1,,,B,B12_c1_CTAAGACAGGAGCGAG,B
B12_c1,HMN171234,flu,B,B12_c1_CTAATGGGTTAGGGTG,B
B12_c1,HMN171234,flu,B,B12_c1_CTAATGGTCGAGAACG,B
B12_c1,,,B,B12_c1_CTACACCAGCAGACTG,B
B12_c1,HMN171234,flu,B,B12_c1_CTACACCCAATCCAAC,B
B12_c1,HMN171219,flu,B,B12_c1_CTACACCCAGATCTGT,B
B12_c1,HMN171240,flu,B,B12_c1_CTACACCGTATCAGTC,B
B12_c1,,,B,B12_c1_CTACATTCACATTCGA,B
B12_c1,,,B,B12_c1_CTACATTCATACTACG,B
B12_c1,HMN171234,flu,B,B12_c1_CTACCCACAGTGGAGT,B
B12_c1,HMN171240,flu,B,B12_c1_CTACCCATCCGTACAA,B
B12_c1,HMN171234,flu,B,B12_c1_CTACGTCAGTTTGCGT,B
B12_c1,,,B,B12_c1_CTACGTCTCCTCAACC,B
B12_c1,,,B,B12_c1_CTACGTCTCGGAGGTA,B
B12_c1,HMN171234,flu,B,B12_c1_CTAGAGTAGATAGGAG,B
B12_c1,,,B,B12_c1_CTAGAGTCACAGCGTC,B
B12_c1,HMN171234,flu,B,B12_c1_CTAGAGTCACATAACC,B
B12_c1,,,B,B12_c1_CTAGAGTCAGGCTCAC,B
B12_c1,HMN171219,flu,B,B12_c1_CTAGCCTCAACACCTA,B
B12_c1,HMN171234,flu,B,B12_c1_CTAGCCTGTAATTGGA,B
B12_c1,HMN171219,flu,B,B12_c1_CTAGTGATCCTAGTGA,B
B12_c1,,,B,B12_c1_CTCGAAAGTAAATGAC,B
B12_c1,HMN171240,flu,B,B12_c1_CTCGGAGGTCTTCAAG,B
B12_c1,HMN171234,flu,B,B12_c1_CTCGGGAAGTGAATTG,B
B12_c1,HMN171234,flu,B,B12_c1_CTCGTACAGCGTTCCG,B
B12_c1,,,B,B12_c1_CTCGTCATCGCTTAGA,B
B12_c1,HMN171234,flu,B,B12_c1_CTCTGGTTCTGCCAGG,B
B12_c1,HMN171219,flu,B,B12_c1_CTGAAACAGAATAGGG,B
B12_c1,HMN171240,flu,B,B12_c1_CTGAAACCAGTCGTGC,B
B12_c1,,,B,B12_c1_CTGAAGTAGATCTGAA,B
B12_c1,,,B,B12_c1_CTGAAGTTCAGTCAGT,B
B12_c1,HMN171234,flu,B,B12_c1_CTGCTGTAGTCATCCA,B
B12_c1,HMN171234,flu,B,B12_c1_CTGCTGTCAGCGAACA,B
B12_c1,HMN171219,flu,B,B12_c1_CTGCTGTCAGTACACT,B
B12_c1,HMN171219,flu,B,B12_c1_CTGGTCTCAGGATCGA,B
B12_c1,HMN171234,flu,B,B12_c1_CTGGTCTCAGTTAACC,B
B12_c1,HMN171240,flu,B,B12_c1_CTGTGCTAGGACCACA,B
B12_c1,,,B,B12_c1_CTGTGCTAGGCTAGAC,B
B12_c1,,,B,B12_c1_CTGTGCTCAATAAGCA,B
B12_c1,HMN171219,flu,B,B12_c1_CTGTGCTCAGATGGGT,B
B12_c1,HMN171234,flu,B,B12_c1_CTGTGCTCAGTCGTGC,B
B12_c1,,,B,B12_c1_CTGTGCTGTCATATCG,B
B12_c1,HMN171219,flu,B,B12_c1_CTGTTTACACCATCCT,B
B12_c1,,,B,B12_c1_CTGTTTACAGACGCCT,B
B12_c1,HMN171234,flu,B,B12_c1_CTGTTTATCAAGATCC,B
B12_c1,HMN171219,flu,B,B12_c1_CTGTTTATCTCGTTTA,B
B12_c1,HMN171219,flu,B,B12_c1_CTTAACTTCATCTGTT,B
B12_c1,HMN171234,flu,B,B12_c1_CTTAGGATCAATCTCT,B
B12_c1,HMN171234,flu,B,B12_c1_CTTCTCTAGCAGCGTA,B
B12_c1,HMN171240,flu,B,B12_c1_CTTCTCTCAAGCGCTC,B
B12_c1,HMN171240,flu,B,B12_c1_CTTCTCTCATACAGCT,B
B12_c1,,,B,B12_c1_CTTCTCTTCACGCGGT,B
B12_c1,HMN171240,flu,B,B12_c1_CTTGGCTGTTCGCGAC,B
B12_c1,HMN171219,flu,B,B12_c1_CTTTGCGCATCCGTGG,B
B12_c1,HMN171219,flu,B,B12_c1_CTTTGCGGTATGAATG,B
B12_c1,,,B,B12_c1_GAAATGAAGGAGCGTT,B
B12_c1,HMN171234,flu,B,B12_c1_GAAATGATCAGAGACG,B
B12_c1,HMN171219,flu,B,B12_c1_GAACATCTCGGTTAAC,B
B12_c1,HMN171240,flu,B,B12_c1_GAACCTAGTAGAGTGC,B
B12_c1,HMN171219,flu,B,B12_c1_GAACGGACAGACTCGC,B
B12_c1,HMN171234,flu,B,B12_c1_GAACGGAGTCGTGGCT,B
B12_c1,HMN171219,flu,B,B12_c1_GAAGCAGAGTCATGCT,B
B12_c1,HMN171234,flu,B,B12_c1_GAAGCAGTCGGTTAAC,B
B12_c1,HMN171219,flu,B,B12_c1_GAATAAGGTGGACGAT,B
B12_c1,HMN171234,flu,B,B12_c1_GACACGCCAATGGATA,B
B12_c1,HMN171219,flu,B,B12_c1_GACACGCCACTTCGAA,B
B12_c1,,,B,B12_c1_GACACGCCAGCGTAAG,B
B12_c1,HMN171234,flu,B,B12_c1_GACACGCGTTCGTCTC,B
B12_c1,HMN171234,flu,B,B12_c1_GACAGAGTCTCGCTTG,B
B12_c1,HMN171219,flu,B,B12_c1_GACCAATCACAAGACG,B
B12_c1,HMN171234,flu,B,B12_c1_GACCAATTCTTGTATC,B
B12_c1,HMN171234,flu,B,B12_c1_GACCTGGCATTTGCTT,B
B12_c1,,,B,B12_c1_GACCTGGTCCCTCTTT,B
B12_c1,,,B,B12_c1_GACGTGCAGTGTGAAT,B
B12_c1,HMN171219,flu,B,B12_c1_GACGTGCGTGGGTCAA,B
B12_c1,HMN171234,flu,B,B12_c1_GACGTGCTCGCCATAA,B
B12_c1,HMN171240,flu,B,B12_c1_GACTAACTCAATACCG,B
B12_c1,HMN171234,flu,B,B12_c1_GACTAACTCATCTGCC,B
B12_c1,HMN171234,flu,B,B12_c1_GACTAACTCTCGGACG,B
B12_c1,HMN171219,flu,B,B12_c1_GACTACAGTTACCAGT,B
B12_c1,HMN171240,flu,B,B12_c1_GACTACATCGAGCCCA,B
B12_c1,HMN171234,flu,B,B12_c1_GACTGCGAGTTACCCA,B
B12_c1,HMN171240,flu,B,B12_c1_GACTGCGCAGCATGAG,B
B12_c1,HMN171234,flu,B,B12_c1_GACTGCGGTAGCGTCC,B
B12_c1,HMN171219,flu,B,B12_c1_GAGGTGAGTCTCACCT,B
B12_c1,,,B,B12_c1_GATCAGTGTCTAGCGC,B
B12_c1,HMN171219,flu,B,B12_c1_GATCAGTGTTGCCTCT,B
B12_c1,HMN171219,flu,B,B12_c1_GATCAGTTCCGAACGC,B
B12_c1,,,B,B12_c1_GATCGTACAAGAGGCT,B
B12_c1,HMN171234,flu,B,B12_c1_GATCGTAGTTGTGGAG,B
B12_c1,,,B,B12_c1_GATGAAAAGATCTGCT,B
B12_c1,HMN171234,flu,B,B12_c1_GATGAGGGTTGGTAAA,B
B12_c1,HMN171234,flu,B,B12_c1_GATGAGGTCGCAGGCT,B
B12_c1,HMN171234,flu,B,B12_c1_GATGCTAAGCCATCGC,B
B12_c1,HMN171219,flu,B,B12_c1_GATGCTAGTACCTACA,B
B12_c1,HMN171219,flu,B,B12_c1_GCACTCTCAATTGCTG,B
B12_c1,,,B,B12_c1_GCAGCCAGTAAGGATT,B
B12_c1,,,B,B12_c1_GCAGCCAGTATTACCG,B
B12_c1,HMN171240,flu,B,B12_c1_GCAGTTAAGAGTCTGG,B
B12_c1,HMN171219,flu,B,B12_c1_GCAGTTACAGGTCGTC,B
B12_c1,HMN171219,flu,B,B12_c1_GCAGTTACATGGTCTA,B
B12_c1,HMN171234,flu,B,B12_c1_GCAGTTATCAACACGT,B
B12_c1,HMN171234,flu,B,B12_c1_GCATACATCCCAAGTA,B
B12_c1,,,B,B12_c1_GCATGCGGTCGGCACT,B
B12_c1,HMN171234,flu,B,B12_c1_GCCAAATGTACACCGC,B
B12_c1,,,B,B12_c1_GCCTCTAGTCGCGAAA,B
B12_c1,,,B,B12_c1_GCGCGATAGTTGCAGG,B
B12_c1,HMN171234,flu,B,B12_c1_GCGCGATGTCAATACC,B
B12_c1,HMN171219,flu,B,B12_c1_GCTCCTAAGTGGTCCC,B
B12_c1,,,B,B12_c1_GCTGCTTGTTGAGGTG,B
B12_c1,,,B,B12_c1_GCTGGGTAGGCTAGCA,B
B12_c1,,,B,B12_c1_GGAAAGCAGTAACCCT,B
B12_c1,HMN171234,flu,B,B12_c1_GGAACTTCACAGGCCT,B
B12_c1,HMN171219,flu,B,B12_c1_GGAACTTGTTAAGTAG,B
B12_c1,,,B,B12_c1_GGAATAAAGAACTCGG,B
B12_c1,,,B,B12_c1_GGAATAACACAAGCCC,B
B12_c1,,,B,B12_c1_GGAATAACAGAGCCAA,B
B12_c1,HMN171234,flu,B,B12_c1_GGAATAAGTGCGAAAC,B
B12_c1,HMN171234,flu,B,B12_c1_GGACAAGTCGGTTCGG,B
B12_c1,HMN171234,flu,B,B12_c1_GGACAGATCACAGTAC,B
B12_c1,HMN171234,flu,B,B12_c1_GGACAGATCACATACG,B
B12_c1,HMN171234,flu,B,B12_c1_GGACATTTCTCAAACG,B
B12_c1,,,B,B12_c1_GGACGTCCAAGCTGTT,B
B12_c1,HMN171219,flu,B,B12_c1_GGATGTTCAAAGGTGC,B
B12_c1,HMN171234,flu,B,B12_c1_GGATGTTTCTATCCCG,B
B12_c1,,,B,B12_c1_GGATTACAGTCTCCTC,B
B12_c1,HMN171219,flu,B,B12_c1_GGATTACCAGCGTTCG,B
B12_c1,HMN171234,flu,B,B12_c1_GGATTACGTGGCCCTA,B
B12_c1,HMN171234,flu,B,B12_c1_GGCAATTAGGGCTTGA,B
B12_c1,HMN171240,flu,B,B12_c1_GGCAATTCAGTCAGCC,B
B12_c1,,,B,B12_c1_GGCGTGTTCCTTAATC,B
B12_c1,HMN171240,flu,B,B12_c1_GGCGTGTTCGCTGATA,B
B12_c1,HMN171234,flu,B,B12_c1_GGCTCGAGTTGTGGAG,B
B12_c1,HMN171219,flu,B,B12_c1_GGCTCGATCCAAACAC,B
B12_c1,HMN171234,flu,B,B12_c1_GGCTCGATCGGCTACG,B
B12_c1,,,B,B12_c1_GGGACCTAGAATGTGT,B
B12_c1,HMN171234,flu,B,B12_c1_GGGAGATGTTGAGGTG,B
B12_c1,,,B,B12_c1_GGGAGATTCAAACGGG,B
B12_c1,HMN171240,flu,B,B12_c1_GGGAGATTCATCTGTT,B
B12_c1,,,B,B12_c1_GGGATGAAGTGTTAGA,B
B12_c1,HMN171234,flu,B,B12_c1_GGGATGATCAGCAACT,B
B12_c1,HMN171240,flu,B,B12_c1_GGGCATCTCTACGAGT,B
B12_c1,HMN171234,flu,B,B12_c1_GGGTCTGGTGCTGTAT,B
B12_c1,HMN171219,flu,B,B12_c1_GGGTCTGGTTACCAGT,B
B12_c1,HMN171219,flu,B,B12_c1_GGGTCTGTCTCAAGTG,B
B12_c1,,,B,B12_c1_GGGTCTGTCTGAGGGA,B
B12_c1,HMN171240,flu,B,B12_c1_GGGTTGCGTCCAGTAT,B
B12_c1,HMN171240,flu,B,B12_c1_GGGTTGCGTCTAGCGC,B
B12_c1,HMN171234,flu,B,B12_c1_GGTATTGAGAGTAAGG,B
B12_c1,HMN171234,flu,B,B12_c1_GGTATTGTCGCAAGCC,B
B12_c1,,,B,B12_c1_GGTGAAGAGGGTTCCC,B
B12_c1,HMN171240,flu,B,B12_c1_GGTGCGTGTCGCGGTT,B
B12_c1,,,B,B12_c1_GGTGCGTGTTAGAACA,B
B12_c1,HMN171219,flu,B,B12_c1_GGTGCGTTCGGACAAG,B
B12_c1,,,B,B12_c1_GGTGTTAAGCGATATA,B
B12_c1,HMN171234,flu,B,B12_c1_GTAACGTTCGGTCCGA,B
B12_c1,HMN171234,flu,B,B12_c1_GTAACTGTCGCCATAA,B
B12_c1,,,B,B12_c1_GTACGTACAAATTGCC,B
B12_c1,,,B,B12_c1_GTACGTATCGTTGCCT,B
B12_c1,,,B,B12_c1_GTACTCCTCCCTAATT,B
B12_c1,,,B,B12_c1_GTACTTTGTCATGCAT,B
B12_c1,HMN171234,flu,B,B12_c1_GTAGGCCAGTGGGATC,B
B12_c1,,,B,B12_c1_GTAGTCAAGTACATGA,B
B12_c1,HMN171219,flu,B,B12_c1_GTAGTCAAGTGACATA,B
B12_c1,HMN171219,flu,B,B12_c1_GTATCTTGTACACCGC,B
B12_c1,HMN171240,flu,B,B12_c1_GTATCTTGTTGATTCG,B
B12_c1,,,B,B12_c1_GTATCTTTCACTATTC,B
B12_c1,,,B,B12_c1_GTATTCTTCGGATGTT,B
B12_c1,,,B,B12_c1_GTATTCTTCTCTTATG,B
B12_c1,HMN171240,flu,B,B12_c1_GTCACGGGTTCACCTC,B
B12_c1,HMN171234,flu,B,B12_c1_GTCCTCACAACACCCG,B
B12_c1,HMN171234,flu,B,B12_c1_GTCGTAAGTCTCTTTA,B
B12_c1,,,B,B12_c1_GTCGTAAGTCTGCAAT,B
B12_c1,,,B,B12_c1_GTCGTAATCAATCACG,B
B12_c1,HMN171240,flu,B,B12_c1_GTCTCGTCAGCATGAG,B
B12_c1,HMN171240,flu,B,B12_c1_GTCTTCGCACTCAGGC,B
B12_c1,,,B,B12_c1_GTCTTCGTCACATAGC,B
B12_c1,HMN171240,flu,B,B12_c1_GTGAAGGAGGGTGTTG,B
B12_c1,,,B,B12_c1_GTGAAGGGTCTCCATC,B
B12_c1,,,B,B12_c1_GTGAAGGGTGATGTGG,B
B12_c1,,,B,B12_c1_GTGAAGGTCAAGCCTA,B
B12_c1,HMN171234,flu,B,B12_c1_GTGCAGCGTCTTCTCG,B
B12_c1,,,B,B12_c1_GTGCAGCTCCGAGCCA,B
B12_c1,,,B,B12_c1_GTGCATAAGCGTCAAG,B
B12_c1,,,B,B12_c1_GTGCATACAGCGAACA,B
B12_c1,HMN171234,flu,B,B12_c1_GTGCATATCTCAAACG,B
B12_c1,HMN171234,flu,B,B12_c1_GTGCGGTCACCAGTTA,B
B12_c1,HMN171219,flu,B,B12_c1_GTGCGGTTCATAGCAC,B
B12_c1,HMN171234,flu,B,B12_c1_GTGCTTCTCTTGGGTA,B
B12_c1,HMN171219,flu,B,B12_c1_GTGGGTCCACTCGACG,B
B12_c1,HMN171219,flu,B,B12_c1_GTGTTAGAGTGGAGTC,B
B12_c1,HMN171234,flu,B,B12_c1_GTGTTAGGTCATATGC,B
B12_c1,HMN171219,flu,B,B12_c1_GTGTTAGGTTCTGAAC,B
B12_c1,HMN171219,flu,B,B12_c1_GTTAAGCAGCTCCTTC,B
B12_c1,HMN171240,flu,B,B12_c1_GTTAAGCCAGGTCCAC,B
B12_c1,HMN171219,flu,B,B12_c1_GTTAAGCGTTCGTCTC,B
B12_c1,HMN171240,flu,B,B12_c1_GTTCATTCAATCGGTT,B
B12_c1,,,B,B12_c1_GTTCATTTCGGTCCGA,B
B12_c1,HMN171234,flu,B,B12_c1_GTTTCTAAGTGAATTG,B
B12_c1,HMN171219,flu,B,B12_c1_GTTTCTATCTGTGCAA,B
B12_c1,HMN171240,flu,B,B12_c1_TAAACCGAGTCAAGGC,B
B12_c1,,,B,B12_c1_TAAGAGATCTCTAAGG,B
B12_c1,HMN171234,flu,B,B12_c1_TAAGCGTCACATGACT,B
B12_c1,,,B,B12_c1_TAAGCGTCACGTAAGG,B
B12_c1,HMN171234,flu,B,B12_c1_TAAGTGCGTCTGATTG,B
B12_c1,HMN171234,flu,B,B12_c1_TACACGACATATGGTC,B
B12_c1,HMN171219,flu,B,B12_c1_TACACGACATGAGCGA,B
B12_c1,,,B,B12_c1_TACACGAGTATGAATG,B
B12_c1,HMN171234,flu,B,B12_c1_TACACGAGTCTACCTC,B
B12_c1,HMN171219,flu,B,B12_c1_TACAGTGAGAAAGTGG,B
B12_c1,HMN171219,flu,B,B12_c1_TACAGTGGTTGGTGGA,B
B12_c1,HMN171234,flu,B,B12_c1_TACCTATGTCCAGTAT,B
B12_c1,HMN171219,flu,B,B12_c1_TACGGGCGTTCGAATC,B
B12_c1,HMN171240,flu,B,B12_c1_TACGGTAAGGTGCAAC,B
B12_c1,HMN171219,flu,B,B12_c1_TACGGTAGTGATAAAC,B
B12_c1,,,B,B12_c1_TACTCATAGATGTGTA,B
B12_c1,,,B,B12_c1_TACTCATCAATGAAAC,B
B12_c1,HMN171219,flu,B,B12_c1_TACTCATGTGTGACGA,B
B12_c1,,,B,B12_c1_TACTCGCGTCTTTCAT,B
B12_c1,HMN171219,flu,B,B12_c1_TACTCGCTCGTGGACC,B
B12_c1,HMN171240,flu,B,B12_c1_TACTTACAGGGCTTCC,B
B12_c1,HMN171234,flu,B,B12_c1_TAGACCATCGTTACGA,B
B12_c1,HMN171234,flu,B,B12_c1_TAGCCGGCAGATGAGC,B
B12_c1,HMN171234,flu,B,B12_c1_TAGCCGGGTCTAGTCA,B
B12_c1,,,B,B12_c1_TAGCCGGGTTAAGGGC,B
B12_c1,HMN171240,flu,B,B12_c1_TATCAGGAGCCACTAT,B
B12_c1,HMN171234,flu,B,B12_c1_TATCAGGCAAGAGTCG,B
B12_c1,HMN171219,flu,B,B12_c1_TATCAGGCACCAGGCT,B
B12_c1,HMN171234,flu,B,B12_c1_TATCAGGGTAAACGCG,B
B12_c1,HMN171240,flu,B,B12_c1_TATCTCAGTCGCATCG,B
B12_c1,HMN171219,flu,B,B12_c1_TATCTCATCACAGGCC,B
B12_c1,HMN171234,flu,B,B12_c1_TATCTCATCAGGTAAA,B
B12_c1,,,B,B12_c1_TATGCCCCACGAAGCA,B
B12_c1,HMN171234,flu,B,B12_c1_TATTACCTCCGCAGTG,B
B12_c1,,,B,B12_c1_TCACGAAGTCACCTAA,B
B12_c1,HMN171234,flu,B,B12_c1_TCACGAATCACTTACT,B
B12_c1,HMN171234,flu,B,B12_c1_TCAGCAACAGGTCCAC,B
B12_c1,,,B,B12_c1_TCAGCAAGTAGCAAAT,B
B12_c1,,,B,B12_c1_TCAGCAATCACTCCTG,B
B12_c1,HMN171219,flu,B,B12_c1_TCAGCAATCAGTGCAT,B
B12_c1,HMN171240,flu,B,B12_c1_TCAGCTCAGGGTCGAT,B
B12_c1,HMN171219,flu,B,B12_c1_TCAGCTCTCAAGGCTT,B
B12_c1,HMN171240,flu,B,B12_c1_TCAGGATAGTATTGGA,B
B12_c1,HMN171240,flu,B,B12_c1_TCAGGATTCAAACCAC,B
B12_c1,HMN171240,flu,B,B12_c1_TCAGGATTCATGTAGC,B
B12_c1,,,B,B12_c1_TCAGGTAAGAGTAAGG,B
B12_c1,HMN171240,flu,B,B12_c1_TCAGGTACAATGACCT,B
B12_c1,HMN171234,flu,B,B12_c1_TCAGGTATCTCGGACG,B
B12_c1,HMN171234,flu,B,B12_c1_TCCACACAGTCTTGCA,B
B12_c1,HMN171219,flu,B,B12_c1_TCCACACGTTACAGAA,B
B12_c1,,,B,B12_c1_TCCCGATAGCTGCCCA,B
B12_c1,HMN171240,flu,B,B12_c1_TCGAGGCCAGCCTGTG,B
B12_c1,,,B,B12_c1_TCGAGGCTCTCGAGTA,B
B12_c1,HMN171240,flu,B,B12_c1_TCGAGGCTCTGAAAGA,B
B12_c1,,,B,B12_c1_TCGCGAGAGATAGGAG,B
B12_c1,,,B,B12_c1_TCGCGAGTCAAGCCTA,B
B12_c1,,,B,B12_c1_TCGCGAGTCGAGGTAG,B
B12_c1,HMN171219,flu,B,B12_c1_TCGCGTTCACAAGCCC,B
B12_c1,HMN171219,flu,B,B12_c1_TCGCGTTCAGTTTACG,B
B12_c1,HMN171234,flu,B,B12_c1_TCGCGTTGTTCACGGC,B
B12_c1,,,B,B12_c1_TCGGGACAGCACAGGT,B
B12_c1,HMN171240,flu,B,B12_c1_TCGGGACCACCGTTGG,B
B12_c1,,,B,B12_c1_TCGGTAAAGCGCCTTG,B
B12_c1,HMN171240,flu,B,B12_c1_TCGTAGACAATGGACG,B
B12_c1,HMN171234,flu,B,B12_c1_TCTCATAGTACCGTTA,B
B12_c1,HMN171234,flu,B,B12_c1_TCTCATATCAACACTG,B
B12_c1,HMN171219,flu,B,B12_c1_TCTCTAAGTAATCGTC,B
B12_c1,HMN171219,flu,B,B12_c1_TCTCTAAGTTATCGGT,B
B12_c1,HMN171234,flu,B,B12_c1_TCTGGAAAGTATTGGA,B
B12_c1,,,B,B12_c1_TGAAAGATCGTTTGCC,B
B12_c1,,,B,B12_c1_TGACAACAGTGCAAGC,B
B12_c1,HMN171219,flu,B,B12_c1_TGACAACCACCTCGGA,B
B12_c1,,,B,B12_c1_TGACGGCGTGCGCTTG,B
B12_c1,HMN171234,flu,B,B12_c1_TGACTAGTCATCTGCC,B
B12_c1,HMN171234,flu,B,B12_c1_TGACTAGTCGCTAGCG,B
B12_c1,HMN171219,flu,B,B12_c1_TGAGCATGTTCAGGCC,B
B12_c1,,,B,B12_c1_TGAGCCGAGTCCAGGA,B
B12_c1,HMN171234,flu,B,B12_c1_TGAGCCGCAGTTCATG,B
B12_c1,HMN171234,flu,B,B12_c1_TGAGGGAGTTAGGGTG,B
B12_c1,HMN171240,flu,B,B12_c1_TGATTTCAGGAGTACC,B
B12_c1,HMN171234,flu,B,B12_c1_TGATTTCGTCAGAATA,B
B12_c1,HMN171219,flu,B,B12_c1_TGCACCTCAATAACGA,B
B12_c1,,,B,B12_c1_TGCCAAAGTATTCGTG,B
B12_c1,HMN171219,flu,B,B12_c1_TGCCCATCAAGAGGCT,B
B12_c1,,,B,B12_c1_TGCCCATCAGCTTAAC,B
B12_c1,HMN171219,flu,B,B12_c1_TGCCCTAAGAAGCCCA,B
B12_c1,HMN171219,flu,B,B12_c1_TGCCCTAAGCTCCTCT,B
B12_c1,,,B,B12_c1_TGCCCTACATGCAACT,B
B12_c1,HMN171240,flu,B,B12_c1_TGCCCTATCATTGCCC,B
B12_c1,HMN171234,flu,B,B12_c1_TGCGGGTAGTCTCGGC,B
B12_c1,HMN171240,flu,B,B12_c1_TGCGGGTCAATCCAAC,B
B12_c1,,,B,B12_c1_TGCGTGGAGCCACTAT,B
B12_c1,,,B,B12_c1_TGCTACCGTGCGATAG,B
B12_c1,HMN171234,flu,B,B12_c1_TGCTGCTCACGAAACG,B
B12_c1,HMN171219,flu,B,B12_c1_TGCTGCTTCGTATCAG,B
B12_c1,HMN171219,flu,B,B12_c1_TGGACGCTCCTAGGGC,B
B12_c1,,,B,B12_c1_TGGCCAGAGTACTTGC,B
B12_c1,HMN171240,flu,B,B12_c1_TGGCCAGCAATAAGCA,B
B12_c1,,,B,B12_c1_TGGCCAGCATCATCCC,B
B12_c1,HMN171219,flu,B,B12_c1_TGGCCAGTCGGTGTTA,B
B12_c1,HMN171240,flu,B,B12_c1_TGGCCAGTCTGCGACG,B
B12_c1,HMN171240,flu,B,B12_c1_TGGCGCACAAGTCATC,B
B12_c1,,,B,B12_c1_TGGCGCAGTTCACGGC,B
B12_c1,HMN171219,flu,B,B12_c1_TGGCTGGAGACTAGGC,B
B12_c1,HMN171219,flu,B,B12_c1_TGGCTGGGTAGCCTCG,B
B12_c1,HMN171240,flu,B,B12_c1_TGGCTGGTCATGTGGT,B
B12_c1,HMN171234,flu,B,B12_c1_TGGGCGTCAAACCTAC,B
B12_c1,HMN171234,flu,B,B12_c1_TGGGCGTTCGAATGGG,B
B12_c1,HMN171234,flu,B,B12_c1_TGGTTAGTCGGACAAG,B
B12_c1,HMN171234,flu,B,B12_c1_TGTATTCTCTCCCTGA,B
B12_c1,HMN171219,flu,B,B12_c1_TGTCCCATCACGGTTA,B
B12_c1,HMN171219,flu,B,B12_c1_TGTGGTAAGGGTGTTG,B
B12_c1,HMN171234,flu,B,B12_c1_TGTGTTTCATGCCACG,B
B12_c1,HMN171240,flu,B,B12_c1_TGTTCCGCAAGCCGTC,B
B12_c1,HMN171234,flu,B,B12_c1_TGTTCCGGTATAGGGC,B
B12_c1,,,B,B12_c1_TGTTCCGTCACAACGT,B
B12_c1,HMN171234,flu,B,B12_c1_TTAACTCAGCGTCTAT,B
B12_c1,HMN171234,flu,B,B12_c1_TTAGGACTCGCAAACT,B
B12_c1,,,B,B12_c1_TTAGTTCAGATGTCGG,B
B12_c1,,,B,B12_c1_TTAGTTCAGGGATGGG,B
B12_c1,HMN171219,flu,B,B12_c1_TTAGTTCGTGATGTGG,B
B12_c1,HMN171240,flu,B,B12_c1_TTAGTTCGTTTGTGTG,B
B12_c1,HMN171234,flu,B,B12_c1_TTCCCAGAGCTTCGCG,B
B12_c1,HMN171234,flu,B,B12_c1_TTCCCAGGTCCCTTGT,B
B12_c1,HMN171219,flu,B,B12_c1_TTCGAAGCACCACGTG,B
B12_c1,,,B,B12_c1_TTCGAAGTCTTTACAC,B
B12_c1,HMN171234,flu,B,B12_c1_TTCGGTCAGCGAAGGG,B
B12_c1,HMN171234,flu,B,B12_c1_TTCTACAGTGCACTTA,B
B12_c1,HMN171240,flu,B,B12_c1_TTCTACATCTGCCAGG,B
B12_c1,HMN171234,flu,B,B12_c1_TTCTCAAAGTAGCCGA,B
B12_c1,HMN171234,flu,B,B12_c1_TTCTCAAAGTGCCAGA,B
B12_c1,HMN171219,flu,B,B12_c1_TTCTCAAGTTAGTGGG,B
B12_c1,HMN171219,flu,B,B12_c1_TTCTCAAGTTCGAATC,B
B12_c1,HMN171240,flu,B,B12_c1_TTCTTAGGTTGTCGCG,B
B12_c1,HMN171240,flu,B,B12_c1_TTCTTAGTCATGTGGT,B
B12_c1,,,B,B12_c1_TTGACTTAGGGCTTGA,B
B12_c1,HMN171240,flu,B,B12_c1_TTGACTTCATTCTTAC,B
B12_c1,HMN171219,flu,B,B12_c1_TTGCGTCCATCCTTGC,B
B12_c1,HMN171219,flu,B,B12_c1_TTGCGTCGTTAAGTAG,B
B12_c1,HMN171234,flu,B,B12_c1_TTGGAACCAGCTCGAC,B
B12_c1,HMN171240,flu,B,B12_c1_TTGGAACGTTATCACG,B
B12_c1,,,B,B12_c1_TTGGCAAAGTTTGCGT,B
B12_c1,,,B,B12_c1_TTGGCAACAACTGCGC,B
B12_c1,HMN171234,flu,B,B12_c1_TTGGCAATCTTTACGT,B
B12_c1,HMN171234,flu,B,B12_c1_TTGTAGGGTAGTACCT,B
B12_c1,,,B,B12_c1_TTTACTGAGAGACGAA,B
B12_c1,,,B,B12_c1_TTTCCTCAGCGTGAAC,B
B12_c1,HMN171240,flu,B,B12_c1_TTTCCTCTCTGATTCT,B
B12_c1,HMN171219,flu,B,B12_c1_TTTGCGCGTCTCCACT,B
B12_c1,HMN171240,flu,B,B12_c1_TTTGGTTCACTATCTT,B
B12_c1,HMN171219,flu,B,B12_c1_TTTGTCAAGTCTCAAC,B
B12_c2,HMN171230,flu,B,B12_c2_AAACGGGAGCTGCAAG,B
B12_c2,HMN171230,flu,B,B12_c2_AAACGGGCATCACCCT,B
B12_c2,HMN171231,flu,B,B12_c2_AAACGGGGTAGCCTCG,B
B12_c2,HMN171231,flu,B,B12_c2_AAACGGGTCAGTCAGT,B
B12_c2,,,B,B12_c2_AAAGATGTCGGTCTAA,B
B12_c2,HMN171231,flu,B,B12_c2_AAAGTAGAGGTGATTA,B
B12_c2,HMN171231,flu,B,B12_c2_AAAGTAGGTCGCATCG,B
B12_c2,HMN171216,flu,B,B12_c2_AAAGTAGGTTGTTTGG,B
B12_c2,HMN171231,flu,B,B12_c2_AAAGTAGTCGTTTAGG,B
B12_c2,HMN171231,flu,B,B12_c2_AAATGCCTCCTATGTT,B
B12_c2,HMN171216,flu,B,B12_c2_AACACGTGTCCCGACA,B
B12_c2,HMN171216,flu,B,B12_c2_AACACGTGTGGCGAAT,B
B12_c2,HMN171230,flu,B,B12_c2_AACACGTTCTGTTTGT,B
B12_c2,HMN171231,flu,B,B12_c2_AACCATGAGATCCCAT,B
B12_c2,HMN171216,flu,B,B12_c2_AACCATGCAGTAAGAT,B
B12_c2,HMN171231,flu,B,B12_c2_AACCGCGAGAGAACAG,B
B12_c2,HMN171231,flu,B,B12_c2_AACGTTGAGGTAGCTG,B
B12_c2,HMN171231,flu,B,B12_c2_AACTCCCAGCCACGTC,B
B12_c2,,,B,B12_c2_AACTCTTGTTCCAACA,B
B12_c2,HMN171216,flu,B,B12_c2_AACTGGTAGGTAGCCA,B
B12_c2,HMN171216,flu,B,B12_c2_AACTTTCGTATGAATG,B
B12_c2,,,B,B12_c2_AACTTTCGTCAGAAGC,B
B12_c2,HMN171230,flu,B,B12_c2_AAGACCTAGCCGTCGT,B
B12_c2,HMN171230,flu,B,B12_c2_AAGACCTCAGCGATCC,B
B12_c2,,,B,B12_c2_AAGACCTTCACATAGC,B
B12_c2,HMN171231,flu,B,B12_c2_AAGACCTTCGATGAGG,B
B12_c2,,,B,B12_c2_AAGCCGCGTACCGAGA,B
B12_c2,,,B,B12_c2_AAGCCGCGTTTAGGAA,B
B12_c2,HMN171230,flu,B,B12_c2_AAGGAGCCACAGGAGT,B
B12_c2,,,B,B12_c2_AAGGAGCTCTGTCTAT,B
B12_c2,HMN171230,flu,B,B12_c2_AAGGCAGGTCTAGCCG,B
B12_c2,,,B,B12_c2_AAGGTTCAGTGGTAGC,B
B12_c2,,,B,B12_c2_AAGGTTCCAATACGCT,B
B12_c2,,,B,B12_c2_AAGGTTCCACCAGTTA,B
B12_c2,HMN171230,flu,B,B12_c2_AAGTCTGAGTAGTGCG,B
B12_c2,,,B,B12_c2_AAGTCTGCAATCGGTT,B
B12_c2,,,B,B12_c2_AAGTCTGCAGTAGAGC,B
B12_c2,HMN171231,flu,B,B12_c2_AATCGGTCATGTCTCC,B
B12_c2,HMN171216,flu,B,B12_c2_ACACCGGAGAATGTGT,B
B12_c2,,,B,B12_c2_ACACCGGAGTGACTCT,B
B12_c2,HMN171216,flu,B,B12_c2_ACACCGGGTAGCGTAG,B
B12_c2,HMN171231,flu,B,B12_c2_ACACTGAAGACGACGT,B
B12_c2,HMN171230,flu,B,B12_c2_ACACTGAAGGCTCATT,B
B12_c2,,,B,B12_c2_ACAGCCGGTCTTCGTC,B
B12_c2,,,B,B12_c2_ACAGCTACACGAAATA,B
B12_c2,HMN171231,flu,B,B12_c2_ACATCAGAGCGTAGTG,B
B12_c2,HMN171230,flu,B,B12_c2_ACATGGTAGATGTCGG,B
B12_c2,,,B,B12_c2_ACATGGTCAGGGTATG,B
B12_c2,HMN171231,flu,B,B12_c2_ACCCACTGTTCCCTTG,B
B12_c2,HMN171230,flu,B,B12_c2_ACCCACTTCTTGCCGT,B
B12_c2,,,B,B12_c2_ACCGTAAGTCCTGCTT,B
B12_c2,HMN171216,flu,B,B12_c2_ACCTTTACAGTGGAGT,B
B12_c2,,,B,B12_c2_ACGAGGAGTGTGACCC,B
B12_c2,HMN171230,flu,B,B12_c2_ACGATACGTACGCTGC,B
B12_c2,,,B,B12_c2_ACGATGTGTCCATCCT,B
B12_c2,HMN171216,flu,B,B12_c2_ACGCAGCTCTACTCAT,B
B12_c2,HMN171216,flu,B,B12_c2_ACGCCAGAGAAACCGC,B
B12_c2,,,B,B12_c2_ACGCCAGTCTACTCAT,B
B12_c2,HMN171231,flu,B,B12_c2_ACGGCCAAGAGACTAT,B
B12_c2,,,B,B12_c2_ACGGCCAGTAGCAAAT,B
B12_c2,HMN171230,flu,B,B12_c2_ACGGGCTCATCCTAGA,B
B12_c2,HMN171231,flu,B,B12_c2_ACGGGTCCATCCGGGT,B
B12_c2,HMN171216,flu,B,B12_c2_ACGGGTCGTCAGGACA,B
B12_c2,HMN171231,flu,B,B12_c2_ACGGGTCTCCAGGGCT,B
B12_c2,HMN171231,flu,B,B12_c2_ACGTCAACACACCGCA,B
B12_c2,,,B,B12_c2_ACTGAACTCAACCATG,B
B12_c2,,,B,B12_c2_ACTGAACTCCGTTGTC,B
B12_c2,HMN171231,flu,B,B12_c2_ACTGAGTCAGATTGCT,B
B12_c2,HMN171231,flu,B,B12_c2_ACTGAGTGTGTTTGGT,B
B12_c2,HMN171230,flu,B,B12_c2_ACTGAGTTCAGCATGT,B
B12_c2,HMN171231,flu,B,B12_c2_ACTGAGTTCCTCTAGC,B
B12_c2,HMN171230,flu,B,B12_c2_ACTTTCACAAATTGCC,B
B12_c2,HMN171231,flu,B,B12_c2_AGAATAGGTCCCTACT,B
B12_c2,HMN171230,flu,B,B12_c2_AGACGTTCATCTCGCT,B
B12_c2,,,B,B12_c2_AGAGCTTCAAGTCTGT,B
B12_c2,,,B,B12_c2_AGAGCTTCACTGTGTA,B
B12_c2,,,B,B12_c2_AGAGCTTCAGTATAAG,B
B12_c2,HMN171216,flu,B,B12_c2_AGAGTGGCATAGTAAG,B
B12_c2,,,B,B12_c2_AGAGTGGGTGGCTCCA,B
B12_c2,,,B,B12_c2_AGAGTGGGTTGTGGAG,B
B12_c2,HMN171230,flu,B,B12_c2_AGATTGCGTTTGTGTG,B
B12_c2,HMN171231,flu,B,B12_c2_AGCAGCCAGGCCATAG,B
B12_c2,,,B,B12_c2_AGCAGCCTCGCAAGCC,B
B12_c2,,,B,B12_c2_AGCATACGTAGAAAGG,B
B12_c2,,,B,B12_c2_AGCCTAACAATACGCT,B
B12_c2,,,B,B12_c2_AGCCTAAGTACTTGAC,B
B12_c2,,,B,B12_c2_AGCGTATAGCGTCAAG,B
B12_c2,HMN171231,flu,B,B12_c2_AGCGTATGTAATAGCA,B
B12_c2,HMN171216,flu,B,B12_c2_AGCGTATGTCGATTGT,B
B12_c2,HMN171231,flu,B,B12_c2_AGCGTCGCAATCAGAA,B
B12_c2,HMN171230,flu,B,B12_c2_AGGCCACGTACTTAGC,B
B12_c2,HMN171230,flu,B,B12_c2_AGGCCGTAGAGTGACC,B
B12_c2,HMN171231,flu,B,B12_c2_AGGCCGTGTCAACATC,B
B12_c2,HMN171231,flu,B,B12_c2_AGGCCGTGTGTGACGA,B
B12_c2,HMN171230,flu,B,B12_c2_AGGGAGTGTCGGGTCT,B
B12_c2,HMN171231,flu,B,B12_c2_AGGGAGTTCCCGGATG,B
B12_c2,HMN171230,flu,B,B12_c2_AGGGATGGTCCATGAT,B
B12_c2,HMN171230,flu,B,B12_c2_AGGGATGGTGCATCTA,B
B12_c2,HMN171231,flu,B,B12_c2_AGGTCATTCAGCTTAG,B
B12_c2,HMN171231,flu,B,B12_c2_AGGTCCGTCTTGAGAC,B
B12_c2,HMN171230,flu,B,B12_c2_AGTAGTCAGCTAACTC,B
B12_c2,HMN171231,flu,B,B12_c2_AGTGTCAAGTGCGTGA,B
B12_c2,,,B,B12_c2_AGTGTCATCAACGCTA,B
B12_c2,HMN171216,flu,B,B12_c2_AGTTGGTAGGAGTTGC,B
B12_c2,HMN171231,flu,B,B12_c2_AGTTGGTCAATGGTCT,B
B12_c2,HMN171216,flu,B,B12_c2_AGTTGGTTCACTGGGC,B
B12_c2,HMN171216,flu,B,B12_c2_ATAGACCAGACACTAA,B
B12_c2,HMN171230,flu,B,B12_c2_ATAGACCCAGATGGCA,B
B12_c2,HMN171216,flu,B,B12_c2_ATCACGAAGCGCTTAT,B
B12_c2,HMN171231,flu,B,B12_c2_ATCACGACAGTCCTTC,B
B12_c2,,,B,B12_c2_ATCACGAGTCAGATAA,B
B12_c2,HMN171231,flu,B,B12_c2_ATCCACCAGTGGGCTA,B
B12_c2,HMN171230,flu,B,B12_c2_ATCCGAAGTTTCGCTC,B
B12_c2,HMN171230,flu,B,B12_c2_ATCGAGTTCCGGCACA,B
B12_c2,HMN171230,flu,B,B12_c2_ATCTACTAGATGGCGT,B
B12_c2,HMN171216,flu,B,B12_c2_ATCTACTGTTACGACT,B
B12_c2,HMN171230,flu,B,B12_c2_ATCTGCCAGAATCTCC,B
B12_c2,HMN171231,flu,B,B12_c2_ATCTGCCGTAGCGCAA,B
B12_c2,HMN171231,flu,B,B12_c2_ATCTGCCTCAATAAGG,B
B12_c2,HMN171230,flu,B,B12_c2_ATGAGGGTCGCACTCT,B
B12_c2,HMN171230,flu,B,B12_c2_ATGAGGGTCTCAAGTG,B
B12_c2,HMN171231,flu,B,B12_c2_ATGAGGGTCTTTCCTC,B
B12_c2,,,B,B12_c2_ATGGGAGCAGCCTGTG,B
B12_c2,HMN171216,flu,B,B12_c2_ATGTGTGTCTTATCTG,B
B12_c2,HMN171231,flu,B,B12_c2_ATTATCCCATTGGCGC,B
B12_c2,HMN171230,flu,B,B12_c2_ATTATCCTCATACGGT,B
B12_c2,HMN171231,flu,B,B12_c2_ATTGGTGGTAAATGAC,B
B12_c2,HMN171231,flu,B,B12_c2_ATTGGTGGTGTTCGAT,B
B12_c2,HMN171231,flu,B,B12_c2_ATTTCTGAGTCGTACT,B
B12_c2,HMN171216,flu,B,B12_c2_CAACCTCCAGCGTCCA,B
B12_c2,,,B,B12_c2_CAACTAGAGCCCAGCT,B
B12_c2,HMN171231,flu,B,B12_c2_CAAGAAACAAGGGTCA,B
B12_c2,,,B,B12_c2_CACAAACAGTCGCCGT,B
B12_c2,HMN171230,flu,B,B12_c2_CACACCTAGCAACGGT,B
B12_c2,,,B,B12_c2_CACAGGCCACTGTCGG,B
B12_c2,HMN171230,flu,B,B12_c2_CACAGGCTCGGCTACG,B
B12_c2,,,B,B12_c2_CACAGGCTCTGACCTC,B
B12_c2,,,B,B12_c2_CACAGTAGTATCTGCA,B
B12_c2,HMN171230,flu,B,B12_c2_CACATAGGTGTTTGGT,B
B12_c2,HMN171231,flu,B,B12_c2_CACCAGGGTGTTGGGA,B
B12_c2,HMN171231,flu,B,B12_c2_CACCAGGGTTCGGCAC,B
B12_c2,,,B,B12_c2_CACCTTGTCTTAACCT,B
B12_c2,,,B,B12_c2_CAGAATCGTTCAGCGC,B
B12_c2,HMN171231,flu,B,B12_c2_CAGAATCTCTGCTTGC,B
B12_c2,HMN171231,flu,B,B12_c2_CAGAGAGAGCAGGCTA,B
B12_c2,HMN171230,flu,B,B12_c2_CAGAGAGCAACTGCGC,B
B12_c2,HMN171216,flu,B,B12_c2_CAGAGAGCACATTCGA,B
B12_c2,HMN171230,flu,B,B12_c2_CAGAGAGCATTGGTAC,B
B12_c2,,,B,B12_c2_CAGATCAAGTACGATA,B
B12_c2,HMN171216,flu,B,B12_c2_CAGATCAAGTCTTGCA,B
B12_c2,HMN171230,flu,B,B12_c2_CAGATCACACAAGCCC,B
B12_c2,HMN171230,flu,B,B12_c2_CAGCAGCAGCTAGTTC,B
B12_c2,,,B,B12_c2_CAGCAGCTCCCTAACC,B
B12_c2,,,B,B12_c2_CAGCAGCTCTCCTATA,B
B12_c2,HMN171230,flu,B,B12_c2_CAGCGACTCGTAGGAG,B
B12_c2,HMN171230,flu,B,B12_c2_CAGCTAAAGACTTTCG,B
B12_c2,HMN171216,flu,B,B12_c2_CAGCTAAGTCTACCTC,B
B12_c2,HMN171216,flu,B,B12_c2_CAGCTGGAGCTATGCT,B
B12_c2,HMN171216,flu,B,B12_c2_CAGCTGGAGGGCTTGA,B
B12_c2,HMN171230,flu,B,B12_c2_CAGGTGCTCCGGGTGT,B
B12_c2,,,B,B12_c2_CAGTAACTCGCGATCG,B
B12_c2,HMN171216,flu,B,B12_c2_CAGTCCTTCTGCTGTC,B
B12_c2,HMN171231,flu,B,B12_c2_CATCAAGAGGGAGTAA,B
B12_c2,HMN171216,flu,B,B12_c2_CATCAAGCACTAAGTC,B
B12_c2,HMN171231,flu,B,B12_c2_CATCAGACATTTGCCC,B
B12_c2,,,B,B12_c2_CATCAGAGTATTAGCC,B
B12_c2,HMN171216,flu,B,B12_c2_CATCGAACAAAGGAAG,B
B12_c2,,,B,B12_c2_CATCGGGAGCAGGCTA,B
B12_c2,HMN171231,flu,B,B12_c2_CATCGGGGTGATGTCT,B
B12_c2,,,B,B12_c2_CATCGGGTCGCCAGCA,B
B12_c2,HMN171216,flu,B,B12_c2_CATGACAAGTTAAGTG,B
B12_c2,HMN171231,flu,B,B12_c2_CATGACACACTCGACG,B
B12_c2,HMN171230,flu,B,B12_c2_CATGCCTAGTCCTCCT,B
B12_c2,,,B,B12_c2_CATGCCTCATTTGCCC,B
B12_c2,,,B,B12_c2_CATGCCTTCACGCATA,B
B12_c2,HMN171230,flu,B,B12_c2_CATTATCAGTGGACGT,B
B12_c2,HMN171230,flu,B,B12_c2_CATTATCTCATTCACT,B
B12_c2,HMN171231,flu,B,B12_c2_CATTATCTCTTCCTTC,B
B12_c2,HMN171231,flu,B,B12_c2_CATTCGCTCAACCATG,B
B12_c2,HMN171230,flu,B,B12_c2_CCACCTAAGGAATTAC,B
B12_c2,,,B,B12_c2_CCACCTAGTAGAAGGA,B
B12_c2,HMN171230,flu,B,B12_c2_CCACCTATCCAAATGC,B
B12_c2,HMN171216,flu,B,B12_c2_CCACGGAAGATATGCA,B
B12_c2,,,B,B12_c2_CCACGGACATAGGATA,B
B12_c2,HMN171230,flu,B,B12_c2_CCACGGATCACCCTCA,B
B12_c2,HMN171231,flu,B,B12_c2_CCACGGATCACGAAGG,B
B12_c2,HMN171231,flu,B,B12_c2_CCACTACTCCGGCACA,B
B12_c2,HMN171231,flu,B,B12_c2_CCATGTCTCGCTTAGA,B
B12_c2,,,B,B12_c2_CCATTCGCACATTAGC,B
B12_c2,HMN171231,flu,B,B12_c2_CCATTCGGTGGTCCGT,B
B12_c2,HMN171230,flu,B,B12_c2_CCCAATCTCCTGTAGA,B
B12_c2,HMN171231,flu,B,B12_c2_CCCAGTTAGAAACGAG,B
B12_c2,HMN171231,flu,B,B12_c2_CCCAGTTTCTTGACGA,B
B12_c2,HMN171216,flu,B,B12_c2_CCCATACCAAACGTGG,B
B12_c2,HMN171231,flu,B,B12_c2_CCCATACTCAGCGATT,B
B12_c2,HMN171216,flu,B,B12_c2_CCGGGATAGGGTCTCC,B
B12_c2,HMN171231,flu,B,B12_c2_CCGGGATGTATCACCA,B
B12_c2,,,B,B12_c2_CCGGTAGGTCTCCCTA,B
B12_c2,HMN171231,flu,B,B12_c2_CCGGTAGTCAGGCGAA,B
B12_c2,HMN171231,flu,B,B12_c2_CCGTACTCATCCTAGA,B
B12_c2,,,B,B12_c2_CCGTTCAAGGGCACTA,B
B12_c2,,,B,B12_c2_CCGTTCAGTGATAAAC,B
B12_c2,,,B,B12_c2_CCGTTCAGTTCACGGC,B
B12_c2,HMN171231,flu,B,B12_c2_CCTAAAGGTAGCGATG,B
B12_c2,,,B,B12_c2_CCTACACAGCATGGCA,B
B12_c2,,,B,B12_c2_CCTACACTCAAGCCTA,B
B12_c2,,,B,B12_c2_CCTACCAAGGGCACTA,B
B12_c2,HMN171231,flu,B,B12_c2_CCTACCACATAGTAAG,B
B12_c2,HMN171231,flu,B,B12_c2_CCTAGCTGTAGCCTCG,B
B12_c2,HMN171231,flu,B,B12_c2_CCTAGCTGTATAGGTA,B
B12_c2,HMN171216,flu,B,B12_c2_CCTAGCTTCCGTACAA,B
B12_c2,HMN171230,flu,B,B12_c2_CCTCTGACACCAGTTA,B
B12_c2,HMN171231,flu,B,B12_c2_CCTCTGAGTTCGGGCT,B
B12_c2,HMN171231,flu,B,B12_c2_CCTCTGATCAATCTCT,B
B12_c2,HMN171216,flu,B,B12_c2_CCTCTGATCCCGGATG,B
B12_c2,HMN171230,flu,B,B12_c2_CCTTACGGTCTTGATG,B
B12_c2,HMN171231,flu,B,B12_c2_CCTTACGTCCGTAGGC,B
B12_c2,,,B,B12_c2_CCTTCCCAGACTAGGC,B
B12_c2,,,B,B12_c2_CCTTCGAAGGAGTACC,B
B12_c2,HMN171216,flu,B,B12_c2_CCTTTCTTCTTCGGTC,B
B12_c2,HMN171216,flu,B,B12_c2_CGAACATAGAGTAATC,B
B12_c2,,,B,B12_c2_CGAATGTCATCGGGTC,B
B12_c2,,,B,B12_c2_CGAATGTGTGCATCTA,B
B12_c2,HMN171216,flu,B,B12_c2_CGACCTTCACGTCTCT,B
B12_c2,,,B,B12_c2_CGACCTTCATCCCATC,B
B12_c2,HMN171216,flu,B,B12_c2_CGACCTTCATGTCCTC,B
B12_c2,HMN171231,flu,B,B12_c2_CGAGAAGAGACAAAGG,B
B12_c2,HMN171231,flu,B,B12_c2_CGAGCACAGGGTTTCT,B
B12_c2,HMN171230,flu,B,B12_c2_CGATCGGTCAAACCAC,B
B12_c2,HMN171231,flu,B,B12_c2_CGATCGGTCCTTAATC,B
B12_c2,HMN171231,flu,B,B12_c2_CGATGGCAGAGGTTGC,B
B12_c2,,,B,B12_c2_CGATTGACATTATCTC,B
B12_c2,,,B,B12_c2_CGCCAAGCACTTCTGC,B
B12_c2,,,B,B12_c2_CGCGTTTAGTGGAGAA,B
B12_c2,HMN171231,flu,B,B12_c2_CGCGTTTCACCAACCG,B
B12_c2,HMN171231,flu,B,B12_c2_CGCTTCAAGAGTAAGG,B
B12_c2,HMN171216,flu,B,B12_c2_CGCTTCACACCAGGTC,B
B12_c2,HMN171231,flu,B,B12_c2_CGCTTCATCAATCACG,B
B12_c2,HMN171231,flu,B,B12_c2_CGGACACGTAGGACAC,B
B12_c2,HMN171216,flu,B,B12_c2_CGGACACTCTAACCGA,B
B12_c2,HMN171230,flu,B,B12_c2_CGGACGTCAGACGCTC,B
B12_c2,HMN171216,flu,B,B12_c2_CGGAGCTAGTCAAGGC,B
B12_c2,,,B,B12_c2_CGGAGCTGTCAATGTC,B
B12_c2,HMN171231,flu,B,B12_c2_CGGAGTCAGACTAGGC,B
B12_c2,HMN171230,flu,B,B12_c2_CGGCTAGTCTAACGGT,B
B12_c2,HMN171216,flu,B,B12_c2_CGGGTCACACAGGCCT,B
B12_c2,HMN171216,flu,B,B12_c2_CGGGTCATCGGCGCAT,B
B12_c2,HMN171230,flu,B,B12_c2_CGGTTAAAGGCGATAC,B
B12_c2,HMN171230,flu,B,B12_c2_CGGTTAAGTAGCTAAA,B
B12_c2,HMN171231,flu,B,B12_c2_CGGTTAATCGTCGTTC,B
B12_c2,HMN171231,flu,B,B12_c2_CGTAGCGCATTGGTAC,B
B12_c2,HMN171216,flu,B,B12_c2_CGTAGGCAGTTTAGGA,B
B12_c2,,,B,B12_c2_CGTAGGCCACACCGAC,B
B12_c2,,,B,B12_c2_CGTCACTCAGATCGGA,B
B12_c2,HMN171231,flu,B,B12_c2_CGTCAGGAGGGATGGG,B
B12_c2,,,B,B12_c2_CGTCAGGGTCGACTGC,B
B12_c2,HMN171231,flu,B,B12_c2_CGTCCATTCACTCTTA,B
B12_c2,HMN171230,flu,B,B12_c2_CGTCCATTCCCTCAGT,B
B12_c2,HMN171216,flu,B,B12_c2_CGTCTACCAGTATGCT,B
B12_c2,HMN171230,flu,B,B12_c2_CGTGAGCCACCAGTTA,B
B12_c2,HMN171216,flu,B,B12_c2_CGTGAGCGTACGAAAT,B
B12_c2,,,B,B12_c2_CGTGAGCGTGCCTGTG,B
B12_c2,HMN171230,flu,B,B12_c2_CGTGAGCTCCAGTATG,B
B12_c2,,,B,B12_c2_CGTGTAAGTCTAGTGT,B
B12_c2,,,B,B12_c2_CGTGTCTAGGGATGGG,B
B12_c2,HMN171230,flu,B,B12_c2_CGTTGGGTCTCAACTT,B
B12_c2,HMN171216,flu,B,B12_c2_CTAACTTCAAACGCGA,B
B12_c2,HMN171216,flu,B,B12_c2_CTAACTTCACTGCCAG,B
B12_c2,,,B,B12_c2_CTAAGACCATTACGAC,B
B12_c2,HMN171231,flu,B,B12_c2_CTAAGACGTCTAGTCA,B
B12_c2,HMN171231,flu,B,B12_c2_CTACACCGTCTTGTCC,B
B12_c2,,,B,B12_c2_CTACACCTCGAGAGCA,B
B12_c2,,,B,B12_c2_CTACCCAAGTGTGAAT,B
B12_c2,HMN171216,flu,B,B12_c2_CTACCCAGTATGAATG,B
B12_c2,HMN171231,flu,B,B12_c2_CTACGTCGTACATGTC,B
B12_c2,HMN171231,flu,B,B12_c2_CTAGCCTCAATCACAC,B
B12_c2,HMN171231,flu,B,B12_c2_CTAGTGAAGTGAATTG,B
B12_c2,HMN171231,flu,B,B12_c2_CTCAGAAAGCTTCGCG,B
B12_c2,HMN171231,flu,B,B12_c2_CTCATTATCACTTACT,B
B12_c2,HMN171231,flu,B,B12_c2_CTCCTAGAGAATGTTG,B
B12_c2,,,B,B12_c2_CTCGAGGTCTGCGGCA,B
B12_c2,HMN171231,flu,B,B12_c2_CTCGGAGCATCAGTAC,B
B12_c2,,,B,B12_c2_CTCGGGAAGACGACGT,B
B12_c2,HMN171231,flu,B,B12_c2_CTCGTACGTAGCGTCC,B
B12_c2,HMN171231,flu,B,B12_c2_CTCTAATCAAGTTAAG,B
B12_c2,HMN171231,flu,B,B12_c2_CTCTAATCATGGGACA,B
B12_c2,HMN171231,flu,B,B12_c2_CTGAAACTCCGTCATC,B
B12_c2,HMN171216,flu,B,B12_c2_CTGAAGTGTGCAACTT,B
B12_c2,HMN171231,flu,B,B12_c2_CTGATAGAGGGCACTA,B
B12_c2,HMN171231,flu,B,B12_c2_CTGATAGAGTCTTGCA,B
B12_c2,HMN171216,flu,B,B12_c2_CTGATAGCATCCCACT,B
B12_c2,HMN171216,flu,B,B12_c2_CTGATAGCATGGGAAC,B
B12_c2,,,B,B12_c2_CTGCGGAAGGGATACC,B
B12_c2,HMN171231,flu,B,B12_c2_CTGCGGATCTTACCGC,B
B12_c2,,,B,B12_c2_CTGCTGTAGAAGGGTA,B
B12_c2,,,B,B12_c2_CTGGTCTAGAAGGCCT,B
B12_c2,HMN171230,flu,B,B12_c2_CTGGTCTAGCGGATCA,B
B12_c2,,,B,B12_c2_CTGTGCTAGATACACA,B
B12_c2,,,B,B12_c2_CTGTGCTCACCAGATT,B
B12_c2,HMN171231,flu,B,B12_c2_CTGTTTATCGCCATAA,B
B12_c2,HMN171230,flu,B,B12_c2_CTTAACTGTACCTACA,B
B12_c2,,,B,B12_c2_CTTAACTTCCCTAACC,B
B12_c2,HMN171216,flu,B,B12_c2_CTTAACTTCCTTTACA,B
B12_c2,,,B,B12_c2_CTTACCGCAAACGCGA,B
B12_c2,HMN171231,flu,B,B12_c2_CTTACCGCAGGAACGT,B
B12_c2,,,B,B12_c2_CTTACCGGTCTCCATC,B
B12_c2,,,B,B12_c2_CTTACCGGTGGTACAG,B
B12_c2,,,B,B12_c2_CTTAGGACAATAAGCA,B
B12_c2,,,B,B12_c2_CTTAGGATCGCGTAGC,B
B12_c2,HMN171216,flu,B,B12_c2_CTTCTCTGTCGGGTCT,B
B12_c2,HMN171231,flu,B,B12_c2_CTTGGCTAGACCACGA,B
B12_c2,,,B,B12_c2_CTTTGCGGTCGCATCG,B
B12_c2,HMN171231,flu,B,B12_c2_CTTTGCGTCGCTTGTC,B
B12_c2,HMN171230,flu,B,B12_c2_GAAACTCCAGCCAATT,B
B12_c2,,,B,B12_c2_GAAACTCGTACTTGAC,B
B12_c2,,,B,B12_c2_GAACATCCAAGTCTGT,B
B12_c2,,,B,B12_c2_GAACATCCATCGATTG,B
B12_c2,,,B,B12_c2_GAACATCCATTACCTT,B
B12_c2,HMN171230,flu,B,B12_c2_GAACATCGTAGGGTAC,B
B12_c2,HMN171216,flu,B,B12_c2_GAACATCTCTGTTTGT,B
B12_c2,HMN171216,flu,B,B12_c2_GAACCTAAGTTAACGA,B
B12_c2,,,B,B12_c2_GAACCTAGTCTTCAAG,B
B12_c2,,,B,B12_c2_GAACGGAGTGACTACT,B
B12_c2,,,B,B12_c2_GAAGCAGGTGCAGACA,B
B12_c2,HMN171216,flu,B,B12_c2_GAAGCAGTCGACCAGC,B
B12_c2,HMN171216,flu,B,B12_c2_GACACGCAGAAACCTA,B
B12_c2,HMN171216,flu,B,B12_c2_GACACGCCACTCTGTC,B
B12_c2,HMN171231,flu,B,B12_c2_GACACGCGTCAGAAGC,B
B12_c2,HMN171231,flu,B,B12_c2_GACAGAGAGAGATGAG,B
B12_c2,HMN171231,flu,B,B12_c2_GACAGAGTCTAACTCT,B
B12_c2,HMN171230,flu,B,B12_c2_GACCAATGTTCAGCGC,B
B12_c2,HMN171231,flu,B,B12_c2_GACCAATTCTTCGGTC,B
B12_c2,HMN171230,flu,B,B12_c2_GACCTGGCACCGTTGG,B
B12_c2,HMN171216,flu,B,B12_c2_GACGCGTGTGATAAAC,B
B12_c2,,,B,B12_c2_GACGGCTAGGCATGGT,B
B12_c2,HMN171216,flu,B,B12_c2_GACGGCTTCGCTAGCG,B
B12_c2,HMN171216,flu,B,B12_c2_GACGGCTTCTACTTAC,B
B12_c2,HMN171230,flu,B,B12_c2_GACGTGCCATTTCAGG,B
B12_c2,,,B,B12_c2_GACGTTATCAAACCGT,B
B12_c2,HMN171216,flu,B,B12_c2_GACTAACTCCGCGGTA,B
B12_c2,HMN171230,flu,B,B12_c2_GACTACAAGGATGGAA,B
B12_c2,,,B,B12_c2_GACTACAAGGGAAACA,B
B12_c2,,,B,B12_c2_GACTACAGTCTAACGT,B
B12_c2,HMN171230,flu,B,B12_c2_GACTGCGAGACCCACC,B
B12_c2,HMN171231,flu,B,B12_c2_GACTGCGGTAGTACCT,B
B12_c2,HMN171230,flu,B,B12_c2_GACTGCGTCCACGTTC,B
B12_c2,HMN171216,flu,B,B12_c2_GAGCAGAAGACAGAGA,B
B12_c2,HMN171231,flu,B,B12_c2_GAGCAGACACTGTTAG,B
B12_c2,,,B,B12_c2_GAGGTGAAGGACAGAA,B
B12_c2,,,B,B12_c2_GAGTCCGGTATATGAG,B
B12_c2,HMN171216,flu,B,B12_c2_GATCGATAGTACTTGC,B
B12_c2,HMN171231,flu,B,B12_c2_GATCGATCATATGAGA,B
B12_c2,HMN171231,flu,B,B12_c2_GATCGATTCTGTCTCG,B
B12_c2,HMN171231,flu,B,B12_c2_GATCGCGAGGCGACAT,B
B12_c2,HMN171231,flu,B,B12_c2_GATCGCGTCCTAGGGC,B
B12_c2,HMN171230,flu,B,B12_c2_GATCGTACACGGATAG,B
B12_c2,HMN171216,flu,B,B12_c2_GATGAAAGTGAGGGAG,B
B12_c2,HMN171216,flu,B,B12_c2_GATGAGGAGTGGACGT,B
B12_c2,,,B,B12_c2_GATGAGGTCTTGCCGT,B
B12_c2,HMN171230,flu,B,B12_c2_GATTCAGAGCGTCAAG,B
B12_c2,HMN171231,flu,B,B12_c2_GCAAACTGTCGAGTTT,B
B12_c2,HMN171230,flu,B,B12_c2_GCAATCATCTCAAGTG,B
B12_c2,HMN171230,flu,B,B12_c2_GCACTCTCACGGACAA,B
B12_c2,HMN171216,flu,B,B12_c2_GCAGTTACACACTGCG,B
B12_c2,HMN171216,flu,B,B12_c2_GCAGTTATCAAACAAG,B
B12_c2,HMN171216,flu,B,B12_c2_GCATACACAGCATGAG,B
B12_c2,HMN171230,flu,B,B12_c2_GCATACACATTGGTAC,B
B12_c2,HMN171216,flu,B,B12_c2_GCATACAGTGCAACGA,B
B12_c2,HMN171216,flu,B,B12_c2_GCATGATGTGAGGGTT,B
B12_c2,HMN171230,flu,B,B12_c2_GCATGCGAGCCGATTT,B
B12_c2,,,B,B12_c2_GCATGCGTCTGTGCAA,B
B12_c2,HMN171230,flu,B,B12_c2_GCATGTAGTCTGGTCG,B
B12_c2,HMN171231,flu,B,B12_c2_GCCAAATTCAAAGACA,B
B12_c2,HMN171230,flu,B,B12_c2_GCGAGAAGTCCGACGT,B
B12_c2,HMN171231,flu,B,B12_c2_GCGAGAAGTGGTAACG,B
B12_c2,,,B,B12_c2_GCGCAGTCAGTCGATT,B
B12_c2,,,B,B12_c2_GCGCCAATCACCTTAT,B
B12_c2,HMN171216,flu,B,B12_c2_GCGCGATAGCCGTCGT,B
B12_c2,HMN171230,flu,B,B12_c2_GCGGGTTGTCCAGTTA,B
B12_c2,HMN171216,flu,B,B12_c2_GCTCCTATCGTACGGC,B
B12_c2,HMN171230,flu,B,B12_c2_GCTCCTATCTGCAAGT,B
B12_c2,,,B,B12_c2_GCTCTGTCAAGCTGGA,B
B12_c2,HMN171231,flu,B,B12_c2_GCTCTGTCAGGTGCCT,B
B12_c2,HMN171230,flu,B,B12_c2_GCTCTGTCATCTACGA,B
B12_c2,HMN171231,flu,B,B12_c2_GCTGCTTTCACTTATC,B
B12_c2,,,B,B12_c2_GCTGGGTAGTGGTCCC,B
B12_c2,HMN171230,flu,B,B12_c2_GCTGGGTGTGGTGTAG,B
B12_c2,HMN171231,flu,B,B12_c2_GCTTCCAAGGCAAAGA,B
B12_c2,HMN171231,flu,B,B12_c2_GCTTCCAGTGAGGCTA,B
B12_c2,HMN171231,flu,B,B12_c2_GGAAAGCGTTTGACTG,B
B12_c2,HMN171230,flu,B,B12_c2_GGAACTTAGTATTGGA,B
B12_c2,HMN171230,flu,B,B12_c2_GGAATAAAGAGCTTCT,B
B12_c2,HMN171230,flu,B,B12_c2_GGAATAACATTCCTGC,B
B12_c2,HMN171216,flu,B,B12_c2_GGAATAAGTGACTCAT,B
B12_c2,HMN171231,flu,B,B12_c2_GGACAAGAGCGTCAAG,B
B12_c2,HMN171231,flu,B,B12_c2_GGACGTCGTGATGCCC,B
B12_c2,,,B,B12_c2_GGAGCAAAGTCAAGCG,B
B12_c2,HMN171230,flu,B,B12_c2_GGAGCAAAGTCTCGGC,B
B12_c2,,,B,B12_c2_GGAGCAAGTAGATTAG,B
B12_c2,HMN171216,flu,B,B12_c2_GGAGCAATCGAGAACG,B
B12_c2,,,B,B12_c2_GGATGTTCAACTGCGC,B
B12_c2,HMN171231,flu,B,B12_c2_GGATTACCAGGAATCG,B
B12_c2,,,B,B12_c2_GGCAATTGTAACGACG,B
B12_c2,,,B,B12_c2_GGCGACTAGAGGGCTT,B
B12_c2,,,B,B12_c2_GGCGACTTCGGTCTAA,B
B12_c2,HMN171231,flu,B,B12_c2_GGCGTGTGTTACGACT,B
B12_c2,HMN171230,flu,B,B12_c2_GGCGTGTGTTCCATGA,B
B12_c2,HMN171216,flu,B,B12_c2_GGCTCGATCTGATTCT,B
B12_c2,,,B,B12_c2_GGGAATGGTTTGACTG,B
B12_c2,HMN171230,flu,B,B12_c2_GGGACCTAGATGGGTC,B
B12_c2,HMN171230,flu,B,B12_c2_GGGACCTCACAGCGTC,B
B12_c2,,,B,B12_c2_GGGAGATCACCTATCC,B
B12_c2,HMN171231,flu,B,B12_c2_GGGAGATCAGATCCAT,B
B12_c2,,,B,B12_c2_GGGATGAAGCCCAGCT,B
B12_c2,,,B,B12_c2_GGGATGAGTCCGCTGA,B
B12_c2,,,B,B12_c2_GGGCACTGTCGTCTTC,B
B12_c2,HMN171230,flu,B,B12_c2_GGGCATCTCTTCCTTC,B
B12_c2,,,B,B12_c2_GGGTTGCAGAGCTGCA,B
B12_c2,HMN171231,flu,B,B12_c2_GGTATTGAGAAGGGTA,B
B12_c2,HMN171219,NI,B,B12_c2_GGTATTGTCCAAAGTC,B
B12_c2,,,B,B12_c2_GGTATTGTCTGCCAGG,B
B12_c2,HMN171216,flu,B,B12_c2_GGTGAAGAGACCCACC,B
B12_c2,HMN171231,flu,B,B12_c2_GGTGAAGGTATAAACG,B
B12_c2,HMN171216,flu,B,B12_c2_GGTGCGTAGAGTACAT,B
B12_c2,HMN171230,flu,B,B12_c2_GGTGCGTTCAGCATGT,B
B12_c2,HMN171231,flu,B,B12_c2_GTAACGTAGGGAAACA,B
B12_c2,,,B,B12_c2_GTAACGTCACGGACAA,B
B12_c2,,,B,B12_c2_GTAACTGCATTCGACA,B
B12_c2,,,B,B12_c2_GTACGTAAGCGATCCC,B
B12_c2,HMN171231,flu,B,B12_c2_GTACGTATCACCGGGT,B
B12_c2,HMN171230,flu,B,B12_c2_GTACTCCAGTACGTTC,B
B12_c2,HMN171216,flu,B,B12_c2_GTACTCCCAGGACCCT,B
B12_c2,HMN171231,flu,B,B12_c2_GTACTTTAGGTAGCTG,B
B12_c2,HMN171216,flu,B,B12_c2_GTACTTTCAGTAAGCG,B
B12_c2,HMN171216,flu,B,B12_c2_GTACTTTTCCGCATAA,B
B12_c2,HMN171230,flu,B,B12_c2_GTAGGCCCAAGTAATG,B
B12_c2,HMN171230,flu,B,B12_c2_GTAGGCCGTGGTCTCG,B
B12_c2,HMN171230,flu,B,B12_c2_GTATCTTTCAGCTGGC,B
B12_c2,HMN171231,flu,B,B12_c2_GTATCTTTCTCTGTCG,B
B12_c2,,,B,B12_c2_GTCAAGTAGTCAATAG,B
B12_c2,HMN171231,flu,B,B12_c2_GTCAAGTTCCAAACAC,B
B12_c2,,,B,B12_c2_GTCAAGTTCGTACGGC,B
B12_c2,,,B,B12_c2_GTCACAATCATCTGCC,B
B12_c2,,,B,B12_c2_GTCACGGGTCTTCAAG,B
B12_c2,HMN171216,flu,B,B12_c2_GTCATTTAGTGGAGAA,B
B12_c2,HMN171216,flu,B,B12_c2_GTCATTTGTCCGAATT,B
B12_c2,HMN171216,flu,B,B12_c2_GTCATTTTCTATCGCC,B
B12_c2,,,B,B12_c2_GTCCTCAAGCTCAACT,B
B12_c2,HMN171230,flu,B,B12_c2_GTCCTCAAGTGAAGAG,B
B12_c2,HMN171231,flu,B,B12_c2_GTCCTCACACGGTAAG,B
B12_c2,HMN171216,flu,B,B12_c2_GTCGGGTCACGACGAA,B
B12_c2,HMN171231,flu,B,B12_c2_GTCGTAACAAGCCATT,B
B12_c2,HMN171231,flu,B,B12_c2_GTCTCGTCATCCGGGT,B
B12_c2,HMN171231,flu,B,B12_c2_GTCTCGTTCATCGCTC,B
B12_c2,,,B,B12_c2_GTCTTCGTCTGCAAGT,B
B12_c2,HMN171231,flu,B,B12_c2_GTGAAGGCAGGACGTA,B
B12_c2,,,B,B12_c2_GTGAAGGGTCTGATTG,B
B12_c2,,,B,B12_c2_GTGCATATCCGGCACA,B
B12_c2,HMN171231,flu,B,B12_c2_GTGCATATCGTAGATC,B
B12_c2,HMN171231,flu,B,B12_c2_GTGCGGTCAAAGGTGC,B
B12_c2,HMN171230,flu,B,B12_c2_GTGCGGTTCCAGGGCT,B
B12_c2,,,B,B12_c2_GTGGGTCAGCTCCTTC,B
B12_c2,HMN171231,flu,B,B12_c2_GTGGGTCGTTGTCTTT,B
B12_c2,HMN171230,flu,B,B12_c2_GTGTGCGCACACCGCA,B
B12_c2,HMN171231,flu,B,B12_c2_GTGTTAGAGTACGTTC,B
B12_c2,,,B,B12_c2_GTGTTAGAGTGGTCCC,B
B12_c2,HMN171231,flu,B,B12_c2_GTTACAGAGTACGCGA,B
B12_c2,HMN171231,flu,B,B12_c2_GTTACAGCACTAGTAC,B
B12_c2,HMN171216,flu,B,B12_c2_GTTACAGTCATGGTCA,B
B12_c2,,,B,B12_c2_GTTACAGTCTGAGTGT,B
B12_c2,HMN171231,flu,B,B12_c2_GTTCATTAGACATAAC,B
B12_c2,HMN171216,flu,B,B12_c2_GTTCATTGTTCAGACT,B
B12_c2,HMN171216,flu,B,B12_c2_GTTCATTTCAGCGACC,B
B12_c2,HMN171230,flu,B,B12_c2_GTTCTCGGTATAGTAG,B
B12_c2,HMN171216,flu,B,B12_c2_GTTCTCGTCCATGCTC,B
B12_c2,HMN171230,flu,B,B12_c2_TAAGCGTTCTCGCTTG,B
B12_c2,HMN171230,flu,B,B12_c2_TAAGTGCCAGGTCCAC,B
B12_c2,HMN171231,flu,B,B12_c2_TAAGTGCTCTGAGTGT,B
B12_c2,HMN171231,flu,B,B12_c2_TACAGTGAGTGAATTG,B
B12_c2,HMN171231,flu,B,B12_c2_TACAGTGTCGTACCGG,B
B12_c2,HMN171230,flu,B,B12_c2_TACCTATAGCACCGTC,B
B12_c2,HMN171231,flu,B,B12_c2_TACCTTAGTACATGTC,B
B12_c2,HMN171216,flu,B,B12_c2_TACCTTATCTGCGTAA,B
B12_c2,HMN171216,flu,B,B12_c2_TACGGATAGCAGGCTA,B
B12_c2,HMN171216,flu,B,B12_c2_TACGGGCGTCTTCTCG,B
B12_c2,HMN171216,flu,B,B12_c2_TACGGTACAGTACACT,B
B12_c2,HMN171216,flu,B,B12_c2_TACGGTACATCTATGG,B
B12_c2,HMN171230,flu,B,B12_c2_TACGGTATCACCCGAG,B
B12_c2,HMN171231,flu,B,B12_c2_TACTCATAGGCTAGAC,B
B12_c2,HMN171231,flu,B,B12_c2_TACTCGCGTTCGTGAT,B
B12_c2,HMN171231,flu,B,B12_c2_TACTCGCTCTTGCAAG,B
B12_c2,HMN171230,flu,B,B12_c2_TACTTACAGTATCGAA,B
B12_c2,,,B,B12_c2_TACTTACTCTATCGCC,B
B12_c2,HMN171230,flu,B,B12_c2_TACTTGTAGGTTACCT,B
B12_c2,,,B,B12_c2_TAGACCACATTACCTT,B
B12_c2,,,B,B12_c2_TAGAGCTGTGCCTGGT,B
B12_c2,HMN171230,flu,B,B12_c2_TAGAGCTTCAACGGGA,B
B12_c2,,,B,B12_c2_TAGAGCTTCTTGCCGT,B
B12_c2,HMN171231,flu,B,B12_c2_TAGCCGGTCTACCAGA,B
B12_c2,HMN171230,flu,B,B12_c2_TAGCCGGTCTGAGTGT,B
B12_c2,HMN171216,flu,B,B12_c2_TAGGCATAGCGCTCCA,B
B12_c2,HMN171216,flu,B,B12_c2_TAGTGGTGTGAGTATA,B
B12_c2,HMN171231,flu,B,B12_c2_TATCAGGCAACGCACC,B
B12_c2,,,B,B12_c2_TATCAGGTCCCTAATT,B
B12_c2,HMN171231,flu,B,B12_c2_TATCTCATCACCATAG,B
B12_c2,HMN171216,flu,B,B12_c2_TATGCCCGTCACTTCC,B
B12_c2,HMN171231,flu,B,B12_c2_TATGCCCGTCTTGCGG,B
B12_c2,HMN171231,flu,B,B12_c2_TATTACCAGACAGACC,B
B12_c2,,,B,B12_c2_TATTACCCATATACCG,B
B12_c2,HMN171216,flu,B,B12_c2_TATTACCGTATATGAG,B
B12_c2,HMN171230,flu,B,B12_c2_TCAATCTGTTACGTCA,B
B12_c2,HMN171216,flu,B,B12_c2_TCACAAGCAGGACGTA,B
B12_c2,HMN171231,flu,B,B12_c2_TCACAAGGTCTCCACT,B
B12_c2,HMN171231,flu,B,B12_c2_TCACAAGTCCCTTGCA,B
B12_c2,,,B,B12_c2_TCACAAGTCGACAGCC,B
B12_c2,,,B,B12_c2_TCACAAGTCTTAGCCC,B
B12_c2,,,B,B12_c2_TCACGAAGTTCCACAA,B
B12_c2,,,B,B12_c2_TCAGCTCGTAGAGTGC,B
B12_c2,HMN171231,flu,B,B12_c2_TCAGCTCTCACCCGAG,B
B12_c2,HMN171230,flu,B,B12_c2_TCATTTGCACGTCAGC,B
B12_c2,HMN171230,flu,B,B12_c2_TCGAGGCTCGAATGCT,B
B12_c2,HMN171216,flu,B,B12_c2_TCGCGAGCATATGCTG,B
B12_c2,HMN171231,flu,B,B12_c2_TCGCGAGGTAGGGACT,B
B12_c2,HMN171230,flu,B,B12_c2_TCGCGTTCAAGTCTAC,B
B12_c2,,,B,B12_c2_TCGCGTTGTTACGACT,B
B12_c2,HMN171230,flu,B,B12_c2_TCGGGACTCACGGTTA,B
B12_c2,,,B,B12_c2_TCGGTAAAGCGTAATA,B
B12_c2,HMN171231,flu,B,B12_c2_TCGGTAAGTACAGCAG,B
B12_c2,HMN171216,flu,B,B12_c2_TCGTACCCATCAGTAC,B
B12_c2,,,B,B12_c2_TCGTACCTCTGAGTGT,B
B12_c2,HMN171216,flu,B,B12_c2_TCTATTGGTGCTTCTC,B
B12_c2,HMN171216,flu,B,B12_c2_TCTCATACAAGTTGTC,B
B12_c2,,,B,B12_c2_TCTCTAACACTTGGAT,B
B12_c2,HMN171231,flu,B,B12_c2_TCTCTAAGTTTAGGAA,B
B12_c2,,,B,B12_c2_TCTGGAATCCGCGTTT,B
B12_c2,,,B,B12_c2_TCTTCGGCAAGCCGTC,B
B12_c2,HMN171231,flu,B,B12_c2_TCTTCGGGTAAGCACG,B
B12_c2,HMN171230,flu,B,B12_c2_TCTTCGGGTTTAAGCC,B
B12_c2,HMN171230,flu,B,B12_c2_TCTTTCCTCATACGGT,B
B12_c2,HMN171216,flu,B,B12_c2_TGAAAGACATCCGTGG,B
B12_c2,HMN171216,flu,B,B12_c2_TGACGGCGTCTTTCAT,B
B12_c2,HMN171231,flu,B,B12_c2_TGACTAGAGAGCTATA,B
B12_c2,HMN171230,flu,B,B12_c2_TGACTTTAGGGCTCTC,B
B12_c2,HMN171230,flu,B,B12_c2_TGAGCATAGGCGTACA,B
B12_c2,HMN171216,flu,B,B12_c2_TGAGCCGGTCTTGATG,B
B12_c2,HMN171230,flu,B,B12_c2_TGAGCCGTCCGTACAA,B
B12_c2,,,B,B12_c2_TGAGGGAGTCATCCCT,B
B12_c2,HMN171231,flu,B,B12_c2_TGCCAAAAGCGATCCC,B
B12_c2,,,B,B12_c2_TGCCAAAGTCATTAGC,B
B12_c2,HMN171231,flu,B,B12_c2_TGCCAAATCATTTGGG,B
B12_c2,,,B,B12_c2_TGCCCATGTCTAGCCG,B
B12_c2,HMN171230,flu,B,B12_c2_TGCCCTAAGAATTGTG,B
B12_c2,,,B,B12_c2_TGCCCTAGTGACAAAT,B
B12_c2,HMN171231,flu,B,B12_c2_TGCGCAGCACTAGTAC,B
B12_c2,HMN171216,flu,B,B12_c2_TGCGGGTGTGTGAATA,B
B12_c2,HMN171216,flu,B,B12_c2_TGCGGGTTCCGCAAGC,B
B12_c2,,,B,B12_c2_TGCTACCGTACAGTGG,B
B12_c2,HMN171231,flu,B,B12_c2_TGCTGCTCAGACGCCT,B
B12_c2,HMN171216,flu,B,B12_c2_TGCTGCTGTAAGGGAA,B
B12_c2,,,B,B12_c2_TGGACGCCACGGTAAG,B
B12_c2,,,B,B12_c2_TGGACGCGTCACTGGC,B
B12_c2,HMN171231,flu,B,B12_c2_TGGACGCGTTCTCATT,B
B12_c2,HMN171231,flu,B,B12_c2_TGGCGCAGTTCCACTC,B
B12_c2,,,B,B12_c2_TGGCTGGCAATAAGCA,B
B12_c2,,,B,B12_c2_TGGCTGGCATAAAGGT,B
B12_c2,,,B,B12_c2_TGGCTGGGTCAAAGAT,B
B12_c2,HMN171231,flu,B,B12_c2_TGGCTGGGTCCTCCAT,B
B12_c2,HMN171231,flu,B,B12_c2_TGGCTGGTCTCGATGA,B
B12_c2,HMN171231,flu,B,B12_c2_TGGGAAGTCGCGTTTC,B
B12_c2,HMN171231,flu,B,B12_c2_TGGGCGTAGACGCTTT,B
B12_c2,HMN171230,flu,B,B12_c2_TGGTTAGCATGCCCGA,B
B12_c2,HMN171216,flu,B,B12_c2_TGGTTAGTCATCATTC,B
B12_c2,HMN171230,flu,B,B12_c2_TGGTTCCAGATGTGTA,B
B12_c2,,,B,B12_c2_TGTATTCGTGGGTCAA,B
B12_c2,HMN171231,flu,B,B12_c2_TGTCCCAGTAGAAGGA,B
B12_c2,,,B,B12_c2_TGTGGTAGTCGAATCT,B
B12_c2,HMN171231,flu,B,B12_c2_TGTGTTTGTTACAGAA,B
B12_c2,HMN171231,flu,B,B12_c2_TGTTCCGGTCTCATCC,B
B12_c2,,,B,B12_c2_TTAACTCCACATTTCT,B
B12_c2,HMN171231,flu,B,B12_c2_TTAACTCGTCAGGACA,B
B12_c2,HMN171231,flu,B,B12_c2_TTAGGACCAAAGTGCG,B
B12_c2,,,B,B12_c2_TTAGGCAAGCTTCGCG,B
B12_c2,HMN171230,flu,B,B12_c2_TTAGGCACACAACTGT,B
B12_c2,HMN171216,flu,B,B12_c2_TTCGAAGAGACACGAC,B
B12_c2,,,B,B12_c2_TTCGAAGGTACCGGCT,B
B12_c2,,,B,B12_c2_TTCGAAGGTCTTCAAG,B
B12_c2,,,B,B12_c2_TTCGAAGTCTGCTTGC,B
B12_c2,HMN171230,flu,B,B12_c2_TTCTACAAGAAACCGC,B
B12_c2,HMN171216,flu,B,B12_c2_TTCTACAAGACTGTAA,B
B12_c2,HMN171231,flu,B,B12_c2_TTCTCAACAGACAGGT,B
B12_c2,,,B,B12_c2_TTCTCAACAGCCTATA,B
B12_c2,HMN171231,flu,B,B12_c2_TTCTCAAGTACCGGCT,B
B12_c2,HMN171231,flu,B,B12_c2_TTCTCCTAGATAGCAT,B
B12_c2,HMN171230,flu,B,B12_c2_TTCTCCTGTTAAGATG,B
B12_c2,,,B,B12_c2_TTCTTAGCATAGGATA,B
B12_c2,HMN171231,flu,B,B12_c2_TTCTTAGGTAAGGGAA,B
B12_c2,HMN171231,flu,B,B12_c2_TTCTTAGTCACCATAG,B
B12_c2,,,B,B12_c2_TTGAACGCACAGGAGT,B
B12_c2,HMN171216,flu,B,B12_c2_TTGACTTTCCCGGATG,B
B12_c2,HMN171231,flu,B,B12_c2_TTGCGTCAGATGCCTT,B
B12_c2,HMN171231,flu,B,B12_c2_TTGGAACTCACTCCTG,B
B12_c2,HMN171230,flu,B,B12_c2_TTGGCAACAGATGGGT,B
B12_c2,HMN171216,flu,B,B12_c2_TTGTAGGTCCTGTACC,B
B12_c2,HMN171231,flu,B,B12_c2_TTTACTGTCAAAGTAG,B
B12_c2,HMN171230,flu,B,B12_c2_TTTACTGTCTCTGCTG,B
B12_c2,,,B,B12_c2_TTTATGCCAGGTGGAT,B
B12_c2,HMN171216,flu,B,B12_c2_TTTGCGCGTGGCCCTA,B
B12_c2,,,B,B12_c2_TTTGGTTAGTTTCCTT,B
B12_c2,HMN171216,flu,B,B12_c2_TTTGGTTCAGATAATG,B
B12_c2,HMN171216,flu,B,B12_c2_TTTGTCAAGTTCGATC,B
B13_c1,HMN171226,flu,B,B13_c1_AAACCTGCACAGGAGT,B
B13_c1,,,B,B13_c1_AAAGCAATCAGCAACT,B
B13_c1,HMN171242,flu,B,B13_c1_AAATGCCTCGCAAACT,B
B13_c1,HMN171226,flu,B,B13_c1_AACACGTAGTGGGTTG,B
B13_c1,HMN171224,flu,B,B13_c1_AACCATGCAGCTGTAT,B
B13_c1,,,B,B13_c1_AACGTTGTCGGAAACG,B
B13_c1,,,B,B13_c1_AACTCCCAGAAGAAGC,B
B13_c1,HMN171242,flu,B,B13_c1_AACTCCCTCTTCTGGC,B
B13_c1,HMN171242,flu,B,B13_c1_AACTCCCTCTTGTATC,B
B13_c1,HMN171226,flu,B,B13_c1_AACTGGTAGAGGTAGA,B
B13_c1,HMN171242,flu,B,B13_c1_AACTTTCGTCTCCATC,B
B13_c1,HMN171242,flu,B,B13_c1_AAGACCTTCCTGTAGA,B
B13_c1,HMN171226,flu,B,B13_c1_AAGACCTTCGCTGATA,B
B13_c1,HMN171226,flu,B,B13_c1_AAGCCGCTCATTGCCC,B
B13_c1,HMN171226,flu,B,B13_c1_AAGGCAGCACTCAGGC,B
B13_c1,,,B,B13_c1_AAGGTTCCATGAGCGA,B
B13_c1,HMN171242,flu,B,B13_c1_AAGTCTGGTAAAGTCA,B
B13_c1,HMN171226,flu,B,B13_c1_AATCCAGAGGACACCA,B
B13_c1,HMN171226,flu,B,B13_c1_ACACCCTCACCAGTTA,B
B13_c1,,,B,B13_c1_ACACCGGAGGACACCA,B
B13_c1,HMN171242,flu,B,B13_c1_ACATCAGCAAGGACTG,B
B13_c1,HMN171226,flu,B,B13_c1_ACCAGTAAGGAATCGC,B
B13_c1,HMN171226,flu,B,B13_c1_ACGAGCCGTGCATCTA,B
B13_c1,,,B,B13_c1_ACGAGCCGTTCTGTTT,B
B13_c1,HMN171226,flu,B,B13_c1_ACGAGGACAAGGCTCC,B
B13_c1,HMN171226,flu,B,B13_c1_ACGATACTCTAACTCT,B
B13_c1,HMN171224,flu,B,B13_c1_ACGATGTAGCGATGAC,B
B13_c1,,,B,B13_c1_ACGATGTTCGCATGAT,B
B13_c1,HMN171242,flu,B,B13_c1_ACGCCAGGTGCAACGA,B
B13_c1,HMN171226,flu,B,B13_c1_ACGCCGACAAAGCAAT,B
B13_c1,,,B,B13_c1_ACGGAGAAGTGTTTGC,B
B13_c1,HMN171226,flu,B,B13_c1_ACGGAGAGTACCGTAT,B
B13_c1,HMN171226,flu,B,B13_c1_ACGGAGATCTTGAGGT,B
B13_c1,HMN171242,flu,B,B13_c1_ACGGGTCCACCGAAAG,B
B13_c1,HMN171242,flu,B,B13_c1_ACGGGTCGTCGTGGCT,B
B13_c1,HMN171242,flu,B,B13_c1_ACGGGTCGTGAGGGAG,B
B13_c1,HMN171226,flu,B,B13_c1_ACGGGTCTCTGCCCTA,B
B13_c1,,,B,B13_c1_ACGTCAAGTATCAGTC,B
B13_c1,HMN171242,flu,B,B13_c1_ACTATCTCAATAGCGG,B
B13_c1,,,B,B13_c1_ACTGATGCACTCTGTC,B
B13_c1,HMN171226,flu,B,B13_c1_ACTGATGTCGCGCCAA,B
B13_c1,,,B,B13_c1_ACTGCTCCAGGAACGT,B
B13_c1,HMN171242,flu,B,B13_c1_ACTGTCCGTTCACCTC,B
B13_c1,HMN171224,flu,B,B13_c1_ACTTGTTGTCTGATCA,B
B13_c1,HMN171226,flu,B,B13_c1_AGAGCGAGTCCTCTTG,B
B13_c1,HMN171226,flu,B,B13_c1_AGAGCGATCTGGCGAC,B
B13_c1,,,B,B13_c1_AGAGCTTAGAGTCTGG,B
B13_c1,HMN171226,flu,B,B13_c1_AGAGCTTAGGCATTGG,B
B13_c1,HMN171224,flu,B,B13_c1_AGAGCTTCAAGCGAGT,B
B13_c1,HMN171226,flu,B,B13_c1_AGAGCTTCACCAGGTC,B
B13_c1,,,B,B13_c1_AGCATACAGGTGTGGT,B
B13_c1,,,B,B13_c1_AGCTCCTTCTCCCTGA,B
B13_c1,HMN171224,flu,B,B13_c1_AGCTCCTTCTGCTTGC,B
B13_c1,,,B,B13_c1_AGCTCTCGTGAAGGCT,B
B13_c1,HMN171226,flu,B,B13_c1_AGCTTGATCTAACTGG,B
B13_c1,,,B,B13_c1_AGGCCACCACCAGGCT,B
B13_c1,,,B,B13_c1_AGGCCACGTCGCGGTT,B
B13_c1,HMN171242,flu,B,B13_c1_AGGGAGTAGCAAATCA,B
B13_c1,,,B,B13_c1_AGGGAGTCAGTCGTGC,B
B13_c1,HMN171226,flu,B,B13_c1_AGGGATGTCTACTCAT,B
B13_c1,HMN171242,flu,B,B13_c1_AGGGTGAAGGGCACTA,B
B13_c1,HMN171226,flu,B,B13_c1_AGGGTGAGTAGCTGCC,B
B13_c1,HMN171226,flu,B,B13_c1_AGGGTGATCACATAGC,B
B13_c1,HMN171242,flu,B,B13_c1_AGGTCATAGCCCAATT,B
B13_c1,,,B,B13_c1_AGGTCATCACCACCAG,B
B13_c1,HMN171226,flu,B,B13_c1_AGGTCATCAGCCTGTG,B
B13_c1,HMN171224,flu,B,B13_c1_AGGTCATGTTGACGTT,B
B13_c1,HMN171242,flu,B,B13_c1_AGGTCCGAGGATTCGG,B
B13_c1,,,B,B13_c1_AGTAGTCTCGAACGGA,B
B13_c1,HMN171226,flu,B,B13_c1_AGTCTTTCAGCTGTAT,B
B13_c1,HMN171242,flu,B,B13_c1_AGTGGGAAGAAACCAT,B
B13_c1,HMN171242,flu,B,B13_c1_AGTGGGAAGACAGGCT,B
B13_c1,HMN171226,flu,B,B13_c1_AGTGTCAAGTTAGGTA,B
B13_c1,HMN171242,flu,B,B13_c1_AGTGTCATCTTCTGGC,B
B13_c1,,,B,B13_c1_AGTTGGTAGCTGAACG,B
B13_c1,,,B,B13_c1_AGTTGGTCAGGCTCAC,B
B13_c1,,,B,B13_c1_AGTTGGTGTAAACACA,B
B13_c1,HMN171226,flu,B,B13_c1_AGTTGGTTCGGAAACG,B
B13_c1,,,B,B13_c1_AGTTGGTTCTAGAGTC,B
B13_c1,,,B,B13_c1_ATAGACCAGCCCAACC,B
B13_c1,HMN171242,flu,B,B13_c1_ATCATGGGTGCACTTA,B
B13_c1,,,B,B13_c1_ATGGGAGTCAACTCTT,B
B13_c1,,,B,B13_c1_ATGGGAGTCATGGTCA,B
B13_c1,HMN171226,flu,B,B13_c1_ATGTGTGTCGTGGTCG,B
B13_c1,,,B,B13_c1_ATTACTCAGACGCACA,B
B13_c1,HMN171242,flu,B,B13_c1_ATTACTCCATCGATTG,B
B13_c1,HMN171242,flu,B,B13_c1_ATTATCCCAGTTCATG,B
B13_c1,HMN171226,flu,B,B13_c1_ATTGGACTCTACCAGA,B
B13_c1,HMN171242,flu,B,B13_c1_CAACTAGCAAGACGTG,B
B13_c1,HMN171226,flu,B,B13_c1_CAACTAGGTGAAAGAG,B
B13_c1,HMN171242,flu,B,B13_c1_CAAGGCCGTCTTGCGG,B
B13_c1,HMN171242,flu,B,B13_c1_CAAGGCCGTGGTAACG,B
B13_c1,HMN171226,flu,B,B13_c1_CAAGGCCTCTGGCGAC,B
B13_c1,HMN171224,flu,B,B13_c1_CAAGTTGGTGTGAAAT,B
B13_c1,HMN171226,flu,B,B13_c1_CACACAATCATGTCTT,B
B13_c1,HMN171226,flu,B,B13_c1_CACACCTAGACGCACA,B
B13_c1,HMN171226,flu,B,B13_c1_CACACCTCAATTCCTT,B
B13_c1,HMN171226,flu,B,B13_c1_CACACCTGTTGATTCG,B
B13_c1,HMN171224,flu,B,B13_c1_CACATAGAGGAATCGC,B
B13_c1,,,B,B13_c1_CACATAGGTTTACTCT,B
B13_c1,HMN171226,flu,B,B13_c1_CACATTTGTATCACCA,B
B13_c1,,,B,B13_c1_CACATTTGTTTAGCTG,B
B13_c1,HMN171224,flu,B,B13_c1_CACCAGGCAAAGTCAA,B
B13_c1,,,B,B13_c1_CACCTTGAGTTCGCAT,B
B13_c1,HMN171226,flu,B,B13_c1_CACTCCATCATTGCGA,B
B13_c1,HMN171226,flu,B,B13_c1_CACTCCATCCTTAATC,B
B13_c1,HMN171226,flu,B,B13_c1_CAGAATCAGGATGTAT,B
B13_c1,HMN171226,flu,B,B13_c1_CAGAATCTCATGTGGT,B
B13_c1,HMN171226,flu,B,B13_c1_CAGAATCTCCAGATCA,B
B13_c1,HMN171226,flu,B,B13_c1_CAGAGAGAGATCGGGT,B
B13_c1,HMN171242,flu,B,B13_c1_CAGAGAGCAATGGACG,B
B13_c1,HMN171226,flu,B,B13_c1_CAGAGAGGTATGAATG,B
B13_c1,HMN171224,flu,B,B13_c1_CAGATCACATCCTTGC,B
B13_c1,,,B,B13_c1_CAGATCATCCCGACTT,B
B13_c1,,,B,B13_c1_CAGCATACAGACGCTC,B
B13_c1,HMN171226,flu,B,B13_c1_CAGCCGAAGTGGTAAT,B
B13_c1,,,B,B13_c1_CAGCCGACATGTTCCC,B
B13_c1,HMN171224,flu,B,B13_c1_CAGCGACCAAACAACA,B
B13_c1,,,B,B13_c1_CAGCTAATCCATGAGT,B
B13_c1,HMN171226,flu,B,B13_c1_CAGGTGCCAACGCACC,B
B13_c1,HMN171226,flu,B,B13_c1_CAGTCCTGTGTTTGTG,B
B13_c1,HMN171226,flu,B,B13_c1_CATATGGCAAACTGTC,B
B13_c1,,,B,B13_c1_CATATGGCAATAAGCA,B
B13_c1,HMN171242,flu,B,B13_c1_CATCAAGGTATGCTTG,B
B13_c1,HMN171226,flu,B,B13_c1_CATCAAGTCGACCAGC,B
B13_c1,HMN171242,flu,B,B13_c1_CATCAGAGTATCTGCA,B
B13_c1,HMN171224,flu,B,B13_c1_CATCGAAGTGAAAGAG,B
B13_c1,HMN171226,flu,B,B13_c1_CATGACATCGTAGATC,B
B13_c1,HMN171242,flu,B,B13_c1_CATGCCTTCTGCCAGG,B
B13_c1,HMN171226,flu,B,B13_c1_CATTCGCAGATCTGAA,B
B13_c1,,,B,B13_c1_CATTCGCGTTAGGGTG,B
B13_c1,HMN171242,flu,B,B13_c1_CCAGCGAAGGGTTCCC,B
B13_c1,HMN171226,flu,B,B13_c1_CCAGCGATCGTTTAGG,B
B13_c1,,,B,B13_c1_CCATTCGAGCAAATCA,B
B13_c1,,,B,B13_c1_CCATTCGCAACGCACC,B
B13_c1,HMN171242,flu,B,B13_c1_CCCTCCTCAGGGATTG,B
B13_c1,HMN171224,flu,B,B13_c1_CCGGGATCAACGATGG,B
B13_c1,,,B,B13_c1_CCGTACTGTAAAGGAG,B
B13_c1,,,B,B13_c1_CCGTTCAAGTGTCTCA,B
B13_c1,,,B,B13_c1_CCTAAAGTCCGTAGGC,B
B13_c1,HMN171226,flu,B,B13_c1_CCTACACTCCGGCACA,B
B13_c1,HMN171224,flu,B,B13_c1_CCTACCACATATACCG,B
B13_c1,HMN171226,flu,B,B13_c1_CCTAGCTCAGGGATTG,B
B13_c1,HMN171224,flu,B,B13_c1_CCTATTAAGTTGAGTA,B
B13_c1,HMN171226,flu,B,B13_c1_CCTATTAGTCCGTGAC,B
B13_c1,,,B,B13_c1_CCTCTGAAGGGTTCCC,B
B13_c1,,,B,B13_c1_CCTTACGAGATTACCC,B
B13_c1,,,B,B13_c1_CCTTCCCAGGCCCTTG,B
B13_c1,HMN171242,flu,B,B13_c1_CGAACATAGTCCAGGA,B
B13_c1,HMN171226,flu,B,B13_c1_CGAGAAGTCGTTACAG,B
B13_c1,HMN171226,flu,B,B13_c1_CGATCGGCAACACGCC,B
B13_c1,,,B,B13_c1_CGATCGGTCTTAGAGC,B
B13_c1,,,B,B13_c1_CGATGTATCGTGACAT,B
B13_c1,HMN171226,flu,B,B13_c1_CGCGGTAGTAGCCTCG,B
B13_c1,HMN171242,flu,B,B13_c1_CGCTATCAGGGTTTCT,B
B13_c1,HMN171242,flu,B,B13_c1_CGGACACTCATGTAGC,B
B13_c1,,,B,B13_c1_CGGACACTCTACCAGA,B
B13_c1,HMN171242,flu,B,B13_c1_CGGACGTTCCAAACTG,B
B13_c1,HMN171226,flu,B,B13_c1_CGGACTGAGAAGGTTT,B
B13_c1,HMN171226,flu,B,B13_c1_CGGACTGAGAGTAATC,B
B13_c1,HMN171226,flu,B,B13_c1_CGGACTGTCCAAACAC,B
B13_c1,HMN171224,flu,B,B13_c1_CGGCTAGAGCCAGTTT,B
B13_c1,HMN171226,flu,B,B13_c1_CGGCTAGAGCTCCCAG,B
B13_c1,,,B,B13_c1_CGGTTAAGTTTGTTGG,B
B13_c1,HMN171242,flu,B,B13_c1_CGTAGGCGTTAGAACA,B
B13_c1,HMN171226,flu,B,B13_c1_CGTCACTTCCGCAAGC,B
B13_c1,HMN171226,flu,B,B13_c1_CGTCAGGCAAGGTTTC,B
B13_c1,,,B,B13_c1_CGTGAGCAGGAGTTGC,B
B13_c1,HMN171226,flu,B,B13_c1_CGTGAGCGTGCAACGA,B
B13_c1,HMN171224,flu,B,B13_c1_CGTGAGCTCTACCAGA,B
B13_c1,HMN171226,flu,B,B13_c1_CGTGTAAAGTCGTACT,B
B13_c1,HMN171226,flu,B,B13_c1_CGTGTAATCTGGTATG,B
B13_c1,HMN171242,flu,B,B13_c1_CGTGTCTGTACTCTCC,B
B13_c1,HMN171242,flu,B,B13_c1_CGTTAGAAGAGAACAG,B
B13_c1,,,B,B13_c1_CGTTAGACAATGTTGC,B
B13_c1,,,B,B13_c1_CGTTAGACAGGTGGAT,B
B13_c1,,,B,B13_c1_CGTTAGACATCGGACC,B
B13_c1,,,B,B13_c1_CGTTCTGGTAATCACC,B
B13_c1,HMN171226,flu,B,B13_c1_CGTTGGGAGCGATAGC,B
B13_c1,HMN171242,flu,B,B13_c1_CGTTGGGCATGGATGG,B
B13_c1,HMN171226,flu,B,B13_c1_CTAATGGAGAATTCCC,B
B13_c1,,,B,B13_c1_CTAATGGTCAGCTTAG,B
B13_c1,HMN171226,flu,B,B13_c1_CTAATGGTCAGTTCGA,B
B13_c1,HMN171226,flu,B,B13_c1_CTACACCTCGGAAATA,B
B13_c1,HMN171226,flu,B,B13_c1_CTACATTAGGGATCTG,B
B13_c1,HMN171224,flu,B,B13_c1_CTACCCAAGTGCCATT,B
B13_c1,,,B,B13_c1_CTAGAGTGTCTAGCCG,B
B13_c1,HMN171224,flu,B,B13_c1_CTAGCCTAGGGCTTCC,B
B13_c1,HMN171224,flu,B,B13_c1_CTCCTAGTCGTCTGAA,B
B13_c1,HMN171226,flu,B,B13_c1_CTCGAAACACACAGAG,B
B13_c1,HMN171226,flu,B,B13_c1_CTCGAAATCAGAGACG,B
B13_c1,HMN171226,flu,B,B13_c1_CTCGGGAGTCAGGACA,B
B13_c1,,,B,B13_c1_CTCGTACCATTTGCTT,B
B13_c1,HMN171226,flu,B,B13_c1_CTCGTACTCCTACAGA,B
B13_c1,HMN171226,flu,B,B13_c1_CTCTAATCAAGCGTAG,B
B13_c1,HMN171242,flu,B,B13_c1_CTCTACGAGCGTTGCC,B
B13_c1,HMN171226,flu,B,B13_c1_CTCTACGGTAGCTCCG,B
B13_c1,HMN171226,flu,B,B13_c1_CTCTGGTAGATGTGGC,B
B13_c1,,,B,B13_c1_CTGAAACAGATAGTCA,B
B13_c1,HMN171226,flu,B,B13_c1_CTGAAGTCATCTACGA,B
B13_c1,,,B,B13_c1_CTGATCCCACACTGCG,B
B13_c1,HMN171226,flu,B,B13_c1_CTGCCTAAGTACTTGC,B
B13_c1,,,B,B13_c1_CTGCGGAAGGACAGCT,B
B13_c1,HMN171242,flu,B,B13_c1_CTGCTGTGTCAGCTAT,B
B13_c1,HMN171224,flu,B,B13_c1_CTGGTCTTCGGACAAG,B
B13_c1,HMN171242,flu,B,B13_c1_CTGTGCTCAGCTCGCA,B
B13_c1,,,B,B13_c1_CTGTGCTGTGCGATAG,B
B13_c1,HMN171226,flu,B,B13_c1_CTGTTTAGTTGCTCCT,B
B13_c1,,,B,B13_c1_CTTAACTGTAGAAGGA,B
B13_c1,HMN171242,flu,B,B13_c1_CTTACCGGTTTGCATG,B
B13_c1,HMN171224,flu,B,B13_c1_CTTTGCGAGACTGTAA,B
B13_c1,HMN171242,flu,B,B13_c1_CTTTGCGAGGACCACA,B
B13_c1,,,B,B13_c1_GAAACTCCATTGGGCC,B
B13_c1,HMN171226,flu,B,B13_c1_GAACCTATCTAACTGG,B
B13_c1,HMN171224,flu,B,B13_c1_GAAGCAGCATGATCCA,B
B13_c1,HMN171226,flu,B,B13_c1_GAAGCAGTCAGTCCCT,B
B13_c1,HMN171226,flu,B,B13_c1_GACACGCGTTATTCTC,B
B13_c1,,,B,B13_c1_GACGGCTTCCGCAAGC,B
B13_c1,,,B,B13_c1_GACGTGCAGGTGTTAA,B
B13_c1,,,B,B13_c1_GACGTTATCCAAACAC,B
B13_c1,,,B,B13_c1_GACTAACTCTCGCATC,B
B13_c1,,,B,B13_c1_GAGTCCGGTCGATTGT,B
B13_c1,HMN171226,flu,B,B13_c1_GAGTCCGGTGGTCCGT,B
B13_c1,HMN171226,flu,B,B13_c1_GAGTCCGGTGTTCTTT,B
B13_c1,HMN171226,flu,B,B13_c1_GATGCTACATTGGTAC,B
B13_c1,,,B,B13_c1_GCAAACTTCTTAGAGC,B
B13_c1,HMN171226,flu,B,B13_c1_GCAGTTAGTAGCGTAG,B
B13_c1,HMN171226,flu,B,B13_c1_GCAGTTAGTTCAGACT,B
B13_c1,,,B,B13_c1_GCAGTTATCACTTATC,B
B13_c1,HMN171226,flu,B,B13_c1_GCATACACAACACCCG,B
B13_c1,HMN171226,flu,B,B13_c1_GCATGATGTGATGTGG,B
B13_c1,HMN171226,flu,B,B13_c1_GCATGATTCGTCTGCT,B
B13_c1,HMN171226,flu,B,B13_c1_GCATGCGGTACCGAGA,B
B13_c1,HMN171226,flu,B,B13_c1_GCATGTACAGCGATCC,B
B13_c1,HMN171226,flu,B,B13_c1_GCCTCTAGTTCTGTTT,B
B13_c1,HMN171226,flu,B,B13_c1_GCCTCTATCAATCTCT,B
B13_c1,HMN171226,flu,B,B13_c1_GCGCGATAGACAGGCT,B
B13_c1,,,B,B13_c1_GCGCGATGTACAGTGG,B
B13_c1,,,B,B13_c1_GCTCTGTAGGCTAGCA,B
B13_c1,,,B,B13_c1_GCTCTGTTCCAAGCCG,B
B13_c1,HMN171242,flu,B,B13_c1_GCTCTGTTCTGACCTC,B
B13_c1,HMN171242,flu,B,B13_c1_GCTGCAGAGCTACCGC,B
B13_c1,HMN171242,flu,B,B13_c1_GCTTGAAGTACAGCAG,B
B13_c1,HMN171242,flu,B,B13_c1_GCTTGAAGTAGAAAGG,B
B13_c1,HMN171226,flu,B,B13_c1_GGAAAGCAGTCTCCTC,B
B13_c1,,,B,B13_c1_GGAAAGCGTAAGGGCT,B
B13_c1,HMN171226,flu,B,B13_c1_GGAACTTAGCTCTCGG,B
B13_c1,HMN171226,flu,B,B13_c1_GGACAAGAGGCCATAG,B
B13_c1,,,B,B13_c1_GGACATTAGGCATGGT,B
B13_c1,HMN171226,flu,B,B13_c1_GGACGTCAGCTTTGGT,B
B13_c1,HMN171226,flu,B,B13_c1_GGATGTTAGAGATGAG,B
B13_c1,HMN171224,flu,B,B13_c1_GGATGTTCACTTCGAA,B
B13_c1,HMN171226,flu,B,B13_c1_GGATTACAGTCCTCCT,B
B13_c1,,,B,B13_c1_GGCAATTGTCGAACAG,B
B13_c1,HMN171242,flu,B,B13_c1_GGCTCGAAGAAGGCCT,B
B13_c1,HMN171226,flu,B,B13_c1_GGCTCGACAATAAGCA,B
B13_c1,HMN171242,flu,B,B13_c1_GGGAATGCAGATTGCT,B
B13_c1,HMN171226,flu,B,B13_c1_GGGAGATAGAGGTTAT,B
B13_c1,HMN171226,flu,B,B13_c1_GGGATGACAGACGCTC,B
B13_c1,HMN171226,flu,B,B13_c1_GGGATGATCGGTGTCG,B
B13_c1,,,B,B13_c1_GGGCACTCATCCCACT,B
B13_c1,HMN171242,flu,B,B13_c1_GGTATTGAGTACGCGA,B
B13_c1,,,B,B13_c1_GGTGAAGAGTGGTAAT,B
B13_c1,,,B,B13_c1_GGTGAAGTCGCCATAA,B
B13_c1,HMN171224,flu,B,B13_c1_GGTGCGTTCCGGCACA,B
B13_c1,HMN171226,flu,B,B13_c1_GTAACGTTCTAGAGTC,B
B13_c1,HMN171226,flu,B,B13_c1_GTAACTGAGACTAAGT,B
B13_c1,HMN171224,flu,B,B13_c1_GTACGTATCAGTCAGT,B
B13_c1,HMN171226,flu,B,B13_c1_GTACTCCGTTGTGGCC,B
B13_c1,HMN171226,flu,B,B13_c1_GTACTTTAGAAGAAGC,B
B13_c1,HMN171221,NI,B,B13_c1_GTACTTTTCGCAAACT,B
B13_c1,,,B,B13_c1_GTAGTCACAATGACCT,B
B13_c1,HMN171226,flu,B,B13_c1_GTATCTTGTGACAAAT,B
B13_c1,,,B,B13_c1_GTCAAGTGTGACCAAG,B
B13_c1,HMN171224,flu,B,B13_c1_GTCATTTAGTTTAGGA,B
B13_c1,,,B,B13_c1_GTCGGGTTCGTCGTTC,B
B13_c1,,,B,B13_c1_GTCGTAATCTAACGGT,B
B13_c1,,,B,B13_c1_GTCTCGTGTGGCTCCA,B
B13_c1,HMN171242,flu,B,B13_c1_GTCTTCGGTGAAATCA,B
B13_c1,HMN171242,flu,B,B13_c1_GTCTTCGTCGGAGGTA,B
B13_c1,HMN171242,flu,B,B13_c1_GTGCAGCTCGCCTGAG,B
B13_c1,,,B,B13_c1_GTGCATAAGAGCTGGT,B
B13_c1,HMN171226,flu,B,B13_c1_GTGCATACATCCTTGC,B
B13_c1,,,B,B13_c1_GTGCGGTAGGGATGGG,B
B13_c1,,,B,B13_c1_GTGGGTCGTGTCGCTG,B
B13_c1,HMN171226,flu,B,B13_c1_GTTAAGCCAGCCTTGG,B
B13_c1,HMN171226,flu,B,B13_c1_GTTACAGCACCAGATT,B
B13_c1,HMN171226,flu,B,B13_c1_GTTACAGCACGAAATA,B
B13_c1,HMN171242,flu,B,B13_c1_GTTCTCGCATAGTAAG,B
B13_c1,,,B,B13_c1_GTTCTCGGTGCTAGCC,B
B13_c1,HMN171242,flu,B,B13_c1_GTTCTCGTCCAATGGT,B
B13_c1,HMN171226,flu,B,B13_c1_GTTCTCGTCCGAATGT,B
B13_c1,,,B,B13_c1_GTTTCTATCTGCAGTA,B
B13_c1,HMN171242,flu,B,B13_c1_TAAACCGCAAGGTTCT,B
B13_c1,HMN171224,flu,B,B13_c1_TAAGAGAAGCCACCTG,B
B13_c1,HMN171226,flu,B,B13_c1_TAAGCGTCACTGTTAG,B
B13_c1,HMN171226,flu,B,B13_c1_TAAGCGTCAGGTGGAT,B
B13_c1,HMN171242,flu,B,B13_c1_TAAGTGCCATTGCGGC,B
B13_c1,,,B,B13_c1_TACCTATAGCCAGTTT,B
B13_c1,HMN171226,flu,B,B13_c1_TACTCATCATGAGCGA,B
B13_c1,HMN171242,flu,B,B13_c1_TACTCGCGTAGGGTAC,B
B13_c1,HMN171226,flu,B,B13_c1_TACTCGCTCTGAGGGA,B
B13_c1,,,B,B13_c1_TACTTGTAGAATTGTG,B
B13_c1,HMN171226,flu,B,B13_c1_TACTTGTAGATCGGGT,B
B13_c1,HMN171226,flu,B,B13_c1_TAGAGCTAGAAGGTGA,B
B13_c1,,,B,B13_c1_TAGTTGGGTTTCGCTC,B
B13_c1,,,B,B13_c1_TATCAGGTCCTGTAGA,B
B13_c1,HMN171224,flu,B,B13_c1_TATGCCCTCTCGTTTA,B
B13_c1,,,B,B13_c1_TATTACCAGCGTCAAG,B
B13_c1,HMN171242,flu,B,B13_c1_TATTACCCAACACCTA,B
B13_c1,HMN171226,flu,B,B13_c1_TCAATCTGTACTTAGC,B
B13_c1,HMN171242,flu,B,B13_c1_TCACGAAAGAGGTTGC,B
B13_c1,HMN171242,flu,B,B13_c1_TCACGAACATTGGTAC,B
B13_c1,,,B,B13_c1_TCACGAATCAAACAAG,B
B13_c1,,,B,B13_c1_TCAGATGAGCCGGTAA,B
B13_c1,,,B,B13_c1_TCAGCAAGTGCACGAA,B
B13_c1,HMN171242,flu,B,B13_c1_TCAGCTCTCCAAACAC,B
B13_c1,,,B,B13_c1_TCATTTGAGCGACGTA,B
B13_c1,,,B,B13_c1_TCATTTGGTGCAGTAG,B
B13_c1,,,B,B13_c1_TCATTTGTCATCATTC,B
B13_c1,,,B,B13_c1_TCCACACCATCGGACC,B
B13_c1,HMN171242,flu,B,B13_c1_TCCACACTCCCATTTA,B
B13_c1,HMN171242,flu,B,B13_c1_TCGAGGCAGTGTACCT,B
B13_c1,HMN171224,flu,B,B13_c1_TCGCGTTAGGCAGGTT,B
B13_c1,HMN171224,flu,B,B13_c1_TCGGGACGTTAGGGTG,B
B13_c1,,,B,B13_c1_TCGGGACTCATTGCCC,B
B13_c1,HMN171226,flu,B,B13_c1_TCGTAGATCACTTACT,B
B13_c1,,,B,B13_c1_TCGTAGATCGTCGTTC,B
B13_c1,HMN171224,flu,B,B13_c1_TCTATTGGTCTCGTTC,B
B13_c1,HMN171226,flu,B,B13_c1_TCTCATAGTTAAAGTG,B
B13_c1,HMN171226,flu,B,B13_c1_TCTGAGATCCTTGCCA,B
B13_c1,,,B,B13_c1_TCTTTCCAGTGATCGG,B
B13_c1,,,B,B13_c1_TCTTTCCGTGTATGGG,B
B13_c1,,,B,B13_c1_TGAAAGAAGGATTCGG,B
B13_c1,HMN171242,flu,B,B13_c1_TGAAAGAGTCATGCAT,B
B13_c1,,,B,B13_c1_TGAAAGATCTTGTATC,B
B13_c1,HMN171242,flu,B,B13_c1_TGACGGCAGCGTGAGT,B
B13_c1,,,B,B13_c1_TGACGGCGTCCGAATT,B
B13_c1,,,B,B13_c1_TGACTTTGTCATGCAT,B
B13_c1,HMN171226,flu,B,B13_c1_TGAGCATCAGCGTAAG,B
B13_c1,,,B,B13_c1_TGCCAAAGTATCACCA,B
B13_c1,HMN171226,flu,B,B13_c1_TGCCAAAGTGAGGGTT,B
B13_c1,HMN171242,flu,B,B13_c1_TGCCCTAGTTTAGGAA,B
B13_c1,,,B,B13_c1_TGCGCAGAGTGGAGTC,B
B13_c1,,,B,B13_c1_TGCGCAGGTCATGCAT,B
B13_c1,HMN171226,flu,B,B13_c1_TGCGCAGTCACAATGC,B
B13_c1,HMN171226,flu,B,B13_c1_TGCGCAGTCTTATCTG,B
B13_c1,,,B,B13_c1_TGGCGCACAGCGTAAG,B
B13_c1,HMN171224,flu,B,B13_c1_TGGCTGGAGTTCGCAT,B
B13_c1,HMN171226,flu,B,B13_c1_TGGCTGGTCGGCTTGG,B
B13_c1,HMN171224,flu,B,B13_c1_TGGGCGTAGGCGATAC,B
B13_c1,HMN171226,flu,B,B13_c1_TGGGCGTAGTTGAGAT,B
B13_c1,HMN171224,flu,B,B13_c1_TGGTTAGAGGCTAGCA,B
B13_c1,,,B,B13_c1_TGGTTCCAGTTCGCGC,B
B13_c1,,,B,B13_c1_TGTATTCCACCAGGTC,B
B13_c1,HMN171242,flu,B,B13_c1_TGTGGTAAGCGCTTAT,B
B13_c1,HMN171226,flu,B,B13_c1_TGTGGTACAGTTCCCT,B
B13_c1,HMN171226,flu,B,B13_c1_TGTGTTTTCAGATAAG,B
B13_c1,HMN171242,flu,B,B13_c1_TTATGCTCATCCGTGG,B
B13_c1,HMN171224,flu,B,B13_c1_TTATGCTTCACGAAGG,B
B13_c1,HMN171224,flu,B,B13_c1_TTCGAAGAGCCACGTC,B
B13_c1,HMN171226,flu,B,B13_c1_TTCTACAGTTTGGCGC,B
B13_c1,HMN171242,flu,B,B13_c1_TTCTCCTCAGTTTACG,B
B13_c1,,,B,B13_c1_TTGAACGAGCCCAATT,B
B13_c1,HMN171242,flu,B,B13_c1_TTGAACGCAAGGTTCT,B
B13_c1,HMN171224,flu,B,B13_c1_TTGAACGGTTGAACTC,B
B13_c1,,,B,B13_c1_TTGCCGTGTCCGACGT,B
B13_c1,,,B,B13_c1_TTGGAACCACCTCGTT,B
B13_c1,,,B,B13_c1_TTTACTGAGCAACGGT,B
B13_c1,HMN171226,flu,B,B13_c1_TTTATGCGTTACGTCA,B
B13_c1,HMN171226,flu,B,B13_c1_TTTCCTCTCTCAAGTG,B
B13_c1,HMN171224,flu,B,B13_c1_TTTGCGCGTCCTCCAT,B
B13_c1,,,B,B13_c1_TTTGCGCTCTCTTATG,B
B13_c1,HMN171226,flu,B,B13_c1_TTTGGTTTCTTTAGGG,B
B13_c1,HMN171226,flu,B,B13_c1_TTTGTCAAGCCGCCTA,B
B13_c1,HMN171226,flu,B,B13_c1_TTTGTCACATTATCTC,B
B13_c2,HMN171221,flu,B,B13_c2_AAACCTGCAGTCGTGC,B
B13_c2,HMN171221,flu,B,B13_c2_AAACCTGTCTGTCAAG,B
B13_c2,HMN171221,flu,B,B13_c2_AAAGATGAGGTGTGGT,B
B13_c2,HMN171221,flu,B,B13_c2_AAAGCAAAGCACACAG,B
B13_c2,HMN171239,flu,B,B13_c2_AAAGCAAAGCTAGTTC,B
B13_c2,HMN171239,flu,B,B13_c2_AAAGCAAAGGGAACGG,B
B13_c2,HMN171222,flu,B,B13_c2_AAAGTAGCATGTAGTC,B
B13_c2,,,B,B13_c2_AAAGTAGGTGGCAAAC,B
B13_c2,HMN171239,flu,B,B13_c2_AACCATGGTATAGGGC,B
B13_c2,HMN171239,flu,B,B13_c2_AACCATGGTATCAGTC,B
B13_c2,HMN171221,flu,B,B13_c2_AACCGCGTCATAGCAC,B
B13_c2,,,B,B13_c2_AACTCAGAGGCATTGG,B
B13_c2,HMN171221,flu,B,B13_c2_AACTCAGAGTTGAGTA,B
B13_c2,HMN171239,flu,B,B13_c2_AACTCAGCAAGCCCAC,B
B13_c2,,,B,B13_c2_AACTCAGTCGGTTAAC,B
B13_c2,HMN171222,flu,B,B13_c2_AACTCCCTCCGCATCT,B
B13_c2,HMN171239,flu,B,B13_c2_AACTCTTAGTGGCACA,B
B13_c2,HMN171222,flu,B,B13_c2_AACTGGTAGTATTGGA,B
B13_c2,,,B,B13_c2_AACTGGTCACATTCGA,B
B13_c2,HMN171239,flu,B,B13_c2_AACTTTCGTTCCACGG,B
B13_c2,,,B,B13_c2_AAGACCTAGCGATTCT,B
B13_c2,HMN171221,flu,B,B13_c2_AAGGAGCTCGAATGCT,B
B13_c2,,,B,B13_c2_AAGGAGCTCTACTATC,B
B13_c2,,,B,B13_c2_AAGGCAGAGTACGACG,B
B13_c2,HMN171222,flu,B,B13_c2_AAGGTTCAGTACGCGA,B
B13_c2,HMN171221,flu,B,B13_c2_AAGGTTCTCGACGGAA,B
B13_c2,HMN171222,flu,B,B13_c2_ACACCAATCCCTAACC,B
B13_c2,,,B,B13_c2_ACACCCTCATCGGACC,B
B13_c2,,,B,B13_c2_ACACCGGAGTACGTTC,B
B13_c2,,,B,B13_c2_ACAGCCGGTAGGCTGA,B
B13_c2,HMN171222,flu,B,B13_c2_ACAGCCGGTGCACCAC,B
B13_c2,,,B,B13_c2_ACAGCTAAGCGTCTAT,B
B13_c2,HMN171221,flu,B,B13_c2_ACAGCTATCAGCAACT,B
B13_c2,,,B,B13_c2_ACAGCTATCGAGCCCA,B
B13_c2,HMN171221,flu,B,B13_c2_ACATACGAGGCATGGT,B
B13_c2,HMN171239,flu,B,B13_c2_ACATCAGGTTCCATGA,B
B13_c2,HMN171239,flu,B,B13_c2_ACATGGTGTTCGTGAT,B
B13_c2,HMN171222,flu,B,B13_c2_ACCAGTATCCGGCACA,B
B13_c2,HMN171221,flu,B,B13_c2_ACCAGTATCTGCCAGG,B
B13_c2,HMN171221,flu,B,B13_c2_ACCAGTATCTGGTTCC,B
B13_c2,HMN171221,flu,B,B13_c2_ACCAGTATCTGTCAAG,B
B13_c2,HMN171239,flu,B,B13_c2_ACCCACTAGTCAAGCG,B
B13_c2,HMN171222,flu,B,B13_c2_ACCCACTGTTCGGGCT,B
B13_c2,HMN171222,flu,B,B13_c2_ACCCACTTCAGTTCGA,B
B13_c2,HMN171239,flu,B,B13_c2_ACGAGCCAGCCAGAAC,B
B13_c2,HMN171239,flu,B,B13_c2_ACGAGCCAGCGAGAAA,B
B13_c2,HMN171222,flu,B,B13_c2_ACGAGGACATCGGGTC,B
B13_c2,,,B,B13_c2_ACGATACGTAAATGTG,B
B13_c2,HMN171221,flu,B,B13_c2_ACGCAGCGTCATGCCG,B
B13_c2,HMN171221,flu,B,B13_c2_ACGCCGAGTGAAGGCT,B
B13_c2,HMN171222,flu,B,B13_c2_ACGGAGAGTGACAAAT,B
B13_c2,HMN171239,flu,B,B13_c2_ACGGCCAGTTAAGATG,B
B13_c2,HMN171221,flu,B,B13_c2_ACGGGCTCACTGTTAG,B
B13_c2,,,B,B13_c2_ACGGGTCAGGGATACC,B
B13_c2,,,B,B13_c2_ACTGAGTGTTATCGGT,B
B13_c2,HMN171221,flu,B,B13_c2_ACTGATGTCGTGACAT,B
B13_c2,,,B,B13_c2_ACTGCTCCAACTTGAC,B
B13_c2,,,B,B13_c2_ACTGTCCAGCGCTCCA,B
B13_c2,HMN171222,flu,B,B13_c2_ACTGTCCAGGACCACA,B
B13_c2,HMN171222,flu,B,B13_c2_ACTGTCCAGTCCCACG,B
B13_c2,HMN171239,flu,B,B13_c2_ACTGTCCGTATTAGCC,B
B13_c2,HMN171221,flu,B,B13_c2_ACTGTCCTCCCGGATG,B
B13_c2,,,B,B13_c2_ACTTACTGTTCGAATC,B
B13_c2,HMN171222,flu,B,B13_c2_ACTTTCAGTTGGTGGA,B
B13_c2,HMN171239,flu,B,B13_c2_AGACGTTAGACAATAC,B
B13_c2,HMN171221,flu,B,B13_c2_AGAGCGAGTAGGGTAC,B
B13_c2,,,B,B13_c2_AGAGCTTAGATCCCAT,B
B13_c2,,,B,B13_c2_AGAGCTTGTCTCCATC,B
B13_c2,HMN171221,flu,B,B13_c2_AGAGTGGAGCGTCAAG,B
B13_c2,HMN171239,flu,B,B13_c2_AGATTGCAGCGATATA,B
B13_c2,HMN171222,flu,B,B13_c2_AGATTGCCATTATCTC,B
B13_c2,HMN171221,flu,B,B13_c2_AGATTGCTCGCTAGCG,B
B13_c2,HMN171222,flu,B,B13_c2_AGCATACGTCGACTAT,B
B13_c2,HMN171239,flu,B,B13_c2_AGCGTATGTTTGTTGG,B
B13_c2,HMN171222,flu,B,B13_c2_AGCGTATTCGTTTATC,B
B13_c2,,,B,B13_c2_AGCTCCTAGCCCGAAA,B
B13_c2,,,B,B13_c2_AGCTCCTCACCAGATT,B
B13_c2,HMN171221,flu,B,B13_c2_AGCTCCTGTATAATGG,B
B13_c2,HMN171239,flu,B,B13_c2_AGCTCCTTCTTCTGGC,B
B13_c2,,,B,B13_c2_AGCTTGACAGCGATCC,B
B13_c2,,,B,B13_c2_AGGGATGTCCTTAATC,B
B13_c2,HMN171222,flu,B,B13_c2_AGGGTGAAGATATGGT,B
B13_c2,HMN171222,flu,B,B13_c2_AGGGTGAGTGTGTGCC,B
B13_c2,HMN171239,flu,B,B13_c2_AGGTCCGCAAGTCTAC,B
B13_c2,HMN171239,flu,B,B13_c2_AGGTCCGTCGACCAGC,B
B13_c2,,,B,B13_c2_AGGTCCGTCGGAAATA,B
B13_c2,,,B,B13_c2_AGGTCCGTCGGACAAG,B
B13_c2,,,B,B13_c2_AGTAGTCTCCGAACGC,B
B13_c2,,,B,B13_c2_AGTGAGGCAACTGGCC,B
B13_c2,HMN171221,flu,B,B13_c2_AGTGGGAAGCGTAGTG,B
B13_c2,,,B,B13_c2_AGTGGGATCGTTTGCC,B
B13_c2,,,B,B13_c2_AGTTGGTTCGTGGTCG,B
B13_c2,HMN171221,flu,B,B13_c2_ATAACGCAGAGCTGGT,B
B13_c2,,,B,B13_c2_ATAACGCTCCATTCTA,B
B13_c2,,,B,B13_c2_ATCACGACACGAGAGT,B
B13_c2,HMN171221,flu,B,B13_c2_ATCATCTTCTAACTTC,B
B13_c2,HMN171221,flu,B,B13_c2_ATCATGGAGATATACG,B
B13_c2,,,B,B13_c2_ATCATGGCATGTCCTC,B
B13_c2,HMN171221,flu,B,B13_c2_ATCATGGGTGCAGACA,B
B13_c2,,,B,B13_c2_ATCTACTCACGGTAGA,B
B13_c2,HMN171239,flu,B,B13_c2_ATGAGGGCATACGCTA,B
B13_c2,HMN171222,flu,B,B13_c2_ATGCGATAGACAAAGG,B
B13_c2,,,B,B13_c2_ATGGGAGAGTGGTAAT,B
B13_c2,HMN171239,flu,B,B13_c2_ATGTGTGCAAGCCATT,B
B13_c2,HMN171221,flu,B,B13_c2_ATTACTCGTAAACCTC,B
B13_c2,HMN171221,flu,B,B13_c2_ATTACTCTCTTCTGGC,B
B13_c2,HMN171239,flu,B,B13_c2_ATTATCCCAGGACGTA,B
B13_c2,HMN171221,flu,B,B13_c2_ATTGGTGTCGCTTGTC,B
B13_c2,HMN171221,flu,B,B13_c2_CAACCAAAGCAGACTG,B
B13_c2,HMN171222,flu,B,B13_c2_CAACCAAGTCAGCTAT,B
B13_c2,HMN171221,flu,B,B13_c2_CAAGAAACAGGCAGTA,B
B13_c2,HMN171239,flu,B,B13_c2_CAAGAAATCATAAAGG,B
B13_c2,HMN171222,flu,B,B13_c2_CACACAAGTGAGGGTT,B
B13_c2,,,B,B13_c2_CACACCTAGGAGTACC,B
B13_c2,HMN171221,flu,B,B13_c2_CACAGGCAGGGTTTCT,B
B13_c2,,,B,B13_c2_CACAGGCGTAGCAAAT,B
B13_c2,,,B,B13_c2_CACAGTAGTACTCAAC,B
B13_c2,,,B,B13_c2_CACATTTTCTTTAGTC,B
B13_c2,HMN171222,flu,B,B13_c2_CAGAATCCATCGATTG,B
B13_c2,,,B,B13_c2_CAGAGAGAGTGTACTC,B
B13_c2,HMN171221,flu,B,B13_c2_CAGATCAAGTGGGCTA,B
B13_c2,,,B,B13_c2_CAGATCAGTCTTCTCG,B
B13_c2,HMN171221,flu,B,B13_c2_CAGCGACAGTCTCCTC,B
B13_c2,HMN171222,flu,B,B13_c2_CAGCGACGTTATCACG,B
B13_c2,HMN171221,flu,B,B13_c2_CAGCTAAGTTTGACAC,B
B13_c2,HMN171239,flu,B,B13_c2_CAGCTGGCACTGTGTA,B
B13_c2,,,B,B13_c2_CAGCTGGCAGTTCCCT,B
B13_c2,,,B,B13_c2_CAGCTGGGTGCTCTTC,B
B13_c2,HMN171221,flu,B,B13_c2_CAGCTGGTCTGTCTCG,B
B13_c2,,,B,B13_c2_CAGGTGCAGCGAAGGG,B
B13_c2,HMN171239,flu,B,B13_c2_CAGGTGCGTGGGTATG,B
B13_c2,HMN171222,flu,B,B13_c2_CAGGTGCTCTCTAAGG,B
B13_c2,HMN171239,flu,B,B13_c2_CAGTAACTCTTAACCT,B
B13_c2,HMN171222,flu,B,B13_c2_CATATGGGTAAACACA,B
B13_c2,HMN171239,flu,B,B13_c2_CATATTCGTCAAAGAT,B
B13_c2,HMN171221,flu,B,B13_c2_CATATTCGTGCACCAC,B
B13_c2,,,B,B13_c2_CATCAGATCAGCTTAG,B
B13_c2,HMN171221,flu,B,B13_c2_CATCAGATCGGACAAG,B
B13_c2,HMN171221,flu,B,B13_c2_CATCGAATCAGGTAAA,B
B13_c2,,,B,B13_c2_CATCGGGCACATCCGG,B
B13_c2,HMN171239,flu,B,B13_c2_CATGACAAGTCTCGGC,B
B13_c2,HMN171239,flu,B,B13_c2_CCAGCGACAACGATCT,B
B13_c2,HMN171221,flu,B,B13_c2_CCATTCGGTGACGCCT,B
B13_c2,HMN171221,flu,B,B13_c2_CCCAATCCAAGCCCAC,B
B13_c2,,,B,B13_c2_CCCAGTTGTGCAGACA,B
B13_c2,,,B,B13_c2_CCCATACAGAGCCTAG,B
B13_c2,,,B,B13_c2_CCCATACCAGTATAAG,B
B13_c2,HMN171222,flu,B,B13_c2_CCCATACCATCGGGTC,B
B13_c2,HMN171222,flu,B,B13_c2_CCGGGATTCCTTTCTC,B
B13_c2,HMN171221,flu,B,B13_c2_CCGTACTTCACAATGC,B
B13_c2,HMN171221,flu,B,B13_c2_CCGTTCAAGGAATGGA,B
B13_c2,HMN171239,flu,B,B13_c2_CCGTTCAAGGGTATCG,B
B13_c2,HMN171239,flu,B,B13_c2_CCGTTCAAGGTGATAT,B
B13_c2,HMN171222,flu,B,B13_c2_CCTACACCAGCTTAAC,B
B13_c2,HMN171221,flu,B,B13_c2_CCTACACGTGAGGGAG,B
B13_c2,,,B,B13_c2_CCTACCAAGCTACCTA,B
B13_c2,HMN171224,NI,B,B13_c2_CCTAGCTTCTTGACGA,B
B13_c2,HMN171239,flu,B,B13_c2_CCTTACGTCATCACCC,B
B13_c2,,,B,B13_c2_CCTTCCCAGGGAGTAA,B
B13_c2,,,B,B13_c2_CCTTTCTTCGCACTCT,B
B13_c2,HMN171221,flu,B,B13_c2_CGAACATAGTGAACGC,B
B13_c2,HMN171221,flu,B,B13_c2_CGAATGTAGGTGACCA,B
B13_c2,HMN171222,flu,B,B13_c2_CGAGAAGAGAACAATC,B
B13_c2,HMN171222,flu,B,B13_c2_CGAGCACAGCCCTAAT,B
B13_c2,HMN171239,flu,B,B13_c2_CGATCGGCATCGGAAG,B
B13_c2,,,B,B13_c2_CGATGTATCCTGCTTG,B
B13_c2,,,B,B13_c2_CGATTGAGTAAACGCG,B
B13_c2,HMN171239,flu,B,B13_c2_CGATTGATCAAAGACA,B
B13_c2,HMN171239,flu,B,B13_c2_CGCCAAGCATAAGACA,B
B13_c2,HMN171239,flu,B,B13_c2_CGCGGTAAGAGCCTAG,B
B13_c2,HMN171239,flu,B,B13_c2_CGCGTTTCAGGGAGAG,B
B13_c2,HMN171239,flu,B,B13_c2_CGCTTCAAGTGCTGCC,B
B13_c2,,,B,B13_c2_CGGACTGGTGTCGCTG,B
B13_c2,HMN171239,flu,B,B13_c2_CGGAGTCTCTCTGAGA,B
B13_c2,HMN171239,flu,B,B13_c2_CGGCTAGGTAAGTTCC,B
B13_c2,,,B,B13_c2_CGTAGCGAGATGGCGT,B
B13_c2,HMN171222,flu,B,B13_c2_CGTAGCGAGCTAACTC,B
B13_c2,,,B,B13_c2_CGTCACTTCAACACAC,B
B13_c2,HMN171222,flu,B,B13_c2_CGTCCATCAACTGCGC,B
B13_c2,,,B,B13_c2_CGTCCATCACGGACAA,B
B13_c2,,,B,B13_c2_CGTCCATTCATACGGT,B
B13_c2,HMN171221,flu,B,B13_c2_CGTTCTGGTGGCCCTA,B
B13_c2,HMN171221,flu,B,B13_c2_CTAAGACGTATGAATG,B
B13_c2,HMN171221,flu,B,B13_c2_CTACATTAGACCTTTG,B
B13_c2,HMN171222,flu,B,B13_c2_CTACATTCATATACGC,B
B13_c2,HMN171221,flu,B,B13_c2_CTACGTCGTATATGAG,B
B13_c2,,,B,B13_c2_CTAGAGTGTTAGTGGG,B
B13_c2,HMN171239,flu,B,B13_c2_CTAGAGTTCTATCCCG,B
B13_c2,HMN171239,flu,B,B13_c2_CTAGCCTCAATGTAAG,B
B13_c2,HMN171239,flu,B,B13_c2_CTAGCCTCACGTGAGA,B
B13_c2,HMN171222,flu,B,B13_c2_CTAGCCTTCAACACTG,B
B13_c2,HMN171221,flu,B,B13_c2_CTCAGAAGTGTGGTTT,B
B13_c2,HMN171221,flu,B,B13_c2_CTCGAGGCAGTCGATT,B
B13_c2,,,B,B13_c2_CTCGTACAGTAGATGT,B
B13_c2,HMN171221,flu,B,B13_c2_CTCGTACTCCAGAGGA,B
B13_c2,HMN171221,flu,B,B13_c2_CTCGTACTCTTTACGT,B
B13_c2,HMN171221,flu,B,B13_c2_CTCGTCATCACTTCAT,B
B13_c2,HMN171221,flu,B,B13_c2_CTCTGGTGTAACGCGA,B
B13_c2,,,B,B13_c2_CTCTGGTGTGGGTATG,B
B13_c2,HMN171239,flu,B,B13_c2_CTGAAGTTCAACACAC,B
B13_c2,HMN171221,flu,B,B13_c2_CTGCGGAAGGGTGTTG,B
B13_c2,HMN171239,flu,B,B13_c2_CTGGTCTAGCTTCGCG,B
B13_c2,HMN171239,flu,B,B13_c2_CTTCTCTGTAGGCTGA,B
B13_c2,,,B,B13_c2_CTTCTCTGTCGGCTCA,B
B13_c2,HMN171239,flu,B,B13_c2_CTTGGCTAGGGTCGAT,B
B13_c2,HMN171221,flu,B,B13_c2_GAAACTCTCGAGGTAG,B
B13_c2,,,B,B13_c2_GAACATCGTGGTAACG,B
B13_c2,,,B,B13_c2_GAACCTAAGAGTACAT,B
B13_c2,,,B,B13_c2_GAACCTACAATAGCAA,B
B13_c2,HMN171221,flu,B,B13_c2_GAATAAGTCGTCTGCT,B
B13_c2,HMN171221,flu,B,B13_c2_GACACGCAGCAGATCG,B
B13_c2,,,B,B13_c2_GACCAATTCAGGCGAA,B
B13_c2,HMN171239,flu,B,B13_c2_GACCAATTCATCGGAT,B
B13_c2,HMN171239,flu,B,B13_c2_GACCTGGAGCTTCGCG,B
B13_c2,HMN171222,flu,B,B13_c2_GACCTGGTCTGCTTGC,B
B13_c2,HMN171221,flu,B,B13_c2_GACGGCTCATCGGGTC,B
B13_c2,,,B,B13_c2_GACTACAAGGGATGGG,B
B13_c2,HMN171221,flu,B,B13_c2_GAGCAGAGTCAAAGCG,B
B13_c2,,,B,B13_c2_GAGGTGATCGTCCGTT,B
B13_c2,HMN171222,flu,B,B13_c2_GATCAGTCAGCAGTTT,B
B13_c2,HMN171221,flu,B,B13_c2_GATCAGTTCGCCTGAG,B
B13_c2,HMN171221,flu,B,B13_c2_GATCGATAGTCATCCA,B
B13_c2,HMN171222,flu,B,B13_c2_GATCGTAAGCTAGGCA,B
B13_c2,,,B,B13_c2_GATCGTATCACTGGGC,B
B13_c2,HMN171221,flu,B,B13_c2_GATCTAGCACCTGGTG,B
B13_c2,,,B,B13_c2_GATTCAGAGCCAGGAT,B
B13_c2,HMN171239,flu,B,B13_c2_GCACATACAGGAATGC,B
B13_c2,HMN171239,flu,B,B13_c2_GCACATATCTTGAGAC,B
B13_c2,HMN171222,flu,B,B13_c2_GCACTCTCAAGTCATC,B
B13_c2,HMN171221,flu,B,B13_c2_GCAGCCAGTTTAGCTG,B
B13_c2,HMN171239,flu,B,B13_c2_GCAGTTACATCACAAC,B
B13_c2,HMN171222,flu,B,B13_c2_GCATGATGTTCGTGAT,B
B13_c2,HMN171221,flu,B,B13_c2_GCATGCGCATAGGATA,B
B13_c2,HMN171222,flu,B,B13_c2_GCATGTATCAAAGACA,B
B13_c2,HMN171222,flu,B,B13_c2_GCCTCTACAAGCCATT,B
B13_c2,HMN171222,flu,B,B13_c2_GCCTCTATCACGCGGT,B
B13_c2,HMN171221,flu,B,B13_c2_GCGCAGTCAGGTCTCG,B
B13_c2,HMN171221,flu,B,B13_c2_GCGCCAAGTTAGGGTG,B
B13_c2,HMN171221,flu,B,B13_c2_GCGCGATAGTTACCCA,B
B13_c2,HMN171239,flu,B,B13_c2_GCTCCTATCTTCATGT,B
B13_c2,HMN171221,flu,B,B13_c2_GCTCTGTAGCAGGCTA,B
B13_c2,HMN171239,flu,B,B13_c2_GCTTCCAAGAGGTTGC,B
B13_c2,HMN171221,flu,B,B13_c2_GCTTCCACAACACCCG,B
B13_c2,,,B,B13_c2_GCTTCCAGTAGCGATG,B
B13_c2,HMN171239,flu,B,B13_c2_GCTTCCATCCGAAGAG,B
B13_c2,,,B,B13_c2_GCTTGAAGTAATTGGA,B
B13_c2,HMN171221,flu,B,B13_c2_GGAACTTCATAAAGGT,B
B13_c2,,,B,B13_c2_GGAATAAAGCGAGAAA,B
B13_c2,HMN171221,flu,B,B13_c2_GGAATAAGTAACGTTC,B
B13_c2,,,B,B13_c2_GGACAGAGTAGAAAGG,B
B13_c2,HMN171221,flu,B,B13_c2_GGACGTCCAACACCCG,B
B13_c2,HMN171239,flu,B,B13_c2_GGATGTTCAATGACCT,B
B13_c2,,,B,B13_c2_GGATGTTTCTATCCTA,B
B13_c2,HMN171239,flu,B,B13_c2_GGCAATTAGGCGACAT,B
B13_c2,,,B,B13_c2_GGCGTGTGTTGGACCC,B
B13_c2,,,B,B13_c2_GGGAGATAGGGAGTAA,B
B13_c2,,,B,B13_c2_GGGAGATAGTGGCACA,B
B13_c2,,,B,B13_c2_GGGAGATGTCCAGTTA,B
B13_c2,,,B,B13_c2_GGGATGACATCACCCT,B
B13_c2,,,B,B13_c2_GGGATGAGTCGATTGT,B
B13_c2,HMN171222,flu,B,B13_c2_GGGCACTAGGGTGTTG,B
B13_c2,HMN171239,flu,B,B13_c2_GGGCACTAGTGTTGAA,B
B13_c2,HMN171221,flu,B,B13_c2_GGGCACTCAGGATTGG,B
B13_c2,HMN171222,flu,B,B13_c2_GGGCACTGTGCCTGTG,B
B13_c2,HMN171221,flu,B,B13_c2_GGGCATCGTCGAGATG,B
B13_c2,HMN171222,flu,B,B13_c2_GGGCATCGTTCCATGA,B
B13_c2,HMN171239,flu,B,B13_c2_GGGTTGCCAGTACACT,B
B13_c2,,,B,B13_c2_GGTATTGGTGTATGGG,B
B13_c2,,,B,B13_c2_GGTGTTACATCTCCCA,B
B13_c2,,,B,B13_c2_GTAACTGCAAAGGTGC,B
B13_c2,HMN171222,flu,B,B13_c2_GTAACTGCAATCACAC,B
B13_c2,HMN171239,flu,B,B13_c2_GTAGTCAAGCACCGCT,B
B13_c2,,,B,B13_c2_GTAGTCAGTTCCACTC,B
B13_c2,HMN171239,flu,B,B13_c2_GTCACAATCTGGAGCC,B
B13_c2,HMN171239,flu,B,B13_c2_GTCACGGAGTCTTGCA,B
B13_c2,HMN171222,flu,B,B13_c2_GTCATTTAGCTAAGAT,B
B13_c2,HMN171239,flu,B,B13_c2_GTCCTCACACTGAAGG,B
B13_c2,,,B,B13_c2_GTCTTCGCACTACAGT,B
B13_c2,,,B,B13_c2_GTGCAGCAGTGTGAAT,B
B13_c2,,,B,B13_c2_GTGCAGCTCTAGCACA,B
B13_c2,HMN171221,flu,B,B13_c2_GTGCGGTCATGCCTAA,B
B13_c2,HMN171239,flu,B,B13_c2_GTGCGGTGTGTTAAGA,B
B13_c2,,,B,B13_c2_GTGGGTCGTGACCAAG,B
B13_c2,HMN171221,flu,B,B13_c2_GTGGGTCGTTCCCTTG,B
B13_c2,HMN171222,flu,B,B13_c2_GTGGGTCTCTGTCCGT,B
B13_c2,HMN171222,flu,B,B13_c2_GTGTTAGTCTGTTTGT,B
B13_c2,HMN171221,flu,B,B13_c2_GTTAAGCCAGTCCTTC,B
B13_c2,,,B,B13_c2_GTTACAGCAACGATCT,B
B13_c2,HMN171222,flu,B,B13_c2_GTTCTCGCAAGAGTCG,B
B13_c2,HMN171239,flu,B,B13_c2_GTTTCTATCAAGAAGT,B
B13_c2,HMN171222,flu,B,B13_c2_TAAACCGCATCACGTA,B
B13_c2,HMN171221,flu,B,B13_c2_TAAGAGAAGTGTCCAT,B
B13_c2,,,B,B13_c2_TAAGTGCCAACAACCT,B
B13_c2,,,B,B13_c2_TAAGTGCTCACCGTAA,B
B13_c2,HMN171222,flu,B,B13_c2_TACCTTAAGTCCATAC,B
B13_c2,,,B,B13_c2_TACCTTAGTTCAACCA,B
B13_c2,HMN171221,flu,B,B13_c2_TACGGATGTACGCACC,B
B13_c2,,,B,B13_c2_TACTCATGTAGCTAAA,B
B13_c2,HMN171222,flu,B,B13_c2_TACTCATTCATACGGT,B
B13_c2,,,B,B13_c2_TACTTGTTCTGAGTGT,B
B13_c2,HMN171222,flu,B,B13_c2_TAGAGCTCACGAAACG,B
B13_c2,HMN171221,flu,B,B13_c2_TAGAGCTGTTGACGTT,B
B13_c2,HMN171221,flu,B,B13_c2_TAGGCATAGCTAGTTC,B
B13_c2,HMN171221,flu,B,B13_c2_TAGTGGTAGGCAAAGA,B
B13_c2,,,B,B13_c2_TAGTGGTGTCTCTCTG,B
B13_c2,HMN171239,flu,B,B13_c2_TATCAGGGTAAGAGGA,B
B13_c2,,,B,B13_c2_TATCTCATCTTCTGGC,B
B13_c2,HMN171221,flu,B,B13_c2_TATGCCCAGCTTCGCG,B
B13_c2,,,B,B13_c2_TATGCCCCATCAGTAC,B
B13_c2,,,B,B13_c2_TCACGAAGTTGAGGTG,B
B13_c2,HMN171239,flu,B,B13_c2_TCAGATGAGATGCCAG,B
B13_c2,,,B,B13_c2_TCAGATGCAAGGACAC,B
B13_c2,,,B,B13_c2_TCAGGATTCTGCAAGT,B
B13_c2,HMN171222,flu,B,B13_c2_TCAGGTAAGCACCGTC,B
B13_c2,HMN171239,flu,B,B13_c2_TCATTTGCACGGCGTT,B
B13_c2,HMN171239,flu,B,B13_c2_TCCACACTCACGACTA,B
B13_c2,HMN171221,flu,B,B13_c2_TCGCGAGTCACTATTC,B
B13_c2,HMN171222,flu,B,B13_c2_TCGGTAACATCACAAC,B
B13_c2,HMN171221,flu,B,B13_c2_TCGTACCTCCCTAACC,B
B13_c2,HMN171239,flu,B,B13_c2_TCGTAGAGTTCTGGTA,B
B13_c2,HMN171221,flu,B,B13_c2_TCGTAGAGTTGGAGGT,B
B13_c2,HMN171239,flu,B,B13_c2_TCGTAGATCCTGTAGA,B
B13_c2,,,B,B13_c2_TCTGAGACACATCCGG,B
B13_c2,,,B,B13_c2_TCTTCGGCATCGACGC,B
B13_c2,HMN171239,flu,B,B13_c2_TCTTTCCCACTTACGA,B
B13_c2,HMN171222,flu,B,B13_c2_TCTTTCCTCGTCGTTC,B
B13_c2,,,B,B13_c2_TGACAACGTAGGGACT,B
B13_c2,,,B,B13_c2_TGACTAGAGTTTAGGA,B
B13_c2,,,B,B13_c2_TGAGCATAGGTTACCT,B
B13_c2,HMN171239,flu,B,B13_c2_TGAGCCGGTCAAAGCG,B
B13_c2,,,B,B13_c2_TGCACCTGTCCTCTTG,B
B13_c2,HMN171222,flu,B,B13_c2_TGCACCTGTGCCTGGT,B
B13_c2,HMN171221,flu,B,B13_c2_TGCCAAATCCCTTGTG,B
B13_c2,HMN171222,flu,B,B13_c2_TGCCCATTCCGTTGCT,B
B13_c2,HMN171239,flu,B,B13_c2_TGCCCTATCACTTACT,B
B13_c2,,,B,B13_c2_TGCGCAGCACGCTTTC,B
B13_c2,HMN171239,flu,B,B13_c2_TGCGTGGTCCGCATCT,B
B13_c2,,,B,B13_c2_TGCTACCCAACACGCC,B
B13_c2,HMN171239,flu,B,B13_c2_TGCTACCGTACAGCAG,B
B13_c2,,,B,B13_c2_TGCTGCTCAGTCTTCC,B
B13_c2,,,B,B13_c2_TGGCTGGGTACTCGCG,B
B13_c2,,,B,B13_c2_TTAACTCGTGATGCCC,B
B13_c2,,,B,B13_c2_TTAGGACGTAACGACG,B
B13_c2,HMN171239,flu,B,B13_c2_TTAGGACGTGCTAGCC,B
B13_c2,HMN171224,NI,B,B13_c2_TTAGGCAAGCCCAGCT,B
B13_c2,HMN171221,flu,B,B13_c2_TTAGGCACAGTCACTA,B
B13_c2,HMN171239,flu,B,B13_c2_TTAGTTCAGCCCAATT,B
B13_c2,HMN171221,flu,B,B13_c2_TTCGAAGAGTATGACA,B
B13_c2,HMN171222,flu,B,B13_c2_TTCTCAAGTCTTCAAG,B
B13_c2,HMN171239,flu,B,B13_c2_TTCTCAAGTTCCACTC,B
B13_c2,HMN171222,flu,B,B13_c2_TTCTCCTCACGGTGTC,B
B13_c2,HMN171239,flu,B,B13_c2_TTCTCCTGTAACGACG,B
B13_c2,HMN171239,flu,B,B13_c2_TTCTCCTGTTCGTTGA,B
B13_c2,,,B,B13_c2_TTCTTAGAGCGCTTAT,B
B13_c2,HMN171239,flu,B,B13_c2_TTCTTAGCACAGATTC,B
B13_c2,HMN171239,flu,B,B13_c2_TTGAACGCAATGTAAG,B
B13_c2,,,B,B13_c2_TTGAACGTCAGTGCAT,B
B13_c2,HMN171222,flu,B,B13_c2_TTGAACGTCTCCAACC,B
B13_c2,HMN171221,flu,B,B13_c2_TTGACTTTCGGCTACG,B
B13_c2,HMN171221,flu,B,B13_c2_TTGCCGTTCGGAATCT,B
B13_c2,HMN171239,flu,B,B13_c2_TTGCCGTTCTGAAAGA,B
B13_c2,HMN171221,flu,B,B13_c2_TTGCGTCAGTGAATTG,B
B13_c2,HMN171239,flu,B,B13_c2_TTGGAACGTAGAAGGA,B
B13_c2,HMN171221,flu,B,B13_c2_TTGGAACTCTTACCTA,B
B13_c2,HMN171239,flu,B,B13_c2_TTGTAGGTCGCCAAAT,B
B13_c2,HMN171222,flu,B,B13_c2_TTTACTGTCGTCCGTT,B
B13_c2,HMN171222,flu,B,B13_c2_TTTATGCTCTCATTCA,B
B13_c2,,,B,B13_c2_TTTGCGCTCCGTAGGC,B
B13_c2,HMN171222,flu,B,B13_c2_TTTGGTTGTGTAACGG,B
B13_c2,HMN171239,flu,B,B13_c2_TTTGTCACACTTAAGC,B
B14_c1,HMN171243,flu,B,B14_c1_AAACCTGGTCAGATAA,B
B14_c1,,,B,B14_c1_AAACGGGGTAGCGCAA,B
B14_c1,HMN171244,flu,B,B14_c1_AAACGGGGTCACACGC,B
B14_c1,,,B,B14_c1_AAAGTAGAGAGGTAGA,B
B14_c1,,,B,B14_c1_AAATGCCAGTTTGCGT,B
B14_c1,,,B,B14_c1_AAATGCCCAAGCCGCT,B
B14_c1,HMN171228,flu,B,B14_c1_AAATGCCCAATGTTGC,B
B14_c1,,,B,B14_c1_AACCGCGGTACAGCAG,B
B14_c1,,,B,B14_c1_AACCGCGGTAGAAAGG,B
B14_c1,HMN171244,flu,B,B14_c1_AACCGCGTCCTTAATC,B
B14_c1,,,B,B14_c1_AACTCAGAGAGACTTA,B
B14_c1,HMN171244,flu,B,B14_c1_AACTCAGTCATCTGTT,B
B14_c1,HMN171244,flu,B,B14_c1_AACTGGTTCATTGCCC,B
B14_c1,,,B,B14_c1_AAGTCTGCATTGAGCT,B
B14_c1,,,B,B14_c1_ACACCGGCAACGCACC,B
B14_c1,HMN171228,flu,B,B14_c1_ACAGCCGGTCGACTAT,B
B14_c1,HMN171244,flu,B,B14_c1_ACAGCTATCGGTTAAC,B
B14_c1,HMN171228,flu,B,B14_c1_ACAGCTATCTGGTTCC,B
B14_c1,HMN171244,flu,B,B14_c1_ACATACGTCCTTAATC,B
B14_c1,,,B,B14_c1_ACATACGTCGCAAACT,B
B14_c1,HMN171243,flu,B,B14_c1_ACCCACTAGTAGGTGC,B
B14_c1,HMN171228,flu,B,B14_c1_ACCCACTTCCCTGACT,B
B14_c1,,,B,B14_c1_ACCGTAACAGTAGAGC,B
B14_c1,,,B,B14_c1_ACGATGTCACCTGGTG,B
B14_c1,HMN171244,flu,B,B14_c1_ACGCCAGGTTAAGAAC,B
B14_c1,HMN171228,flu,B,B14_c1_ACGGAGACAATGAATG,B
B14_c1,,,B,B14_c1_ACGGCCATCACGATGT,B
B14_c1,HMN171244,flu,B,B14_c1_ACGGGCTCAGCGTAAG,B
B14_c1,,,B,B14_c1_ACTGCTCAGATGTAAC,B
B14_c1,HMN171228,flu,B,B14_c1_ACTTGTTCAGTCTTCC,B
B14_c1,HMN171244,flu,B,B14_c1_ACTTGTTGTGCAGTAG,B
B14_c1,HMN171228,flu,B,B14_c1_ACTTTCACAAACAACA,B
B14_c1,,,B,B14_c1_AGATCTGCATCCGTGG,B
B14_c1,HMN171228,flu,B,B14_c1_AGATTGCTCTTGTCAT,B
B14_c1,HMN171228,flu,B,B14_c1_AGCGTATCACCAGCAC,B
B14_c1,HMN171228,flu,B,B14_c1_AGCGTATTCCGATATG,B
B14_c1,HMN171244,flu,B,B14_c1_AGCTCCTAGATGGGTC,B
B14_c1,HMN171243,flu,B,B14_c1_AGCTTGAAGAGGTACC,B
B14_c1,HMN171244,flu,B,B14_c1_AGCTTGATCATGTGGT,B
B14_c1,,,B,B14_c1_AGGCCACAGTCTCCTC,B
B14_c1,HMN171243,flu,B,B14_c1_AGTCTTTTCGGAGGTA,B
B14_c1,,,B,B14_c1_AGTGAGGCAGACGCAA,B
B14_c1,HMN171243,flu,B,B14_c1_AGTGGGAGTCTGGTCG,B
B14_c1,HMN171228,flu,B,B14_c1_AGTGGGAGTTATCCGA,B
B14_c1,HMN171228,flu,B,B14_c1_AGTGTCACATTGTGCA,B
B14_c1,HMN171243,flu,B,B14_c1_ATCATCTCAAAGAATC,B
B14_c1,,,B,B14_c1_ATCCGAACAATAACGA,B
B14_c1,,,B,B14_c1_ATCCGAATCCATTCTA,B
B14_c1,,,B,B14_c1_ATCTACTGTGACAAAT,B
B14_c1,,,B,B14_c1_ATGGGAGTCGCCATAA,B
B14_c1,,,B,B14_c1_ATTGGACAGCAGGCTA,B
B14_c1,HMN171228,flu,B,B14_c1_ATTGGTGGTCGGATCC,B
B14_c1,,,B,B14_c1_ATTGGTGGTGGTCTCG,B
B14_c1,HMN171244,flu,B,B14_c1_CAAGTTGCAGTTTACG,B
B14_c1,HMN171244,flu,B,B14_c1_CACAAACCACTGTTAG,B
B14_c1,HMN171243,flu,B,B14_c1_CACATAGCAGGACCCT,B
B14_c1,HMN171244,flu,B,B14_c1_CACCACTGTCTAGCCG,B
B14_c1,,,B,B14_c1_CACCAGGGTAGCAAAT,B
B14_c1,HMN171243,flu,B,B14_c1_CACCTTGAGAACTCGG,B
B14_c1,HMN171244,flu,B,B14_c1_CACTCCATCTTGCAAG,B
B14_c1,,,B,B14_c1_CAGAGAGCAATCACAC,B
B14_c1,HMN171244,flu,B,B14_c1_CAGATCAAGAAGCCCA,B
B14_c1,,,B,B14_c1_CAGATCAGTACAGACG,B
B14_c1,,,B,B14_c1_CAGCATAGTGGCTCCA,B
B14_c1,HMN171243,flu,B,B14_c1_CAGCTGGTCACTCCTG,B
B14_c1,,,B,B14_c1_CAGGTGCGTGGAAAGA,B
B14_c1,HMN171228,flu,B,B14_c1_CAGTCCTAGTGAAGAG,B
B14_c1,HMN171237,NI,B,B14_c1_CATATGGGTCCTCTTG,B
B14_c1,,,B,B14_c1_CATATTCAGCTCTCGG,B
B14_c1,HMN171243,flu,B,B14_c1_CATCAGACATGCCTAA,B
B14_c1,,,B,B14_c1_CATCGAAAGACCACGA,B
B14_c1,,,B,B14_c1_CATGCCTGTTTGCATG,B
B14_c1,,,B,B14_c1_CATGGCGGTCTGGTCG,B
B14_c1,,,B,B14_c1_CATTCGCGTCTGGTCG,B
B14_c1,HMN171244,flu,B,B14_c1_CCAATCCAGATTACCC,B
B14_c1,HMN171228,flu,B,B14_c1_CCACGGATCCTCCTAG,B
B14_c1,HMN171243,flu,B,B14_c1_CCACTACTCAGTTGAC,B
B14_c1,HMN171228,flu,B,B14_c1_CCCAATCCACCGGAAA,B
B14_c1,HMN171243,flu,B,B14_c1_CCCAGTTGTTCGGCAC,B
B14_c1,HMN171244,flu,B,B14_c1_CCCATACGTCCGAACC,B
B14_c1,HMN171243,flu,B,B14_c1_CCGGGATGTGACGGTA,B
B14_c1,HMN171243,flu,B,B14_c1_CCGGTAGCATTAACCG,B
B14_c1,,,B,B14_c1_CCGTACTCACAGGAGT,B
B14_c1,HMN171244,flu,B,B14_c1_CCGTACTGTTGGACCC,B
B14_c1,,,B,B14_c1_CCTAAAGAGAAACCAT,B
B14_c1,,,B,B14_c1_CCTAAAGTCGCGTAGC,B
B14_c1,HMN171228,flu,B,B14_c1_CCTAAAGTCTTGTACT,B
B14_c1,HMN171243,flu,B,B14_c1_CCTACCAAGACAAGCC,B
B14_c1,HMN171244,flu,B,B14_c1_CCTACCAGTCGCGGTT,B
B14_c1,HMN171244,flu,B,B14_c1_CCTAGCTGTAATCACC,B
B14_c1,HMN171228,flu,B,B14_c1_CCTTCGAGTGAACCTT,B
B14_c1,HMN171243,flu,B,B14_c1_CGACTTCGTCAGAGGT,B
B14_c1,HMN171228,flu,B,B14_c1_CGAGCACGTGTTTGTG,B
B14_c1,HMN171228,flu,B,B14_c1_CGATGGCAGCTACCTA,B
B14_c1,HMN171228,flu,B,B14_c1_CGATGGCGTAGCGCAA,B
B14_c1,HMN171243,flu,B,B14_c1_CGCCAAGCAGCCTGTG,B
B14_c1,HMN171228,flu,B,B14_c1_CGCGGTAGTCACAAGG,B
B14_c1,HMN171243,flu,B,B14_c1_CGCTTCACATTCGACA,B
B14_c1,HMN171243,flu,B,B14_c1_CGGACTGCACAGGTTT,B
B14_c1,HMN171243,flu,B,B14_c1_CGGACTGGTTGGTGGA,B
B14_c1,HMN171243,flu,B,B14_c1_CGGAGTCCAAACTGTC,B
B14_c1,,,B,B14_c1_CGGGTCATCCCAGGTG,B
B14_c1,HMN171228,flu,B,B14_c1_CGTCTACAGGTACTCT,B
B14_c1,HMN171243,flu,B,B14_c1_CGTCTACCAATGACCT,B
B14_c1,HMN171243,flu,B,B14_c1_CGTGAGCCATATACGC,B
B14_c1,HMN171243,flu,B,B14_c1_CGTTGGGCACCTGGTG,B
B14_c1,HMN171243,flu,B,B14_c1_CGTTGGGTCCCGACTT,B
B14_c1,,,B,B14_c1_CTAACTTAGGAGTTGC,B
B14_c1,HMN171228,flu,B,B14_c1_CTAACTTTCACGAAGG,B
B14_c1,,,B,B14_c1_CTACACCGTAGCCTAT,B
B14_c1,HMN171244,flu,B,B14_c1_CTACATTAGAATGTTG,B
B14_c1,HMN171243,flu,B,B14_c1_CTACATTAGCGTGTCC,B
B14_c1,HMN171244,flu,B,B14_c1_CTAGAGTCACGTCTCT,B
B14_c1,HMN171243,flu,B,B14_c1_CTAGAGTCAGCTGCTG,B
B14_c1,,,B,B14_c1_CTAGAGTGTCTGATTG,B
B14_c1,HMN171228,flu,B,B14_c1_CTAGAGTTCGTAGATC,B
B14_c1,HMN171228,flu,B,B14_c1_CTAGTGACACATCTTT,B
B14_c1,,,B,B14_c1_CTCACACGTGCGGTAA,B
B14_c1,HMN171244,flu,B,B14_c1_CTCACACTCCAGTATG,B
B14_c1,,,B,B14_c1_CTCGGAGGTCTCCATC,B
B14_c1,HMN171228,flu,B,B14_c1_CTCTACGGTATCACCA,B
B14_c1,HMN171228,flu,B,B14_c1_CTCTGGTGTGACTACT,B
B14_c1,,,B,B14_c1_CTGCCTAGTGTTAAGA,B
B14_c1,,,B,B14_c1_CTGTTTAAGGCGCTCT,B
B14_c1,,,B,B14_c1_CTGTTTATCCCGACTT,B
B14_c1,HMN171228,flu,B,B14_c1_CTTCTCTGTAGTAGTA,B
B14_c1,,,B,B14_c1_GAAACTCTCGGTTAAC,B
B14_c1,,,B,B14_c1_GACGTGCGTCGCGAAA,B
B14_c1,HMN171228,flu,B,B14_c1_GACTAACGTAAAGTCA,B
B14_c1,HMN171243,flu,B,B14_c1_GACTACACACGTCTCT,B
B14_c1,HMN171228,flu,B,B14_c1_GACTACATCACATGCA,B
B14_c1,HMN171243,flu,B,B14_c1_GAGCAGATCATAAAGG,B
B14_c1,HMN171244,flu,B,B14_c1_GAGGTGACATGCCTTC,B
B14_c1,HMN171243,flu,B,B14_c1_GATCAGTTCAACCATG,B
B14_c1,HMN171228,flu,B,B14_c1_GATCGATAGAGTGACC,B
B14_c1,,,B,B14_c1_GATCGTACAATGACCT,B
B14_c1,HMN171243,flu,B,B14_c1_GATGAAACATCCGTGG,B
B14_c1,HMN171243,flu,B,B14_c1_GATGAAAGTAGCCTAT,B
B14_c1,,,B,B14_c1_GCACATAGTATAGGGC,B
B14_c1,HMN171228,flu,B,B14_c1_GCACATAGTCAATACC,B
B14_c1,HMN171243,flu,B,B14_c1_GCACTCTTCCCAAGAT,B
B14_c1,HMN171244,flu,B,B14_c1_GCAGTTACACCTCGGA,B
B14_c1,,,B,B14_c1_GCATGATAGTTCGCGC,B
B14_c1,HMN171243,flu,B,B14_c1_GCATGATGTTCGGCAC,B
B14_c1,HMN171243,flu,B,B14_c1_GCATGCGAGGGAAACA,B
B14_c1,,,B,B14_c1_GCATGCGAGTTCGCAT,B
B14_c1,HMN171244,flu,B,B14_c1_GCATGTACAGCGTTCG,B
B14_c1,HMN171244,flu,B,B14_c1_GCGACCACACGGTTTA,B
B14_c1,,,B,B14_c1_GCGCAACCACCAGCAC,B
B14_c1,HMN171228,flu,B,B14_c1_GCGCAACGTGCGAAAC,B
B14_c1,HMN171244,flu,B,B14_c1_GCGCGATGTCTTCAAG,B
B14_c1,HMN171228,flu,B,B14_c1_GCGGGTTAGTTAGGTA,B
B14_c1,HMN171228,flu,B,B14_c1_GCGGGTTAGTTCGCGC,B
B14_c1,,,B,B14_c1_GCTCTGTTCAACGAAA,B
B14_c1,,,B,B14_c1_GCTGCGATCATTGCCC,B
B14_c1,HMN171243,flu,B,B14_c1_GCTGCTTCAGCTCGCA,B
B14_c1,HMN171228,flu,B,B14_c1_GCTTGAAGTGTCTGAT,B
B14_c1,,,B,B14_c1_GGAACTTCAGGCAGTA,B
B14_c1,HMN171244,flu,B,B14_c1_GGACGTCGTCAGGACA,B
B14_c1,HMN171228,flu,B,B14_c1_GGATGTTAGAAGAAGC,B
B14_c1,HMN171243,flu,B,B14_c1_GGATGTTGTACAGTGG,B
B14_c1,,,B,B14_c1_GGCAATTAGTGGGCTA,B
B14_c1,HMN171228,flu,B,B14_c1_GGCAATTGTCCGAACC,B
B14_c1,HMN171244,flu,B,B14_c1_GGCTCGAAGGTGGGTT,B
B14_c1,HMN171228,flu,B,B14_c1_GGGAATGCAGACGTAG,B
B14_c1,HMN171228,flu,B,B14_c1_GGGATGAAGGGTCTCC,B
B14_c1,HMN171228,flu,B,B14_c1_GGGATGAGTACGCTGC,B
B14_c1,HMN171244,flu,B,B14_c1_GGTGAAGAGCCGATTT,B
B14_c1,,,B,B14_c1_GGTGAAGTCCCTCTTT,B
B14_c1,,,B,B14_c1_GTAACTGCACGAGAGT,B
B14_c1,HMN171244,flu,B,B14_c1_GTACGTAGTCTCACCT,B
B14_c1,HMN171244,flu,B,B14_c1_GTAGGCCAGTGTTGAA,B
B14_c1,HMN171243,flu,B,B14_c1_GTAGGCCCAGTTCCCT,B
B14_c1,HMN171228,flu,B,B14_c1_GTAGTCATCAGTTAGC,B
B14_c1,HMN171243,flu,B,B14_c1_GTCTTCGCAGACGCCT,B
B14_c1,,,B,B14_c1_GTCTTCGTCAGTCAGT,B
B14_c1,HMN171243,flu,B,B14_c1_GTCTTCGTCAGTTTGG,B
B14_c1,,,B,B14_c1_GTGCTTCAGGGATGGG,B
B14_c1,HMN171244,flu,B,B14_c1_GTGCTTCCACGACTCG,B
B14_c1,,,B,B14_c1_GTGCTTCGTACCGGCT,B
B14_c1,HMN171244,flu,B,B14_c1_GTGCTTCTCCACGCAG,B
B14_c1,HMN171244,flu,B,B14_c1_GTGGGTCAGACTTTCG,B
B14_c1,HMN171228,flu,B,B14_c1_GTTTCTACATCCTTGC,B
B14_c1,HMN171243,flu,B,B14_c1_TAAGTGCTCCAAAGTC,B
B14_c1,HMN171243,flu,B,B14_c1_TACCTTACAGTATCTG,B
B14_c1,HMN171244,flu,B,B14_c1_TACGGTAGTATTACCG,B
B14_c1,,,B,B14_c1_TACTCATAGATCTGCT,B
B14_c1,HMN171228,flu,B,B14_c1_TACTCATAGTACGATA,B
B14_c1,,,B,B14_c1_TACTCATAGTTAGCGG,B
B14_c1,,,B,B14_c1_TCACAAGTCGTGGTCG,B
B14_c1,HMN171228,flu,B,B14_c1_TCACGAAGTTCACGGC,B
B14_c1,HMN171243,flu,B,B14_c1_TCAGGTACAAGTAGTA,B
B14_c1,,,B,B14_c1_TCAGGTACATGGTCAT,B
B14_c1,,,B,B14_c1_TCATTTGCACCAACCG,B
B14_c1,HMN171243,flu,B,B14_c1_TCCCGATAGTGGAGTC,B
B14_c1,HMN171244,flu,B,B14_c1_TCGAGGCGTTACCGAT,B
B14_c1,HMN171243,flu,B,B14_c1_TCGAGGCTCGAGAGCA,B
B14_c1,HMN171243,flu,B,B14_c1_TCGCGAGAGACTTTCG,B
B14_c1,,,B,B14_c1_TCGCGAGTCTTGTATC,B
B14_c1,HMN171244,flu,B,B14_c1_TCGCGTTAGCAGACTG,B
B14_c1,HMN171228,flu,B,B14_c1_TCGGTAAAGCGTTCCG,B
B14_c1,HMN171228,flu,B,B14_c1_TCTCATAAGCATCATC,B
B14_c1,HMN171243,flu,B,B14_c1_TCTCATATCTGTTTGT,B
B14_c1,HMN171228,flu,B,B14_c1_TCTGGAACAGATGGCA,B
B14_c1,HMN171228,flu,B,B14_c1_TCTTTCCCATACTCTT,B
B14_c1,HMN171243,flu,B,B14_c1_TGACGGCTCAGTCCCT,B
B14_c1,HMN171243,flu,B,B14_c1_TGACTTTCAGCCTATA,B
B14_c1,,,B,B14_c1_TGACTTTTCTGCTTGC,B
B14_c1,HMN171243,flu,B,B14_c1_TGAGCATAGAAACCTA,B
B14_c1,,,B,B14_c1_TGAGCCGCACCACCAG,B
B14_c1,HMN171244,flu,B,B14_c1_TGAGCCGGTGGTCCGT,B
B14_c1,HMN171243,flu,B,B14_c1_TGCCCATAGATGGCGT,B
B14_c1,HMN171243,flu,B,B14_c1_TGCTACCAGGACACCA,B
B14_c1,HMN171228,flu,B,B14_c1_TGGCCAGAGGTCGGAT,B
B14_c1,HMN171244,flu,B,B14_c1_TGGCCAGTCCGCTGTT,B
B14_c1,,,B,B14_c1_TGGCTGGGTGGTCCGT,B
B14_c1,,,B,B14_c1_TGGGAAGAGACTACAA,B
B14_c1,,,B,B14_c1_TGGGCGTCACATTAGC,B
B14_c1,HMN171243,flu,B,B14_c1_TGGGCGTTCGTTTAGG,B
B14_c1,,,B,B14_c1_TGGTTAGCAACTTGAC,B
B14_c1,HMN171244,flu,B,B14_c1_TGGTTCCTCGCTAGCG,B
B14_c1,HMN171228,flu,B,B14_c1_TGTATTCCAGACGCCT,B
B14_c1,HMN171243,flu,B,B14_c1_TGTCCCACAGGAATGC,B
B14_c1,HMN171243,flu,B,B14_c1_TGTGGTAAGTGGTAAT,B
B14_c1,HMN171243,flu,B,B14_c1_TGTGGTACAATGCCAT,B
B14_c1,HMN171228,flu,B,B14_c1_TGTGGTACATGCGCAC,B
B14_c1,HMN171228,flu,B,B14_c1_TTAGGACAGTACGACG,B
B14_c1,,,B,B14_c1_TTAGGCAAGCTCCTCT,B
B14_c1,,,B,B14_c1_TTAGGCACATTGGTAC,B
B14_c1,HMN171228,flu,B,B14_c1_TTAGGCAGTAGGGACT,B
B14_c1,HMN171243,flu,B,B14_c1_TTCGAAGCATTACCTT,B
B14_c1,HMN171244,flu,B,B14_c1_TTCTACAAGGTGACCA,B
B14_c1,HMN171243,flu,B,B14_c1_TTGCCGTAGTACGATA,B
B14_c1,HMN171244,flu,B,B14_c1_TTGCGTCCACATGACT,B
B14_c1,HMN171228,flu,B,B14_c1_TTGCGTCCACGTCTCT,B
B14_c1,HMN171243,flu,B,B14_c1_TTGTAGGAGGACACCA,B
B14_c1,HMN171243,flu,B,B14_c1_TTTCCTCGTTAAAGAC,B
B14_c1,HMN171228,flu,B,B14_c1_TTTGTCACAAGCCCAC,B
B14_c2,HMN171223,flu,B,B14_c2_AAACGGGCAGGATTGG,B
B14_c2,HMN171237,flu,B,B14_c2_AAACGGGTCGTTTGCC,B
B14_c2,HMN171223,flu,B,B14_c2_AAAGATGAGCGTCTAT,B
B14_c2,HMN171243,NI,B,B14_c2_AAAGATGTCTGAGGGA,B
B14_c2,,,B,B14_c2_AAAGCAACAGGAACGT,B
B14_c2,,,B,B14_c2_AAAGTAGAGTCATGCT,B
B14_c2,HMN171223,flu,B,B14_c2_AAAGTAGCATGACATC,B
B14_c2,HMN171223,flu,B,B14_c2_AAATGCCAGCCTCGTG,B
B14_c2,HMN171223,flu,B,B14_c2_AAATGCCGTCGCGAAA,B
B14_c2,HMN171237,flu,B,B14_c2_AAATGCCTCCACGTGG,B
B14_c2,HMN171238,flu,B,B14_c2_AACACGTCACGCGAAA,B
B14_c2,HMN171223,flu,B,B14_c2_AACGTTGGTACCCAAT,B
B14_c2,,,B,B14_c2_AACTCAGGTCCATGAT,B
B14_c2,,,B,B14_c2_AACTCAGTCCTCATTA,B
B14_c2,HMN171237,flu,B,B14_c2_AACTCCCGTATCAGTC,B
B14_c2,,,B,B14_c2_AACTGGTCACTTAACG,B
B14_c2,HMN171237,flu,B,B14_c2_AACTTTCAGACTTTCG,B
B14_c2,,,B,B14_c2_AACTTTCGTCCAACTA,B
B14_c2,HMN171223,flu,B,B14_c2_AACTTTCGTGCAGGTA,B
B14_c2,HMN171238,flu,B,B14_c2_AAGCCGCAGCAATATG,B
B14_c2,HMN171223,flu,B,B14_c2_AAGGAGCAGGAGTCTG,B
B14_c2,,,B,B14_c2_AAGGAGCGTAAAGGAG,B
B14_c2,HMN171223,flu,B,B14_c2_AATCCAGCAGCTGTTA,B
B14_c2,HMN171237,flu,B,B14_c2_ACACCAACACGTTGGC,B
B14_c2,,,B,B14_c2_ACACCCTCACAGACTT,B
B14_c2,HMN171237,flu,B,B14_c2_ACACTGAAGCAGGTCA,B
B14_c2,,,B,B14_c2_ACAGCCGAGATCTGCT,B
B14_c2,HMN171237,flu,B,B14_c2_ACAGCCGCAAGAAGAG,B
B14_c2,,,B,B14_c2_ACAGCCGGTCCTCCAT,B
B14_c2,,,B,B14_c2_ACAGCTACACATGACT,B
B14_c2,HMN171238,flu,B,B14_c2_ACATGGTGTGCACTTA,B
B14_c2,,,B,B14_c2_ACATGGTTCCTATTCA,B
B14_c2,,,B,B14_c2_ACGCAGCCACGAAAGC,B
B14_c2,,,B,B14_c2_ACGCCGATCACTGGGC,B
B14_c2,HMN171228,NI,B,B14_c2_ACGGCCACATCACCCT,B
B14_c2,,,B,B14_c2_ACGGGTCGTCTTGTCC,B
B14_c2,,,B,B14_c2_ACGGGTCTCGTTTATC,B
B14_c2,HMN171223,flu,B,B14_c2_ACGTCAAAGTGTGAAT,B
B14_c2,HMN171223,flu,B,B14_c2_ACGTCAATCATGGTCA,B
B14_c2,,,B,B14_c2_ACTATCTAGTCCAGGA,B
B14_c2,,,B,B14_c2_ACTATCTCAATCAGAA,B
B14_c2,HMN171237,flu,B,B14_c2_ACTATCTCACATTTCT,B
B14_c2,,,B,B14_c2_ACTGAACTCATGCAAC,B
B14_c2,,,B,B14_c2_ACTGAGTGTAAGCACG,B
B14_c2,HMN171223,flu,B,B14_c2_ACTGAGTGTTAGAACA,B
B14_c2,,,B,B14_c2_ACTGCTCTCGTGACAT,B
B14_c2,HMN171238,flu,B,B14_c2_ACTTTCAAGTAGATGT,B
B14_c2,HMN171223,flu,B,B14_c2_AGAGCTTGTGTAATGA,B
B14_c2,,,B,B14_c2_AGAGTGGAGATGAGAG,B
B14_c2,HMN171237,flu,B,B14_c2_AGAGTGGGTCAAAGAT,B
B14_c2,HMN171237,flu,B,B14_c2_AGAGTGGGTGCGATAG,B
B14_c2,,,B,B14_c2_AGATCTGAGGCACATG,B
B14_c2,HMN171237,flu,B,B14_c2_AGATCTGGTCTCGTTC,B
B14_c2,HMN171223,flu,B,B14_c2_AGATTGCCAGTTCCCT,B
B14_c2,HMN171223,flu,B,B14_c2_AGCATACGTTAAGATG,B
B14_c2,,,B,B14_c2_AGCGGTCAGGAGTAGA,B
B14_c2,,,B,B14_c2_AGCGGTCCAGACAGGT,B
B14_c2,,,B,B14_c2_AGCGGTCGTGATGTCT,B
B14_c2,HMN171238,flu,B,B14_c2_AGCGTATAGCAATATG,B
B14_c2,HMN171237,flu,B,B14_c2_AGCGTATAGGTGCACA,B
B14_c2,,,B,B14_c2_AGCTCTCAGACTGTAA,B
B14_c2,HMN171237,flu,B,B14_c2_AGCTTGAAGCTGAAAT,B
B14_c2,HMN171238,flu,B,B14_c2_AGGCCACCACCGTTGG,B
B14_c2,HMN171238,flu,B,B14_c2_AGGCCACCATAACCTG,B
B14_c2,,,B,B14_c2_AGGCCACCATTGGTAC,B
B14_c2,,,B,B14_c2_AGGGAGTAGGCACATG,B
B14_c2,,,B,B14_c2_AGGTCATTCATATCGG,B
B14_c2,,,B,B14_c2_AGTAGTCAGTTCGATC,B
B14_c2,HMN171223,flu,B,B14_c2_AGTAGTCCACGCATCG,B
B14_c2,,,B,B14_c2_AGTCTTTTCTTCAACT,B
B14_c2,,,B,B14_c2_AGTGAGGGTACGAAAT,B
B14_c2,,,B,B14_c2_AGTTGGTCACGCCAGT,B
B14_c2,HMN171237,flu,B,B14_c2_AGTTGGTGTATGAATG,B
B14_c2,HMN171238,flu,B,B14_c2_ATCACGAAGTACATGA,B
B14_c2,HMN171238,flu,B,B14_c2_ATCATCTTCTGCTGTC,B
B14_c2,HMN171237,flu,B,B14_c2_ATCGAGTGTAAGTTCC,B
B14_c2,HMN171237,flu,B,B14_c2_ATGGGAGGTGAGCGAT,B
B14_c2,,,B,B14_c2_ATGTGTGCATGCCTAA,B
B14_c2,HMN171223,flu,B,B14_c2_ATGTGTGTCCCAAGAT,B
B14_c2,HMN171237,flu,B,B14_c2_ATTGGTGGTAAACCTC,B
B14_c2,,,B,B14_c2_ATTGGTGTCGTTGACA,B
B14_c2,,,B,B14_c2_ATTTCTGCAGATGGCA,B
B14_c2,HMN171237,flu,B,B14_c2_CAACCTCCATTCGACA,B
B14_c2,,,B,B14_c2_CAACCTCTCTTCATGT,B
B14_c2,HMN171237,flu,B,B14_c2_CAACTAGAGGTCATCT,B
B14_c2,,,B,B14_c2_CAACTAGCAGGGTATG,B
B14_c2,HMN171223,flu,B,B14_c2_CAAGAAACAGGCGATA,B
B14_c2,HMN171223,flu,B,B14_c2_CAAGAAACATACAGCT,B
B14_c2,,,B,B14_c2_CAAGAAAGTATTACCG,B
B14_c2,,,B,B14_c2_CAAGAAAGTCCAACTA,B
B14_c2,HMN171223,flu,B,B14_c2_CAAGAAATCATGTCTT,B
B14_c2,,,B,B14_c2_CAAGATCTCAATAAGG,B
B14_c2,HMN171237,flu,B,B14_c2_CACAAACCAGTTCATG,B
B14_c2,,,B,B14_c2_CACAAACTCCGCGTTT,B
B14_c2,HMN171243,NI,B,B14_c2_CACACAACAAATTGCC,B
B14_c2,HMN171223,flu,B,B14_c2_CACACAACAACGCACC,B
B14_c2,,,B,B14_c2_CACAGTATCTCGGACG,B
B14_c2,,,B,B14_c2_CACATAGTCGGAGGTA,B
B14_c2,,,B,B14_c2_CACATTTGTCGAATCT,B
B14_c2,,,B,B14_c2_CACCACTAGCGATTCT,B
B14_c2,,,B,B14_c2_CACCACTTCCTTGGTC,B
B14_c2,HMN171223,flu,B,B14_c2_CACCAGGGTCTAGAGG,B
B14_c2,HMN171237,flu,B,B14_c2_CACCAGGGTTGCGTTA,B
B14_c2,,,B,B14_c2_CACTCCAAGAACTGTA,B
B14_c2,HMN171237,flu,B,B14_c2_CACTCCATCAACGAAA,B
B14_c2,,,B,B14_c2_CAGAATCGTTACGGAG,B
B14_c2,HMN171223,flu,B,B14_c2_CAGATCAAGATAGCAT,B
B14_c2,,,B,B14_c2_CAGATCAAGTTCGCAT,B
B14_c2,HMN171237,flu,B,B14_c2_CAGATCATCCCATTAT,B
B14_c2,,,B,B14_c2_CAGATCATCCTCAACC,B
B14_c2,,,B,B14_c2_CAGCAGCCAGATCTGT,B
B14_c2,,,B,B14_c2_CAGCGACAGTGTGAAT,B
B14_c2,,,B,B14_c2_CAGCGACCATTCCTCG,B
B14_c2,HMN171223,flu,B,B14_c2_CAGCTAAAGGGATCTG,B
B14_c2,,,B,B14_c2_CAGCTAAGTACAGCAG,B
B14_c2,HMN171237,flu,B,B14_c2_CAGCTAATCAGCGATT,B
B14_c2,HMN171238,flu,B,B14_c2_CAGGTGCTCTATCGCC,B
B14_c2,HMN171223,flu,B,B14_c2_CAGTAACGTAAACCTC,B
B14_c2,,,B,B14_c2_CATATTCGTTGTCTTT,B
B14_c2,,,B,B14_c2_CATCAAGCAGGCTCAC,B
B14_c2,HMN171238,flu,B,B14_c2_CATCAAGTCCAGAAGG,B
B14_c2,HMN171237,flu,B,B14_c2_CATCCACAGTTTGCGT,B
B14_c2,,,B,B14_c2_CATCGAAAGAAACGAG,B
B14_c2,HMN171238,flu,B,B14_c2_CATCGAATCGTGGGAA,B
B14_c2,HMN171238,flu,B,B14_c2_CATGACACACATTAGC,B
B14_c2,HMN171237,flu,B,B14_c2_CATGGCGCATGGATGG,B
B14_c2,HMN171223,flu,B,B14_c2_CCAATCCCAGTCAGCC,B
B14_c2,,,B,B14_c2_CCACGGATCGCATGAT,B
B14_c2,,,B,B14_c2_CCACTACAGGGTTCCC,B
B14_c2,HMN171237,flu,B,B14_c2_CCAGCGAAGCTTATCG,B
B14_c2,,,B,B14_c2_CCCTCCTGTGGCCCTA,B
B14_c2,HMN171223,flu,B,B14_c2_CCGGGATAGGGCACTA,B
B14_c2,HMN171223,flu,B,B14_c2_CCGTGGAAGCTACCGC,B
B14_c2,HMN171223,flu,B,B14_c2_CCGTGGAAGTCGCCGT,B
B14_c2,,,B,B14_c2_CCTACACTCGAACTGT,B
B14_c2,,,B,B14_c2_CCTACCAAGAAGGTGA,B
B14_c2,HMN171223,flu,B,B14_c2_CCTACCACAGACGCCT,B
B14_c2,,,B,B14_c2_CCTACCAGTATATCCG,B
B14_c2,HMN171238,flu,B,B14_c2_CCTACCAGTCTTCGTC,B
B14_c2,HMN171238,flu,B,B14_c2_CCTACCATCGACAGCC,B
B14_c2,,,B,B14_c2_CCTATTACACGAAGCA,B
B14_c2,,,B,B14_c2_CCTATTATCTTACCTA,B
B14_c2,HMN171238,flu,B,B14_c2_CCTTACGGTTCAGGCC,B
B14_c2,,,B,B14_c2_CCTTACGTCAAACGGG,B
B14_c2,HMN171223,flu,B,B14_c2_CCTTCGAGTAGCGCTC,B
B14_c2,HMN171223,flu,B,B14_c2_CGAACATCACCTCGGA,B
B14_c2,,,B,B14_c2_CGACCTTGTTCATGGT,B
B14_c2,HMN171238,flu,B,B14_c2_CGACTTCGTCTACCTC,B
B14_c2,,,B,B14_c2_CGAGCACCAAGAGTCG,B
B14_c2,,,B,B14_c2_CGAGCCAAGCAATCTC,B
B14_c2,,,B,B14_c2_CGAGCCATCAGGCAAG,B
B14_c2,HMN171237,flu,B,B14_c2_CGATCGGCAATCCAAC,B
B14_c2,HMN171223,flu,B,B14_c2_CGATTGACACGAGGTA,B
B14_c2,HMN171223,flu,B,B14_c2_CGCGGTACACAGGCCT,B
B14_c2,HMN171223,flu,B,B14_c2_CGCGTTTGTGCACTTA,B
B14_c2,HMN171237,flu,B,B14_c2_CGCGTTTTCCGCAAGC,B
B14_c2,HMN171223,flu,B,B14_c2_CGCTGGAGTCAATGTC,B
B14_c2,HMN171238,flu,B,B14_c2_CGCTTCATCGCACTCT,B
B14_c2,,,B,B14_c2_CGGACACCAAACTGTC,B
B14_c2,HMN171237,flu,B,B14_c2_CGGACGTCACGAGGTA,B
B14_c2,,,B,B14_c2_CGGACTGCAGTCACTA,B
B14_c2,,,B,B14_c2_CGGAGCTCACCAGCAC,B
B14_c2,,,B,B14_c2_CGGAGCTTCAGTTGAC,B
B14_c2,HMN171238,flu,B,B14_c2_CGGAGCTTCCGAGCCA,B
B14_c2,,,B,B14_c2_CGGAGTCGTCTAGCCG,B
B14_c2,,,B,B14_c2_CGGCTAGAGGCCCGTT,B
B14_c2,HMN171223,flu,B,B14_c2_CGTCACTAGTGGGATC,B
B14_c2,HMN171237,flu,B,B14_c2_CGTCACTTCAAGATCC,B
B14_c2,,,B,B14_c2_CGTCCATTCTAAGCCA,B
B14_c2,,,B,B14_c2_CGTCTACAGCCGTCGT,B
B14_c2,,,B,B14_c2_CGTCTACGTCCGAAGA,B
B14_c2,,,B,B14_c2_CGTGAGCGTGAGGGTT,B
B14_c2,HMN171223,flu,B,B14_c2_CGTGTAAAGCCCAATT,B
B14_c2,HMN171237,flu,B,B14_c2_CGTGTAAGTCCGCTGA,B
B14_c2,HMN171223,flu,B,B14_c2_CGTGTCTAGCCTTGAT,B
B14_c2,HMN171238,flu,B,B14_c2_CGTGTCTCAACAACCT,B
B14_c2,,,B,B14_c2_CGTTAGACATGGGAAC,B
B14_c2,,,B,B14_c2_CGTTCTGAGGCTCTTA,B
B14_c2,,,B,B14_c2_CGTTCTGTCCTTTACA,B
B14_c2,HMN171238,flu,B,B14_c2_CGTTGGGAGCCAGTTT,B
B14_c2,HMN171238,flu,B,B14_c2_CTAACTTGTTGATTGC,B
B14_c2,HMN171237,flu,B,B14_c2_CTAAGACCAGCGTAAG,B
B14_c2,HMN171223,flu,B,B14_c2_CTAAGACCATGCCCGA,B
B14_c2,HMN171237,flu,B,B14_c2_CTAATGGAGGTTACCT,B
B14_c2,,,B,B14_c2_CTAATGGAGTATCGAA,B
B14_c2,HMN171223,flu,B,B14_c2_CTAATGGGTCTCTTTA,B
B14_c2,HMN171223,flu,B,B14_c2_CTACATTAGATGTCGG,B
B14_c2,,,B,B14_c2_CTACATTGTAGGCTGA,B
B14_c2,HMN171237,flu,B,B14_c2_CTACATTGTTAAGATG,B
B14_c2,HMN171223,flu,B,B14_c2_CTACCCACAGCCTTGG,B
B14_c2,HMN171223,flu,B,B14_c2_CTAGAGTAGTGTCTCA,B
B14_c2,,,B,B14_c2_CTAGCCTAGCATCATC,B
B14_c2,,,B,B14_c2_CTCCTAGTCAAAGTAG,B
B14_c2,,,B,B14_c2_CTCGGAGAGGGTTTCT,B
B14_c2,HMN171237,flu,B,B14_c2_CTCTACGAGTACGCCC,B
B14_c2,HMN171237,flu,B,B14_c2_CTCTGGTCACGCTTTC,B
B14_c2,,,B,B14_c2_CTCTGGTGTAATCACC,B
B14_c2,HMN171223,flu,B,B14_c2_CTCTGGTTCATGGTCA,B
B14_c2,,,B,B14_c2_CTCTGGTTCTTATCTG,B
B14_c2,,,B,B14_c2_CTGAAGTGTTCGGGCT,B
B14_c2,HMN171238,flu,B,B14_c2_CTGATAGCACCCATGG,B
B14_c2,,,B,B14_c2_CTGCGGACACCTGGTG,B
B14_c2,HMN171223,flu,B,B14_c2_CTGTTTAAGTGTTTGC,B
B14_c2,HMN171243,NI,B,B14_c2_CTGTTTATCGTCCAGG,B
B14_c2,HMN171223,flu,B,B14_c2_CTTAACTTCCTACAGA,B
B14_c2,HMN171223,flu,B,B14_c2_CTTACCGGTGTTTGTG,B
B14_c2,,,B,B14_c2_CTTCTCTCATCACGTA,B
B14_c2,HMN171238,flu,B,B14_c2_CTTCTCTGTAACGTTC,B
B14_c2,HMN171223,flu,B,B14_c2_CTTCTCTGTGTTGAGG,B
B14_c2,,,B,B14_c2_CTTCTCTTCGTACGGC,B
B14_c2,HMN171223,flu,B,B14_c2_CTTGGCTCACAAGTAA,B
B14_c2,HMN171237,flu,B,B14_c2_CTTTGCGTCCCAGGTG,B
B14_c2,HMN171223,flu,B,B14_c2_GAAACTCCAGCGTCCA,B
B14_c2,,,B,B14_c2_GAAACTCTCCAAGTAC,B
B14_c2,,,B,B14_c2_GAACATCGTTGACGTT,B
B14_c2,HMN171237,flu,B,B14_c2_GAACATCGTTGGTAAA,B
B14_c2,,,B,B14_c2_GAACATCGTTGTTTGG,B
B14_c2,HMN171238,flu,B,B14_c2_GAACCTACACAACGCC,B
B14_c2,HMN171243,NI,B,B14_c2_GAACCTATCGTTGACA,B
B14_c2,,,B,B14_c2_GAACGGAAGTGATCGG,B
B14_c2,,,B,B14_c2_GAATGAAGTCGCGAAA,B
B14_c2,HMN171223,flu,B,B14_c2_GACACGCGTCTGGAGA,B
B14_c2,HMN171223,flu,B,B14_c2_GACACGCTCAAGGCTT,B
B14_c2,HMN171237,flu,B,B14_c2_GACAGAGTCCAGATCA,B
B14_c2,HMN171238,flu,B,B14_c2_GACCAATCAGGGCATA,B
B14_c2,HMN171223,flu,B,B14_c2_GACCAATTCCGTACAA,B
B14_c2,HMN171223,flu,B,B14_c2_GACGTGCAGGACTGGT,B
B14_c2,,,B,B14_c2_GACGTTAGTCCGAACC,B
B14_c2,,,B,B14_c2_GACTACAAGAAACCTA,B
B14_c2,,,B,B14_c2_GACTGCGGTAGAAGGA,B
B14_c2,HMN171237,flu,B,B14_c2_GACTGCGTCAGAGGTG,B
B14_c2,,,B,B14_c2_GAGCAGATCGAATGGG,B
B14_c2,HMN171223,flu,B,B14_c2_GAGGTGAGTCAATGTC,B
B14_c2,HMN171238,flu,B,B14_c2_GATCAGTTCCCACTTG,B
B14_c2,HMN171223,flu,B,B14_c2_GATGAGGAGCCAACAG,B
B14_c2,,,B,B14_c2_GCAAACTCACGAAACG,B
B14_c2,,,B,B14_c2_GCAAACTGTAATCACC,B
B14_c2,HMN171238,flu,B,B14_c2_GCAAACTGTGTTGAGG,B
B14_c2,,,B,B14_c2_GCACATACAATCGGTT,B
B14_c2,HMN171237,flu,B,B14_c2_GCACATACATCCGCGA,B
B14_c2,,,B,B14_c2_GCAGCCACAGCGATCC,B
B14_c2,HMN171238,flu,B,B14_c2_GCAGTTACAGTACACT,B
B14_c2,HMN171238,flu,B,B14_c2_GCATACAGTAGCCTCG,B
B14_c2,,,B,B14_c2_GCATACAGTTGTGGAG,B
B14_c2,,,B,B14_c2_GCATACATCCAGATCA,B
B14_c2,HMN171223,flu,B,B14_c2_GCATGATTCCGAGCCA,B
B14_c2,HMN171223,flu,B,B14_c2_GCATGCGCAATACGCT,B
B14_c2,HMN171223,flu,B,B14_c2_GCCTCTAGTAGTAGTA,B
B14_c2,HMN171243,NI,B,B14_c2_GCCTCTATCGTACCGG,B
B14_c2,HMN171237,flu,B,B14_c2_GCGACCAGTACGCTGC,B
B14_c2,,,B,B14_c2_GCGACCAGTCTCCATC,B
B14_c2,HMN171238,flu,B,B14_c2_GCGACCATCGAGAACG,B
B14_c2,,,B,B14_c2_GCGAGAAGTAGTACCT,B
B14_c2,HMN171223,flu,B,B14_c2_GCGCAACTCTTGAGGT,B
B14_c2,HMN171223,flu,B,B14_c2_GCGCAGTCAACTGCTA,B
B14_c2,HMN171223,flu,B,B14_c2_GCGCCAACAGGACCCT,B
B14_c2,,,B,B14_c2_GCTCTGTCAAGTCATC,B
B14_c2,HMN171237,flu,B,B14_c2_GCTGCAGTCCGTCATC,B
B14_c2,HMN171223,flu,B,B14_c2_GCTGGGTAGAGGTTGC,B
B14_c2,,,B,B14_c2_GCTGGGTAGCATCATC,B
B14_c2,HMN171237,flu,B,B14_c2_GGAAAGCGTACCTACA,B
B14_c2,,,B,B14_c2_GGAATAACACCAGTTA,B
B14_c2,HMN171223,flu,B,B14_c2_GGAATAAGTAAATGTG,B
B14_c2,HMN171223,flu,B,B14_c2_GGACAAGGTGCACCAC,B
B14_c2,,,B,B14_c2_GGACAGAAGCGCTCCA,B
B14_c2,,,B,B14_c2_GGACAGATCTGTCTAT,B
B14_c2,HMN171238,flu,B,B14_c2_GGACGTCAGTGCCAGA,B
B14_c2,,,B,B14_c2_GGACGTCGTAACGTTC,B
B14_c2,,,B,B14_c2_GGACGTCGTGTAACGG,B
B14_c2,HMN171237,flu,B,B14_c2_GGAGCAATCACCCGAG,B
B14_c2,HMN171223,flu,B,B14_c2_GGATGTTTCAGGCAAG,B
B14_c2,HMN171237,flu,B,B14_c2_GGATTACGTCGCGTGT,B
B14_c2,HMN171223,flu,B,B14_c2_GGCCGATTCACCCGAG,B
B14_c2,HMN171238,flu,B,B14_c2_GGGAATGCATGGGACA,B
B14_c2,HMN171237,flu,B,B14_c2_GGGAATGTCATGTGGT,B
B14_c2,,,B,B14_c2_GGGAATGTCCGCGCAA,B
B14_c2,HMN171223,flu,B,B14_c2_GGGCACTAGGCATTGG,B
B14_c2,,,B,B14_c2_GGGCATCGTAGGGACT,B
B14_c2,HMN171223,flu,B,B14_c2_GGGCATCTCCGAAGAG,B
B14_c2,,,B,B14_c2_GGGCATCTCGTTGACA,B
B14_c2,,,B,B14_c2_GGTATTGAGCCAACAG,B
B14_c2,,,B,B14_c2_GGTATTGTCCAAACAC,B
B14_c2,,,B,B14_c2_GGTGAAGTCACGGTTA,B
B14_c2,HMN171238,flu,B,B14_c2_GGTGAAGTCCCAACGG,B
B14_c2,,,B,B14_c2_GTACTCCCAGGGAGAG,B
B14_c2,,,B,B14_c2_GTACTCCGTGCCTTGG,B
B14_c2,,,B,B14_c2_GTACTCCTCACGCGGT,B
B14_c2,,,B,B14_c2_GTACTTTCAGGACGTA,B
B14_c2,HMN171238,flu,B,B14_c2_GTAGGCCAGGGATGGG,B
B14_c2,HMN171237,flu,B,B14_c2_GTATCTTCATTGAGCT,B
B14_c2,,,B,B14_c2_GTCAAGTGTCCTAGCG,B
B14_c2,,,B,B14_c2_GTCACAAAGTGAAGTT,B
B14_c2,HMN171238,flu,B,B14_c2_GTCACAAGTGGTCTCG,B
B14_c2,,,B,B14_c2_GTCACGGCAATAGCAA,B
B14_c2,,,B,B14_c2_GTCATTTAGAAAGTGG,B
B14_c2,,,B,B14_c2_GTCATTTTCCCTCTTT,B
B14_c2,,,B,B14_c2_GTCCTCACATGCCCGA,B
B14_c2,,,B,B14_c2_GTCGGGTAGAGTGAGA,B
B14_c2,HMN171223,flu,B,B14_c2_GTCGGGTTCCTTGACC,B
B14_c2,,,B,B14_c2_GTCTCGTCATGTTCCC,B
B14_c2,HMN171223,flu,B,B14_c2_GTGAAGGCATCTCCCA,B
B14_c2,HMN171237,flu,B,B14_c2_GTGCAGCGTTATCACG,B
B14_c2,HMN171243,NI,B,B14_c2_GTGCATAAGGGAACGG,B
B14_c2,,,B,B14_c2_GTGCATAGTAAGAGAG,B
B14_c2,HMN171223,flu,B,B14_c2_GTGCATAGTCGTGGCT,B
B14_c2,HMN171223,flu,B,B14_c2_GTGGGTCCATGTTCCC,B
B14_c2,HMN171237,flu,B,B14_c2_GTGTGCGCAACCGCCA,B
B14_c2,HMN171237,flu,B,B14_c2_GTGTGCGTCGTAGGAG,B
B14_c2,HMN171238,flu,B,B14_c2_GTTACAGAGTGGACGT,B
B14_c2,HMN171223,flu,B,B14_c2_GTTACAGCATGGATGG,B
B14_c2,,,B,B14_c2_GTTCATTTCTTCAACT,B
B14_c2,,,B,B14_c2_TAAGCGTAGCTGATAA,B
B14_c2,,,B,B14_c2_TAAGCGTAGGCGCTCT,B
B14_c2,HMN171237,flu,B,B14_c2_TAAGCGTAGGTCGGAT,B
B14_c2,HMN171223,flu,B,B14_c2_TACGGATGTATAGGTA,B
B14_c2,,,B,B14_c2_TACTCATCAAGTCATC,B
B14_c2,,,B,B14_c2_TACTTGTAGCAGATCG,B
B14_c2,,,B,B14_c2_TACTTGTTCAAGGTAA,B
B14_c2,HMN171238,flu,B,B14_c2_TAGTGGTTCTGCAAGT,B
B14_c2,HMN171223,flu,B,B14_c2_TAGTTGGCAGCATACT,B
B14_c2,HMN171223,flu,B,B14_c2_TAGTTGGTCAGGATCT,B
B14_c2,,,B,B14_c2_TATCAGGTCCGTACAA,B
B14_c2,,,B,B14_c2_TCAACGACAAGGACTG,B
B14_c2,,,B,B14_c2_TCAGCAATCAGCAACT,B
B14_c2,HMN171223,flu,B,B14_c2_TCAGCTCCACGCGAAA,B
B14_c2,HMN171223,flu,B,B14_c2_TCAGGTACAGGACCCT,B
B14_c2,,,B,B14_c2_TCATTACAGATAGGAG,B
B14_c2,HMN171223,flu,B,B14_c2_TCATTACAGTGGAGTC,B
B14_c2,HMN171223,flu,B,B14_c2_TCATTTGTCATGTCTT,B
B14_c2,,,B,B14_c2_TCATTTGTCTGTTGAG,B
B14_c2,HMN171237,flu,B,B14_c2_TCCACACAGGGCACTA,B
B14_c2,HMN171223,flu,B,B14_c2_TCCCGATAGTGCGTGA,B
B14_c2,HMN171223,flu,B,B14_c2_TCGAGGCAGAGGGATA,B
B14_c2,HMN171223,flu,B,B14_c2_TCGCGAGAGAATTCCC,B
B14_c2,HMN171223,flu,B,B14_c2_TCGCGAGGTACCTACA,B
B14_c2,HMN171237,flu,B,B14_c2_TCGCGTTAGATGCGAC,B
B14_c2,,,B,B14_c2_TCGCGTTCAAGCGAGT,B
B14_c2,HMN171223,flu,B,B14_c2_TCGCGTTGTCACCCAG,B
B14_c2,HMN171238,flu,B,B14_c2_TCGCGTTTCCGCGTTT,B
B14_c2,HMN171223,flu,B,B14_c2_TCGGTAAAGCACCGCT,B
B14_c2,HMN171223,flu,B,B14_c2_TCGGTAATCATCATTC,B
B14_c2,HMN171238,flu,B,B14_c2_TCGTAGAGTGGCTCCA,B
B14_c2,,,B,B14_c2_TCTCATAAGAATGTTG,B
B14_c2,HMN171223,flu,B,B14_c2_TCTCTAAGTAGGAGTC,B
B14_c2,,,B,B14_c2_TCTGAGACACCATCCT,B
B14_c2,HMN171238,flu,B,B14_c2_TCTTTCCAGTAGATGT,B
B14_c2,,,B,B14_c2_TGACAACTCACAGTAC,B
B14_c2,HMN171243,NI,B,B14_c2_TGACAACTCTGAGTGT,B
B14_c2,,,B,B14_c2_TGACGGCAGCGATAGC,B
B14_c2,HMN171223,flu,B,B14_c2_TGACGGCTCCAAACAC,B
B14_c2,HMN171237,flu,B,B14_c2_TGAGAGGAGGCGATAC,B
B14_c2,HMN171237,flu,B,B14_c2_TGAGAGGAGTGTACTC,B
B14_c2,HMN171223,flu,B,B14_c2_TGAGCCGAGTTTCCTT,B
B14_c2,HMN171237,flu,B,B14_c2_TGATTTCGTCAGTGGA,B
B14_c2,,,B,B14_c2_TGATTTCGTCTTCTCG,B
B14_c2,HMN171223,flu,B,B14_c2_TGCACCTAGTGACTCT,B
B14_c2,HMN171223,flu,B,B14_c2_TGCACCTGTACAGCAG,B
B14_c2,HMN171223,flu,B,B14_c2_TGCCAAAAGATAGCAT,B
B14_c2,HMN171238,flu,B,B14_c2_TGCCAAAGTCTCCACT,B
B14_c2,HMN171223,flu,B,B14_c2_TGCCCATTCTTCCTTC,B
B14_c2,HMN171223,flu,B,B14_c2_TGCCCTAGTCTTCGTC,B
B14_c2,,,B,B14_c2_TGGCGCAAGCATGGCA,B
B14_c2,HMN171223,flu,B,B14_c2_TGGGAAGTCCAGGGCT,B
B14_c2,HMN171223,flu,B,B14_c2_TGGGCGTAGGGTCTCC,B
B14_c2,,,B,B14_c2_TGGTTAGTCATTCACT,B
B14_c2,HMN171237,flu,B,B14_c2_TGGTTCCCACTGTGTA,B
B14_c2,HMN171223,flu,B,B14_c2_TGGTTCCCATTGAGCT,B
B14_c2,HMN171237,flu,B,B14_c2_TGGTTCCGTTCATGGT,B
B14_c2,,,B,B14_c2_TGTATTCGTCTACCTC,B
B14_c2,HMN171238,flu,B,B14_c2_TGTCCCAGTCTAGAGG,B
B14_c2,HMN171237,flu,B,B14_c2_TGTGGTAGTAGCTCCG,B
B14_c2,,,B,B14_c2_TGTGTTTAGATGCCAG,B
B14_c2,,,B,B14_c2_TGTGTTTCACAGACAG,B
B14_c2,,,B,B14_c2_TTAGGCACATAGGATA,B
B14_c2,,,B,B14_c2_TTAGGCAGTCTAACGT,B
B14_c2,HMN171237,flu,B,B14_c2_TTATGCTAGCCAGGAT,B
B14_c2,HMN171237,flu,B,B14_c2_TTATGCTGTCCGTTAA,B
B14_c2,HMN171237,flu,B,B14_c2_TTCCCAGCAGTTCATG,B
B14_c2,HMN171223,flu,B,B14_c2_TTCGGTCTCAGGCGAA,B
B14_c2,HMN171238,flu,B,B14_c2_TTCTACAGTAAGGGCT,B
B14_c2,HMN171238,flu,B,B14_c2_TTCTCAAAGTGTACTC,B
B14_c2,,,B,B14_c2_TTCTCAATCGCTGATA,B
B14_c2,,,B,B14_c2_TTGAACGAGTAGATGT,B
B14_c2,HMN171223,flu,B,B14_c2_TTGAACGGTCTAGGTT,B
B14_c2,HMN171237,flu,B,B14_c2_TTGAACGTCCAAACAC,B
B14_c2,HMN171237,flu,B,B14_c2_TTGACTTAGCGCTCCA,B
B14_c2,,,B,B14_c2_TTGACTTTCAGGATCT,B
B14_c2,,,B,B14_c2_TTGCCGTAGTGGTAAT,B
B14_c2,,,B,B14_c2_TTGCCGTTCCACGCAG,B
B14_c2,HMN171237,flu,B,B14_c2_TTGCCGTTCTTGCAAG,B
B14_c2,,,B,B14_c2_TTGGAACAGACAGGCT,B
B14_c2,HMN171238,flu,B,B14_c2_TTGGAACTCGGATGTT,B
B14_c2,,,B,B14_c2_TTGGCAAGTCATTAGC,B
B14_c2,HMN171223,flu,B,B14_c2_TTTACTGAGGTAGCCA,B
B14_c2,,,B,B14_c2_TTTACTGTCAGTTGAC,B
B14_c2,HMN171237,flu,B,B14_c2_TTTATGCGTAGGAGTC,B
B14_c2,,,B,B14_c2_TTTCCTCAGCTACCTA,B
B14_c2,HMN171238,flu,B,B14_c2_TTTCCTCCATTCACTT,B
B14_c2,HMN171223,flu,B,B14_c2_TTTCCTCTCGTAGGTT,B
B14_c2,,,B,B14_c2_TTTGCGCTCTTCGAGA,B
B14_c2,,,B,B14_c2_TTTGGTTGTTCACGGC,B
B14_c2,,,B,B14_c2_TTTGTCACACTAGTAC,B
B15_c1,HMN171227,flu,B,B15_c1_AAACCTGGTCGACTGC,B
B15_c1,HMN171236,flu,B,B15_c1_AAAGATGTCTGGAGCC,B
B15_c1,,,B,B15_c1_AAAGCAACAGTATGCT,B
B15_c1,HMN171236,flu,B,B15_c1_AAAGTAGTCAGTGTTG,B
B15_c1,,,B,B15_c1_AAATGCCCACTAAGTC,B
B15_c1,HMN171227,flu,B,B15_c1_AACACGTAGCGGATCA,B
B15_c1,HMN171227,flu,B,B15_c1_AACACGTCAGATAATG,B
B15_c1,HMN171236,flu,B,B15_c1_AACACGTCAGTAAGCG,B
B15_c1,HMN171236,flu,B,B15_c1_AACCATGAGCGAAGGG,B
B15_c1,HMN171227,flu,B,B15_c1_AACCGCGAGTGATCGG,B
B15_c1,,,B,B15_c1_AACCGCGTCCCTGACT,B
B15_c1,,,B,B15_c1_AACCGCGTCTCATTCA,B
B15_c1,HMN171227,flu,B,B15_c1_AACGTTGCATCGGGTC,B
B15_c1,,,B,B15_c1_AACTCTTTCGTGGACC,B
B15_c1,HMN171227,flu,B,B15_c1_AACTTTCCAAGGTGTG,B
B15_c1,HMN171236,flu,B,B15_c1_AACTTTCGTACGACCC,B
B15_c1,,,B,B15_c1_AAGACCTGTCGCGTGT,B
B15_c1,HMN171241,flu,B,B15_c1_AAGCCGCCACACCGCA,B
B15_c1,HMN171236,flu,B,B15_c1_AAGGCAGAGGAGCGAG,B
B15_c1,,,B,B15_c1_AAGTCTGAGGTGATAT,B
B15_c1,HMN171227,flu,B,B15_c1_AAGTCTGCACTCAGGC,B
B15_c1,,,B,B15_c1_AATCCAGGTTCCACAA,B
B15_c1,HMN171227,flu,B,B15_c1_AATCCAGTCCTAGAAC,B
B15_c1,,,B,B15_c1_ACACCAAAGCGATATA,B
B15_c1,,,B,B15_c1_ACACCAACATTTGCCC,B
B15_c1,HMN171241,flu,B,B15_c1_ACACCAATCAACACCA,B
B15_c1,HMN171236,flu,B,B15_c1_ACACCGGCAACACGCC,B
B15_c1,,,B,B15_c1_ACACTGAAGTAGCCGA,B
B15_c1,HMN171236,flu,B,B15_c1_ACAGCCGTCCTGCTTG,B
B15_c1,HMN171227,flu,B,B15_c1_ACAGCTACATTGGTAC,B
B15_c1,HMN171227,flu,B,B15_c1_ACATACGGTCCGAGTC,B
B15_c1,HMN171236,flu,B,B15_c1_ACATCAGAGCCGATTT,B
B15_c1,HMN171227,flu,B,B15_c1_ACATCAGCACAAGCCC,B
B15_c1,HMN171241,flu,B,B15_c1_ACATGGTCAAATCCGT,B
B15_c1,,,B,B15_c1_ACATGGTTCAGTTCGA,B
B15_c1,HMN171227,flu,B,B15_c1_ACCAGTATCAATAAGG,B
B15_c1,HMN171227,flu,B,B15_c1_ACCAGTATCGTAGGTT,B
B15_c1,HMN171236,flu,B,B15_c1_ACCCACTCAAAGTGCG,B
B15_c1,HMN171236,flu,B,B15_c1_ACCGTAACACTTAAGC,B
B15_c1,HMN171236,flu,B,B15_c1_ACCTTTACATAACCTG,B
B15_c1,HMN171227,flu,B,B15_c1_ACGAGCCTCAACCAAC,B
B15_c1,,,B,B15_c1_ACGAGCCTCGGACAAG,B
B15_c1,HMN171227,flu,B,B15_c1_ACGAGGATCGCACTCT,B
B15_c1,HMN171227,flu,B,B15_c1_ACGAGGATCTTCCTTC,B
B15_c1,HMN171241,flu,B,B15_c1_ACGATACGTCGACTGC,B
B15_c1,,,B,B15_c1_ACGATACGTGGCCCTA,B
B15_c1,HMN171236,flu,B,B15_c1_ACGATGTAGCGTGAAC,B
B15_c1,HMN171236,flu,B,B15_c1_ACGATGTGTCAATACC,B
B15_c1,,,B,B15_c1_ACGATGTTCAAGCCTA,B
B15_c1,HMN171236,flu,B,B15_c1_ACGATGTTCATGGTCA,B
B15_c1,HMN171236,flu,B,B15_c1_ACGCCAGGTGGCAAAC,B
B15_c1,HMN171227,flu,B,B15_c1_ACGCCAGTCCAAGTAC,B
B15_c1,HMN171227,flu,B,B15_c1_ACGGAGATCGCATGGC,B
B15_c1,HMN171236,flu,B,B15_c1_ACGGCCAGTCAGATAA,B
B15_c1,HMN171227,flu,B,B15_c1_ACGGCCATCCTACAGA,B
B15_c1,HMN171236,flu,B,B15_c1_ACTATCTAGGATGGTC,B
B15_c1,HMN171241,flu,B,B15_c1_ACTGATGTCATCTGTT,B
B15_c1,HMN171227,flu,B,B15_c1_ACTGTCCGTTCCGGCA,B
B15_c1,HMN171236,flu,B,B15_c1_ACTTTCAGTATTAGCC,B
B15_c1,HMN171241,flu,B,B15_c1_AGAATAGGTACACCGC,B
B15_c1,HMN171236,flu,B,B15_c1_AGACGTTAGAGCCTAG,B
B15_c1,HMN171236,flu,B,B15_c1_AGACGTTAGTACGCGA,B
B15_c1,HMN171236,flu,B,B15_c1_AGAGCGATCGCGGATC,B
B15_c1,,,B,B15_c1_AGAGCTTTCATCGCTC,B
B15_c1,HMN171227,flu,B,B15_c1_AGAGTGGGTTGCTCCT,B
B15_c1,HMN171236,flu,B,B15_c1_AGATCTGAGCCGCCTA,B
B15_c1,HMN171227,flu,B,B15_c1_AGCATACAGCCGATTT,B
B15_c1,HMN171227,flu,B,B15_c1_AGCCTAAAGGCCCTTG,B
B15_c1,HMN171227,flu,B,B15_c1_AGCCTAAAGGCTCAGA,B
B15_c1,,,B,B15_c1_AGCGGTCAGCAGGTCA,B
B15_c1,HMN171227,flu,B,B15_c1_AGCGGTCCATTCGACA,B
B15_c1,HMN171236,flu,B,B15_c1_AGCGGTCGTTTACTCT,B
B15_c1,HMN171227,flu,B,B15_c1_AGCGTCGAGGGTCTCC,B
B15_c1,HMN171236,flu,B,B15_c1_AGCGTCGGTGTAATGA,B
B15_c1,HMN171227,flu,B,B15_c1_AGCTTGAAGTACGCCC,B
B15_c1,,,B,B15_c1_AGCTTGAGTGTTGAGG,B
B15_c1,HMN171236,flu,B,B15_c1_AGGCCACAGGTGCTTT,B
B15_c1,HMN171241,flu,B,B15_c1_AGGGAGTCAGCTGTGC,B
B15_c1,HMN171227,flu,B,B15_c1_AGGGATGGTAAGTGTA,B
B15_c1,,,B,B15_c1_AGGGATGGTACAGACG,B
B15_c1,HMN171227,flu,B,B15_c1_AGGGTGACAGTCAGCC,B
B15_c1,HMN171227,flu,B,B15_c1_AGGGTGAGTAATCGTC,B
B15_c1,,,B,B15_c1_AGGGTGATCTGCAGTA,B
B15_c1,HMN171227,flu,B,B15_c1_AGGTCATAGAGCTATA,B
B15_c1,HMN171227,flu,B,B15_c1_AGGTCATCAACTTGAC,B
B15_c1,HMN171236,flu,B,B15_c1_AGGTCATGTAATTGGA,B
B15_c1,,,B,B15_c1_AGGTCATGTGGCGAAT,B
B15_c1,HMN171236,flu,B,B15_c1_AGGTCATTCGACCAGC,B
B15_c1,,,B,B15_c1_AGGTCCGCAAACGCGA,B
B15_c1,,,B,B15_c1_AGTCTTTAGACGCTTT,B
B15_c1,HMN171227,flu,B,B15_c1_AGTGAGGAGCTATGCT,B
B15_c1,HMN171241,flu,B,B15_c1_AGTGGGAGTGTGAATA,B
B15_c1,,,B,B15_c1_AGTGTCAGTGGTACAG,B
B15_c1,HMN171227,flu,B,B15_c1_AGTTGGTGTAGAAGGA,B
B15_c1,HMN171236,flu,B,B15_c1_AGTTGGTGTAGGAGTC,B
B15_c1,HMN171227,flu,B,B15_c1_ATAACGCTCCCTGACT,B
B15_c1,,,B,B15_c1_ATAGACCTCGTTGCCT,B
B15_c1,HMN171236,flu,B,B15_c1_ATCACGAAGAGATGAG,B
B15_c1,HMN171236,flu,B,B15_c1_ATCATCTTCCTCATTA,B
B15_c1,HMN171227,flu,B,B15_c1_ATCATGGTCCTCAACC,B
B15_c1,HMN171236,flu,B,B15_c1_ATCCACCAGTTCGATC,B
B15_c1,HMN171241,flu,B,B15_c1_ATCCACCCAGCCTTTC,B
B15_c1,HMN171241,flu,B,B15_c1_ATCCGAAGTAAGGATT,B
B15_c1,HMN171236,flu,B,B15_c1_ATCGAGTGTTCACGGC,B
B15_c1,HMN171236,flu,B,B15_c1_ATGCGATCACTTACGA,B
B15_c1,HMN171236,flu,B,B15_c1_ATGCGATTCAGCGATT,B
B15_c1,HMN171227,flu,B,B15_c1_ATGGGAGCAGGCAGTA,B
B15_c1,HMN171227,flu,B,B15_c1_ATGTGTGCATCTACGA,B
B15_c1,HMN171236,flu,B,B15_c1_ATGTGTGGTTCGTGAT,B
B15_c1,HMN171241,flu,B,B15_c1_ATGTGTGTCGGGAGTA,B
B15_c1,HMN171241,flu,B,B15_c1_ATGTGTGTCGTCTGAA,B
B15_c1,HMN171227,flu,B,B15_c1_ATTACTCCATGTAGTC,B
B15_c1,HMN171227,flu,B,B15_c1_ATTGGTGTCGGGAGTA,B
B15_c1,HMN171236,flu,B,B15_c1_ATTTCTGCATCACGAT,B
B15_c1,HMN171241,flu,B,B15_c1_ATTTCTGTCTACCTGC,B
B15_c1,HMN171227,flu,B,B15_c1_CAACCAACAAGCCTAT,B
B15_c1,HMN171236,flu,B,B15_c1_CAACCAACACGGTAGA,B
B15_c1,HMN171236,flu,B,B15_c1_CAACCTCAGTCCTCCT,B
B15_c1,,,B,B15_c1_CAACTAGCAGATTGCT,B
B15_c1,,,B,B15_c1_CAAGATCCATGATCCA,B
B15_c1,HMN171227,flu,B,B15_c1_CAAGGCCGTCGACTGC,B
B15_c1,HMN171227,flu,B,B15_c1_CAAGTTGAGACCTAGG,B
B15_c1,HMN171227,flu,B,B15_c1_CAAGTTGGTAAATGAC,B
B15_c1,HMN171241,flu,B,B15_c1_CACAAACGTAATAGCA,B
B15_c1,,,B,B15_c1_CACACAAAGACTAGAT,B
B15_c1,,,B,B15_c1_CACACAACAAGGACAC,B
B15_c1,,,B,B15_c1_CACACAAGTGCACCAC,B
B15_c1,HMN171227,flu,B,B15_c1_CACACCTAGCGCTTAT,B
B15_c1,HMN171227,flu,B,B15_c1_CACACCTGTGCGCTTG,B
B15_c1,HMN171227,flu,B,B15_c1_CACACTCCAGCAGTTT,B
B15_c1,HMN171241,flu,B,B15_c1_CACACTCTCAATCACG,B
B15_c1,HMN171236,flu,B,B15_c1_CACAGTACAGATCCAT,B
B15_c1,,,B,B15_c1_CACATAGAGGCTCTTA,B
B15_c1,HMN171227,flu,B,B15_c1_CACATAGAGTCCGTAT,B
B15_c1,,,B,B15_c1_CACATAGAGTGTGAAT,B
B15_c1,HMN171227,flu,B,B15_c1_CACATAGGTCTAGTGT,B
B15_c1,,,B,B15_c1_CACATTTAGGCAGTCA,B
B15_c1,HMN171236,flu,B,B15_c1_CACCACTGTACTTCTT,B
B15_c1,HMN171241,flu,B,B15_c1_CACCACTTCCGAATGT,B
B15_c1,HMN171241,flu,B,B15_c1_CACCTTGTCGCTAGCG,B
B15_c1,HMN171227,flu,B,B15_c1_CAGAATCAGGCATGTG,B
B15_c1,HMN171227,flu,B,B15_c1_CAGAGAGAGCGCCTCA,B
B15_c1,,,B,B15_c1_CAGAGAGTCGTTACGA,B
B15_c1,,,B,B15_c1_CAGCAGCAGTGTGGCA,B
B15_c1,HMN171227,flu,B,B15_c1_CAGCAGCCACACAGAG,B
B15_c1,HMN171236,flu,B,B15_c1_CAGCAGCGTAGGACAC,B
B15_c1,,,B,B15_c1_CAGCAGCGTCGAATCT,B
B15_c1,HMN171236,flu,B,B15_c1_CAGCAGCGTGAGGGAG,B
B15_c1,,,B,B15_c1_CAGCAGCTCCCAGGTG,B
B15_c1,HMN171236,flu,B,B15_c1_CAGCATACACTTCGAA,B
B15_c1,HMN171236,flu,B,B15_c1_CAGCCGAGTACTTAGC,B
B15_c1,HMN171227,flu,B,B15_c1_CAGCGACCAATCACAC,B
B15_c1,HMN171227,flu,B,B15_c1_CAGCTGGCAGATCGGA,B
B15_c1,HMN171236,flu,B,B15_c1_CAGTCCTAGGGTTCCC,B
B15_c1,,,B,B15_c1_CATATGGAGTCGTACT,B
B15_c1,,,B,B15_c1_CATATTCCATGCATGT,B
B15_c1,HMN171236,flu,B,B15_c1_CATATTCTCTGCGTAA,B
B15_c1,HMN171227,flu,B,B15_c1_CATCAGATCTCGAGTA,B
B15_c1,,,B,B15_c1_CATCGAAAGCAGCGTA,B
B15_c1,HMN171236,flu,B,B15_c1_CATCGAAGTCCGAATT,B
B15_c1,HMN171227,flu,B,B15_c1_CATCGGGCACCCAGTG,B
B15_c1,HMN171227,flu,B,B15_c1_CATCGGGCAGGAACGT,B
B15_c1,HMN171236,flu,B,B15_c1_CATCGGGTCGGATGTT,B
B15_c1,HMN171236,flu,B,B15_c1_CATGCCTAGCGTCTAT,B
B15_c1,HMN171227,flu,B,B15_c1_CATGGCGCACATGGGA,B
B15_c1,HMN171236,flu,B,B15_c1_CATTATCCACGCCAGT,B
B15_c1,HMN171227,flu,B,B15_c1_CATTATCTCAACACTG,B
B15_c1,,,B,B15_c1_CATTCGCTCCGTCATC,B
B15_c1,HMN171236,flu,B,B15_c1_CATTCGCTCTCTGAGA,B
B15_c1,HMN171236,flu,B,B15_c1_CCACCTAAGTCCCACG,B
B15_c1,HMN171227,flu,B,B15_c1_CCATTCGCATCGATTG,B
B15_c1,HMN171227,flu,B,B15_c1_CCATTCGGTTGGAGGT,B
B15_c1,HMN171227,flu,B,B15_c1_CCCAATCAGAGTTGGC,B
B15_c1,HMN171227,flu,B,B15_c1_CCCAATCCAGAGCCAA,B
B15_c1,HMN171227,flu,B,B15_c1_CCCAGTTTCCAGAAGG,B
B15_c1,HMN171241,flu,B,B15_c1_CCCATACAGCCTTGAT,B
B15_c1,HMN171236,flu,B,B15_c1_CCCATACGTGCAACTT,B
B15_c1,HMN171236,flu,B,B15_c1_CCGGGATAGAGGTTGC,B
B15_c1,HMN171227,flu,B,B15_c1_CCGGGATAGGTCGGAT,B
B15_c1,,,B,B15_c1_CCGGGATTCCAGTATG,B
B15_c1,HMN171227,flu,B,B15_c1_CCGGTAGCAGGTGGAT,B
B15_c1,HMN171236,flu,B,B15_c1_CCGTACTTCCTAGTGA,B
B15_c1,HMN171236,flu,B,B15_c1_CCGTGGATCAGCTCGG,B
B15_c1,HMN171241,flu,B,B15_c1_CCGTTCACAAGCCCAC,B
B15_c1,HMN171227,flu,B,B15_c1_CCTAAAGAGAAACGAG,B
B15_c1,HMN171236,flu,B,B15_c1_CCTAAAGCAAAGTCAA,B
B15_c1,HMN171227,flu,B,B15_c1_CCTAAAGTCACAATGC,B
B15_c1,,,B,B15_c1_CCTACCAGTAAGGATT,B
B15_c1,,,B,B15_c1_CCTACCATCAGTCAGT,B
B15_c1,HMN171236,flu,B,B15_c1_CCTCAGTCAAAGCAAT,B
B15_c1,HMN171227,flu,B,B15_c1_CCTCAGTCACCCAGTG,B
B15_c1,HMN171236,flu,B,B15_c1_CCTCAGTGTCGCGGTT,B
B15_c1,HMN171236,flu,B,B15_c1_CCTCAGTGTTACGCGC,B
B15_c1,HMN171227,flu,B,B15_c1_CCTCAGTTCGATAGAA,B
B15_c1,,,B,B15_c1_CCTCTGAAGCAAATCA,B
B15_c1,HMN171227,flu,B,B15_c1_CCTCTGATCCGTAGGC,B
B15_c1,,,B,B15_c1_CCTTACGCAATAAGCA,B
B15_c1,HMN171227,flu,B,B15_c1_CGAATGTAGCGGCTTC,B
B15_c1,,,B,B15_c1_CGACCTTCACCCATTC,B
B15_c1,HMN171227,flu,B,B15_c1_CGAGAAGGTATCACCA,B
B15_c1,HMN171241,flu,B,B15_c1_CGAGCACTCCGTCAAA,B
B15_c1,,,B,B15_c1_CGAGCCATCAATCACG,B
B15_c1,HMN171227,flu,B,B15_c1_CGAGCCATCAGTGCAT,B
B15_c1,,,B,B15_c1_CGATCGGAGGCCCTCA,B
B15_c1,HMN171227,flu,B,B15_c1_CGATCGGGTAGTACCT,B
B15_c1,HMN171227,flu,B,B15_c1_CGATCGGTCGATCCCT,B
B15_c1,HMN171236,flu,B,B15_c1_CGATTGATCACAGTAC,B
B15_c1,HMN171227,flu,B,B15_c1_CGCCAAGCAATGCCAT,B
B15_c1,HMN171241,flu,B,B15_c1_CGCGGTAAGGATGTAT,B
B15_c1,HMN171236,flu,B,B15_c1_CGCGGTACAGGACGTA,B
B15_c1,HMN171236,flu,B,B15_c1_CGCGGTACATCGGGTC,B
B15_c1,HMN171236,flu,B,B15_c1_CGCGTTTGTACCGTAT,B
B15_c1,HMN171227,flu,B,B15_c1_CGCTGGAAGGTCGGAT,B
B15_c1,HMN171236,flu,B,B15_c1_CGCTGGACACGTCAGC,B
B15_c1,HMN171241,flu,B,B15_c1_CGCTGGACATCGGGTC,B
B15_c1,HMN171227,flu,B,B15_c1_CGCTTCAGTGCCTTGG,B
B15_c1,,,B,B15_c1_CGGACACAGAGGGATA,B
B15_c1,HMN171227,flu,B,B15_c1_CGGACTGCACATCCGG,B
B15_c1,HMN171236,flu,B,B15_c1_CGGACTGCACTCTGTC,B
B15_c1,HMN171236,flu,B,B15_c1_CGGAGCTTCCCAGGTG,B
B15_c1,HMN171241,flu,B,B15_c1_CGGAGCTTCGCAGGCT,B
B15_c1,HMN171236,flu,B,B15_c1_CGGCTAGCAAACCTAC,B
B15_c1,HMN171241,flu,B,B15_c1_CGGGTCACACACATGT,B
B15_c1,HMN171227,flu,B,B15_c1_CGGGTCATCTCGTTTA,B
B15_c1,HMN171236,flu,B,B15_c1_CGGTTAACAGTCCTTC,B
B15_c1,,,B,B15_c1_CGTAGCGTCTATCCCG,B
B15_c1,HMN171227,flu,B,B15_c1_CGTAGGCAGGCGATAC,B
B15_c1,HMN171236,flu,B,B15_c1_CGTAGGCGTTCCGTCT,B
B15_c1,HMN171236,flu,B,B15_c1_CGTCACTGTAGCCTAT,B
B15_c1,HMN171227,flu,B,B15_c1_CGTCACTGTATAGGGC,B
B15_c1,,,B,B15_c1_CGTCAGGGTAGCTGCC,B
B15_c1,,,B,B15_c1_CGTCAGGGTGTGTGCC,B
B15_c1,HMN171236,flu,B,B15_c1_CGTCTACCAGCTGTGC,B
B15_c1,HMN171227,flu,B,B15_c1_CGTGAGCAGTAGATGT,B
B15_c1,,,B,B15_c1_CGTGAGCCAAGCGAGT,B
B15_c1,HMN171236,flu,B,B15_c1_CGTGAGCCACGTGAGA,B
B15_c1,HMN171227,flu,B,B15_c1_CGTGTCTGTCGAGTTT,B
B15_c1,,,B,B15_c1_CGTTCTGAGTGACATA,B
B15_c1,HMN171227,flu,B,B15_c1_CGTTGGGGTACGAAAT,B
B15_c1,HMN171227,flu,B,B15_c1_CTAACTTCAAGAGTCG,B
B15_c1,HMN171241,flu,B,B15_c1_CTAAGACAGCGTTCCG,B
B15_c1,,,B,B15_c1_CTAAGACTCTTACCTA,B
B15_c1,HMN171241,flu,B,B15_c1_CTAATGGGTCAAAGCG,B
B15_c1,HMN171236,flu,B,B15_c1_CTACACCAGGACCACA,B
B15_c1,HMN171227,flu,B,B15_c1_CTACACCCATTCGACA,B
B15_c1,,,B,B15_c1_CTACGTCAGAGACTTA,B
B15_c1,HMN171236,flu,B,B15_c1_CTACGTCGTCTACCTC,B
B15_c1,HMN171236,flu,B,B15_c1_CTAGAGTAGACAGAGA,B
B15_c1,HMN171241,flu,B,B15_c1_CTAGAGTGTCTCCACT,B
B15_c1,,,B,B15_c1_CTAGCCTCATGGGACA,B
B15_c1,HMN171236,flu,B,B15_c1_CTAGCCTTCGGAGGTA,B
B15_c1,,,B,B15_c1_CTAGTGAGTTCGGGCT,B
B15_c1,HMN171227,flu,B,B15_c1_CTAGTGATCCTTTACA,B
B15_c1,,,B,B15_c1_CTCACACAGTGAATTG,B
B15_c1,,,B,B15_c1_CTCAGAAGTGGTCTCG,B
B15_c1,,,B,B15_c1_CTCATTAGTATATGGA,B
B15_c1,HMN171236,flu,B,B15_c1_CTCATTAGTCCGAGTC,B
B15_c1,HMN171241,flu,B,B15_c1_CTCCTAGAGTGTGGCA,B
B15_c1,,,B,B15_c1_CTCGAAACAATCCAAC,B
B15_c1,HMN171227,flu,B,B15_c1_CTCGGAGAGACCGGAT,B
B15_c1,HMN171227,flu,B,B15_c1_CTCGGAGCACGTCTCT,B
B15_c1,HMN171236,flu,B,B15_c1_CTCGGGAAGTGCTGCC,B
B15_c1,HMN171236,flu,B,B15_c1_CTCGGGAGTCCATGAT,B
B15_c1,,,B,B15_c1_CTCGGGATCTTGCCGT,B
B15_c1,HMN171236,flu,B,B15_c1_CTCGTACAGGAATCGC,B
B15_c1,HMN171236,flu,B,B15_c1_CTCGTCAAGTGTGAAT,B
B15_c1,,,B,B15_c1_CTCGTCACATACAGCT,B
B15_c1,HMN171236,flu,B,B15_c1_CTCTAATGTCTCTCTG,B
B15_c1,HMN171236,flu,B,B15_c1_CTCTACGAGCTCCTTC,B
B15_c1,HMN171236,flu,B,B15_c1_CTGAAACTCGTTTGCC,B
B15_c1,HMN171236,flu,B,B15_c1_CTGATAGAGATCACGG,B
B15_c1,,,B,B15_c1_CTGATCCAGAACAACT,B
B15_c1,HMN171227,flu,B,B15_c1_CTGATCCCAAAGGTGC,B
B15_c1,HMN171236,flu,B,B15_c1_CTGCCTACAGCCTTTC,B
B15_c1,HMN171236,flu,B,B15_c1_CTGCGGAAGACGCAAC,B
B15_c1,HMN171227,flu,B,B15_c1_CTGCGGAAGACTTTCG,B
B15_c1,HMN171236,flu,B,B15_c1_CTGCGGAGTACCCAAT,B
B15_c1,,,B,B15_c1_CTGCGGAGTTCTGTTT,B
B15_c1,HMN171236,flu,B,B15_c1_CTGCTGTAGTGTCTCA,B
B15_c1,HMN171236,flu,B,B15_c1_CTGCTGTCAGACAGGT,B
B15_c1,HMN171241,flu,B,B15_c1_CTGGTCTCAACGATCT,B
B15_c1,,,B,B15_c1_CTGTGCTGTTATTCTC,B
B15_c1,HMN171236,flu,B,B15_c1_CTGTGCTTCATGTCCC,B
B15_c1,,,B,B15_c1_CTGTTTACAGATGGGT,B
B15_c1,HMN171227,flu,B,B15_c1_CTTAACTCAGTTCATG,B
B15_c1,,,B,B15_c1_CTTAGGAAGAGTAATC,B
B15_c1,HMN171236,flu,B,B15_c1_CTTAGGAAGCACCGTC,B
B15_c1,HMN171236,flu,B,B15_c1_CTTAGGAGTCCAGTTA,B
B15_c1,HMN171236,flu,B,B15_c1_CTTAGGATCCTGTACC,B
B15_c1,HMN171236,flu,B,B15_c1_CTTCTCTAGTGGGCTA,B
B15_c1,HMN171241,flu,B,B15_c1_CTTCTCTAGTTAACGA,B
B15_c1,HMN171236,flu,B,B15_c1_CTTGGCTCACATAACC,B
B15_c1,HMN171236,flu,B,B15_c1_CTTGGCTCACATCTTT,B
B15_c1,HMN171236,flu,B,B15_c1_CTTGGCTCACTTACGA,B
B15_c1,HMN171241,flu,B,B15_c1_CTTTGCGCACCTATCC,B
B15_c1,HMN171227,flu,B,B15_c1_CTTTGCGCACCTTGTC,B
B15_c1,HMN171227,flu,B,B15_c1_GAAACTCAGTGTGAAT,B
B15_c1,HMN171241,flu,B,B15_c1_GAACATCCATTGTGCA,B
B15_c1,HMN171227,flu,B,B15_c1_GAACCTACATCGGGTC,B
B15_c1,,,B,B15_c1_GAACGGATCAACACGT,B
B15_c1,,,B,B15_c1_GAAGCAGCAACACCTA,B
B15_c1,,,B,B15_c1_GAAGCAGCAGTGACAG,B
B15_c1,HMN171236,flu,B,B15_c1_GAAGCAGTCATGTCCC,B
B15_c1,HMN171227,flu,B,B15_c1_GAATAAGGTTAAAGTG,B
B15_c1,,,B,B15_c1_GAATGAATCATTGCGA,B
B15_c1,HMN171236,flu,B,B15_c1_GACAGAGTCTACTATC,B
B15_c1,HMN171227,flu,B,B15_c1_GACCAATAGGAGTACC,B
B15_c1,,,B,B15_c1_GACCTGGCATCTATGG,B
B15_c1,HMN171227,flu,B,B15_c1_GACGGCTCAGGATTGG,B
B15_c1,HMN171227,flu,B,B15_c1_GACGTTAGTGGTACAG,B
B15_c1,,,B,B15_c1_GACTACACAGGTCCAC,B
B15_c1,,,B,B15_c1_GACTACAGTGCATCTA,B
B15_c1,HMN171227,flu,B,B15_c1_GACTACATCGGACAAG,B
B15_c1,HMN171236,flu,B,B15_c1_GACTACATCGTCCGTT,B
B15_c1,HMN171227,flu,B,B15_c1_GAGCAGAAGTAGCGGT,B
B15_c1,,,B,B15_c1_GAGGTGAAGTCCCACG,B
B15_c1,HMN171236,flu,B,B15_c1_GAGGTGACAGCGTCCA,B
B15_c1,,,B,B15_c1_GATCAGTGTTCGCGAC,B
B15_c1,HMN171236,flu,B,B15_c1_GATCAGTTCGCAAACT,B
B15_c1,HMN171227,flu,B,B15_c1_GATCGATCAGTCGTGC,B
B15_c1,HMN171227,flu,B,B15_c1_GATCGCGAGTTACGGG,B
B15_c1,HMN171227,flu,B,B15_c1_GATCGCGCACTAGTAC,B
B15_c1,,,B,B15_c1_GATCGTAGTAGCTTGT,B
B15_c1,HMN171236,flu,B,B15_c1_GATCTAGAGCCTTGAT,B
B15_c1,HMN171236,flu,B,B15_c1_GATCTAGTCCACTGGG,B
B15_c1,HMN171227,flu,B,B15_c1_GATGAAAAGGATTCGG,B
B15_c1,HMN171227,flu,B,B15_c1_GATGAGGAGCTAGTCT,B
B15_c1,HMN171227,flu,B,B15_c1_GATGCTACAGTCTTCC,B
B15_c1,,,B,B15_c1_GATTCAGGTCCGTCAG,B
B15_c1,HMN171241,flu,B,B15_c1_GCAAACTCACCTTGTC,B
B15_c1,HMN171236,flu,B,B15_c1_GCAATCATCCAAGTAC,B
B15_c1,HMN171227,flu,B,B15_c1_GCACATACAAGCCTAT,B
B15_c1,HMN171241,flu,B,B15_c1_GCATACAAGATATGCA,B
B15_c1,HMN171241,flu,B,B15_c1_GCATACAAGGATTCGG,B
B15_c1,HMN171236,flu,B,B15_c1_GCATACACAACTGGCC,B
B15_c1,HMN171227,flu,B,B15_c1_GCATGTACAATGTTGC,B
B15_c1,,,B,B15_c1_GCCAAATCATCGGGTC,B
B15_c1,,,B,B15_c1_GCCAAATTCGCAAACT,B
B15_c1,,,B,B15_c1_GCGACCAGTAGCCTCG,B
B15_c1,HMN171236,flu,B,B15_c1_GCGACCATCCAAACTG,B
B15_c1,,,B,B15_c1_GCGACCATCCACGAAT,B
B15_c1,,,B,B15_c1_GCGAGAACACAGCGTC,B
B15_c1,,,B,B15_c1_GCGAGAATCATGTCTT,B
B15_c1,,,B,B15_c1_GCGAGAATCTTGCATT,B
B15_c1,,,B,B15_c1_GCGCAGTAGACTTTCG,B
B15_c1,HMN171236,flu,B,B15_c1_GCGCCAAGTAGAGGAA,B
B15_c1,HMN171227,flu,B,B15_c1_GCGGGTTAGACCCACC,B
B15_c1,HMN171227,flu,B,B15_c1_GCGGGTTCAATAGAGT,B
B15_c1,HMN171236,flu,B,B15_c1_GCTCCTATCAGCACAT,B
B15_c1,HMN171227,flu,B,B15_c1_GCTCCTATCTGCGTAA,B
B15_c1,HMN171241,flu,B,B15_c1_GCTGCAGGTCATGCCG,B
B15_c1,HMN171227,flu,B,B15_c1_GCTGCGAAGTCGAGTG,B
B15_c1,HMN171236,flu,B,B15_c1_GCTGCGAGTAAACACA,B
B15_c1,,,B,B15_c1_GCTGCGAGTCGAGATG,B
B15_c1,HMN171241,flu,B,B15_c1_GCTGCTTAGCGATCCC,B
B15_c1,HMN171227,flu,B,B15_c1_GGAAAGCAGACTGGGT,B
B15_c1,HMN171236,flu,B,B15_c1_GGAAAGCCAGCATGAG,B
B15_c1,HMN171241,flu,B,B15_c1_GGAACTTCAAACCTAC,B
B15_c1,HMN171236,flu,B,B15_c1_GGAACTTCACGGACAA,B
B15_c1,HMN171227,flu,B,B15_c1_GGAATAAGTAAACGCG,B
B15_c1,HMN171236,flu,B,B15_c1_GGACAAGGTCGTCTTC,B
B15_c1,,,B,B15_c1_GGACAGAGTGCATCTA,B
B15_c1,HMN171236,flu,B,B15_c1_GGACAGAGTGGTCTCG,B
B15_c1,,,B,B15_c1_GGACATTGTTGCGCAC,B
B15_c1,,,B,B15_c1_GGAGCAAAGGTACTCT,B
B15_c1,,,B,B15_c1_GGATGTTTCTCCCTGA,B
B15_c1,HMN171227,flu,B,B15_c1_GGATTACCAAGCGTAG,B
B15_c1,HMN171227,flu,B,B15_c1_GGCAATTAGGAACTGC,B
B15_c1,HMN171241,flu,B,B15_c1_GGCCGATTCAGCACAT,B
B15_c1,HMN171227,flu,B,B15_c1_GGCCGATTCGTAGGAG,B
B15_c1,HMN171236,flu,B,B15_c1_GGCGACTTCCAGAGGA,B
B15_c1,HMN171241,flu,B,B15_c1_GGCGTGTAGCTAACAA,B
B15_c1,HMN171236,flu,B,B15_c1_GGCTGGTCACACGCTG,B
B15_c1,HMN171227,flu,B,B15_c1_GGCTGGTTCGTGGTCG,B
B15_c1,,,B,B15_c1_GGGAATGAGTCGTACT,B
B15_c1,,,B,B15_c1_GGGAATGCAAGCTGTT,B
B15_c1,HMN171236,flu,B,B15_c1_GGGAATGGTTAAAGTG,B
B15_c1,,,B,B15_c1_GGGACCTAGCTAGGCA,B
B15_c1,,,B,B15_c1_GGGACCTGTCTGCAAT,B
B15_c1,HMN171227,flu,B,B15_c1_GGGATGAGTATAAACG,B
B15_c1,HMN171227,flu,B,B15_c1_GGGATGATCAGTGCAT,B
B15_c1,HMN171227,flu,B,B15_c1_GGGATGATCGATCCCT,B
B15_c1,,,B,B15_c1_GGGCATCTCTTGCATT,B
B15_c1,HMN171227,flu,B,B15_c1_GGGTCTGAGGCAAAGA,B
B15_c1,HMN171236,flu,B,B15_c1_GGGTCTGCAAGCGCTC,B
B15_c1,HMN171236,flu,B,B15_c1_GGGTTGCCACACCGCA,B
B15_c1,HMN171227,flu,B,B15_c1_GGGTTGCGTGGAAAGA,B
B15_c1,HMN171227,flu,B,B15_c1_GGGTTGCGTTCAGCGC,B
B15_c1,HMN171227,flu,B,B15_c1_GGGTTGCTCACTTCAT,B
B15_c1,HMN171227,flu,B,B15_c1_GGTATTGGTGCGGTAA,B
B15_c1,HMN171236,flu,B,B15_c1_GGTATTGTCCCAAGTA,B
B15_c1,HMN171236,flu,B,B15_c1_GGTGAAGAGGCCCTTG,B
B15_c1,HMN171236,flu,B,B15_c1_GGTGAAGGTACCGTTA,B
B15_c1,,,B,B15_c1_GGTGCGTGTCGCGAAA,B
B15_c1,HMN171241,flu,B,B15_c1_GTACGTATCCAGTATG,B
B15_c1,,,B,B15_c1_GTACTCCGTACTCAAC,B
B15_c1,HMN171227,flu,B,B15_c1_GTACTTTAGAACTCGG,B
B15_c1,,,B,B15_c1_GTAGGCCGTTCGCTAA,B
B15_c1,HMN171236,flu,B,B15_c1_GTAGGCCTCGAATGCT,B
B15_c1,HMN171227,flu,B,B15_c1_GTAGTCAGTGCGAAAC,B
B15_c1,HMN171241,flu,B,B15_c1_GTAGTCATCATTGCGA,B
B15_c1,HMN171227,flu,B,B15_c1_GTATTCTTCCCATTTA,B
B15_c1,,,B,B15_c1_GTCACAAAGGTGCAAC,B
B15_c1,HMN171227,flu,B,B15_c1_GTCATTTTCAGCCTAA,B
B15_c1,HMN171227,flu,B,B15_c1_GTCCTCACAACTGGCC,B
B15_c1,HMN171236,flu,B,B15_c1_GTCCTCAGTAGAGTGC,B
B15_c1,,,B,B15_c1_GTCGGGTCAATAACGA,B
B15_c1,HMN171227,flu,B,B15_c1_GTCTCGTTCGTACGGC,B
B15_c1,HMN171227,flu,B,B15_c1_GTCTCGTTCGTCCAGG,B
B15_c1,HMN171236,flu,B,B15_c1_GTGAAGGAGAGGTTGC,B
B15_c1,HMN171236,flu,B,B15_c1_GTGCATAAGCCGATTT,B
B15_c1,HMN171241,flu,B,B15_c1_GTGCGGTTCGGAAACG,B
B15_c1,HMN171241,flu,B,B15_c1_GTGCGGTTCTAACTTC,B
B15_c1,,,B,B15_c1_GTGCTTCCACATGGGA,B
B15_c1,,,B,B15_c1_GTGCTTCTCCCTAACC,B
B15_c1,HMN171227,flu,B,B15_c1_GTGCTTCTCTGAAAGA,B
B15_c1,HMN171236,flu,B,B15_c1_GTGGGTCTCATGTAGC,B
B15_c1,,,B,B15_c1_GTGTTAGAGCAGGTCA,B
B15_c1,,,B,B15_c1_GTTAAGCGTGGAAAGA,B
B15_c1,HMN171227,flu,B,B15_c1_GTTAAGCTCCACTGGG,B
B15_c1,HMN171236,flu,B,B15_c1_GTTCATTTCAGCCTAA,B
B15_c1,HMN171236,flu,B,B15_c1_GTTCGGGGTAGAGTGC,B
B15_c1,HMN171236,flu,B,B15_c1_GTTCTCGGTCACTGGC,B
B15_c1,HMN171241,flu,B,B15_c1_GTTCTCGGTCATCGGC,B
B15_c1,,,B,B15_c1_GTTCTCGTCTTGACGA,B
B15_c1,,,B,B15_c1_TAAGCGTAGCGTAATA,B
B15_c1,HMN171241,flu,B,B15_c1_TAAGCGTGTCCCGACA,B
B15_c1,,,B,B15_c1_TAAGTGCGTCTCTTAT,B
B15_c1,HMN171236,flu,B,B15_c1_TACACGACACAGTCGC,B
B15_c1,,,B,B15_c1_TACACGACATCGATGT,B
B15_c1,HMN171227,flu,B,B15_c1_TACACGAGTCAATACC,B
B15_c1,HMN171241,flu,B,B15_c1_TACACGAGTTAAGTAG,B
B15_c1,HMN171227,flu,B,B15_c1_TACCTATGTAATCGTC,B
B15_c1,HMN171227,flu,B,B15_c1_TACCTTACAGGTGCCT,B
B15_c1,HMN171236,flu,B,B15_c1_TACGGATAGTAGTGCG,B
B15_c1,,,B,B15_c1_TACGGATGTACCGTTA,B
B15_c1,HMN171236,flu,B,B15_c1_TACTCATGTTACGTCA,B
B15_c1,HMN171236,flu,B,B15_c1_TACTTACCAGGACCCT,B
B15_c1,HMN171227,flu,B,B15_c1_TAGACCAAGGTCGGAT,B
B15_c1,HMN171236,flu,B,B15_c1_TAGAGCTAGTGTCCAT,B
B15_c1,HMN171227,flu,B,B15_c1_TAGAGCTTCGATCCCT,B
B15_c1,HMN171236,flu,B,B15_c1_TAGCCGGCAGGGTACA,B
B15_c1,,,B,B15_c1_TAGGCATTCAACACCA,B
B15_c1,HMN171236,flu,B,B15_c1_TAGTGGTAGACTGGGT,B
B15_c1,HMN171227,flu,B,B15_c1_TATCTCAAGTGGGATC,B
B15_c1,,,B,B15_c1_TATCTCATCCTTTACA,B
B15_c1,HMN171227,flu,B,B15_c1_TATTACCAGCCACCTG,B
B15_c1,,,B,B15_c1_TCACGAAGTACTCGCG,B
B15_c1,HMN171227,flu,B,B15_c1_TCAGCAAGTTTCGCTC,B
B15_c1,HMN171227,flu,B,B15_c1_TCAGGTAAGATAGCAT,B
B15_c1,HMN171241,flu,B,B15_c1_TCAGGTACACTCGACG,B
B15_c1,,,B,B15_c1_TCATTTGCAGTGAGTG,B
B15_c1,HMN171236,flu,B,B15_c1_TCATTTGGTCCTAGCG,B
B15_c1,HMN171236,flu,B,B15_c1_TCCACACCAGCTCGAC,B
B15_c1,HMN171227,flu,B,B15_c1_TCCACACGTCAGAGGT,B
B15_c1,HMN171236,flu,B,B15_c1_TCCACACTCAGTGCAT,B
B15_c1,,,B,B15_c1_TCCCGATTCCCATTTA,B
B15_c1,HMN171236,flu,B,B15_c1_TCGCGAGAGCAGCCTC,B
B15_c1,,,B,B15_c1_TCGCGAGGTGGTACAG,B
B15_c1,HMN171227,flu,B,B15_c1_TCGCGAGTCCTCGCAT,B
B15_c1,HMN171241,flu,B,B15_c1_TCGCGTTAGGATTCGG,B
B15_c1,HMN171241,flu,B,B15_c1_TCGCGTTTCAGTACGT,B
B15_c1,HMN171227,flu,B,B15_c1_TCGGTAAGTCCGACGT,B
B15_c1,HMN171241,flu,B,B15_c1_TCGTACCCATCCAACA,B
B15_c1,HMN171236,flu,B,B15_c1_TCGTACCTCGCGTAGC,B
B15_c1,HMN171241,flu,B,B15_c1_TCGTAGAGTAAGAGGA,B
B15_c1,HMN171227,flu,B,B15_c1_TCGTAGATCAATCACG,B
B15_c1,HMN171236,flu,B,B15_c1_TCTATTGAGTTAACGA,B
B15_c1,,,B,B15_c1_TCTCATACAGCTGCAC,B
B15_c1,,,B,B15_c1_TCTGAGACAAAGGAAG,B
B15_c1,HMN171227,flu,B,B15_c1_TCTGAGAGTTAGAACA,B
B15_c1,HMN171227,flu,B,B15_c1_TCTTTCCAGGTGCTTT,B
B15_c1,,,B,B15_c1_TCTTTCCGTAGTACCT,B
B15_c1,HMN171227,flu,B,B15_c1_TGACGGCTCAGCGACC,B
B15_c1,HMN171236,flu,B,B15_c1_TGACTTTTCTACTCAT,B
B15_c1,,,B,B15_c1_TGAGAGGTCCGCGCAA,B
B15_c1,HMN171227,flu,B,B15_c1_TGAGGGATCGATCCCT,B
B15_c1,,,B,B15_c1_TGAGGGATCTCTGAGA,B
B15_c1,HMN171236,flu,B,B15_c1_TGCACCTGTAAGAGAG,B
B15_c1,HMN171227,flu,B,B15_c1_TGCACCTTCTATCGCC,B
B15_c1,,,B,B15_c1_TGCCCATAGACAATAC,B
B15_c1,,,B,B15_c1_TGCCCATCAAGCCGTC,B
B15_c1,HMN171236,flu,B,B15_c1_TGCCCATTCACTTATC,B
B15_c1,,,B,B15_c1_TGCGCAGAGGTTACCT,B
B15_c1,HMN171227,flu,B,B15_c1_TGCGCAGGTACACCGC,B
B15_c1,HMN171236,flu,B,B15_c1_TGCGCAGGTAGCGTAG,B
B15_c1,HMN171227,flu,B,B15_c1_TGCGCAGGTCTGATTG,B
B15_c1,HMN171236,flu,B,B15_c1_TGCGTGGTCAGTCAGT,B
B15_c1,,,B,B15_c1_TGCTACCCATAGACTC,B
B15_c1,HMN171227,flu,B,B15_c1_TGCTGCTGTTCAGCGC,B
B15_c1,HMN171236,flu,B,B15_c1_TGCTGCTTCGCAAACT,B
B15_c1,,,B,B15_c1_TGGCCAGAGTCGAGTG,B
B15_c1,HMN171227,flu,B,B15_c1_TGGCGCACAATGGAGC,B
B15_c1,,,B,B15_c1_TGGCGCAGTCCGTCAG,B
B15_c1,HMN171227,flu,B,B15_c1_TGGCGCATCCTATTCA,B
B15_c1,HMN171227,flu,B,B15_c1_TGGCTGGAGAGTACCG,B
B15_c1,HMN171236,flu,B,B15_c1_TGGGAAGAGTGGGCTA,B
B15_c1,HMN171236,flu,B,B15_c1_TGGGAAGCATATGAGA,B
B15_c1,,,B,B15_c1_TGGGCGTTCCTAAGTG,B
B15_c1,HMN171236,flu,B,B15_c1_TGGTTAGTCTTGGGTA,B
B15_c1,HMN171236,flu,B,B15_c1_TGGTTCCTCATTTGGG,B
B15_c1,HMN171236,flu,B,B15_c1_TGTATTCCATGGGAAC,B
B15_c1,,,B,B15_c1_TGTATTCTCTTGTTTG,B
B15_c1,HMN171227,flu,B,B15_c1_TGTGTTTTCCCACTTG,B
B15_c1,,,B,B15_c1_TGTTCCGTCTACTATC,B
B15_c1,,,B,B15_c1_TTAACTCGTTACCGAT,B
B15_c1,HMN171227,flu,B,B15_c1_TTAACTCTCATTGCGA,B
B15_c1,HMN171241,flu,B,B15_c1_TTAGGACTCAAGAAGT,B
B15_c1,,,B,B15_c1_TTAGGCATCTCTGTCG,B
B15_c1,HMN171236,flu,B,B15_c1_TTAGTTCAGGTGATTA,B
B15_c1,HMN171227,flu,B,B15_c1_TTAGTTCTCGGCTACG,B
B15_c1,,,B,B15_c1_TTATGCTCAGGCGATA,B
B15_c1,HMN171236,flu,B,B15_c1_TTATGCTTCCATTCTA,B
B15_c1,HMN171236,flu,B,B15_c1_TTCCCAGCAGCATACT,B
B15_c1,HMN171227,flu,B,B15_c1_TTCGAAGGTACTCGCG,B
B15_c1,HMN171227,flu,B,B15_c1_TTCGAAGTCTGTACGA,B
B15_c1,HMN171236,flu,B,B15_c1_TTCGGTCAGAACTGTA,B
B15_c1,HMN171227,flu,B,B15_c1_TTCTACAAGTGCCAGA,B
B15_c1,HMN171236,flu,B,B15_c1_TTCTACATCAGTTCGA,B
B15_c1,HMN171227,flu,B,B15_c1_TTCTACATCTTGAGGT,B
B15_c1,HMN171227,flu,B,B15_c1_TTCTCAAAGCCCTAAT,B
B15_c1,HMN171227,flu,B,B15_c1_TTCTTAGCAATTGCTG,B
B15_c1,HMN171236,flu,B,B15_c1_TTGCCGTAGCGAGAAA,B
B15_c1,HMN171227,flu,B,B15_c1_TTGCCGTCAGTATAAG,B
B15_c1,HMN171227,flu,B,B15_c1_TTGGAACGTACAGTTC,B
B15_c1,HMN171227,flu,B,B15_c1_TTGGAACTCTTTAGGG,B
B15_c1,HMN171227,flu,B,B15_c1_TTGGCAATCACCGGGT,B
B15_c1,HMN171227,flu,B,B15_c1_TTGTAGGCAGGTCGTC,B
B15_c1,HMN171227,flu,B,B15_c1_TTTATGCTCGTTACGA,B
B15_c2,,,B,B15_c2_AAACCTGAGACTAAGT,B
B15_c2,HMN171217,flu,B,B15_c2_AAACCTGAGGGCATGT,B
B15_c2,,,B,B15_c2_AAACGGGGTCTACCTC,B
B15_c2,HMN171235,flu,B,B15_c2_AAAGCAAAGCGAGAAA,B
B15_c2,HMN171217,flu,B,B15_c2_AAAGTAGGTCTCCCTA,B
B15_c2,,,B,B15_c2_AAAGTAGTCAGGCCCA,B
B15_c2,HMN171217,flu,B,B15_c2_AAAGTAGTCCCGACTT,B
B15_c2,,,B,B15_c2_AACACGTCATACTACG,B
B15_c2,HMN171217,flu,B,B15_c2_AACACGTTCTCCAACC,B
B15_c2,,,B,B15_c2_AACCATGCATTACGAC,B
B15_c2,HMN171225,flu,B,B15_c2_AACCATGGTGGCCCTA,B
B15_c2,,,B,B15_c2_AACCATGTCGGCTTGG,B
B15_c2,,,B,B15_c2_AACGTTGCAATGACCT,B
B15_c2,HMN171225,flu,B,B15_c2_AACTCAGCAAACGCGA,B
B15_c2,HMN171217,flu,B,B15_c2_AACTCCCAGAACTGTA,B
B15_c2,HMN171217,flu,B,B15_c2_AAGCCGCTCTGTGCAA,B
B15_c2,HMN171217,flu,B,B15_c2_AAGGAGCAGTGACATA,B
B15_c2,,,B,B15_c2_AAGGAGCTCGCCTGAG,B
B15_c2,HMN171217,flu,B,B15_c2_AAGGCAGGTCGAATCT,B
B15_c2,HMN171217,flu,B,B15_c2_AAGGCAGTCCGTCAAA,B
B15_c2,HMN171225,flu,B,B15_c2_AATCCAGAGGGTCTCC,B
B15_c2,HMN171235,flu,B,B15_c2_AATCGGTAGAATCTCC,B
B15_c2,HMN171217,flu,B,B15_c2_AATCGGTCATTAACCG,B
B15_c2,HMN171235,flu,B,B15_c2_ACACCCTGTTAAGGGC,B
B15_c2,HMN171225,flu,B,B15_c2_ACACCCTTCTTAGAGC,B
B15_c2,HMN171217,flu,B,B15_c2_ACAGCTAGTGAACCTT,B
B15_c2,HMN171217,flu,B,B15_c2_ACATACGAGTTGTAGA,B
B15_c2,HMN171235,flu,B,B15_c2_ACATACGCATCGGAAG,B
B15_c2,HMN171235,flu,B,B15_c2_ACATACGGTCCATCCT,B
B15_c2,,,B,B15_c2_ACATCAGAGTCTCAAC,B
B15_c2,HMN171217,flu,B,B15_c2_ACATCAGGTCTTTCAT,B
B15_c2,,,B,B15_c2_ACATGGTGTAGCCTCG,B
B15_c2,HMN171225,flu,B,B15_c2_ACCAGTAAGAGGTACC,B
B15_c2,HMN171235,flu,B,B15_c2_ACCAGTAGTGGAAAGA,B
B15_c2,HMN171225,flu,B,B15_c2_ACCCACTAGGACGAAA,B
B15_c2,HMN171225,flu,B,B15_c2_ACCTTTAAGTGACATA,B
B15_c2,,,B,B15_c2_ACGAGGAGTATTCGTG,B
B15_c2,HMN171217,flu,B,B15_c2_ACGATGTAGACAAAGG,B
B15_c2,HMN171217,flu,B,B15_c2_ACGATGTAGGGTTCCC,B
B15_c2,,,B,B15_c2_ACGATGTCATCTCCCA,B
B15_c2,HMN171235,flu,B,B15_c2_ACGCCAGCACGGCGTT,B
B15_c2,,,B,B15_c2_ACGCCAGGTTCACGGC,B
B15_c2,HMN171217,flu,B,B15_c2_ACGGAGAAGCTAGGCA,B
B15_c2,,,B,B15_c2_ACGGAGATCTCTTGAT,B
B15_c2,HMN171217,flu,B,B15_c2_ACGGCCAAGAGCTGGT,B
B15_c2,HMN171225,flu,B,B15_c2_ACGGCCAAGCGTGAGT,B
B15_c2,HMN171225,flu,B,B15_c2_ACGGGCTAGATGCGAC,B
B15_c2,,,B,B15_c2_ACGGGCTCACATTAGC,B
B15_c2,,,B,B15_c2_ACGGGCTTCGGGAGTA,B
B15_c2,,,B,B15_c2_ACGTCAAGTATTCTCT,B
B15_c2,HMN171225,flu,B,B15_c2_ACGTCAAGTCCCTTGT,B
B15_c2,HMN171217,flu,B,B15_c2_ACGTCAAGTGAAAGAG,B
B15_c2,HMN171217,flu,B,B15_c2_ACGTCAATCAGCTTAG,B
B15_c2,,,B,B15_c2_ACTGAACAGACCTTTG,B
B15_c2,HMN171225,flu,B,B15_c2_ACTGAACCACAGAGGT,B
B15_c2,HMN171235,flu,B,B15_c2_ACTGAACTCGACAGCC,B
B15_c2,HMN171235,flu,B,B15_c2_ACTGAGTTCATATCGG,B
B15_c2,,,B,B15_c2_ACTGATGGTCCGTCAG,B
B15_c2,HMN171225,flu,B,B15_c2_ACTGCTCAGTTAGGTA,B
B15_c2,HMN171225,flu,B,B15_c2_ACTGCTCTCCACTCCA,B
B15_c2,,,B,B15_c2_ACTGTCCAGAAAGTGG,B
B15_c2,HMN171225,flu,B,B15_c2_ACTTACTGTGGTAACG,B
B15_c2,HMN171225,flu,B,B15_c2_ACTTGTTTCCGCATAA,B
B15_c2,HMN171217,flu,B,B15_c2_ACTTTCAAGGCTATCT,B
B15_c2,HMN171217,flu,B,B15_c2_AGAATAGCATCCGTGG,B
B15_c2,,,B,B15_c2_AGAATAGGTGGTAACG,B
B15_c2,,,B,B15_c2_AGAATAGTCAGCGATT,B
B15_c2,HMN171225,flu,B,B15_c2_AGAGCGAGTCACCTAA,B
B15_c2,HMN171235,flu,B,B15_c2_AGAGTGGAGCACCGCT,B
B15_c2,HMN171225,flu,B,B15_c2_AGAGTGGGTTGAACTC,B
B15_c2,HMN171217,flu,B,B15_c2_AGATCTGTCTCTGCTG,B
B15_c2,HMN171217,flu,B,B15_c2_AGATTGCAGAAACGAG,B
B15_c2,HMN171235,flu,B,B15_c2_AGATTGCAGGTGCACA,B
B15_c2,HMN171225,flu,B,B15_c2_AGATTGCCAGGGCATA,B
B15_c2,,,B,B15_c2_AGCAGCCAGCGTGAGT,B
B15_c2,HMN171235,flu,B,B15_c2_AGCAGCCAGGCGTACA,B
B15_c2,,,B,B15_c2_AGCAGCCCATGTCCTC,B
B15_c2,,,B,B15_c2_AGCATACCATGCAATC,B
B15_c2,HMN171217,flu,B,B15_c2_AGCATACTCATTTGGG,B
B15_c2,HMN171217,flu,B,B15_c2_AGCCTAAGTCAATACC,B
B15_c2,HMN171235,flu,B,B15_c2_AGCGTATCACATGACT,B
B15_c2,HMN171217,flu,B,B15_c2_AGCTCCTTCAGGCCCA,B
B15_c2,,,B,B15_c2_AGCTCCTTCTACGAGT,B
B15_c2,HMN171217,flu,B,B15_c2_AGCTCTCAGGCAAAGA,B
B15_c2,,,B,B15_c2_AGCTCTCCACGAAAGC,B
B15_c2,,,B,B15_c2_AGCTTGATCCTATTCA,B
B15_c2,HMN171225,flu,B,B15_c2_AGGGAGTGTTATGTGC,B
B15_c2,HMN171235,flu,B,B15_c2_AGGGAGTTCATGTCTT,B
B15_c2,HMN171225,flu,B,B15_c2_AGGGAGTTCTACTTAC,B
B15_c2,HMN171217,flu,B,B15_c2_AGGGATGGTCCTGCTT,B
B15_c2,HMN171235,flu,B,B15_c2_AGGTCATCATGTAGTC,B
B15_c2,,,B,B15_c2_AGGTCATGTAGAGCTG,B
B15_c2,HMN171225,flu,B,B15_c2_AGGTCATGTCAGAGGT,B
B15_c2,HMN171217,flu,B,B15_c2_AGGTCCGAGTACCGGA,B
B15_c2,HMN171235,flu,B,B15_c2_AGTCTTTCATCGGAAG,B
B15_c2,HMN171235,flu,B,B15_c2_AGTCTTTGTAGCCTAT,B
B15_c2,HMN171235,flu,B,B15_c2_AGTCTTTGTCACACGC,B
B15_c2,HMN171235,flu,B,B15_c2_AGTCTTTGTGCCTGCA,B
B15_c2,HMN171235,flu,B,B15_c2_AGTCTTTGTGCTGTAT,B
B15_c2,,,B,B15_c2_AGTCTTTTCGTCTGAA,B
B15_c2,,,B,B15_c2_AGTGAGGAGTGCGTGA,B
B15_c2,,,B,B15_c2_AGTGAGGGTGGTAACG,B
B15_c2,HMN171235,flu,B,B15_c2_AGTGTCAAGCAGCCTC,B
B15_c2,HMN171217,flu,B,B15_c2_AGTGTCAGTGGTCCGT,B
B15_c2,HMN171217,flu,B,B15_c2_ATAACGCTCTGAGTGT,B
B15_c2,HMN171225,flu,B,B15_c2_ATAGACCAGCTAACAA,B
B15_c2,HMN171225,flu,B,B15_c2_ATAGACCGTTCAGTAC,B
B15_c2,,,B,B15_c2_ATAGACCTCATTATCC,B
B15_c2,HMN171217,flu,B,B15_c2_ATCATCTCATATACGC,B
B15_c2,HMN171235,flu,B,B15_c2_ATCATCTCATTAGGCT,B
B15_c2,HMN171217,flu,B,B15_c2_ATCATCTTCTCCGGTT,B
B15_c2,HMN171235,flu,B,B15_c2_ATCATGGCATCACAAC,B
B15_c2,HMN171235,flu,B,B15_c2_ATCCACCCATCGGGTC,B
B15_c2,,,B,B15_c2_ATCCACCGTCGTTGTA,B
B15_c2,HMN171217,flu,B,B15_c2_ATCGAGTGTGCAGACA,B
B15_c2,HMN171235,flu,B,B15_c2_ATCTACTCAAGCCTAT,B
B15_c2,HMN171235,flu,B,B15_c2_ATCTACTCATGGTCAT,B
B15_c2,HMN171217,flu,B,B15_c2_ATCTGCCTCCAACCAA,B
B15_c2,HMN171225,flu,B,B15_c2_ATGAGGGAGCAAATCA,B
B15_c2,HMN171225,flu,B,B15_c2_ATGAGGGAGCCGCCTA,B
B15_c2,HMN171217,flu,B,B15_c2_ATGAGGGCAACGCACC,B
B15_c2,,,B,B15_c2_ATGCGATAGACTAAGT,B
B15_c2,,,B,B15_c2_ATGCGATCATTGGTAC,B
B15_c2,,,B,B15_c2_ATGGGAGCAAGTTGTC,B
B15_c2,,,B,B15_c2_ATTACTCAGACGCACA,B
B15_c2,HMN171217,flu,B,B15_c2_ATTCTACAGTTCGCGC,B
B15_c2,HMN171225,flu,B,B15_c2_ATTGGACCAAGGACTG,B
B15_c2,HMN171235,flu,B,B15_c2_ATTGGTGAGATTACCC,B
B15_c2,,,B,B15_c2_ATTGGTGCACTGAAGG,B
B15_c2,,,B,B15_c2_ATTTCTGCATAACCTG,B
B15_c2,HMN171225,flu,B,B15_c2_CAACCAACACACCGCA,B
B15_c2,,,B,B15_c2_CAACCTCGTATAATGG,B
B15_c2,,,B,B15_c2_CAACTAGGTAAATGTG,B
B15_c2,,,B,B15_c2_CAAGATCCAAGCCTAT,B
B15_c2,HMN171225,flu,B,B15_c2_CAAGGCCGTTTGACTG,B
B15_c2,HMN171235,flu,B,B15_c2_CAAGGCCTCAGTCCCT,B
B15_c2,HMN171225,flu,B,B15_c2_CACAAACCATGGGACA,B
B15_c2,HMN171217,flu,B,B15_c2_CACACTCAGATAGCAT,B
B15_c2,,,B,B15_c2_CACAGGCTCCTTGACC,B
B15_c2,,,B,B15_c2_CACAGTAAGCCGATTT,B
B15_c2,HMN171235,flu,B,B15_c2_CACATAGGTACTCAAC,B
B15_c2,,,B,B15_c2_CACATTTGTAAAGTCA,B
B15_c2,HMN171225,flu,B,B15_c2_CACATTTTCCTGCTTG,B
B15_c2,HMN171217,flu,B,B15_c2_CACCACTAGGCTCATT,B
B15_c2,HMN171217,flu,B,B15_c2_CACCACTCAACGCACC,B
B15_c2,HMN171235,flu,B,B15_c2_CACCACTTCTGTTGAG,B
B15_c2,,,B,B15_c2_CACCAGGGTACCGCTG,B
B15_c2,,,B,B15_c2_CACCAGGGTTCGGCAC,B
B15_c2,HMN171225,flu,B,B15_c2_CACTCCACAGTAAGAT,B
B15_c2,HMN171217,flu,B,B15_c2_CACTCCAGTACGCACC,B
B15_c2,HMN171217,flu,B,B15_c2_CACTCCAGTGCTGTAT,B
B15_c2,,,B,B15_c2_CAGAATCCACGACTCG,B
B15_c2,,,B,B15_c2_CAGAATCCATCGGACC,B
B15_c2,HMN171217,flu,B,B15_c2_CAGATCAGTTGCCTCT,B
B15_c2,HMN171217,flu,B,B15_c2_CAGCATAGTACCAGTT,B
B15_c2,HMN171217,flu,B,B15_c2_CAGCATATCCGCAAGC,B
B15_c2,,,B,B15_c2_CAGCCGAAGACATAAC,B
B15_c2,HMN171235,flu,B,B15_c2_CAGCTAAAGCTAACAA,B
B15_c2,,,B,B15_c2_CAGCTAACAGGACCCT,B
B15_c2,HMN171225,flu,B,B15_c2_CAGCTGGGTCATATCG,B
B15_c2,,,B,B15_c2_CAGCTGGGTGACAAAT,B
B15_c2,HMN171225,flu,B,B15_c2_CAGTAACAGAACTGTA,B
B15_c2,HMN171225,flu,B,B15_c2_CAGTAACCAATGTTGC,B
B15_c2,,,B,B15_c2_CAGTCCTTCCCAACGG,B
B15_c2,,,B,B15_c2_CAGTCCTTCGGAGGTA,B
B15_c2,HMN171217,flu,B,B15_c2_CATATTCCATCCAACA,B
B15_c2,HMN171217,flu,B,B15_c2_CATATTCTCTTGCATT,B
B15_c2,,,B,B15_c2_CATCGAAAGGTTCCTA,B
B15_c2,HMN171225,flu,B,B15_c2_CATCGAACAGCTTCGG,B
B15_c2,HMN171217,flu,B,B15_c2_CATCGAAGTCGGATCC,B
B15_c2,,,B,B15_c2_CATCGGGTCTAACTCT,B
B15_c2,HMN171225,flu,B,B15_c2_CATCGGGTCTTATCTG,B
B15_c2,HMN171225,flu,B,B15_c2_CATGACAAGGTCATCT,B
B15_c2,HMN171235,flu,B,B15_c2_CATGACATCAGTACGT,B
B15_c2,HMN171225,flu,B,B15_c2_CATGACATCATGCATG,B
B15_c2,,,B,B15_c2_CATGCCTCACCCATTC,B
B15_c2,,,B,B15_c2_CATGCCTTCAACACCA,B
B15_c2,HMN171217,flu,B,B15_c2_CATGCCTTCGGTCTAA,B
B15_c2,HMN171217,flu,B,B15_c2_CATTCGCTCTTTACGT,B
B15_c2,,,B,B15_c2_CCAATCCCACTTAACG,B
B15_c2,,,B,B15_c2_CCACCTACATACGCCG,B
B15_c2,,,B,B15_c2_CCACGGAGTCTCATCC,B
B15_c2,HMN171217,flu,B,B15_c2_CCACTACCAGGGTACA,B
B15_c2,HMN171235,flu,B,B15_c2_CCACTACTCACCGTAA,B
B15_c2,,,B,B15_c2_CCACTACTCTCTAGGA,B
B15_c2,HMN171235,flu,B,B15_c2_CCACTACTCTGAAAGA,B
B15_c2,,,B,B15_c2_CCAGCGATCACCTCGT,B
B15_c2,HMN171235,flu,B,B15_c2_CCATGTCTCACAATGC,B
B15_c2,HMN171235,flu,B,B15_c2_CCATTCGTCCGCATAA,B
B15_c2,HMN171217,flu,B,B15_c2_CCCAATCAGGTGACCA,B
B15_c2,HMN171217,flu,B,B15_c2_CCCAGTTCAAACGCGA,B
B15_c2,HMN171235,flu,B,B15_c2_CCCAGTTGTGAAAGAG,B
B15_c2,,,B,B15_c2_CCCAGTTGTTGGTTTG,B
B15_c2,,,B,B15_c2_CCCATACAGTGTGGCA,B
B15_c2,HMN171225,flu,B,B15_c2_CCCTCCTTCAGCATGT,B
B15_c2,,,B,B15_c2_CCCTCCTTCAGCCTAA,B
B15_c2,HMN171217,flu,B,B15_c2_CCGGGATGTTCGTCTC,B
B15_c2,,,B,B15_c2_CCGGGATGTTGCTCCT,B
B15_c2,,,B,B15_c2_CCGGTAGCATGGTAGG,B
B15_c2,HMN171225,flu,B,B15_c2_CCGTACTAGCCACGTC,B
B15_c2,,,B,B15_c2_CCTCTGAGTGAGGCTA,B
B15_c2,,,B,B15_c2_CCTCTGAGTTTCGCTC,B
B15_c2,,,B,B15_c2_CCTTACGCAGCTGTGC,B
B15_c2,HMN171225,flu,B,B15_c2_CCTTACGTCCGCAGTG,B
B15_c2,HMN171225,flu,B,B15_c2_CCTTCGACAGCGTCCA,B
B15_c2,HMN171217,flu,B,B15_c2_CCTTCGACATGCAACT,B
B15_c2,HMN171225,flu,B,B15_c2_CCTTCGAGTTATCCGA,B
B15_c2,HMN171217,flu,B,B15_c2_CCTTCGATCTGGAGCC,B
B15_c2,,,B,B15_c2_CCTTTCTGTGGGTATG,B
B15_c2,HMN171235,flu,B,B15_c2_CGAACATGTAATCACC,B
B15_c2,HMN171235,flu,B,B15_c2_CGAACATGTACAGCAG,B
B15_c2,,,B,B15_c2_CGAACATGTTCACCTC,B
B15_c2,HMN171235,flu,B,B15_c2_CGAACATTCCTTTCGG,B
B15_c2,HMN171235,flu,B,B15_c2_CGAATGTGTGTGAATA,B
B15_c2,HMN171225,flu,B,B15_c2_CGAGAAGAGTATTGGA,B
B15_c2,HMN171225,flu,B,B15_c2_CGAGCACTCGATAGAA,B
B15_c2,HMN171217,flu,B,B15_c2_CGAGCCAGTGACTACT,B
B15_c2,,,B,B15_c2_CGATCGGGTGTCTGAT,B
B15_c2,HMN171235,flu,B,B15_c2_CGATCGGTCACGAAGG,B
B15_c2,HMN171235,flu,B,B15_c2_CGATGGCTCTCTTATG,B
B15_c2,HMN171225,flu,B,B15_c2_CGATGTACATCGTCGG,B
B15_c2,HMN171225,flu,B,B15_c2_CGATTGACACAACTGT,B
B15_c2,HMN171217,flu,B,B15_c2_CGATTGAGTGCCTGTG,B
B15_c2,HMN171225,flu,B,B15_c2_CGCCAAGTCCTCCTAG,B
B15_c2,,,B,B15_c2_CGCGTTTAGTAGGTGC,B
B15_c2,HMN171235,flu,B,B15_c2_CGCGTTTTCAGTGTTG,B
B15_c2,,,B,B15_c2_CGCTATCAGTCTCAAC,B
B15_c2,HMN171225,flu,B,B15_c2_CGCTGGACACATCCGG,B
B15_c2,HMN171225,flu,B,B15_c2_CGCTGGAGTAGAAGGA,B
B15_c2,HMN171235,flu,B,B15_c2_CGCTGGATCCGAGCCA,B
B15_c2,HMN171225,flu,B,B15_c2_CGCTTCAGTCTTGCGG,B
B15_c2,HMN171225,flu,B,B15_c2_CGGACGTAGCTCAACT,B
B15_c2,HMN171217,flu,B,B15_c2_CGGACGTTCGGGAGTA,B
B15_c2,HMN171217,flu,B,B15_c2_CGGACTGAGAAACCAT,B
B15_c2,HMN171225,flu,B,B15_c2_CGGAGCTTCGACCAGC,B
B15_c2,HMN171217,flu,B,B15_c2_CGGGTCAAGCGATAGC,B
B15_c2,HMN171217,flu,B,B15_c2_CGGGTCACACCATGTA,B
B15_c2,HMN171225,flu,B,B15_c2_CGTAGCGGTCGAATCT,B
B15_c2,HMN171225,flu,B,B15_c2_CGTAGGCAGTGGAGAA,B
B15_c2,HMN171225,flu,B,B15_c2_CGTAGGCTCGTCCAGG,B
B15_c2,HMN171225,flu,B,B15_c2_CGTCACTCACTGTCGG,B
B15_c2,HMN171225,flu,B,B15_c2_CGTCACTTCTGGGCCA,B
B15_c2,HMN171225,flu,B,B15_c2_CGTCTACCAAGCCGTC,B
B15_c2,HMN171217,flu,B,B15_c2_CGTGTAAAGCGTCAAG,B
B15_c2,,,B,B15_c2_CGTGTCTCATATGAGA,B
B15_c2,HMN171235,flu,B,B15_c2_CGTTCTGCATGTCCTC,B
B15_c2,,,B,B15_c2_CGTTCTGGTCAAACTC,B
B15_c2,HMN171217,flu,B,B15_c2_CGTTCTGTCCACTGGG,B
B15_c2,HMN171235,flu,B,B15_c2_CGTTCTGTCCTATTCA,B
B15_c2,HMN171217,flu,B,B15_c2_CTAAGACAGGGTATCG,B
B15_c2,HMN171217,flu,B,B15_c2_CTAATGGCAGCGTTCG,B
B15_c2,HMN171235,flu,B,B15_c2_CTACACCGTACGCTGC,B
B15_c2,HMN171225,flu,B,B15_c2_CTACACCGTTCGGGCT,B
B15_c2,,,B,B15_c2_CTACATTAGAGAGCTC,B
B15_c2,HMN171235,flu,B,B15_c2_CTACATTAGCGTCAAG,B
B15_c2,HMN171235,flu,B,B15_c2_CTACGTCAGACTAGAT,B
B15_c2,HMN171225,flu,B,B15_c2_CTACGTCAGGCAATTA,B
B15_c2,,,B,B15_c2_CTACGTCTCTGCCAGG,B
B15_c2,HMN171235,flu,B,B15_c2_CTAGAGTCAGCTGTGC,B
B15_c2,,,B,B15_c2_CTAGCCTGTGGAAAGA,B
B15_c2,HMN171235,flu,B,B15_c2_CTAGCCTGTGTCTGAT,B
B15_c2,HMN171235,flu,B,B15_c2_CTAGTGAGTAGCGCTC,B
B15_c2,,,B,B15_c2_CTCATTAAGCGATTCT,B
B15_c2,,,B,B15_c2_CTCATTACATTGAGCT,B
B15_c2,HMN171235,flu,B,B15_c2_CTCGAAACATGCGCAC,B
B15_c2,HMN171235,flu,B,B15_c2_CTCGAAAGTGCAACGA,B
B15_c2,,,B,B15_c2_CTCGAAAGTGGTGTAG,B
B15_c2,HMN171217,flu,B,B15_c2_CTCGGAGCACTAAGTC,B
B15_c2,HMN171235,flu,B,B15_c2_CTCGGGAAGTGACATA,B
B15_c2,HMN171235,flu,B,B15_c2_CTCGGGACAGCTGGCT,B
B15_c2,,,B,B15_c2_CTCGTACGTGCAGACA,B
B15_c2,HMN171225,flu,B,B15_c2_CTCGTCAGTTGGTGGA,B
B15_c2,HMN171217,flu,B,B15_c2_CTCTACGAGCTGGAAC,B
B15_c2,HMN171235,flu,B,B15_c2_CTCTGGTAGGCCCTTG,B
B15_c2,,,B,B15_c2_CTCTGGTGTTAGAACA,B
B15_c2,HMN171235,flu,B,B15_c2_CTGAAACAGCTTCGCG,B
B15_c2,HMN171225,flu,B,B15_c2_CTGAAACAGGCCATAG,B
B15_c2,,,B,B15_c2_CTGAAACGTTCCTCCA,B
B15_c2,,,B,B15_c2_CTGATAGAGCCTATGT,B
B15_c2,HMN171235,flu,B,B15_c2_CTGCGGAAGACGACGT,B
B15_c2,,,B,B15_c2_CTGCGGAAGTTGAGTA,B
B15_c2,HMN171217,flu,B,B15_c2_CTGCTGTAGTATGACA,B
B15_c2,HMN171225,flu,B,B15_c2_CTGGTCTAGAAAGTGG,B
B15_c2,HMN171225,flu,B,B15_c2_CTGGTCTGTATATGGA,B
B15_c2,HMN171235,flu,B,B15_c2_CTGGTCTTCGCATGGC,B
B15_c2,HMN171235,flu,B,B15_c2_CTGTTTAAGATGCCTT,B
B15_c2,,,B,B15_c2_CTGTTTACACGGTGTC,B
B15_c2,HMN171225,flu,B,B15_c2_CTGTTTAGTACCGGCT,B
B15_c2,HMN171217,flu,B,B15_c2_CTGTTTAGTGCACTTA,B
B15_c2,HMN171235,flu,B,B15_c2_CTGTTTATCGTTACGA,B
B15_c2,HMN171225,flu,B,B15_c2_CTTACCGTCCACGACG,B
B15_c2,HMN171225,flu,B,B15_c2_CTTACCGTCGGCGGTT,B
B15_c2,,,B,B15_c2_CTTAGGAAGCCTCGTG,B
B15_c2,HMN171225,flu,B,B15_c2_GAAATGATCAGGTAAA,B
B15_c2,,,B,B15_c2_GAACCTAAGCACCGTC,B
B15_c2,HMN171225,flu,B,B15_c2_GAACCTACATTGGCGC,B
B15_c2,HMN171235,flu,B,B15_c2_GAACCTATCATTGCGA,B
B15_c2,,,B,B15_c2_GAACCTATCTTAACCT,B
B15_c2,,,B,B15_c2_GAACGGACAGGTCGTC,B
B15_c2,,,B,B15_c2_GAACGGATCATTTGGG,B
B15_c2,HMN171225,flu,B,B15_c2_GAAGCAGCAGATGGGT,B
B15_c2,HMN171217,flu,B,B15_c2_GAATGAACAAGACACG,B
B15_c2,HMN171225,flu,B,B15_c2_GAATGAAGTGAGGGTT,B
B15_c2,,,B,B15_c2_GACAGAGGTAAAGGAG,B
B15_c2,HMN171225,flu,B,B15_c2_GACAGAGGTGCTCTTC,B
B15_c2,HMN171225,flu,B,B15_c2_GACCAATAGGCACATG,B
B15_c2,HMN171217,flu,B,B15_c2_GACCTGGGTGCTAGCC,B
B15_c2,HMN171225,flu,B,B15_c2_GACCTGGTCGGTGTCG,B
B15_c2,HMN171235,flu,B,B15_c2_GACGCGTGTACTTCTT,B
B15_c2,,,B,B15_c2_GACGGCTGTATGAAAC,B
B15_c2,HMN171217,flu,B,B15_c2_GACGTTATCATTGCGA,B
B15_c2,HMN171225,flu,B,B15_c2_GACTACATCGGCGCTA,B
B15_c2,HMN171225,flu,B,B15_c2_GACTGCGAGCACCGCT,B
B15_c2,HMN171225,flu,B,B15_c2_GAGCAGAAGTATTGGA,B
B15_c2,,,B,B15_c2_GATCAGTAGAGACGAA,B
B15_c2,,,B,B15_c2_GATCAGTCACAAGTAA,B
B15_c2,HMN171225,flu,B,B15_c2_GATCGATTCAGCTCGG,B
B15_c2,HMN171235,flu,B,B15_c2_GATCGCGCATTATCTC,B
B15_c2,,,B,B15_c2_GATCGTAAGGACAGCT,B
B15_c2,,,B,B15_c2_GATCGTAAGGGCACTA,B
B15_c2,HMN171217,flu,B,B15_c2_GATCTAGAGGCAGGTT,B
B15_c2,HMN171217,flu,B,B15_c2_GATCTAGCAATCACAC,B
B15_c2,HMN171235,flu,B,B15_c2_GATCTAGGTATTCGTG,B
B15_c2,HMN171217,flu,B,B15_c2_GATGAGGAGGCATGGT,B
B15_c2,HMN171217,flu,B,B15_c2_GATGAGGTCAGCAACT,B
B15_c2,HMN171225,flu,B,B15_c2_GCAAACTAGAGTACAT,B
B15_c2,HMN171225,flu,B,B15_c2_GCAAACTCAGCCTATA,B
B15_c2,,,B,B15_c2_GCAAACTTCGGTCTAA,B
B15_c2,,,B,B15_c2_GCAGCCAAGGTGATAT,B
B15_c2,HMN171225,flu,B,B15_c2_GCAGCCACAAGTCATC,B
B15_c2,HMN171217,flu,B,B15_c2_GCAGTTACAGATGGGT,B
B15_c2,HMN171217,flu,B,B15_c2_GCATACATCGCCAAAT,B
B15_c2,HMN171235,flu,B,B15_c2_GCATGATAGCGTCTAT,B
B15_c2,HMN171225,flu,B,B15_c2_GCATGCGTCCTTTACA,B
B15_c2,,,B,B15_c2_GCATGTATCCTGCAGG,B
B15_c2,HMN171225,flu,B,B15_c2_GCCTCTAGTCGAATCT,B
B15_c2,HMN171225,flu,B,B15_c2_GCGCAACTCTTAGAGC,B
B15_c2,HMN171217,flu,B,B15_c2_GCGCAACTCTTTACGT,B
B15_c2,HMN171235,flu,B,B15_c2_GCGCAGTGTAGCTCCG,B
B15_c2,HMN171217,flu,B,B15_c2_GCGCAGTGTTTGGCGC,B
B15_c2,,,B,B15_c2_GCGCCAAGTGCAGACA,B
B15_c2,HMN171225,flu,B,B15_c2_GCTCTGTGTAAGTTCC,B
B15_c2,,,B,B15_c2_GCTGCAGAGTCGTACT,B
B15_c2,HMN171217,flu,B,B15_c2_GCTTCCAGTGTGACGA,B
B15_c2,,,B,B15_c2_GCTTGAAAGGCAATTA,B
B15_c2,,,B,B15_c2_GGAAAGCCACCCATTC,B
B15_c2,HMN171235,flu,B,B15_c2_GGAACTTAGGAGTACC,B
B15_c2,HMN171225,flu,B,B15_c2_GGAACTTTCAGTGTTG,B
B15_c2,,,B,B15_c2_GGAACTTTCGGGAGTA,B
B15_c2,HMN171217,flu,B,B15_c2_GGAATAACAAGACACG,B
B15_c2,HMN171235,flu,B,B15_c2_GGACAAGTCTGCAGTA,B
B15_c2,HMN171225,flu,B,B15_c2_GGACAGAAGACATAAC,B
B15_c2,HMN171235,flu,B,B15_c2_GGACATTAGTGTTTGC,B
B15_c2,HMN171225,flu,B,B15_c2_GGACGTCAGAGAGCTC,B
B15_c2,HMN171235,flu,B,B15_c2_GGACGTCGTGGGTATG,B
B15_c2,HMN171235,flu,B,B15_c2_GGAGCAAAGCATCATC,B
B15_c2,HMN171235,flu,B,B15_c2_GGATGTTCATGCCTAA,B
B15_c2,HMN171217,flu,B,B15_c2_GGATGTTTCACCAGGC,B
B15_c2,HMN171225,flu,B,B15_c2_GGATTACCAGTCACTA,B
B15_c2,HMN171225,flu,B,B15_c2_GGCCGATTCATGCAAC,B
B15_c2,,,B,B15_c2_GGCGTGTGTAGGGTAC,B
B15_c2,HMN171225,flu,B,B15_c2_GGCTCGACAAGCTGGA,B
B15_c2,,,B,B15_c2_GGCTGGTCAATCTACG,B
B15_c2,HMN171217,flu,B,B15_c2_GGCTGGTCATAAAGGT,B
B15_c2,HMN171235,flu,B,B15_c2_GGCTGGTGTGGGTCAA,B
B15_c2,HMN171235,flu,B,B15_c2_GGGACCTCAGGAACGT,B
B15_c2,,,B,B15_c2_GGGACCTTCACGAAGG,B
B15_c2,HMN171217,flu,B,B15_c2_GGGACCTTCAGAGACG,B
B15_c2,HMN171235,flu,B,B15_c2_GGGAGATAGCCTATGT,B
B15_c2,,,B,B15_c2_GGGATGACAGTTCCCT,B
B15_c2,,,B,B15_c2_GGGCACTAGAGACTTA,B
B15_c2,,,B,B15_c2_GGGCATCCAAGCCGTC,B
B15_c2,HMN171217,flu,B,B15_c2_GGGCATCTCGCCGTGA,B
B15_c2,HMN171235,flu,B,B15_c2_GGGTTGCAGGCATGTG,B
B15_c2,HMN171217,flu,B,B15_c2_GGTATTGGTTTGGGCC,B
B15_c2,HMN171217,flu,B,B15_c2_GGTGAAGTCCTAGGGC,B
B15_c2,,,B,B15_c2_GGTGCGTCATCGGGTC,B
B15_c2,HMN171225,flu,B,B15_c2_GGTGCGTGTGTGCCTG,B
B15_c2,HMN171217,flu,B,B15_c2_GTAACGTCACTCAGGC,B
B15_c2,HMN171217,flu,B,B15_c2_GTAACGTCACTGTCGG,B
B15_c2,,,B,B15_c2_GTAACGTTCAGGATCT,B
B15_c2,HMN171217,flu,B,B15_c2_GTACGTAGTGAAGGCT,B
B15_c2,HMN171217,flu,B,B15_c2_GTACGTATCACATGCA,B
B15_c2,HMN171225,flu,B,B15_c2_GTACTCCGTAGCCTAT,B
B15_c2,HMN171225,flu,B,B15_c2_GTACTTTAGTGAACGC,B
B15_c2,HMN171225,flu,B,B15_c2_GTAGGCCAGCCAGTTT,B
B15_c2,HMN171235,flu,B,B15_c2_GTAGGCCAGCGGATCA,B
B15_c2,,,B,B15_c2_GTAGGCCTCCTCAATT,B
B15_c2,,,B,B15_c2_GTCACAAAGCCAGTTT,B
B15_c2,HMN171225,flu,B,B15_c2_GTCACAAGTATATCCG,B
B15_c2,HMN171225,flu,B,B15_c2_GTCCTCAGTAACGTTC,B
B15_c2,,,B,B15_c2_GTCCTCAGTAAGTGGC,B
B15_c2,,,B,B15_c2_GTCGTAAAGAATCTCC,B
B15_c2,HMN171217,flu,B,B15_c2_GTGAAGGCATCCTTGC,B
B15_c2,,,B,B15_c2_GTGCGGTCACAAGCCC,B
B15_c2,HMN171225,flu,B,B15_c2_GTGCTTCAGATCGATA,B
B15_c2,HMN171217,flu,B,B15_c2_GTGCTTCCAAACGCGA,B
B15_c2,HMN171217,flu,B,B15_c2_GTGTGCGTCCACTCCA,B
B15_c2,HMN171217,flu,B,B15_c2_GTGTTAGGTACAGACG,B
B15_c2,HMN171235,flu,B,B15_c2_GTGTTAGTCCTAGAAC,B
B15_c2,,,B,B15_c2_GTTACAGCACGAAGCA,B
B15_c2,HMN171235,flu,B,B15_c2_GTTACAGGTCCGAACC,B
B15_c2,,,B,B15_c2_GTTCATTAGTTAGGTA,B
B15_c2,HMN171225,flu,B,B15_c2_GTTCATTTCGGAAATA,B
B15_c2,HMN171235,flu,B,B15_c2_GTTCGGGAGAGTACCG,B
B15_c2,,,B,B15_c2_GTTCGGGTCCGAAGAG,B
B15_c2,HMN171235,flu,B,B15_c2_GTTTCTACACCACGTG,B
B15_c2,HMN171235,flu,B,B15_c2_GTTTCTACATCCTAGA,B
B15_c2,HMN171217,flu,B,B15_c2_TAAACCGCACAACGCC,B
B15_c2,HMN171217,flu,B,B15_c2_TAAACCGCAGTCGATT,B
B15_c2,,,B,B15_c2_TAAGAGACAGTGACAG,B
B15_c2,,,B,B15_c2_TAAGCGTAGGCTAGCA,B
B15_c2,HMN171235,flu,B,B15_c2_TAAGCGTGTAAACACA,B
B15_c2,HMN171235,flu,B,B15_c2_TAAGCGTGTTGGTTTG,B
B15_c2,HMN171217,flu,B,B15_c2_TAAGTGCAGTCGATAA,B
B15_c2,,,B,B15_c2_TACCTATTCCCGGATG,B
B15_c2,HMN171235,flu,B,B15_c2_TACCTTAAGACCTTTG,B
B15_c2,HMN171235,flu,B,B15_c2_TACCTTACAATAGAGT,B
B15_c2,HMN171217,flu,B,B15_c2_TACCTTATCAGAAATG,B
B15_c2,HMN171235,flu,B,B15_c2_TACCTTATCTTCGGTC,B
B15_c2,,,B,B15_c2_TACGGGCGTTAAGACA,B
B15_c2,HMN171235,flu,B,B15_c2_TACGGTACAGCCTATA,B
B15_c2,HMN171217,flu,B,B15_c2_TACGGTAGTCGCGGTT,B
B15_c2,HMN171225,flu,B,B15_c2_TACTCATCAGTCGATT,B
B15_c2,HMN171217,flu,B,B15_c2_TACTTACGTTCCACGG,B
B15_c2,HMN171235,flu,B,B15_c2_TACTTACTCGTTACAG,B
B15_c2,HMN171225,flu,B,B15_c2_TAGACCACAACTGCTA,B
B15_c2,,,B,B15_c2_TAGAGCTGTACCGTTA,B
B15_c2,HMN171235,flu,B,B15_c2_TAGGCATCACCTTGTC,B
B15_c2,HMN171217,flu,B,B15_c2_TAGGCATTCCGCGCAA,B
B15_c2,HMN171217,flu,B,B15_c2_TAGTGGTAGAATGTGT,B
B15_c2,HMN171217,flu,B,B15_c2_TAGTGGTTCATCATTC,B
B15_c2,HMN171217,flu,B,B15_c2_TATCAGGCATCGATTG,B
B15_c2,HMN171235,flu,B,B15_c2_TATCAGGTCGTCGTTC,B
B15_c2,HMN171225,flu,B,B15_c2_TATCTCACAAAGCAAT,B
B15_c2,HMN171225,flu,B,B15_c2_TCAACGATCCGTCAAA,B
B15_c2,HMN171217,flu,B,B15_c2_TCACGAAAGCGCTTAT,B
B15_c2,HMN171217,flu,B,B15_c2_TCACGAAAGCTGCCCA,B
B15_c2,HMN171225,flu,B,B15_c2_TCACGAATCATCGCTC,B
B15_c2,,,B,B15_c2_TCAGATGGTAATCGTC,B
B15_c2,,,B,B15_c2_TCAGCAAAGGTGCACA,B
B15_c2,HMN171235,flu,B,B15_c2_TCAGCAACATCGATTG,B
B15_c2,HMN171225,flu,B,B15_c2_TCAGCTCGTTGAACTC,B
B15_c2,HMN171217,flu,B,B15_c2_TCAGCTCTCGGTGTCG,B
B15_c2,HMN171217,flu,B,B15_c2_TCATTACAGAGACTTA,B
B15_c2,HMN171235,flu,B,B15_c2_TCATTACAGCTGTTCA,B
B15_c2,HMN171217,flu,B,B15_c2_TCCACACAGACCTAGG,B
B15_c2,,,B,B15_c2_TCCACACAGATCTGCT,B
B15_c2,HMN171225,flu,B,B15_c2_TCCACACCAGTATCTG,B
B15_c2,HMN171225,flu,B,B15_c2_TCCACACGTCACACGC,B
B15_c2,HMN171217,flu,B,B15_c2_TCCACACTCTCCAACC,B
B15_c2,HMN171225,flu,B,B15_c2_TCCCGATAGTGATCGG,B
B15_c2,,,B,B15_c2_TCCCGATTCTTGACGA,B
B15_c2,,,B,B15_c2_TCGAGGCCACAGACTT,B
B15_c2,,,B,B15_c2_TCGCGAGCAATAACGA,B
B15_c2,HMN171235,flu,B,B15_c2_TCGCGAGTCGTAGATC,B
B15_c2,HMN171235,flu,B,B15_c2_TCGGGACCAAACCCAT,B
B15_c2,,,B,B15_c2_TCGGTAAGTACGCTGC,B
B15_c2,HMN171235,flu,B,B15_c2_TCGTAGAAGTGGGATC,B
B15_c2,HMN171217,flu,B,B15_c2_TCGTAGACAGCTTCGG,B
B15_c2,,,B,B15_c2_TCTATTGCACATTCGA,B
B15_c2,HMN171217,flu,B,B15_c2_TCTCATATCCTTAATC,B
B15_c2,HMN171225,flu,B,B15_c2_TCTCTAATCCGGGTGT,B
B15_c2,HMN171225,flu,B,B15_c2_TCTGAGAGTCAAAGCG,B
B15_c2,HMN171217,flu,B,B15_c2_TCTGAGATCGAGAACG,B
B15_c2,HMN171217,flu,B,B15_c2_TCTTCGGCATCATCCC,B
B15_c2,HMN171235,flu,B,B15_c2_TCTTCGGGTACGAAAT,B
B15_c2,HMN171235,flu,B,B15_c2_TCTTCGGGTGTTTGTG,B
B15_c2,HMN171225,flu,B,B15_c2_TCTTCGGTCTACTCAT,B
B15_c2,HMN171217,flu,B,B15_c2_TCTTTCCGTGCATCTA,B
B15_c2,,,B,B15_c2_TGAAAGACACTTAACG,B
B15_c2,HMN171225,flu,B,B15_c2_TGAAAGACAGGAACGT,B
B15_c2,HMN171235,flu,B,B15_c2_TGACAACCACGGTTTA,B
B15_c2,HMN171217,flu,B,B15_c2_TGACGGCAGCGCTTAT,B
B15_c2,HMN171225,flu,B,B15_c2_TGACGGCGTGCTCTTC,B
B15_c2,HMN171217,flu,B,B15_c2_TGACTAGCACAAGCCC,B
B15_c2,,,B,B15_c2_TGACTAGGTACTCGCG,B
B15_c2,,,B,B15_c2_TGACTAGGTCCAGTAT,B
B15_c2,HMN171217,flu,B,B15_c2_TGACTTTGTAAGTAGT,B
B15_c2,HMN171225,flu,B,B15_c2_TGAGAGGGTCCGAGTC,B
B15_c2,HMN171217,flu,B,B15_c2_TGAGAGGGTGGTTTCA,B
B15_c2,HMN171225,flu,B,B15_c2_TGAGAGGTCCCAACGG,B
B15_c2,,,B,B15_c2_TGAGCATGTCTACCTC,B
B15_c2,HMN171217,flu,B,B15_c2_TGAGCATTCTGTGCAA,B
B15_c2,HMN171225,flu,B,B15_c2_TGAGCCGGTTCCCTTG,B
B15_c2,HMN171225,flu,B,B15_c2_TGCACCTAGACACGAC,B
B15_c2,HMN171235,flu,B,B15_c2_TGCACCTTCATGCTCC,B
B15_c2,,,B,B15_c2_TGCCCATGTGGTGTAG,B
B15_c2,HMN171235,flu,B,B15_c2_TGCCCTAAGTGCAAGC,B
B15_c2,,,B,B15_c2_TGCCCTAGTCGCGGTT,B
B15_c2,HMN171217,flu,B,B15_c2_TGCGCAGAGTGATCGG,B
B15_c2,HMN171217,flu,B,B15_c2_TGCGCAGGTCTCTCGT,B
B15_c2,HMN171217,flu,B,B15_c2_TGCGGGTAGTGATCGG,B
B15_c2,HMN171225,flu,B,B15_c2_TGCGTGGAGTTAGCGG,B
B15_c2,,,B,B15_c2_TGCGTGGGTGGTCTCG,B
B15_c2,,,B,B15_c2_TGCTGCTAGGTAAACT,B
B15_c2,,,B,B15_c2_TGCTGCTCATGAACCT,B
B15_c2,HMN171225,flu,B,B15_c2_TGGCCAGCACGAAACG,B
B15_c2,HMN171235,flu,B,B15_c2_TGGCCAGGTGTAACGG,B
B15_c2,HMN171235,flu,B,B15_c2_TGGCGCAAGTGAAGAG,B
B15_c2,HMN171225,flu,B,B15_c2_TGGCGCACACACGCTG,B
B15_c2,HMN171225,flu,B,B15_c2_TGGCTGGTCACAAACC,B
B15_c2,HMN171235,flu,B,B15_c2_TGGGAAGAGAGTACAT,B
B15_c2,HMN171217,flu,B,B15_c2_TGGGAAGTCCTCATTA,B
B15_c2,,,B,B15_c2_TGGGCGTAGTTAACGA,B
B15_c2,,,B,B15_c2_TGGTTAGTCAAGATCC,B
B15_c2,HMN171225,flu,B,B15_c2_TGTATTCAGCCCAACC,B
B15_c2,HMN171217,flu,B,B15_c2_TGTATTCCAAAGCGGT,B
B15_c2,HMN171225,flu,B,B15_c2_TGTCCCAAGCTCTCGG,B
B15_c2,HMN171217,flu,B,B15_c2_TGTCCCAAGGACCACA,B
B15_c2,HMN171235,flu,B,B15_c2_TGTCCCAGTTAAAGAC,B
B15_c2,,,B,B15_c2_TGTGTTTCAGCTGCTG,B
B15_c2,HMN171225,flu,B,B15_c2_TGTGTTTTCCTGTAGA,B
B15_c2,,,B,B15_c2_TGTTCCGGTCCGACGT,B
B15_c2,HMN171217,flu,B,B15_c2_TGTTCCGGTTAGATGA,B
B15_c2,HMN171217,flu,B,B15_c2_TTAACTCGTGCGAAAC,B
B15_c2,HMN171217,flu,B,B15_c2_TTAGGACTCGCCAGCA,B
B15_c2,,,B,B15_c2_TTAGGCACAACTGGCC,B
B15_c2,HMN171225,flu,B,B15_c2_TTAGTTCGTCGTCTTC,B
B15_c2,HMN171225,flu,B,B15_c2_TTATGCTCACGAAACG,B
B15_c2,HMN171225,flu,B,B15_c2_TTATGCTGTCTAGCGC,B
B15_c2,,,B,B15_c2_TTCTACAGTTCACGGC,B
B15_c2,HMN171225,flu,B,B15_c2_TTCTCAATCCGAGCCA,B
B15_c2,HMN171225,flu,B,B15_c2_TTGAACGTCAGCAACT,B
B15_c2,HMN171225,flu,B,B15_c2_TTGACTTCATCAGTAC,B
B15_c2,HMN171217,flu,B,B15_c2_TTGACTTTCACAGTAC,B
B15_c2,,,B,B15_c2_TTGCCGTGTCCTGCTT,B
B15_c2,HMN171225,flu,B,B15_c2_TTGTAGGTCACCGGGT,B
B15_c2,HMN171217,flu,B,B15_c2_TTTACTGGTGGGTCAA,B
B15_c2,HMN171225,flu,B,B15_c2_TTTACTGGTTAGGGTG,B
B15_c2,HMN171217,flu,B,B15_c2_TTTATGCGTTCCACGG,B
B15_c2,HMN171225,flu,B,B15_c2_TTTCCTCAGATCGATA,B
B15_c2,HMN171235,flu,B,B15_c2_TTTCCTCAGTCGCCGT,B
B15_c2,,,B,B15_c2_TTTGCGCGTTCCCTTG,B
B15_c2,HMN171235,flu,B,B15_c2_TTTGCGCGTTGCGCAC,B
B15_c2,HMN171225,flu,B,B15_c2_TTTGGTTAGACAAGCC,B
B15_c2,HMN171217,flu,B,B15_c2_TTTGGTTGTAAGTAGT,B
B15_c2,HMN171235,flu,B,B15_c2_TTTGTCAGTCTCTCGT,B
